Api Name,Api Type,Api File Path,Api Prefix,Api Params,API Args,Invoke Method,Invoke Location,Api Key,Invoke Instance,ChangeId,MethodDefinition
"MODE_AUTO = -1","API废弃版本变更","harmonyos_api_changes/HarmonyOS_6.0.0(20)_Beta1.json","MODE_AUTO","","import { AbilityConstant, ConfigurationConstant, UIAbility, Want } from '@kit.AbilityKit';","ArkTS","entry\src\main\ets\entryability\EntryAbility.ets:1","MODE_AUTO = -1@entry\src\main\ets\entryability\EntryAbility.ets:1","","6.0.0(20)","MODE_AUTO = -1"
"MODE_AUTO = -1","API废弃版本变更","harmonyos_api_changes/HarmonyOS_6.0.0(20)_Beta1.json","MODE_AUTO","","this.context.getApplicationContext().setColorMode(ConfigurationConstant.ColorMode.COLOR_MODE_NOT_SET);","ArkTS","entry\src\main\ets\entryability\EntryAbility.ets:10","MODE_AUTO = -1@entry\src\main\ets\entryability\EntryAbility.ets:10","this","6.0.0(20)","MODE_AUTO = -1"
"MODE_DARK = 0","API废弃版本变更","harmonyos_api_changes/HarmonyOS_6.0.0(20)_Beta1.json","MODE_DARK","","import { AbilityConstant, ConfigurationConstant, UIAbility, Want } from '@kit.AbilityKit';","ArkTS","entry\src\main\ets\entryability\EntryAbility.ets:1","MODE_DARK = 0@entry\src\main\ets\entryability\EntryAbility.ets:1","","6.0.0(20)","MODE_DARK = 0"
"MODE_DARK = 0","API废弃版本变更","harmonyos_api_changes/HarmonyOS_6.0.0(20)_Beta1.json","MODE_DARK","","this.context.getApplicationContext().setColorMode(ConfigurationConstant.ColorMode.COLOR_MODE_NOT_SET);","ArkTS","entry\src\main\ets\entryability\EntryAbility.ets:10","MODE_DARK = 0@entry\src\main\ets\entryability\EntryAbility.ets:10","this","6.0.0(20)","MODE_DARK = 0"
"MODE_LIGHT = 1","API废弃版本变更","harmonyos_api_changes/HarmonyOS_6.0.0(20)_Beta1.json","MODE_LIGHT","","import { AbilityConstant, ConfigurationConstant, UIAbility, Want } from '@kit.AbilityKit';","ArkTS","entry\src\main\ets\entryability\EntryAbility.ets:1","MODE_LIGHT = 1@entry\src\main\ets\entryability\EntryAbility.ets:1","","6.0.0(20)","MODE_LIGHT = 1"
"MODE_LIGHT = 1","API废弃版本变更","harmonyos_api_changes/HarmonyOS_6.0.0(20)_Beta1.json","MODE_LIGHT","","this.context.getApplicationContext().setColorMode(ConfigurationConstant.ColorMode.COLOR_MODE_NOT_SET);","ArkTS","entry\src\main\ets\entryability\EntryAbility.ets:10","MODE_LIGHT = 1@entry\src\main\ets\entryability\EntryAbility.ets:10","this","6.0.0(20)","MODE_LIGHT = 1"
"backgroundColor(color: Optional<ResourceColor>): ArcDotIndicator","新增API","harmonyos_api_changes/HarmonyOS_5.1.0(18).json","backgroundColor","",".backgroundColor('#FAFAFA')","ArkTS","entry\src\main\ets\pages\Index.ets:120","backgroundColor(color: Optional<ResourceColor>): ArcDotIndicator@entry\src\main\ets\pages\Index.ets:120","","5.1.0(18)","backgroundColor(color: Optional<ResourceColor>): ArcDotIndicator"
"backgroundColor(color: Optional<ResourceColor>): ArcDotIndicator","新增API","harmonyos_api_changes/HarmonyOS_5.1.0(18).json","backgroundColor","",".backgroundColor(this.bgColor)","ArkTS","entry\src\main\ets\pages\Index.ets:163","backgroundColor(color: Optional<ResourceColor>): ArcDotIndicator@entry\src\main\ets\pages\Index.ets:163","","5.1.0(18)","backgroundColor(color: Optional<ResourceColor>): ArcDotIndicator"
"backgroundColor(color: Optional<ResourceColor>): ArcDotIndicator","新增API","harmonyos_api_changes/HarmonyOS_5.1.0(18).json","backgroundColor","",".backgroundColor('#F5F5F5')","ArkTS","entry\src\main\ets\pages\Index.ets:296","backgroundColor(color: Optional<ResourceColor>): ArcDotIndicator@entry\src\main\ets\pages\Index.ets:296","","5.1.0(18)","backgroundColor(color: Optional<ResourceColor>): ArcDotIndicator"
"backgroundColor(color: Optional<ResourceColor>): ArcDotIndicator","新增API","harmonyos_api_changes/HarmonyOS_5.1.0(18).json","backgroundColor","",".backgroundColor('#FFFFFF')","ArkTS","entry\src\main\ets\pages\Index.ets:313","backgroundColor(color: Optional<ResourceColor>): ArcDotIndicator@entry\src\main\ets\pages\Index.ets:313","","5.1.0(18)","backgroundColor(color: Optional<ResourceColor>): ArcDotIndicator"
"backgroundColor(color: Optional<ResourceColor>): T","类新增同名方法且参数类型与已有的参数类型范围是包含关系","harmonyos_api_changes/HarmonyOS_6.0.0(20)_Beta2.json","backgroundColor","",".backgroundColor('#FAFAFA')","ArkTS","entry\src\main\ets\pages\Index.ets:120","backgroundColor(color: Optional<ResourceColor>): T@entry\src\main\ets\pages\Index.ets:120","","6.0.0(20)","backgroundColor(color: Optional<ResourceColor>): T"
"backgroundColor(color: Optional<ResourceColor>): T","类新增同名方法且参数类型与已有的参数类型范围是包含关系","harmonyos_api_changes/HarmonyOS_6.0.0(20)_Beta2.json","backgroundColor","",".backgroundColor(this.bgColor)","ArkTS","entry\src\main\ets\pages\Index.ets:163","backgroundColor(color: Optional<ResourceColor>): T@entry\src\main\ets\pages\Index.ets:163","","6.0.0(20)","backgroundColor(color: Optional<ResourceColor>): T"
"backgroundColor(color: Optional<ResourceColor>): T","类新增同名方法且参数类型与已有的参数类型范围是包含关系","harmonyos_api_changes/HarmonyOS_6.0.0(20)_Beta2.json","backgroundColor","",".backgroundColor('#F5F5F5')","ArkTS","entry\src\main\ets\pages\Index.ets:296","backgroundColor(color: Optional<ResourceColor>): T@entry\src\main\ets\pages\Index.ets:296","","6.0.0(20)","backgroundColor(color: Optional<ResourceColor>): T"
"backgroundColor(color: Optional<ResourceColor>): T","类新增同名方法且参数类型与已有的参数类型范围是包含关系","harmonyos_api_changes/HarmonyOS_6.0.0(20)_Beta2.json","backgroundColor","",".backgroundColor('#FFFFFF')","ArkTS","entry\src\main\ets\pages\Index.ets:313","backgroundColor(color: Optional<ResourceColor>): T@entry\src\main\ets\pages\Index.ets:313","","6.0.0(20)","backgroundColor(color: Optional<ResourceColor>): T"
"backgroundColor(value: ResourceColor): T","类新增同名方法且参数类型与已有的参数类型范围不是包含关系","harmonyos_api_changes/HarmonyOS_5.1.0(18).json","backgroundColor","",".backgroundColor('#FAFAFA')","ArkTS","entry\src\main\ets\pages\Index.ets:120","backgroundColor(value: ResourceColor): T@entry\src\main\ets\pages\Index.ets:120","","5.1.0(18)","backgroundColor(value: ResourceColor): T"
"backgroundColor(value: ResourceColor): T","类新增同名方法且参数类型与已有的参数类型范围不是包含关系","harmonyos_api_changes/HarmonyOS_5.1.0(18).json","backgroundColor","",".backgroundColor(this.bgColor)","ArkTS","entry\src\main\ets\pages\Index.ets:163","backgroundColor(value: ResourceColor): T@entry\src\main\ets\pages\Index.ets:163","","5.1.0(18)","backgroundColor(value: ResourceColor): T"
"backgroundColor(value: ResourceColor): T","类新增同名方法且参数类型与已有的参数类型范围不是包含关系","harmonyos_api_changes/HarmonyOS_5.1.0(18).json","backgroundColor","",".backgroundColor('#F5F5F5')","ArkTS","entry\src\main\ets\pages\Index.ets:296","backgroundColor(value: ResourceColor): T@entry\src\main\ets\pages\Index.ets:296","","5.1.0(18)","backgroundColor(value: ResourceColor): T"
"backgroundColor(value: ResourceColor): T","类新增同名方法且参数类型与已有的参数类型范围不是包含关系","harmonyos_api_changes/HarmonyOS_5.1.0(18).json","backgroundColor","",".backgroundColor('#FFFFFF')","ArkTS","entry\src\main\ets\pages\Index.ets:313","backgroundColor(value: ResourceColor): T@entry\src\main\ets\pages\Index.ets:313","","5.1.0(18)","backgroundColor(value: ResourceColor): T"
"controller: functionalInputComponentManager.FunctionalInputController","新增API","harmonyos_api_changes/HarmonyOS_5.1.0(18).json","controller","","this.controller.setDotTint(tint);","ArkTS","entry\src\main\ets\pages\Index.ets:103","controller: functionalInputComponentManager.FunctionalInputController@entry\src\main\ets\pages\Index.ets:103","this","5.1.0(18)","controller: functionalInputComponentManager.FunctionalInputController"
"controller: functionalInputComponentManager.FunctionalInputController","新增API","harmonyos_api_changes/HarmonyOS_5.1.0(18).json","controller","","this.controller.setDotTint('#212121');","ArkTS","entry\src\main\ets\pages\Index.ets:175","controller: functionalInputComponentManager.FunctionalInputController@entry\src\main\ets\pages\Index.ets:175","this","5.1.0(18)","controller: functionalInputComponentManager.FunctionalInputController"
"controller: functionalInputComponentManager.FunctionalInputController","新增API","harmonyos_api_changes/HarmonyOS_5.1.0(18).json","controller","","this.controller.setDotTint('#FAFAFA');","ArkTS","entry\src\main\ets\pages\Index.ets:185","controller: functionalInputComponentManager.FunctionalInputController@entry\src\main\ets\pages\Index.ets:185","this","5.1.0(18)","controller: functionalInputComponentManager.FunctionalInputController"
"controller: functionalInputComponentManager.FunctionalInputController","新增API","harmonyos_api_changes/HarmonyOS_5.1.0(18).json","controller","","this.controller.setDotTint('#F44336');","ArkTS","entry\src\main\ets\pages\Index.ets:195","controller: functionalInputComponentManager.FunctionalInputController@entry\src\main\ets\pages\Index.ets:195","this","5.1.0(18)","controller: functionalInputComponentManager.FunctionalInputController"
"controller: functionalInputComponentManager.FunctionalInputController","新增API","harmonyos_api_changes/HarmonyOS_5.1.0(18).json","controller","","this.controller.setDotTint('#212121');","ArkTS","entry\src\main\ets\pages\Index.ets:210","controller: functionalInputComponentManager.FunctionalInputController@entry\src\main\ets\pages\Index.ets:210","this","5.1.0(18)","controller: functionalInputComponentManager.FunctionalInputController"
"controller: functionalInputComponentManager.FunctionalInputController","新增API","harmonyos_api_changes/HarmonyOS_5.1.0(18).json","controller","","this.controller.setDotDrawable($r('app.media.black_dot'));","ArkTS","entry\src\main\ets\pages\Index.ets:271","controller: functionalInputComponentManager.FunctionalInputController@entry\src\main\ets\pages\Index.ets:271","this","5.1.0(18)","controller: functionalInputComponentManager.FunctionalInputController"
"controller: functionalInputComponentManager.FunctionalInputController","新增API","harmonyos_api_changes/HarmonyOS_5.1.0(18).json","controller","","this.controller.setDotTint(tint);","ArkTS","entry\src\main\ets\pages\Index.ets:288","controller: functionalInputComponentManager.FunctionalInputController@entry\src\main\ets\pages\Index.ets:288","this","5.1.0(18)","controller: functionalInputComponentManager.FunctionalInputController"
"controller: functionalInputComponentManager.FunctionalInputController","新增API","harmonyos_api_changes/HarmonyOS_5.1.0(18).json","controller","","this.controller.setDotTint(tint);","ArkTS","entry\src\main\ets\pages\Index.ets:63","controller: functionalInputComponentManager.FunctionalInputController@entry\src\main\ets\pages\Index.ets:63","this","5.1.0(18)","controller: functionalInputComponentManager.FunctionalInputController"
"controller: loginComponentManager.LoginPanelController","新增装饰器","harmonyos_api_changes/HarmonyOS_26.0.0_Beta1.json","controller","","this.controller.setDotTint(tint);","ArkTS","entry\src\main\ets\pages\Index.ets:103","controller: loginComponentManager.LoginPanelController@entry\src\main\ets\pages\Index.ets:103","this","26.0.0 Beta2","controller: loginComponentManager.LoginPanelController"
"controller: loginComponentManager.LoginPanelController","新增装饰器","harmonyos_api_changes/HarmonyOS_26.0.0_Beta1.json","controller","","this.controller.setDotTint('#212121');","ArkTS","entry\src\main\ets\pages\Index.ets:175","controller: loginComponentManager.LoginPanelController@entry\src\main\ets\pages\Index.ets:175","this","26.0.0 Beta2","controller: loginComponentManager.LoginPanelController"
"controller: loginComponentManager.LoginPanelController","新增装饰器","harmonyos_api_changes/HarmonyOS_26.0.0_Beta1.json","controller","","this.controller.setDotTint('#FAFAFA');","ArkTS","entry\src\main\ets\pages\Index.ets:185","controller: loginComponentManager.LoginPanelController@entry\src\main\ets\pages\Index.ets:185","this","26.0.0 Beta2","controller: loginComponentManager.LoginPanelController"
"controller: loginComponentManager.LoginPanelController","新增装饰器","harmonyos_api_changes/HarmonyOS_26.0.0_Beta1.json","controller","","this.controller.setDotTint('#F44336');","ArkTS","entry\src\main\ets\pages\Index.ets:195","controller: loginComponentManager.LoginPanelController@entry\src\main\ets\pages\Index.ets:195","this","26.0.0 Beta2","controller: loginComponentManager.LoginPanelController"
"controller: loginComponentManager.LoginPanelController","新增装饰器","harmonyos_api_changes/HarmonyOS_26.0.0_Beta1.json","controller","","this.controller.setDotTint('#212121');","ArkTS","entry\src\main\ets\pages\Index.ets:210","controller: loginComponentManager.LoginPanelController@entry\src\main\ets\pages\Index.ets:210","this","26.0.0 Beta2","controller: loginComponentManager.LoginPanelController"
"controller: loginComponentManager.LoginPanelController","新增装饰器","harmonyos_api_changes/HarmonyOS_26.0.0_Beta1.json","controller","","this.controller.setDotDrawable($r('app.media.black_dot'));","ArkTS","entry\src\main\ets\pages\Index.ets:271","controller: loginComponentManager.LoginPanelController@entry\src\main\ets\pages\Index.ets:271","this","26.0.0 Beta2","controller: loginComponentManager.LoginPanelController"
"controller: loginComponentManager.LoginPanelController","新增装饰器","harmonyos_api_changes/HarmonyOS_26.0.0_Beta1.json","controller","","this.controller.setDotTint(tint);","ArkTS","entry\src\main\ets\pages\Index.ets:288","controller: loginComponentManager.LoginPanelController@entry\src\main\ets\pages\Index.ets:288","this","26.0.0 Beta2","controller: loginComponentManager.LoginPanelController"
"controller: loginComponentManager.LoginPanelController","新增装饰器","harmonyos_api_changes/HarmonyOS_26.0.0_Beta1.json","controller","","this.controller.setDotTint(tint);","ArkTS","entry\src\main\ets\pages\Index.ets:63","controller: loginComponentManager.LoginPanelController@entry\src\main\ets\pages\Index.ets:63","this","26.0.0 Beta2","controller: loginComponentManager.LoginPanelController"
"controller: loginComponentManager.LoginWithHuaweiIDButtonController","新增装饰器","harmonyos_api_changes/HarmonyOS_26.0.0_Beta1.json","controller","","this.controller.setDotTint(tint);","ArkTS","entry\src\main\ets\pages\Index.ets:103","controller: loginComponentManager.LoginWithHuaweiIDButtonController@entry\src\main\ets\pages\Index.ets:103","this","26.0.0 Beta2","controller: loginComponentManager.LoginWithHuaweiIDButtonController"
"controller: loginComponentManager.LoginWithHuaweiIDButtonController","新增装饰器","harmonyos_api_changes/HarmonyOS_26.0.0_Beta1.json","controller","","this.controller.setDotTint('#212121');","ArkTS","entry\src\main\ets\pages\Index.ets:175","controller: loginComponentManager.LoginWithHuaweiIDButtonController@entry\src\main\ets\pages\Index.ets:175","this","26.0.0 Beta2","controller: loginComponentManager.LoginWithHuaweiIDButtonController"
"controller: loginComponentManager.LoginWithHuaweiIDButtonController","新增装饰器","harmonyos_api_changes/HarmonyOS_26.0.0_Beta1.json","controller","","this.controller.setDotTint('#FAFAFA');","ArkTS","entry\src\main\ets\pages\Index.ets:185","controller: loginComponentManager.LoginWithHuaweiIDButtonController@entry\src\main\ets\pages\Index.ets:185","this","26.0.0 Beta2","controller: loginComponentManager.LoginWithHuaweiIDButtonController"
"controller: loginComponentManager.LoginWithHuaweiIDButtonController","新增装饰器","harmonyos_api_changes/HarmonyOS_26.0.0_Beta1.json","controller","","this.controller.setDotTint('#F44336');","ArkTS","entry\src\main\ets\pages\Index.ets:195","controller: loginComponentManager.LoginWithHuaweiIDButtonController@entry\src\main\ets\pages\Index.ets:195","this","26.0.0 Beta2","controller: loginComponentManager.LoginWithHuaweiIDButtonController"
"controller: loginComponentManager.LoginWithHuaweiIDButtonController","新增装饰器","harmonyos_api_changes/HarmonyOS_26.0.0_Beta1.json","controller","","this.controller.setDotTint('#212121');","ArkTS","entry\src\main\ets\pages\Index.ets:210","controller: loginComponentManager.LoginWithHuaweiIDButtonController@entry\src\main\ets\pages\Index.ets:210","this","26.0.0 Beta2","controller: loginComponentManager.LoginWithHuaweiIDButtonController"
"controller: loginComponentManager.LoginWithHuaweiIDButtonController","新增装饰器","harmonyos_api_changes/HarmonyOS_26.0.0_Beta1.json","controller","","this.controller.setDotDrawable($r('app.media.black_dot'));","ArkTS","entry\src\main\ets\pages\Index.ets:271","controller: loginComponentManager.LoginWithHuaweiIDButtonController@entry\src\main\ets\pages\Index.ets:271","this","26.0.0 Beta2","controller: loginComponentManager.LoginWithHuaweiIDButtonController"
"controller: loginComponentManager.LoginWithHuaweiIDButtonController","新增装饰器","harmonyos_api_changes/HarmonyOS_26.0.0_Beta1.json","controller","","this.controller.setDotTint(tint);","ArkTS","entry\src\main\ets\pages\Index.ets:288","controller: loginComponentManager.LoginWithHuaweiIDButtonController@entry\src\main\ets\pages\Index.ets:288","this","26.0.0 Beta2","controller: loginComponentManager.LoginWithHuaweiIDButtonController"
"controller: loginComponentManager.LoginWithHuaweiIDButtonController","新增装饰器","harmonyos_api_changes/HarmonyOS_26.0.0_Beta1.json","controller","","this.controller.setDotTint(tint);","ArkTS","entry\src\main\ets\pages\Index.ets:63","controller: loginComponentManager.LoginWithHuaweiIDButtonController@entry\src\main\ets\pages\Index.ets:63","this","26.0.0 Beta2","controller: loginComponentManager.LoginWithHuaweiIDButtonController"
"controller: readerCore.ReaderComponentController","新增API","harmonyos_api_changes/HarmonyOS_5.0.4(16).json","controller","","this.controller.setDotTint(tint);","ArkTS","entry\src\main\ets\pages\Index.ets:103","controller: readerCore.ReaderComponentController@entry\src\main\ets\pages\Index.ets:103","this","5.0.4(16)","controller: readerCore.ReaderComponentController"
"controller: readerCore.ReaderComponentController","新增API","harmonyos_api_changes/HarmonyOS_5.0.4(16).json","controller","","this.controller.setDotTint('#212121');","ArkTS","entry\src\main\ets\pages\Index.ets:175","controller: readerCore.ReaderComponentController@entry\src\main\ets\pages\Index.ets:175","this","5.0.4(16)","controller: readerCore.ReaderComponentController"
"controller: readerCore.ReaderComponentController","新增API","harmonyos_api_changes/HarmonyOS_5.0.4(16).json","controller","","this.controller.setDotTint('#FAFAFA');","ArkTS","entry\src\main\ets\pages\Index.ets:185","controller: readerCore.ReaderComponentController@entry\src\main\ets\pages\Index.ets:185","this","5.0.4(16)","controller: readerCore.ReaderComponentController"
"controller: readerCore.ReaderComponentController","新增API","harmonyos_api_changes/HarmonyOS_5.0.4(16).json","controller","","this.controller.setDotTint('#F44336');","ArkTS","entry\src\main\ets\pages\Index.ets:195","controller: readerCore.ReaderComponentController@entry\src\main\ets\pages\Index.ets:195","this","5.0.4(16)","controller: readerCore.ReaderComponentController"
"controller: readerCore.ReaderComponentController","新增API","harmonyos_api_changes/HarmonyOS_5.0.4(16).json","controller","","this.controller.setDotTint('#212121');","ArkTS","entry\src\main\ets\pages\Index.ets:210","controller: readerCore.ReaderComponentController@entry\src\main\ets\pages\Index.ets:210","this","5.0.4(16)","controller: readerCore.ReaderComponentController"
"controller: readerCore.ReaderComponentController","新增API","harmonyos_api_changes/HarmonyOS_5.0.4(16).json","controller","","this.controller.setDotDrawable($r('app.media.black_dot'));","ArkTS","entry\src\main\ets\pages\Index.ets:271","controller: readerCore.ReaderComponentController@entry\src\main\ets\pages\Index.ets:271","this","5.0.4(16)","controller: readerCore.ReaderComponentController"
"controller: readerCore.ReaderComponentController","新增API","harmonyos_api_changes/HarmonyOS_5.0.4(16).json","controller","","this.controller.setDotTint(tint);","ArkTS","entry\src\main\ets\pages\Index.ets:288","controller: readerCore.ReaderComponentController@entry\src\main\ets\pages\Index.ets:288","this","5.0.4(16)","controller: readerCore.ReaderComponentController"
"controller: readerCore.ReaderComponentController","新增API","harmonyos_api_changes/HarmonyOS_5.0.4(16).json","controller","","this.controller.setDotTint(tint);","ArkTS","entry\src\main\ets\pages\Index.ets:63","controller: readerCore.ReaderComponentController@entry\src\main\ets\pages\Index.ets:63","this","5.0.4(16)","controller: readerCore.ReaderComponentController"
"controller?: FunctionController","新增API","harmonyos_api_changes/HarmonyOS_6.0.0(20)_Beta3.json","controller","","this.controller.setDotTint(tint);","ArkTS","entry\src\main\ets\pages\Index.ets:103","controller?: FunctionController@entry\src\main\ets\pages\Index.ets:103","this","6.0.0(20)","controller?: FunctionController"
"controller?: FunctionController","新增API","harmonyos_api_changes/HarmonyOS_6.0.0(20)_Beta3.json","controller","","this.controller.setDotTint('#212121');","ArkTS","entry\src\main\ets\pages\Index.ets:175","controller?: FunctionController@entry\src\main\ets\pages\Index.ets:175","this","6.0.0(20)","controller?: FunctionController"
"controller?: FunctionController","新增API","harmonyos_api_changes/HarmonyOS_6.0.0(20)_Beta3.json","controller","","this.controller.setDotTint('#FAFAFA');","ArkTS","entry\src\main\ets\pages\Index.ets:185","controller?: FunctionController@entry\src\main\ets\pages\Index.ets:185","this","6.0.0(20)","controller?: FunctionController"
"controller?: FunctionController","新增API","harmonyos_api_changes/HarmonyOS_6.0.0(20)_Beta3.json","controller","","this.controller.setDotTint('#F44336');","ArkTS","entry\src\main\ets\pages\Index.ets:195","controller?: FunctionController@entry\src\main\ets\pages\Index.ets:195","this","6.0.0(20)","controller?: FunctionController"
"controller?: FunctionController","新增API","harmonyos_api_changes/HarmonyOS_6.0.0(20)_Beta3.json","controller","","this.controller.setDotTint('#212121');","ArkTS","entry\src\main\ets\pages\Index.ets:210","controller?: FunctionController@entry\src\main\ets\pages\Index.ets:210","this","6.0.0(20)","controller?: FunctionController"
"controller?: FunctionController","新增API","harmonyos_api_changes/HarmonyOS_6.0.0(20)_Beta3.json","controller","","this.controller.setDotDrawable($r('app.media.black_dot'));","ArkTS","entry\src\main\ets\pages\Index.ets:271","controller?: FunctionController@entry\src\main\ets\pages\Index.ets:271","this","6.0.0(20)","controller?: FunctionController"
"controller?: FunctionController","新增API","harmonyos_api_changes/HarmonyOS_6.0.0(20)_Beta3.json","controller","","this.controller.setDotTint(tint);","ArkTS","entry\src\main\ets\pages\Index.ets:288","controller?: FunctionController@entry\src\main\ets\pages\Index.ets:288","this","6.0.0(20)","controller?: FunctionController"
"controller?: FunctionController","新增API","harmonyos_api_changes/HarmonyOS_6.0.0(20)_Beta3.json","controller","","this.controller.setDotTint(tint);","ArkTS","entry\src\main\ets\pages\Index.ets:63","controller?: FunctionController@entry\src\main\ets\pages\Index.ets:63","this","6.0.0(20)","controller?: FunctionController"
"controller?: HdsTabsController","新增API","harmonyos_api_changes/HarmonyOS_6.0.0(20)_Beta1.json","controller","","this.controller.setDotTint(tint);","ArkTS","entry\src\main\ets\pages\Index.ets:103","controller?: HdsTabsController@entry\src\main\ets\pages\Index.ets:103","this","6.0.0(20)","controller?: HdsTabsController"
"controller?: HdsTabsController","新增API","harmonyos_api_changes/HarmonyOS_6.0.0(20)_Beta1.json","controller","","this.controller.setDotTint('#212121');","ArkTS","entry\src\main\ets\pages\Index.ets:175","controller?: HdsTabsController@entry\src\main\ets\pages\Index.ets:175","this","6.0.0(20)","controller?: HdsTabsController"
"controller?: HdsTabsController","新增API","harmonyos_api_changes/HarmonyOS_6.0.0(20)_Beta1.json","controller","","this.controller.setDotTint('#FAFAFA');","ArkTS","entry\src\main\ets\pages\Index.ets:185","controller?: HdsTabsController@entry\src\main\ets\pages\Index.ets:185","this","6.0.0(20)","controller?: HdsTabsController"
"controller?: HdsTabsController","新增API","harmonyos_api_changes/HarmonyOS_6.0.0(20)_Beta1.json","controller","","this.controller.setDotTint('#F44336');","ArkTS","entry\src\main\ets\pages\Index.ets:195","controller?: HdsTabsController@entry\src\main\ets\pages\Index.ets:195","this","6.0.0(20)","controller?: HdsTabsController"
"controller?: HdsTabsController","新增API","harmonyos_api_changes/HarmonyOS_6.0.0(20)_Beta1.json","controller","","this.controller.setDotTint('#212121');","ArkTS","entry\src\main\ets\pages\Index.ets:210","controller?: HdsTabsController@entry\src\main\ets\pages\Index.ets:210","this","6.0.0(20)","controller?: HdsTabsController"
"controller?: HdsTabsController","新增API","harmonyos_api_changes/HarmonyOS_6.0.0(20)_Beta1.json","controller","","this.controller.setDotDrawable($r('app.media.black_dot'));","ArkTS","entry\src\main\ets\pages\Index.ets:271","controller?: HdsTabsController@entry\src\main\ets\pages\Index.ets:271","this","6.0.0(20)","controller?: HdsTabsController"
"controller?: HdsTabsController","新增API","harmonyos_api_changes/HarmonyOS_6.0.0(20)_Beta1.json","controller","","this.controller.setDotTint(tint);","ArkTS","entry\src\main\ets\pages\Index.ets:288","controller?: HdsTabsController@entry\src\main\ets\pages\Index.ets:288","this","6.0.0(20)","controller?: HdsTabsController"
"controller?: HdsTabsController","新增API","harmonyos_api_changes/HarmonyOS_6.0.0(20)_Beta1.json","controller","","this.controller.setDotTint(tint);","ArkTS","entry\src\main\ets\pages\Index.ets:63","controller?: HdsTabsController@entry\src\main\ets\pages\Index.ets:63","this","6.0.0(20)","controller?: HdsTabsController"
"controller?: SearchController","新增API","harmonyos_api_changes/HarmonyOS_5.1.0(18).json","controller","","this.controller.setDotTint(tint);","ArkTS","entry\src\main\ets\pages\Index.ets:103","controller?: SearchController@entry\src\main\ets\pages\Index.ets:103","this","5.1.0(18)","controller?: SearchController"
"controller?: SearchController","新增API","harmonyos_api_changes/HarmonyOS_5.1.0(18).json","controller","","this.controller.setDotTint('#212121');","ArkTS","entry\src\main\ets\pages\Index.ets:175","controller?: SearchController@entry\src\main\ets\pages\Index.ets:175","this","5.1.0(18)","controller?: SearchController"
"controller?: SearchController","新增API","harmonyos_api_changes/HarmonyOS_5.1.0(18).json","controller","","this.controller.setDotTint('#FAFAFA');","ArkTS","entry\src\main\ets\pages\Index.ets:185","controller?: SearchController@entry\src\main\ets\pages\Index.ets:185","this","5.1.0(18)","controller?: SearchController"
"controller?: SearchController","新增API","harmonyos_api_changes/HarmonyOS_5.1.0(18).json","controller","","this.controller.setDotTint('#F44336');","ArkTS","entry\src\main\ets\pages\Index.ets:195","controller?: SearchController@entry\src\main\ets\pages\Index.ets:195","this","5.1.0(18)","controller?: SearchController"
"controller?: SearchController","新增API","harmonyos_api_changes/HarmonyOS_5.1.0(18).json","controller","","this.controller.setDotTint('#212121');","ArkTS","entry\src\main\ets\pages\Index.ets:210","controller?: SearchController@entry\src\main\ets\pages\Index.ets:210","this","5.1.0(18)","controller?: SearchController"
"controller?: SearchController","新增API","harmonyos_api_changes/HarmonyOS_5.1.0(18).json","controller","","this.controller.setDotDrawable($r('app.media.black_dot'));","ArkTS","entry\src\main\ets\pages\Index.ets:271","controller?: SearchController@entry\src\main\ets\pages\Index.ets:271","this","5.1.0(18)","controller?: SearchController"
"controller?: SearchController","新增API","harmonyos_api_changes/HarmonyOS_5.1.0(18).json","controller","","this.controller.setDotTint(tint);","ArkTS","entry\src\main\ets\pages\Index.ets:288","controller?: SearchController@entry\src\main\ets\pages\Index.ets:288","this","5.1.0(18)","controller?: SearchController"
"controller?: SearchController","新增API","harmonyos_api_changes/HarmonyOS_5.1.0(18).json","controller","","this.controller.setDotTint(tint);","ArkTS","entry\src\main\ets\pages\Index.ets:63","controller?: SearchController@entry\src\main\ets\pages\Index.ets:63","this","5.1.0(18)","controller?: SearchController"
"controller?: ShaderEffectController","新增API","harmonyos_api_changes/HarmonyOS_6.0.0(20)_Beta1.json","controller","","this.controller.setDotTint(tint);","ArkTS","entry\src\main\ets\pages\Index.ets:103","controller?: ShaderEffectController@entry\src\main\ets\pages\Index.ets:103","this","6.0.0(20)","controller?: ShaderEffectController"
"controller?: ShaderEffectController","新增API","harmonyos_api_changes/HarmonyOS_6.0.0(20)_Beta1.json","controller","","this.controller.setDotTint('#212121');","ArkTS","entry\src\main\ets\pages\Index.ets:175","controller?: ShaderEffectController@entry\src\main\ets\pages\Index.ets:175","this","6.0.0(20)","controller?: ShaderEffectController"
"controller?: ShaderEffectController","新增API","harmonyos_api_changes/HarmonyOS_6.0.0(20)_Beta1.json","controller","","this.controller.setDotTint('#FAFAFA');","ArkTS","entry\src\main\ets\pages\Index.ets:185","controller?: ShaderEffectController@entry\src\main\ets\pages\Index.ets:185","this","6.0.0(20)","controller?: ShaderEffectController"
"controller?: ShaderEffectController","新增API","harmonyos_api_changes/HarmonyOS_6.0.0(20)_Beta1.json","controller","","this.controller.setDotTint('#F44336');","ArkTS","entry\src\main\ets\pages\Index.ets:195","controller?: ShaderEffectController@entry\src\main\ets\pages\Index.ets:195","this","6.0.0(20)","controller?: ShaderEffectController"
"controller?: ShaderEffectController","新增API","harmonyos_api_changes/HarmonyOS_6.0.0(20)_Beta1.json","controller","","this.controller.setDotTint('#212121');","ArkTS","entry\src\main\ets\pages\Index.ets:210","controller?: ShaderEffectController@entry\src\main\ets\pages\Index.ets:210","this","6.0.0(20)","controller?: ShaderEffectController"
"controller?: ShaderEffectController","新增API","harmonyos_api_changes/HarmonyOS_6.0.0(20)_Beta1.json","controller","","this.controller.setDotDrawable($r('app.media.black_dot'));","ArkTS","entry\src\main\ets\pages\Index.ets:271","controller?: ShaderEffectController@entry\src\main\ets\pages\Index.ets:271","this","6.0.0(20)","controller?: ShaderEffectController"
"controller?: ShaderEffectController","新增API","harmonyos_api_changes/HarmonyOS_6.0.0(20)_Beta1.json","controller","","this.controller.setDotTint(tint);","ArkTS","entry\src\main\ets\pages\Index.ets:288","controller?: ShaderEffectController@entry\src\main\ets\pages\Index.ets:288","this","6.0.0(20)","controller?: ShaderEffectController"
"controller?: ShaderEffectController","新增API","harmonyos_api_changes/HarmonyOS_6.0.0(20)_Beta1.json","controller","","this.controller.setDotTint(tint);","ArkTS","entry\src\main\ets\pages\Index.ets:63","controller?: ShaderEffectController@entry\src\main\ets\pages\Index.ets:63","this","6.0.0(20)","controller?: ShaderEffectController"
"controller?: TabsController","新增API","harmonyos_api_changes/HarmonyOS_5.0.3(15)_Beta2.json","controller","","this.controller.setDotTint(tint);","ArkTS","entry\src\main\ets\pages\Index.ets:103","controller?: TabsController@entry\src\main\ets\pages\Index.ets:103","this","5.0.3(15)","controller?: TabsController"
"controller?: TabsController","新增API","harmonyos_api_changes/HarmonyOS_5.0.3(15)_Beta2.json","controller","","this.controller.setDotTint('#212121');","ArkTS","entry\src\main\ets\pages\Index.ets:175","controller?: TabsController@entry\src\main\ets\pages\Index.ets:175","this","5.0.3(15)","controller?: TabsController"
"controller?: TabsController","新增API","harmonyos_api_changes/HarmonyOS_5.0.3(15)_Beta2.json","controller","","this.controller.setDotTint('#FAFAFA');","ArkTS","entry\src\main\ets\pages\Index.ets:185","controller?: TabsController@entry\src\main\ets\pages\Index.ets:185","this","5.0.3(15)","controller?: TabsController"
"controller?: TabsController","新增API","harmonyos_api_changes/HarmonyOS_5.0.3(15)_Beta2.json","controller","","this.controller.setDotTint('#F44336');","ArkTS","entry\src\main\ets\pages\Index.ets:195","controller?: TabsController@entry\src\main\ets\pages\Index.ets:195","this","5.0.3(15)","controller?: TabsController"
"controller?: TabsController","新增API","harmonyos_api_changes/HarmonyOS_5.0.3(15)_Beta2.json","controller","","this.controller.setDotTint('#212121');","ArkTS","entry\src\main\ets\pages\Index.ets:210","controller?: TabsController@entry\src\main\ets\pages\Index.ets:210","this","5.0.3(15)","controller?: TabsController"
"controller?: TabsController","新增API","harmonyos_api_changes/HarmonyOS_5.0.3(15)_Beta2.json","controller","","this.controller.setDotDrawable($r('app.media.black_dot'));","ArkTS","entry\src\main\ets\pages\Index.ets:271","controller?: TabsController@entry\src\main\ets\pages\Index.ets:271","this","5.0.3(15)","controller?: TabsController"
"controller?: TabsController","新增API","harmonyos_api_changes/HarmonyOS_5.0.3(15)_Beta2.json","controller","","this.controller.setDotTint(tint);","ArkTS","entry\src\main\ets\pages\Index.ets:288","controller?: TabsController@entry\src\main\ets\pages\Index.ets:288","this","5.0.3(15)","controller?: TabsController"
"controller?: TabsController","新增API","harmonyos_api_changes/HarmonyOS_5.0.3(15)_Beta2.json","controller","","this.controller.setDotTint(tint);","ArkTS","entry\src\main\ets\pages\Index.ets:63","controller?: TabsController@entry\src\main\ets\pages\Index.ets:63","this","5.0.3(15)","controller?: TabsController"
"controller?: TextClockController","新增API","harmonyos_api_changes/HarmonyOS_5.1.0(18).json","controller","","this.controller.setDotTint(tint);","ArkTS","entry\src\main\ets\pages\Index.ets:103","controller?: TextClockController@entry\src\main\ets\pages\Index.ets:103","this","5.1.0(18)","controller?: TextClockController"
"controller?: TextClockController","新增API","harmonyos_api_changes/HarmonyOS_5.1.0(18).json","controller","","this.controller.setDotTint('#212121');","ArkTS","entry\src\main\ets\pages\Index.ets:175","controller?: TextClockController@entry\src\main\ets\pages\Index.ets:175","this","5.1.0(18)","controller?: TextClockController"
"controller?: TextClockController","新增API","harmonyos_api_changes/HarmonyOS_5.1.0(18).json","controller","","this.controller.setDotTint('#FAFAFA');","ArkTS","entry\src\main\ets\pages\Index.ets:185","controller?: TextClockController@entry\src\main\ets\pages\Index.ets:185","this","5.1.0(18)","controller?: TextClockController"
"controller?: TextClockController","新增API","harmonyos_api_changes/HarmonyOS_5.1.0(18).json","controller","","this.controller.setDotTint('#F44336');","ArkTS","entry\src\main\ets\pages\Index.ets:195","controller?: TextClockController@entry\src\main\ets\pages\Index.ets:195","this","5.1.0(18)","controller?: TextClockController"
"controller?: TextClockController","新增API","harmonyos_api_changes/HarmonyOS_5.1.0(18).json","controller","","this.controller.setDotTint('#212121');","ArkTS","entry\src\main\ets\pages\Index.ets:210","controller?: TextClockController@entry\src\main\ets\pages\Index.ets:210","this","5.1.0(18)","controller?: TextClockController"
"controller?: TextClockController","新增API","harmonyos_api_changes/HarmonyOS_5.1.0(18).json","controller","","this.controller.setDotDrawable($r('app.media.black_dot'));","ArkTS","entry\src\main\ets\pages\Index.ets:271","controller?: TextClockController@entry\src\main\ets\pages\Index.ets:271","this","5.1.0(18)","controller?: TextClockController"
"controller?: TextClockController","新增API","harmonyos_api_changes/HarmonyOS_5.1.0(18).json","controller","","this.controller.setDotTint(tint);","ArkTS","entry\src\main\ets\pages\Index.ets:288","controller?: TextClockController@entry\src\main\ets\pages\Index.ets:288","this","5.1.0(18)","controller?: TextClockController"
"controller?: TextClockController","新增API","harmonyos_api_changes/HarmonyOS_5.1.0(18).json","controller","","this.controller.setDotTint(tint);","ArkTS","entry\src\main\ets\pages\Index.ets:63","controller?: TextClockController@entry\src\main\ets\pages\Index.ets:63","this","5.1.0(18)","controller?: TextClockController"
"declare class CommonMethod<T>","接口定义变更","harmonyos_behavior_changes/HarmonyOS_26.0.0(26)_Beta1.json","CommonMethod","","this.context.getApplicationContext().setColorMode(ConfigurationConstant.ColorMode.COLOR_MODE_NOT_SET);","ArkTS","entry\src\main\ets\entryability\EntryAbility.ets:10","declare class CommonMethod<T>@entry\src\main\ets\entryability\EntryAbility.ets:10","this","26.0.0(26)","declare class CommonMethod<T>"
"declare class CommonMethod<T>","接口定义变更","harmonyos_behavior_changes/HarmonyOS_26.0.0(26)_Beta1.json","CommonMethod","","this.controller.setDotTint(tint);","ArkTS","entry\src\main\ets\pages\Index.ets:103","declare class CommonMethod<T>@entry\src\main\ets\pages\Index.ets:103","this","26.0.0(26)","declare class CommonMethod<T>"
"declare class CommonMethod<T>","接口定义变更","harmonyos_behavior_changes/HarmonyOS_26.0.0(26)_Beta1.json","CommonMethod","",".fontSize(18)","ArkTS","entry\src\main\ets\pages\Index.ets:112","declare class CommonMethod<T>@entry\src\main\ets\pages\Index.ets:112","","26.0.0(26)","declare class CommonMethod<T>"
"declare class CommonMethod<T>","接口定义变更","harmonyos_behavior_changes/HarmonyOS_26.0.0(26)_Beta1.json","CommonMethod","",".fontWeight(FontWeight.Medium)","ArkTS","entry\src\main\ets\pages\Index.ets:113","declare class CommonMethod<T>@entry\src\main\ets\pages\Index.ets:113","","26.0.0(26)","declare class CommonMethod<T>"
"declare class CommonMethod<T>","接口定义变更","harmonyos_behavior_changes/HarmonyOS_26.0.0(26)_Beta1.json","CommonMethod","",".fontColor('#212121')","ArkTS","entry\src\main\ets\pages\Index.ets:114","declare class CommonMethod<T>@entry\src\main\ets\pages\Index.ets:114","","26.0.0(26)","declare class CommonMethod<T>"
"declare class CommonMethod<T>","接口定义变更","harmonyos_behavior_changes/HarmonyOS_26.0.0(26)_Beta1.json","CommonMethod","",".maxLines(1)","ArkTS","entry\src\main\ets\pages\Index.ets:115","declare class CommonMethod<T>@entry\src\main\ets\pages\Index.ets:115","","26.0.0(26)","declare class CommonMethod<T>"
"declare class CommonMethod<T>","接口定义变更","harmonyos_behavior_changes/HarmonyOS_26.0.0(26)_Beta1.json","CommonMethod","",".textOverflow({ overflow: TextOverflow.Ellipsis })","ArkTS","entry\src\main\ets\pages\Index.ets:116","declare class CommonMethod<T>@entry\src\main\ets\pages\Index.ets:116","","26.0.0(26)","declare class CommonMethod<T>"
"declare class CommonMethod<T>","接口定义变更","harmonyos_behavior_changes/HarmonyOS_26.0.0(26)_Beta1.json","CommonMethod","",".width('100%')","ArkTS","entry\src\main\ets\pages\Index.ets:118","declare class CommonMethod<T>@entry\src\main\ets\pages\Index.ets:118","","26.0.0(26)","declare class CommonMethod<T>"
"declare class CommonMethod<T>","接口定义变更","harmonyos_behavior_changes/HarmonyOS_26.0.0(26)_Beta1.json","CommonMethod","",".height(56)","ArkTS","entry\src\main\ets\pages\Index.ets:119","declare class CommonMethod<T>@entry\src\main\ets\pages\Index.ets:119","","26.0.0(26)","declare class CommonMethod<T>"
"declare class CommonMethod<T>","接口定义变更","harmonyos_behavior_changes/HarmonyOS_26.0.0(26)_Beta1.json","CommonMethod","",".backgroundColor('#FAFAFA')","ArkTS","entry\src\main\ets\pages\Index.ets:120","declare class CommonMethod<T>@entry\src\main\ets\pages\Index.ets:120","","26.0.0(26)","declare class CommonMethod<T>"
"declare class CommonMethod<T>","接口定义变更","harmonyos_behavior_changes/HarmonyOS_26.0.0(26)_Beta1.json","CommonMethod","",".justifyContent(FlexAlign.Center)","ArkTS","entry\src\main\ets\pages\Index.ets:121","declare class CommonMethod<T>@entry\src\main\ets\pages\Index.ets:121","","26.0.0(26)","declare class CommonMethod<T>"
"declare class CommonMethod<T>","接口定义变更","harmonyos_behavior_changes/HarmonyOS_26.0.0(26)_Beta1.json","CommonMethod","",".alignItems(VerticalAlign.Center)","ArkTS","entry\src\main\ets\pages\Index.ets:122","declare class CommonMethod<T>@entry\src\main\ets\pages\Index.ets:122","","26.0.0(26)","declare class CommonMethod<T>"
"declare class CommonMethod<T>","接口定义变更","harmonyos_behavior_changes/HarmonyOS_26.0.0(26)_Beta1.json","CommonMethod","",".fontSize(32)","ArkTS","entry\src\main\ets\pages\Index.ets:130","declare class CommonMethod<T>@entry\src\main\ets\pages\Index.ets:130","","26.0.0(26)","declare class CommonMethod<T>"
"declare class CommonMethod<T>","接口定义变更","harmonyos_behavior_changes/HarmonyOS_26.0.0(26)_Beta1.json","CommonMethod","",".fontColor(page.textColor)","ArkTS","entry\src\main\ets\pages\Index.ets:131","declare class CommonMethod<T>@entry\src\main\ets\pages\Index.ets:131","","26.0.0(26)","declare class CommonMethod<T>"
"declare class CommonMethod<T>","接口定义变更","harmonyos_behavior_changes/HarmonyOS_26.0.0(26)_Beta1.json","CommonMethod","",".fontWeight(FontWeight.Normal)","ArkTS","entry\src\main\ets\pages\Index.ets:132","declare class CommonMethod<T>@entry\src\main\ets\pages\Index.ets:132","","26.0.0(26)","declare class CommonMethod<T>"
"declare class CommonMethod<T>","接口定义变更","harmonyos_behavior_changes/HarmonyOS_26.0.0(26)_Beta1.json","CommonMethod","",".width('100%')","ArkTS","entry\src\main\ets\pages\Index.ets:134","declare class CommonMethod<T>@entry\src\main\ets\pages\Index.ets:134","","26.0.0(26)","declare class CommonMethod<T>"
"declare class CommonMethod<T>","接口定义变更","harmonyos_behavior_changes/HarmonyOS_26.0.0(26)_Beta1.json","CommonMethod","",".height('100%')","ArkTS","entry\src\main\ets\pages\Index.ets:135","declare class CommonMethod<T>@entry\src\main\ets\pages\Index.ets:135","","26.0.0(26)","declare class CommonMethod<T>"
"declare class CommonMethod<T>","接口定义变更","harmonyos_behavior_changes/HarmonyOS_26.0.0(26)_Beta1.json","CommonMethod","",".justifyContent(FlexAlign.Center)","ArkTS","entry\src\main\ets\pages\Index.ets:136","declare class CommonMethod<T>@entry\src\main\ets\pages\Index.ets:136","","26.0.0(26)","declare class CommonMethod<T>"
"declare class CommonMethod<T>","接口定义变更","harmonyos_behavior_changes/HarmonyOS_26.0.0(26)_Beta1.json","CommonMethod","",".alignItems(HorizontalAlign.Center)","ArkTS","entry\src\main\ets\pages\Index.ets:137","declare class CommonMethod<T>@entry\src\main\ets\pages\Index.ets:137","","26.0.0(26)","declare class CommonMethod<T>"
"declare class CommonMethod<T>","接口定义变更","harmonyos_behavior_changes/HarmonyOS_26.0.0(26)_Beta1.json","CommonMethod","",".width('100%')","ArkTS","entry\src\main\ets\pages\Index.ets:140","declare class CommonMethod<T>@entry\src\main\ets\pages\Index.ets:140","","26.0.0(26)","declare class CommonMethod<T>"
"declare class CommonMethod<T>","接口定义变更","harmonyos_behavior_changes/HarmonyOS_26.0.0(26)_Beta1.json","CommonMethod","",".height('100%')","ArkTS","entry\src\main\ets\pages\Index.ets:141","declare class CommonMethod<T>@entry\src\main\ets\pages\Index.ets:141","","26.0.0(26)","declare class CommonMethod<T>"
"declare class CommonMethod<T>","接口定义变更","harmonyos_behavior_changes/HarmonyOS_26.0.0(26)_Beta1.json","CommonMethod","",".indicator(false)","ArkTS","entry\src\main\ets\pages\Index.ets:142","declare class CommonMethod<T>@entry\src\main\ets\pages\Index.ets:142","","26.0.0(26)","declare class CommonMethod<T>"
"declare class CommonMethod<T>","接口定义变更","harmonyos_behavior_changes/HarmonyOS_26.0.0(26)_Beta1.json","CommonMethod","",".loop(false)","ArkTS","entry\src\main\ets\pages\Index.ets:143","declare class CommonMethod<T>@entry\src\main\ets\pages\Index.ets:143","","26.0.0(26)","declare class CommonMethod<T>"
"declare class CommonMethod<T>","接口定义变更","harmonyos_behavior_changes/HarmonyOS_26.0.0(26)_Beta1.json","CommonMethod","",".cachedCount(3)","ArkTS","entry\src\main\ets\pages\Index.ets:144","declare class CommonMethod<T>@entry\src\main\ets\pages\Index.ets:144","","26.0.0(26)","declare class CommonMethod<T>"
"declare class CommonMethod<T>","接口定义变更","harmonyos_behavior_changes/HarmonyOS_26.0.0(26)_Beta1.json","CommonMethod","",".onChange((index: number) => {","ArkTS","entry\src\main\ets\pages\Index.ets:145","declare class CommonMethod<T>@entry\src\main\ets\pages\Index.ets:145","","26.0.0(26)","declare class CommonMethod<T>"
"declare class CommonMethod<T>","接口定义变更","harmonyos_behavior_changes/HarmonyOS_26.0.0(26)_Beta1.json","CommonMethod","","controller: this.controller,","ArkTS","entry\src\main\ets\pages\Index.ets:150","declare class CommonMethod<T>@entry\src\main\ets\pages\Index.ets:150","","26.0.0(26)","declare class CommonMethod<T>"
"declare class CommonMethod<T>","接口定义变更","harmonyos_behavior_changes/HarmonyOS_26.0.0(26)_Beta1.json","CommonMethod","",".width('100%')","ArkTS","entry\src\main\ets\pages\Index.ets:159","declare class CommonMethod<T>@entry\src\main\ets\pages\Index.ets:159","","26.0.0(26)","declare class CommonMethod<T>"
"declare class CommonMethod<T>","接口定义变更","harmonyos_behavior_changes/HarmonyOS_26.0.0(26)_Beta1.json","CommonMethod","",".height(48)","ArkTS","entry\src\main\ets\pages\Index.ets:160","declare class CommonMethod<T>@entry\src\main\ets\pages\Index.ets:160","","26.0.0(26)","declare class CommonMethod<T>"
"declare class CommonMethod<T>","接口定义变更","harmonyos_behavior_changes/HarmonyOS_26.0.0(26)_Beta1.json","CommonMethod","",".layoutWeight(1)","ArkTS","entry\src\main\ets\pages\Index.ets:162","declare class CommonMethod<T>@entry\src\main\ets\pages\Index.ets:162","","26.0.0(26)","declare class CommonMethod<T>"
"declare class CommonMethod<T>","接口定义变更","harmonyos_behavior_changes/HarmonyOS_26.0.0(26)_Beta1.json","CommonMethod","",".backgroundColor(this.bgColor)","ArkTS","entry\src\main\ets\pages\Index.ets:163","declare class CommonMethod<T>@entry\src\main\ets\pages\Index.ets:163","","26.0.0(26)","declare class CommonMethod<T>"
"declare class CommonMethod<T>","接口定义变更","harmonyos_behavior_changes/HarmonyOS_26.0.0(26)_Beta1.json","CommonMethod","",".layoutWeight(1)","ArkTS","entry\src\main\ets\pages\Index.ets:169","declare class CommonMethod<T>@entry\src\main\ets\pages\Index.ets:169","","26.0.0(26)","declare class CommonMethod<T>"
"declare class CommonMethod<T>","接口定义变更","harmonyos_behavior_changes/HarmonyOS_26.0.0(26)_Beta1.json","CommonMethod","",".fontSize(12)","ArkTS","entry\src\main\ets\pages\Index.ets:170","declare class CommonMethod<T>@entry\src\main\ets\pages\Index.ets:170","","26.0.0(26)","declare class CommonMethod<T>"
"declare class CommonMethod<T>","接口定义变更","harmonyos_behavior_changes/HarmonyOS_26.0.0(26)_Beta1.json","CommonMethod","",".height(36)","ArkTS","entry\src\main\ets\pages\Index.ets:171","declare class CommonMethod<T>@entry\src\main\ets\pages\Index.ets:171","","26.0.0(26)","declare class CommonMethod<T>"
"declare class CommonMethod<T>","接口定义变更","harmonyos_behavior_changes/HarmonyOS_26.0.0(26)_Beta1.json","CommonMethod","",".margin({ right: 4 })","ArkTS","entry\src\main\ets\pages\Index.ets:172","declare class CommonMethod<T>@entry\src\main\ets\pages\Index.ets:172","","26.0.0(26)","declare class CommonMethod<T>"
"declare class CommonMethod<T>","接口定义变更","harmonyos_behavior_changes/HarmonyOS_26.0.0(26)_Beta1.json","CommonMethod","",".onClick(() => {","ArkTS","entry\src\main\ets\pages\Index.ets:173","declare class CommonMethod<T>@entry\src\main\ets\pages\Index.ets:173","","26.0.0(26)","declare class CommonMethod<T>"
"declare class CommonMethod<T>","接口定义变更","harmonyos_behavior_changes/HarmonyOS_26.0.0(26)_Beta1.json","CommonMethod","","this.controller.setDotTint('#212121');","ArkTS","entry\src\main\ets\pages\Index.ets:175","declare class CommonMethod<T>@entry\src\main\ets\pages\Index.ets:175","this","26.0.0(26)","declare class CommonMethod<T>"
"declare class CommonMethod<T>","接口定义变更","harmonyos_behavior_changes/HarmonyOS_26.0.0(26)_Beta1.json","CommonMethod","",".layoutWeight(1)","ArkTS","entry\src\main\ets\pages\Index.ets:179","declare class CommonMethod<T>@entry\src\main\ets\pages\Index.ets:179","","26.0.0(26)","declare class CommonMethod<T>"
"declare class CommonMethod<T>","接口定义变更","harmonyos_behavior_changes/HarmonyOS_26.0.0(26)_Beta1.json","CommonMethod","",".fontSize(12)","ArkTS","entry\src\main\ets\pages\Index.ets:180","declare class CommonMethod<T>@entry\src\main\ets\pages\Index.ets:180","","26.0.0(26)","declare class CommonMethod<T>"
"declare class CommonMethod<T>","接口定义变更","harmonyos_behavior_changes/HarmonyOS_26.0.0(26)_Beta1.json","CommonMethod","",".height(36)","ArkTS","entry\src\main\ets\pages\Index.ets:181","declare class CommonMethod<T>@entry\src\main\ets\pages\Index.ets:181","","26.0.0(26)","declare class CommonMethod<T>"
"declare class CommonMethod<T>","接口定义变更","harmonyos_behavior_changes/HarmonyOS_26.0.0(26)_Beta1.json","CommonMethod","",".margin({ left: 4, right: 4 })","ArkTS","entry\src\main\ets\pages\Index.ets:182","declare class CommonMethod<T>@entry\src\main\ets\pages\Index.ets:182","","26.0.0(26)","declare class CommonMethod<T>"
"declare class CommonMethod<T>","接口定义变更","harmonyos_behavior_changes/HarmonyOS_26.0.0(26)_Beta1.json","CommonMethod","",".onClick(() => {","ArkTS","entry\src\main\ets\pages\Index.ets:183","declare class CommonMethod<T>@entry\src\main\ets\pages\Index.ets:183","","26.0.0(26)","declare class CommonMethod<T>"
"declare class CommonMethod<T>","接口定义变更","harmonyos_behavior_changes/HarmonyOS_26.0.0(26)_Beta1.json","CommonMethod","","this.controller.setDotTint('#FAFAFA');","ArkTS","entry\src\main\ets\pages\Index.ets:185","declare class CommonMethod<T>@entry\src\main\ets\pages\Index.ets:185","this","26.0.0(26)","declare class CommonMethod<T>"
"declare class CommonMethod<T>","接口定义变更","harmonyos_behavior_changes/HarmonyOS_26.0.0(26)_Beta1.json","CommonMethod","",".layoutWeight(1)","ArkTS","entry\src\main\ets\pages\Index.ets:189","declare class CommonMethod<T>@entry\src\main\ets\pages\Index.ets:189","","26.0.0(26)","declare class CommonMethod<T>"
"declare class CommonMethod<T>","接口定义变更","harmonyos_behavior_changes/HarmonyOS_26.0.0(26)_Beta1.json","CommonMethod","",".fontSize(12)","ArkTS","entry\src\main\ets\pages\Index.ets:190","declare class CommonMethod<T>@entry\src\main\ets\pages\Index.ets:190","","26.0.0(26)","declare class CommonMethod<T>"
"declare class CommonMethod<T>","接口定义变更","harmonyos_behavior_changes/HarmonyOS_26.0.0(26)_Beta1.json","CommonMethod","",".height(36)","ArkTS","entry\src\main\ets\pages\Index.ets:191","declare class CommonMethod<T>@entry\src\main\ets\pages\Index.ets:191","","26.0.0(26)","declare class CommonMethod<T>"
"declare class CommonMethod<T>","接口定义变更","harmonyos_behavior_changes/HarmonyOS_26.0.0(26)_Beta1.json","CommonMethod","",".margin({ left: 4 })","ArkTS","entry\src\main\ets\pages\Index.ets:192","declare class CommonMethod<T>@entry\src\main\ets\pages\Index.ets:192","","26.0.0(26)","declare class CommonMethod<T>"
"declare class CommonMethod<T>","接口定义变更","harmonyos_behavior_changes/HarmonyOS_26.0.0(26)_Beta1.json","CommonMethod","",".onClick(() => {","ArkTS","entry\src\main\ets\pages\Index.ets:193","declare class CommonMethod<T>@entry\src\main\ets\pages\Index.ets:193","","26.0.0(26)","declare class CommonMethod<T>"
"declare class CommonMethod<T>","接口定义变更","harmonyos_behavior_changes/HarmonyOS_26.0.0(26)_Beta1.json","CommonMethod","","this.controller.setDotTint('#F44336');","ArkTS","entry\src\main\ets\pages\Index.ets:195","declare class CommonMethod<T>@entry\src\main\ets\pages\Index.ets:195","this","26.0.0(26)","declare class CommonMethod<T>"
"declare class CommonMethod<T>","接口定义变更","harmonyos_behavior_changes/HarmonyOS_26.0.0(26)_Beta1.json","CommonMethod","",".width('100%')","ArkTS","entry\src\main\ets\pages\Index.ets:199","declare class CommonMethod<T>@entry\src\main\ets\pages\Index.ets:199","","26.0.0(26)","declare class CommonMethod<T>"
"declare class CommonMethod<T>","接口定义变更","harmonyos_behavior_changes/HarmonyOS_26.0.0(26)_Beta1.json","CommonMethod","",".margin({ bottom: 4 })","ArkTS","entry\src\main\ets\pages\Index.ets:200","declare class CommonMethod<T>@entry\src\main\ets\pages\Index.ets:200","","26.0.0(26)","declare class CommonMethod<T>"
"declare class CommonMethod<T>","接口定义变更","harmonyos_behavior_changes/HarmonyOS_26.0.0(26)_Beta1.json","CommonMethod","",".layoutWeight(1)","ArkTS","entry\src\main\ets\pages\Index.ets:204","declare class CommonMethod<T>@entry\src\main\ets\pages\Index.ets:204","","26.0.0(26)","declare class CommonMethod<T>"
"declare class CommonMethod<T>","接口定义变更","harmonyos_behavior_changes/HarmonyOS_26.0.0(26)_Beta1.json","CommonMethod","",".fontSize(12)","ArkTS","entry\src\main\ets\pages\Index.ets:205","declare class CommonMethod<T>@entry\src\main\ets\pages\Index.ets:205","","26.0.0(26)","declare class CommonMethod<T>"
"declare class CommonMethod<T>","接口定义变更","harmonyos_behavior_changes/HarmonyOS_26.0.0(26)_Beta1.json","CommonMethod","",".height(36)","ArkTS","entry\src\main\ets\pages\Index.ets:206","declare class CommonMethod<T>@entry\src\main\ets\pages\Index.ets:206","","26.0.0(26)","declare class CommonMethod<T>"
"declare class CommonMethod<T>","接口定义变更","harmonyos_behavior_changes/HarmonyOS_26.0.0(26)_Beta1.json","CommonMethod","",".margin({ right: 4 })","ArkTS","entry\src\main\ets\pages\Index.ets:207","declare class CommonMethod<T>@entry\src\main\ets\pages\Index.ets:207","","26.0.0(26)","declare class CommonMethod<T>"
"declare class CommonMethod<T>","接口定义变更","harmonyos_behavior_changes/HarmonyOS_26.0.0(26)_Beta1.json","CommonMethod","",".onClick(() => {","ArkTS","entry\src\main\ets\pages\Index.ets:208","declare class CommonMethod<T>@entry\src\main\ets\pages\Index.ets:208","","26.0.0(26)","declare class CommonMethod<T>"
"declare class CommonMethod<T>","接口定义变更","harmonyos_behavior_changes/HarmonyOS_26.0.0(26)_Beta1.json","CommonMethod","","this.controller.setDotTint('#212121');","ArkTS","entry\src\main\ets\pages\Index.ets:210","declare class CommonMethod<T>@entry\src\main\ets\pages\Index.ets:210","this","26.0.0(26)","declare class CommonMethod<T>"
"declare class CommonMethod<T>","接口定义变更","harmonyos_behavior_changes/HarmonyOS_26.0.0(26)_Beta1.json","CommonMethod","",".layoutWeight(1)","ArkTS","entry\src\main\ets\pages\Index.ets:214","declare class CommonMethod<T>@entry\src\main\ets\pages\Index.ets:214","","26.0.0(26)","declare class CommonMethod<T>"
"declare class CommonMethod<T>","接口定义变更","harmonyos_behavior_changes/HarmonyOS_26.0.0(26)_Beta1.json","CommonMethod","",".fontSize(12)","ArkTS","entry\src\main\ets\pages\Index.ets:215","declare class CommonMethod<T>@entry\src\main\ets\pages\Index.ets:215","","26.0.0(26)","declare class CommonMethod<T>"
"declare class CommonMethod<T>","接口定义变更","harmonyos_behavior_changes/HarmonyOS_26.0.0(26)_Beta1.json","CommonMethod","",".height(36)","ArkTS","entry\src\main\ets\pages\Index.ets:216","declare class CommonMethod<T>@entry\src\main\ets\pages\Index.ets:216","","26.0.0(26)","declare class CommonMethod<T>"
"declare class CommonMethod<T>","接口定义变更","harmonyos_behavior_changes/HarmonyOS_26.0.0(26)_Beta1.json","CommonMethod","",".margin({ left: 4, right: 4 })","ArkTS","entry\src\main\ets\pages\Index.ets:217","declare class CommonMethod<T>@entry\src\main\ets\pages\Index.ets:217","","26.0.0(26)","declare class CommonMethod<T>"
"declare class CommonMethod<T>","接口定义变更","harmonyos_behavior_changes/HarmonyOS_26.0.0(26)_Beta1.json","CommonMethod","",".onClick(() => {","ArkTS","entry\src\main\ets\pages\Index.ets:218","declare class CommonMethod<T>@entry\src\main\ets\pages\Index.ets:218","","26.0.0(26)","declare class CommonMethod<T>"
"declare class CommonMethod<T>","接口定义变更","harmonyos_behavior_changes/HarmonyOS_26.0.0(26)_Beta1.json","CommonMethod","",".layoutWeight(1)","ArkTS","entry\src\main\ets\pages\Index.ets:225","declare class CommonMethod<T>@entry\src\main\ets\pages\Index.ets:225","","26.0.0(26)","declare class CommonMethod<T>"
"declare class CommonMethod<T>","接口定义变更","harmonyos_behavior_changes/HarmonyOS_26.0.0(26)_Beta1.json","CommonMethod","",".fontSize(12)","ArkTS","entry\src\main\ets\pages\Index.ets:226","declare class CommonMethod<T>@entry\src\main\ets\pages\Index.ets:226","","26.0.0(26)","declare class CommonMethod<T>"
"declare class CommonMethod<T>","接口定义变更","harmonyos_behavior_changes/HarmonyOS_26.0.0(26)_Beta1.json","CommonMethod","",".height(36)","ArkTS","entry\src\main\ets\pages\Index.ets:227","declare class CommonMethod<T>@entry\src\main\ets\pages\Index.ets:227","","26.0.0(26)","declare class CommonMethod<T>"
"declare class CommonMethod<T>","接口定义变更","harmonyos_behavior_changes/HarmonyOS_26.0.0(26)_Beta1.json","CommonMethod","",".margin({ left: 4 })","ArkTS","entry\src\main\ets\pages\Index.ets:228","declare class CommonMethod<T>@entry\src\main\ets\pages\Index.ets:228","","26.0.0(26)","declare class CommonMethod<T>"
"declare class CommonMethod<T>","接口定义变更","harmonyos_behavior_changes/HarmonyOS_26.0.0(26)_Beta1.json","CommonMethod","",".onClick(() => {","ArkTS","entry\src\main\ets\pages\Index.ets:229","declare class CommonMethod<T>@entry\src\main\ets\pages\Index.ets:229","","26.0.0(26)","declare class CommonMethod<T>"
"declare class CommonMethod<T>","接口定义变更","harmonyos_behavior_changes/HarmonyOS_26.0.0(26)_Beta1.json","CommonMethod","",".width('100%')","ArkTS","entry\src\main\ets\pages\Index.ets:243","declare class CommonMethod<T>@entry\src\main\ets\pages\Index.ets:243","","26.0.0(26)","declare class CommonMethod<T>"
"declare class CommonMethod<T>","接口定义变更","harmonyos_behavior_changes/HarmonyOS_26.0.0(26)_Beta1.json","CommonMethod","",".margin({ bottom: 4 })","ArkTS","entry\src\main\ets\pages\Index.ets:244","declare class CommonMethod<T>@entry\src\main\ets\pages\Index.ets:244","","26.0.0(26)","declare class CommonMethod<T>"
"declare class CommonMethod<T>","接口定义变更","harmonyos_behavior_changes/HarmonyOS_26.0.0(26)_Beta1.json","CommonMethod","",".layoutWeight(1)","ArkTS","entry\src\main\ets\pages\Index.ets:248","declare class CommonMethod<T>@entry\src\main\ets\pages\Index.ets:248","","26.0.0(26)","declare class CommonMethod<T>"
"declare class CommonMethod<T>","接口定义变更","harmonyos_behavior_changes/HarmonyOS_26.0.0(26)_Beta1.json","CommonMethod","",".fontSize(12)","ArkTS","entry\src\main\ets\pages\Index.ets:249","declare class CommonMethod<T>@entry\src\main\ets\pages\Index.ets:249","","26.0.0(26)","declare class CommonMethod<T>"
"declare class CommonMethod<T>","接口定义变更","harmonyos_behavior_changes/HarmonyOS_26.0.0(26)_Beta1.json","CommonMethod","",".height(36)","ArkTS","entry\src\main\ets\pages\Index.ets:250","declare class CommonMethod<T>@entry\src\main\ets\pages\Index.ets:250","","26.0.0(26)","declare class CommonMethod<T>"
"declare class CommonMethod<T>","接口定义变更","harmonyos_behavior_changes/HarmonyOS_26.0.0(26)_Beta1.json","CommonMethod","",".margin({ right: 4 })","ArkTS","entry\src\main\ets\pages\Index.ets:251","declare class CommonMethod<T>@entry\src\main\ets\pages\Index.ets:251","","26.0.0(26)","declare class CommonMethod<T>"
"declare class CommonMethod<T>","接口定义变更","harmonyos_behavior_changes/HarmonyOS_26.0.0(26)_Beta1.json","CommonMethod","",".onClick(() => {","ArkTS","entry\src\main\ets\pages\Index.ets:252","declare class CommonMethod<T>@entry\src\main\ets\pages\Index.ets:252","","26.0.0(26)","declare class CommonMethod<T>"
"declare class CommonMethod<T>","接口定义变更","harmonyos_behavior_changes/HarmonyOS_26.0.0(26)_Beta1.json","CommonMethod","",".layoutWeight(1)","ArkTS","entry\src\main\ets\pages\Index.ets:266","declare class CommonMethod<T>@entry\src\main\ets\pages\Index.ets:266","","26.0.0(26)","declare class CommonMethod<T>"
"declare class CommonMethod<T>","接口定义变更","harmonyos_behavior_changes/HarmonyOS_26.0.0(26)_Beta1.json","CommonMethod","",".fontSize(12)","ArkTS","entry\src\main\ets\pages\Index.ets:267","declare class CommonMethod<T>@entry\src\main\ets\pages\Index.ets:267","","26.0.0(26)","declare class CommonMethod<T>"
"declare class CommonMethod<T>","接口定义变更","harmonyos_behavior_changes/HarmonyOS_26.0.0(26)_Beta1.json","CommonMethod","",".height(36)","ArkTS","entry\src\main\ets\pages\Index.ets:268","declare class CommonMethod<T>@entry\src\main\ets\pages\Index.ets:268","","26.0.0(26)","declare class CommonMethod<T>"
"declare class CommonMethod<T>","接口定义变更","harmonyos_behavior_changes/HarmonyOS_26.0.0(26)_Beta1.json","CommonMethod","",".margin({ left: 4, right: 4 })","ArkTS","entry\src\main\ets\pages\Index.ets:269","declare class CommonMethod<T>@entry\src\main\ets\pages\Index.ets:269","","26.0.0(26)","declare class CommonMethod<T>"
"declare class CommonMethod<T>","接口定义变更","harmonyos_behavior_changes/HarmonyOS_26.0.0(26)_Beta1.json","CommonMethod","",".onClick(() => {","ArkTS","entry\src\main\ets\pages\Index.ets:270","declare class CommonMethod<T>@entry\src\main\ets\pages\Index.ets:270","","26.0.0(26)","declare class CommonMethod<T>"
"declare class CommonMethod<T>","接口定义变更","harmonyos_behavior_changes/HarmonyOS_26.0.0(26)_Beta1.json","CommonMethod","","this.controller.setDotDrawable($r('app.media.black_dot'));","ArkTS","entry\src\main\ets\pages\Index.ets:271","declare class CommonMethod<T>@entry\src\main\ets\pages\Index.ets:271","this","26.0.0(26)","declare class CommonMethod<T>"
"declare class CommonMethod<T>","接口定义变更","harmonyos_behavior_changes/HarmonyOS_26.0.0(26)_Beta1.json","CommonMethod","",".layoutWeight(1)","ArkTS","entry\src\main\ets\pages\Index.ets:275","declare class CommonMethod<T>@entry\src\main\ets\pages\Index.ets:275","","26.0.0(26)","declare class CommonMethod<T>"
"declare class CommonMethod<T>","接口定义变更","harmonyos_behavior_changes/HarmonyOS_26.0.0(26)_Beta1.json","CommonMethod","",".fontSize(12)","ArkTS","entry\src\main\ets\pages\Index.ets:276","declare class CommonMethod<T>@entry\src\main\ets\pages\Index.ets:276","","26.0.0(26)","declare class CommonMethod<T>"
"declare class CommonMethod<T>","接口定义变更","harmonyos_behavior_changes/HarmonyOS_26.0.0(26)_Beta1.json","CommonMethod","",".height(36)","ArkTS","entry\src\main\ets\pages\Index.ets:277","declare class CommonMethod<T>@entry\src\main\ets\pages\Index.ets:277","","26.0.0(26)","declare class CommonMethod<T>"
"declare class CommonMethod<T>","接口定义变更","harmonyos_behavior_changes/HarmonyOS_26.0.0(26)_Beta1.json","CommonMethod","",".margin({ left: 4 })","ArkTS","entry\src\main\ets\pages\Index.ets:278","declare class CommonMethod<T>@entry\src\main\ets\pages\Index.ets:278","","26.0.0(26)","declare class CommonMethod<T>"
"declare class CommonMethod<T>","接口定义变更","harmonyos_behavior_changes/HarmonyOS_26.0.0(26)_Beta1.json","CommonMethod","",".onClick(() => {","ArkTS","entry\src\main\ets\pages\Index.ets:279","declare class CommonMethod<T>@entry\src\main\ets\pages\Index.ets:279","","26.0.0(26)","declare class CommonMethod<T>"
"declare class CommonMethod<T>","接口定义变更","harmonyos_behavior_changes/HarmonyOS_26.0.0(26)_Beta1.json","CommonMethod","","this.controller = new DotsIndicatorController();","ArkTS","entry\src\main\ets\pages\Index.ets:280","declare class CommonMethod<T>@entry\src\main\ets\pages\Index.ets:280","this","26.0.0(26)","declare class CommonMethod<T>"
"declare class CommonMethod<T>","接口定义变更","harmonyos_behavior_changes/HarmonyOS_26.0.0(26)_Beta1.json","CommonMethod","","this.controller.setDotTint(tint);","ArkTS","entry\src\main\ets\pages\Index.ets:288","declare class CommonMethod<T>@entry\src\main\ets\pages\Index.ets:288","this","26.0.0(26)","declare class CommonMethod<T>"
"declare class CommonMethod<T>","接口定义变更","harmonyos_behavior_changes/HarmonyOS_26.0.0(26)_Beta1.json","CommonMethod","",".width('100%')","ArkTS","entry\src\main\ets\pages\Index.ets:292","declare class CommonMethod<T>@entry\src\main\ets\pages\Index.ets:292","","26.0.0(26)","declare class CommonMethod<T>"
"declare class CommonMethod<T>","接口定义变更","harmonyos_behavior_changes/HarmonyOS_26.0.0(26)_Beta1.json","CommonMethod","",".width('100%')","ArkTS","entry\src\main\ets\pages\Index.ets:294","declare class CommonMethod<T>@entry\src\main\ets\pages\Index.ets:294","","26.0.0(26)","declare class CommonMethod<T>"
"declare class CommonMethod<T>","接口定义变更","harmonyos_behavior_changes/HarmonyOS_26.0.0(26)_Beta1.json","CommonMethod","",".padding(8)","ArkTS","entry\src\main\ets\pages\Index.ets:295","declare class CommonMethod<T>@entry\src\main\ets\pages\Index.ets:295","","26.0.0(26)","declare class CommonMethod<T>"
"declare class CommonMethod<T>","接口定义变更","harmonyos_behavior_changes/HarmonyOS_26.0.0(26)_Beta1.json","CommonMethod","",".backgroundColor('#F5F5F5')","ArkTS","entry\src\main\ets\pages\Index.ets:296","declare class CommonMethod<T>@entry\src\main\ets\pages\Index.ets:296","","26.0.0(26)","declare class CommonMethod<T>"
"declare class CommonMethod<T>","接口定义变更","harmonyos_behavior_changes/HarmonyOS_26.0.0(26)_Beta1.json","CommonMethod","",".fontSize(12)","ArkTS","entry\src\main\ets\pages\Index.ets:303","declare class CommonMethod<T>@entry\src\main\ets\pages\Index.ets:303","","26.0.0(26)","declare class CommonMethod<T>"
"declare class CommonMethod<T>","接口定义变更","harmonyos_behavior_changes/HarmonyOS_26.0.0(26)_Beta1.json","CommonMethod","",".fontColor('#424242')","ArkTS","entry\src\main\ets\pages\Index.ets:304","declare class CommonMethod<T>@entry\src\main\ets\pages\Index.ets:304","","26.0.0(26)","declare class CommonMethod<T>"
"declare class CommonMethod<T>","接口定义变更","harmonyos_behavior_changes/HarmonyOS_26.0.0(26)_Beta1.json","CommonMethod","",".width('100%')","ArkTS","entry\src\main\ets\pages\Index.ets:305","declare class CommonMethod<T>@entry\src\main\ets\pages\Index.ets:305","","26.0.0(26)","declare class CommonMethod<T>"
"declare class CommonMethod<T>","接口定义变更","harmonyos_behavior_changes/HarmonyOS_26.0.0(26)_Beta1.json","CommonMethod","",".padding({ left: 12, top: 2, bottom: 2 })","ArkTS","entry\src\main\ets\pages\Index.ets:306","declare class CommonMethod<T>@entry\src\main\ets\pages\Index.ets:306","","26.0.0(26)","declare class CommonMethod<T>"
"declare class CommonMethod<T>","接口定义变更","harmonyos_behavior_changes/HarmonyOS_26.0.0(26)_Beta1.json","CommonMethod","",".width('100%')","ArkTS","entry\src\main\ets\pages\Index.ets:309","declare class CommonMethod<T>@entry\src\main\ets\pages\Index.ets:309","","26.0.0(26)","declare class CommonMethod<T>"
"declare class CommonMethod<T>","接口定义变更","harmonyos_behavior_changes/HarmonyOS_26.0.0(26)_Beta1.json","CommonMethod","",".width('100%')","ArkTS","entry\src\main\ets\pages\Index.ets:311","declare class CommonMethod<T>@entry\src\main\ets\pages\Index.ets:311","","26.0.0(26)","declare class CommonMethod<T>"
"declare class CommonMethod<T>","接口定义变更","harmonyos_behavior_changes/HarmonyOS_26.0.0(26)_Beta1.json","CommonMethod","",".height(90)","ArkTS","entry\src\main\ets\pages\Index.ets:312","declare class CommonMethod<T>@entry\src\main\ets\pages\Index.ets:312","","26.0.0(26)","declare class CommonMethod<T>"
"declare class CommonMethod<T>","接口定义变更","harmonyos_behavior_changes/HarmonyOS_26.0.0(26)_Beta1.json","CommonMethod","",".backgroundColor('#FFFFFF')","ArkTS","entry\src\main\ets\pages\Index.ets:313","declare class CommonMethod<T>@entry\src\main\ets\pages\Index.ets:313","","26.0.0(26)","declare class CommonMethod<T>"
"declare class CommonMethod<T>","接口定义变更","harmonyos_behavior_changes/HarmonyOS_26.0.0(26)_Beta1.json","CommonMethod","",".edgeEffect(EdgeEffect.Spring)","ArkTS","entry\src\main\ets\pages\Index.ets:314","declare class CommonMethod<T>@entry\src\main\ets\pages\Index.ets:314","","26.0.0(26)","declare class CommonMethod<T>"
"declare class CommonMethod<T>","接口定义变更","harmonyos_behavior_changes/HarmonyOS_26.0.0(26)_Beta1.json","CommonMethod","",".width('100%')","ArkTS","entry\src\main\ets\pages\Index.ets:316","declare class CommonMethod<T>@entry\src\main\ets\pages\Index.ets:316","","26.0.0(26)","declare class CommonMethod<T>"
"declare class CommonMethod<T>","接口定义变更","harmonyos_behavior_changes/HarmonyOS_26.0.0(26)_Beta1.json","CommonMethod","",".height('100%')","ArkTS","entry\src\main\ets\pages\Index.ets:317","declare class CommonMethod<T>@entry\src\main\ets\pages\Index.ets:317","","26.0.0(26)","declare class CommonMethod<T>"
"declare class CommonMethod<T>","接口定义变更","harmonyos_behavior_changes/HarmonyOS_26.0.0(26)_Beta1.json","CommonMethod","","this.controller.setDotTint(tint);","ArkTS","entry\src\main\ets\pages\Index.ets:63","declare class CommonMethod<T>@entry\src\main\ets\pages\Index.ets:63","this","26.0.0(26)","declare class CommonMethod<T>"
"declare class CommonMethod<T>","接口定义变更","harmonyos_behavior_changes/HarmonyOS_26.0.0(26)_Beta1.json","CommonMethod","","dotTint: this.controller.dotTint,","ArkTS","ohos_library\src\main\ets\components\DotsIndicator.ets:180","declare class CommonMethod<T>@ohos_library\src\main\ets\components\DotsIndicator.ets:180","","26.0.0(26)","declare class CommonMethod<T>"
"declare class CommonMethod<T>","接口定义变更","harmonyos_behavior_changes/HarmonyOS_26.0.0(26)_Beta1.json","CommonMethod","","hasDotTint: this.controller.hasDotTint,","ArkTS","ohos_library\src\main\ets\components\DotsIndicator.ets:181","declare class CommonMethod<T>@ohos_library\src\main\ets\components\DotsIndicator.ets:181","","26.0.0(26)","declare class CommonMethod<T>"
"declare class CommonMethod<T>","接口定义变更","harmonyos_behavior_changes/HarmonyOS_26.0.0(26)_Beta1.json","CommonMethod","","dotDrawable: this.controller.dotDrawable,","ArkTS","ohos_library\src\main\ets\components\DotsIndicator.ets:182","declare class CommonMethod<T>@ohos_library\src\main\ets\components\DotsIndicator.ets:182","","26.0.0(26)","declare class CommonMethod<T>"
"declare class CommonMethod<T>","接口定义变更","harmonyos_behavior_changes/HarmonyOS_26.0.0(26)_Beta1.json","CommonMethod","","dotDrawableUnselected: this.controller.dotDrawableUnselected,","ArkTS","ohos_library\src\main\ets\components\DotsIndicator.ets:183","declare class CommonMethod<T>@ohos_library\src\main\ets\components\DotsIndicator.ets:183","","26.0.0(26)","declare class CommonMethod<T>"
"declare class CommonMethod<T>","接口定义变更","harmonyos_behavior_changes/HarmonyOS_26.0.0(26)_Beta1.json","CommonMethod","","hasDotDrawable: this.controller.hasDotDrawable,","ArkTS","ohos_library\src\main\ets\components\DotsIndicator.ets:184","declare class CommonMethod<T>@ohos_library\src\main\ets\components\DotsIndicator.ets:184","","26.0.0(26)","declare class CommonMethod<T>"
"declare class CommonMethod<T>","接口定义变更","harmonyos_behavior_changes/HarmonyOS_26.0.0(26)_Beta1.json","CommonMethod","",".width('100%')","ArkTS","ohos_library\src\main\ets\components\DotsIndicator.ets:191","declare class CommonMethod<T>@ohos_library\src\main\ets\components\DotsIndicator.ets:191","","26.0.0(26)","declare class CommonMethod<T>"
"declare class CommonMethod<T>","接口定义变更","harmonyos_behavior_changes/HarmonyOS_26.0.0(26)_Beta1.json","CommonMethod","",".height('100%')","ArkTS","ohos_library\src\main\ets\components\DotsIndicator.ets:192","declare class CommonMethod<T>@ohos_library\src\main\ets\components\DotsIndicator.ets:192","","26.0.0(26)","declare class CommonMethod<T>"
"declare class CommonMethod<T>","接口定义变更","harmonyos_behavior_changes/HarmonyOS_26.0.0(26)_Beta1.json","CommonMethod","",".justifyContent(this.getMainAxisAlign())","ArkTS","ohos_library\src\main\ets\components\DotsIndicator.ets:193","declare class CommonMethod<T>@ohos_library\src\main\ets\components\DotsIndicator.ets:193","","26.0.0(26)","declare class CommonMethod<T>"
"declare class CommonMethod<T>","接口定义变更","harmonyos_behavior_changes/HarmonyOS_26.0.0(26)_Beta1.json","CommonMethod","",".alignItems(this.getCrossAxisAlignHorizontal())","ArkTS","ohos_library\src\main\ets\components\DotsIndicator.ets:194","declare class CommonMethod<T>@ohos_library\src\main\ets\components\DotsIndicator.ets:194","","26.0.0(26)","declare class CommonMethod<T>"
"declare class CommonMethod<T>","接口定义变更","harmonyos_behavior_changes/HarmonyOS_26.0.0(26)_Beta1.json","CommonMethod","","dotTint: this.controller.dotTint,","ArkTS","ohos_library\src\main\ets\components\DotsIndicator.ets:201","declare class CommonMethod<T>@ohos_library\src\main\ets\components\DotsIndicator.ets:201","","26.0.0(26)","declare class CommonMethod<T>"
"declare class CommonMethod<T>","接口定义变更","harmonyos_behavior_changes/HarmonyOS_26.0.0(26)_Beta1.json","CommonMethod","","hasDotTint: this.controller.hasDotTint,","ArkTS","ohos_library\src\main\ets\components\DotsIndicator.ets:202","declare class CommonMethod<T>@ohos_library\src\main\ets\components\DotsIndicator.ets:202","","26.0.0(26)","declare class CommonMethod<T>"
"declare class CommonMethod<T>","接口定义变更","harmonyos_behavior_changes/HarmonyOS_26.0.0(26)_Beta1.json","CommonMethod","","dotDrawable: this.controller.dotDrawable,","ArkTS","ohos_library\src\main\ets\components\DotsIndicator.ets:203","declare class CommonMethod<T>@ohos_library\src\main\ets\components\DotsIndicator.ets:203","","26.0.0(26)","declare class CommonMethod<T>"
"declare class CommonMethod<T>","接口定义变更","harmonyos_behavior_changes/HarmonyOS_26.0.0(26)_Beta1.json","CommonMethod","","dotDrawableUnselected: this.controller.dotDrawableUnselected,","ArkTS","ohos_library\src\main\ets\components\DotsIndicator.ets:204","declare class CommonMethod<T>@ohos_library\src\main\ets\components\DotsIndicator.ets:204","","26.0.0(26)","declare class CommonMethod<T>"
"declare class CommonMethod<T>","接口定义变更","harmonyos_behavior_changes/HarmonyOS_26.0.0(26)_Beta1.json","CommonMethod","","hasDotDrawable: this.controller.hasDotDrawable,","ArkTS","ohos_library\src\main\ets\components\DotsIndicator.ets:205","declare class CommonMethod<T>@ohos_library\src\main\ets\components\DotsIndicator.ets:205","","26.0.0(26)","declare class CommonMethod<T>"
"declare class CommonMethod<T>","接口定义变更","harmonyos_behavior_changes/HarmonyOS_26.0.0(26)_Beta1.json","CommonMethod","",".width('100%')","ArkTS","ohos_library\src\main\ets\components\DotsIndicator.ets:212","declare class CommonMethod<T>@ohos_library\src\main\ets\components\DotsIndicator.ets:212","","26.0.0(26)","declare class CommonMethod<T>"
"declare class CommonMethod<T>","接口定义变更","harmonyos_behavior_changes/HarmonyOS_26.0.0(26)_Beta1.json","CommonMethod","",".height('100%')","ArkTS","ohos_library\src\main\ets\components\DotsIndicator.ets:213","declare class CommonMethod<T>@ohos_library\src\main\ets\components\DotsIndicator.ets:213","","26.0.0(26)","declare class CommonMethod<T>"
"declare class CommonMethod<T>","接口定义变更","harmonyos_behavior_changes/HarmonyOS_26.0.0(26)_Beta1.json","CommonMethod","",".justifyContent(this.getMainAxisAlign())","ArkTS","ohos_library\src\main\ets\components\DotsIndicator.ets:214","declare class CommonMethod<T>@ohos_library\src\main\ets\components\DotsIndicator.ets:214","","26.0.0(26)","declare class CommonMethod<T>"
"declare class CommonMethod<T>","接口定义变更","harmonyos_behavior_changes/HarmonyOS_26.0.0(26)_Beta1.json","CommonMethod","",".alignItems(this.getCrossAxisAlignVertical())","ArkTS","ohos_library\src\main\ets\components\DotsIndicator.ets:215","declare class CommonMethod<T>@ohos_library\src\main\ets\components\DotsIndicator.ets:215","","26.0.0(26)","declare class CommonMethod<T>"
"declare class CommonMethod<T>","接口定义变更","harmonyos_behavior_changes/HarmonyOS_26.0.0(26)_Beta1.json","CommonMethod","",".width('100%')","ArkTS","ohos_library\src\main\ets\components\DotsIndicator.ets:321","declare class CommonMethod<T>@ohos_library\src\main\ets\components\DotsIndicator.ets:321","","26.0.0(26)","declare class CommonMethod<T>"
"declare class CommonMethod<T>","接口定义变更","harmonyos_behavior_changes/HarmonyOS_26.0.0(26)_Beta1.json","CommonMethod","",".height('100%')","ArkTS","ohos_library\src\main\ets\components\DotsIndicator.ets:322","declare class CommonMethod<T>@ohos_library\src\main\ets\components\DotsIndicator.ets:322","","26.0.0(26)","declare class CommonMethod<T>"
"declare class CommonMethod<T>","接口定义变更","harmonyos_behavior_changes/HarmonyOS_26.0.0(26)_Beta1.json","CommonMethod","",".objectFit(ImageFit.Fill)","ArkTS","ohos_library\src\main\ets\components\DotsIndicator.ets:323","declare class CommonMethod<T>@ohos_library\src\main\ets\components\DotsIndicator.ets:323","","26.0.0(26)","declare class CommonMethod<T>"
"declare class CommonMethod<T>","接口定义变更","harmonyos_behavior_changes/HarmonyOS_26.0.0(26)_Beta1.json","CommonMethod","",".fillColor(this.dotTint)","ArkTS","ohos_library\src\main\ets\components\DotsIndicator.ets:324","declare class CommonMethod<T>@ohos_library\src\main\ets\components\DotsIndicator.ets:324","","26.0.0(26)","declare class CommonMethod<T>"
"declare class CommonMethod<T>","接口定义变更","harmonyos_behavior_changes/HarmonyOS_26.0.0(26)_Beta1.json","CommonMethod","",".scale({","ArkTS","ohos_library\src\main\ets\components\DotsIndicator.ets:325","declare class CommonMethod<T>@ohos_library\src\main\ets\components\DotsIndicator.ets:325","","26.0.0(26)","declare class CommonMethod<T>"
"declare class CommonMethod<T>","接口定义变更","harmonyos_behavior_changes/HarmonyOS_26.0.0(26)_Beta1.json","CommonMethod","",".opacity(this.isSelected ? SELECTED_OPACITY : UNSELECTED_OPACITY)","ArkTS","ohos_library\src\main\ets\components\DotsIndicator.ets:329","declare class CommonMethod<T>@ohos_library\src\main\ets\components\DotsIndicator.ets:329","","26.0.0(26)","declare class CommonMethod<T>"
"declare class CommonMethod<T>","接口定义变更","harmonyos_behavior_changes/HarmonyOS_26.0.0(26)_Beta1.json","CommonMethod","",".animation({ duration: ANIM_DURATION_MS, curve: this.currentCurve })","ArkTS","ohos_library\src\main\ets\components\DotsIndicator.ets:330","declare class CommonMethod<T>@ohos_library\src\main\ets\components\DotsIndicator.ets:330","","26.0.0(26)","declare class CommonMethod<T>"
"declare class CommonMethod<T>","接口定义变更","harmonyos_behavior_changes/HarmonyOS_26.0.0(26)_Beta1.json","CommonMethod","",".width(this.dotWidth)","ArkTS","ohos_library\src\main\ets\components\DotsIndicator.ets:332","declare class CommonMethod<T>@ohos_library\src\main\ets\components\DotsIndicator.ets:332","","26.0.0(26)","declare class CommonMethod<T>"
"declare class CommonMethod<T>","接口定义变更","harmonyos_behavior_changes/HarmonyOS_26.0.0(26)_Beta1.json","CommonMethod","",".height(this.dotHeight)","ArkTS","ohos_library\src\main\ets\components\DotsIndicator.ets:333","declare class CommonMethod<T>@ohos_library\src\main\ets\components\DotsIndicator.ets:333","","26.0.0(26)","declare class CommonMethod<T>"
"declare class CommonMethod<T>","接口定义变更","harmonyos_behavior_changes/HarmonyOS_26.0.0(26)_Beta1.json","CommonMethod","",".margin(this.dotMargin)","ArkTS","ohos_library\src\main\ets\components\DotsIndicator.ets:334","declare class CommonMethod<T>@ohos_library\src\main\ets\components\DotsIndicator.ets:334","","26.0.0(26)","declare class CommonMethod<T>"
"declare class CommonMethod<T>","接口定义变更","harmonyos_behavior_changes/HarmonyOS_26.0.0(26)_Beta1.json","CommonMethod","",".width('100%')","ArkTS","ohos_library\src\main\ets\components\DotsIndicator.ets:338","declare class CommonMethod<T>@ohos_library\src\main\ets\components\DotsIndicator.ets:338","","26.0.0(26)","declare class CommonMethod<T>"
"declare class CommonMethod<T>","接口定义变更","harmonyos_behavior_changes/HarmonyOS_26.0.0(26)_Beta1.json","CommonMethod","",".height('100%')","ArkTS","ohos_library\src\main\ets\components\DotsIndicator.ets:339","declare class CommonMethod<T>@ohos_library\src\main\ets\components\DotsIndicator.ets:339","","26.0.0(26)","declare class CommonMethod<T>"
"declare class CommonMethod<T>","接口定义变更","harmonyos_behavior_changes/HarmonyOS_26.0.0(26)_Beta1.json","CommonMethod","",".objectFit(ImageFit.Fill)","ArkTS","ohos_library\src\main\ets\components\DotsIndicator.ets:340","declare class CommonMethod<T>@ohos_library\src\main\ets\components\DotsIndicator.ets:340","","26.0.0(26)","declare class CommonMethod<T>"
"declare class CommonMethod<T>","接口定义变更","harmonyos_behavior_changes/HarmonyOS_26.0.0(26)_Beta1.json","CommonMethod","",".scale({","ArkTS","ohos_library\src\main\ets\components\DotsIndicator.ets:341","declare class CommonMethod<T>@ohos_library\src\main\ets\components\DotsIndicator.ets:341","","26.0.0(26)","declare class CommonMethod<T>"
"declare class CommonMethod<T>","接口定义变更","harmonyos_behavior_changes/HarmonyOS_26.0.0(26)_Beta1.json","CommonMethod","",".opacity(this.isSelected ? SELECTED_OPACITY : UNSELECTED_OPACITY)","ArkTS","ohos_library\src\main\ets\components\DotsIndicator.ets:345","declare class CommonMethod<T>@ohos_library\src\main\ets\components\DotsIndicator.ets:345","","26.0.0(26)","declare class CommonMethod<T>"
"declare class CommonMethod<T>","接口定义变更","harmonyos_behavior_changes/HarmonyOS_26.0.0(26)_Beta1.json","CommonMethod","",".animation({ duration: ANIM_DURATION_MS, curve: this.currentCurve })","ArkTS","ohos_library\src\main\ets\components\DotsIndicator.ets:346","declare class CommonMethod<T>@ohos_library\src\main\ets\components\DotsIndicator.ets:346","","26.0.0(26)","declare class CommonMethod<T>"
"declare class CommonMethod<T>","接口定义变更","harmonyos_behavior_changes/HarmonyOS_26.0.0(26)_Beta1.json","CommonMethod","",".width(this.dotWidth)","ArkTS","ohos_library\src\main\ets\components\DotsIndicator.ets:348","declare class CommonMethod<T>@ohos_library\src\main\ets\components\DotsIndicator.ets:348","","26.0.0(26)","declare class CommonMethod<T>"
"declare class CommonMethod<T>","接口定义变更","harmonyos_behavior_changes/HarmonyOS_26.0.0(26)_Beta1.json","CommonMethod","",".height(this.dotHeight)","ArkTS","ohos_library\src\main\ets\components\DotsIndicator.ets:349","declare class CommonMethod<T>@ohos_library\src\main\ets\components\DotsIndicator.ets:349","","26.0.0(26)","declare class CommonMethod<T>"
"declare class CommonMethod<T>","接口定义变更","harmonyos_behavior_changes/HarmonyOS_26.0.0(26)_Beta1.json","CommonMethod","",".margin(this.dotMargin)","ArkTS","ohos_library\src\main\ets\components\DotsIndicator.ets:350","declare class CommonMethod<T>@ohos_library\src\main\ets\components\DotsIndicator.ets:350","","26.0.0(26)","declare class CommonMethod<T>"
"declare class CommonMethod<T>","接口定义变更","harmonyos_behavior_changes/HarmonyOS_26.0.0(26)_Beta1.json","CommonMethod","",".width('100%')","ArkTS","ohos_library\src\main\ets\components\DotsIndicator.ets:355","declare class CommonMethod<T>@ohos_library\src\main\ets\components\DotsIndicator.ets:355","","26.0.0(26)","declare class CommonMethod<T>"
"declare class CommonMethod<T>","接口定义变更","harmonyos_behavior_changes/HarmonyOS_26.0.0(26)_Beta1.json","CommonMethod","",".height('100%')","ArkTS","ohos_library\src\main\ets\components\DotsIndicator.ets:356","declare class CommonMethod<T>@ohos_library\src\main\ets\components\DotsIndicator.ets:356","","26.0.0(26)","declare class CommonMethod<T>"
"declare class CommonMethod<T>","接口定义变更","harmonyos_behavior_changes/HarmonyOS_26.0.0(26)_Beta1.json","CommonMethod","",".fill(this.hasDotTint ? this.dotTint : this.dotColor)","ArkTS","ohos_library\src\main\ets\components\DotsIndicator.ets:357","declare class CommonMethod<T>@ohos_library\src\main\ets\components\DotsIndicator.ets:357","","26.0.0(26)","declare class CommonMethod<T>"
"declare class CommonMethod<T>","接口定义变更","harmonyos_behavior_changes/HarmonyOS_26.0.0(26)_Beta1.json","CommonMethod","",".scale({","ArkTS","ohos_library\src\main\ets\components\DotsIndicator.ets:358","declare class CommonMethod<T>@ohos_library\src\main\ets\components\DotsIndicator.ets:358","","26.0.0(26)","declare class CommonMethod<T>"
"declare class CommonMethod<T>","接口定义变更","harmonyos_behavior_changes/HarmonyOS_26.0.0(26)_Beta1.json","CommonMethod","",".opacity(this.isSelected ? SELECTED_OPACITY : UNSELECTED_OPACITY)","ArkTS","ohos_library\src\main\ets\components\DotsIndicator.ets:362","declare class CommonMethod<T>@ohos_library\src\main\ets\components\DotsIndicator.ets:362","","26.0.0(26)","declare class CommonMethod<T>"
"declare class CommonMethod<T>","接口定义变更","harmonyos_behavior_changes/HarmonyOS_26.0.0(26)_Beta1.json","CommonMethod","",".animation({ duration: ANIM_DURATION_MS, curve: this.currentCurve })","ArkTS","ohos_library\src\main\ets\components\DotsIndicator.ets:363","declare class CommonMethod<T>@ohos_library\src\main\ets\components\DotsIndicator.ets:363","","26.0.0(26)","declare class CommonMethod<T>"
"declare class CommonMethod<T>","接口定义变更","harmonyos_behavior_changes/HarmonyOS_26.0.0(26)_Beta1.json","CommonMethod","",".width(this.dotWidth)","ArkTS","ohos_library\src\main\ets\components\DotsIndicator.ets:365","declare class CommonMethod<T>@ohos_library\src\main\ets\components\DotsIndicator.ets:365","","26.0.0(26)","declare class CommonMethod<T>"
"declare class CommonMethod<T>","接口定义变更","harmonyos_behavior_changes/HarmonyOS_26.0.0(26)_Beta1.json","CommonMethod","",".height(this.dotHeight)","ArkTS","ohos_library\src\main\ets\components\DotsIndicator.ets:366","declare class CommonMethod<T>@ohos_library\src\main\ets\components\DotsIndicator.ets:366","","26.0.0(26)","declare class CommonMethod<T>"
"declare class CommonMethod<T>","接口定义变更","harmonyos_behavior_changes/HarmonyOS_26.0.0(26)_Beta1.json","CommonMethod","",".margin(this.dotMargin)","ArkTS","ohos_library\src\main\ets\components\DotsIndicator.ets:367","declare class CommonMethod<T>@ohos_library\src\main\ets\components\DotsIndicator.ets:367","","26.0.0(26)","declare class CommonMethod<T>"
"declare const Button: ButtonInterface","UX视觉布局变更","harmonyos_behavior_changes/HarmonyOS_5.1.0(18)_Release.json","Button","","Button('Tint 黑')","ArkTS","entry\src\main\ets\pages\Index.ets:168","declare const Button: ButtonInterface@entry\src\main\ets\pages\Index.ets:168","","5.1.0(18)","declare const Button: ButtonInterface"
"declare const Button: ButtonInterface","UX视觉布局变更","harmonyos_behavior_changes/HarmonyOS_5.1.0(18)_Release.json","Button","","Button('Tint 白')","ArkTS","entry\src\main\ets\pages\Index.ets:178","declare const Button: ButtonInterface@entry\src\main\ets\pages\Index.ets:178","","5.1.0(18)","declare const Button: ButtonInterface"
"declare const Button: ButtonInterface","UX视觉布局变更","harmonyos_behavior_changes/HarmonyOS_5.1.0(18)_Release.json","Button","","Button('Tint 红')","ArkTS","entry\src\main\ets\pages\Index.ets:188","declare const Button: ButtonInterface@entry\src\main\ets\pages\Index.ets:188","","5.1.0(18)","declare const Button: ButtonInterface"
"declare const Button: ButtonInterface","UX视觉布局变更","harmonyos_behavior_changes/HarmonyOS_5.1.0(18)_Release.json","Button","","Button('TintRes 黑')","ArkTS","entry\src\main\ets\pages\Index.ets:203","declare const Button: ButtonInterface@entry\src\main\ets\pages\Index.ets:203","","5.1.0(18)","declare const Button: ButtonInterface"
"declare const Button: ButtonInterface","UX视觉布局变更","harmonyos_behavior_changes/HarmonyOS_5.1.0(18)_Release.json","Button","","Button('方向')","ArkTS","entry\src\main\ets\pages\Index.ets:213","declare const Button: ButtonInterface@entry\src\main\ets\pages\Index.ets:213","","5.1.0(18)","declare const Button: ButtonInterface"
"declare const Button: ButtonInterface","UX视觉布局变更","harmonyos_behavior_changes/HarmonyOS_5.1.0(18)_Release.json","Button","","Button('对齐')","ArkTS","entry\src\main\ets\pages\Index.ets:224","declare const Button: ButtonInterface@entry\src\main\ets\pages\Index.ets:224","","5.1.0(18)","declare const Button: ButtonInterface"
"declare const Button: ButtonInterface","UX视觉布局变更","harmonyos_behavior_changes/HarmonyOS_5.1.0(18)_Release.json","Button","","Button('圆点大小')","ArkTS","entry\src\main\ets\pages\Index.ets:247","declare const Button: ButtonInterface@entry\src\main\ets\pages\Index.ets:247","","5.1.0(18)","declare const Button: ButtonInterface"
"declare const Button: ButtonInterface","UX视觉布局变更","harmonyos_behavior_changes/HarmonyOS_5.1.0(18)_Release.json","Button","","Button('图片 Drawable')","ArkTS","entry\src\main\ets\pages\Index.ets:265","declare const Button: ButtonInterface@entry\src\main\ets\pages\Index.ets:265","","5.1.0(18)","declare const Button: ButtonInterface"
"declare const Button: ButtonInterface","UX视觉布局变更","harmonyos_behavior_changes/HarmonyOS_5.1.0(18)_Release.json","Button","","Button('重置')","ArkTS","entry\src\main\ets\pages\Index.ets:274","declare const Button: ButtonInterface@entry\src\main\ets\pages\Index.ets:274","","5.1.0(18)","declare const Button: ButtonInterface"
"declare const Text: TextInterface","UX视觉布局变更","harmonyos_behavior_changes/HarmonyOS_26.0.0(26)_Beta1.json","Text","","Text('ViewPagerDots Sample')","ArkTS","entry\src\main\ets\pages\Index.ets:111","declare const Text: TextInterface@entry\src\main\ets\pages\Index.ets:111","","26.0.0(26)","declare const Text: TextInterface"
"declare const Text: TextInterface","UX视觉布局变更","harmonyos_behavior_changes/HarmonyOS_26.0.0(26)_Beta1.json","Text","","Text(page.title)","ArkTS","entry\src\main\ets\pages\Index.ets:129","declare const Text: TextInterface@entry\src\main\ets\pages\Index.ets:129","","26.0.0(26)","declare const Text: TextInterface"
"declare const Text: TextInterface","UX视觉布局变更","harmonyos_behavior_changes/HarmonyOS_26.0.0(26)_Beta1.json","Text","","Text(entry.text)","ArkTS","entry\src\main\ets\pages\Index.ets:302","declare const Text: TextInterface@entry\src\main\ets\pages\Index.ets:302","","26.0.0(26)","declare const Text: TextInterface"
"declare interface AnimateParam","UX交互行为变更","harmonyos_behavior_changes/HarmonyOS_5.0.1(13)_Beta3.json","AnimateParam","",".animation({ duration: ANIM_DURATION_MS, curve: this.currentCurve })","ArkTS","ohos_library\src\main\ets\components\DotsIndicator.ets:330","declare interface AnimateParam@ohos_library\src\main\ets\components\DotsIndicator.ets:330","","5.0.1(13)","declare interface AnimateParam"
"declare interface AnimateParam","UX交互行为变更","harmonyos_behavior_changes/HarmonyOS_5.0.1(13)_Beta3.json","AnimateParam","",".animation({ duration: ANIM_DURATION_MS, curve: this.currentCurve })","ArkTS","ohos_library\src\main\ets\components\DotsIndicator.ets:346","declare interface AnimateParam@ohos_library\src\main\ets\components\DotsIndicator.ets:346","","5.0.1(13)","declare interface AnimateParam"
"declare interface AnimateParam","UX交互行为变更","harmonyos_behavior_changes/HarmonyOS_5.0.1(13)_Beta3.json","AnimateParam","",".animation({ duration: ANIM_DURATION_MS, curve: this.currentCurve })","ArkTS","ohos_library\src\main\ets\components\DotsIndicator.ets:363","declare interface AnimateParam@ohos_library\src\main\ets\components\DotsIndicator.ets:363","","5.0.1(13)","declare interface AnimateParam"
"enum ColorMode","API废弃版本变更","harmonyos_api_changes/HarmonyOS_6.0.0(20)_Beta1.json","ColorMode","","import { AbilityConstant, ConfigurationConstant, UIAbility, Want } from '@kit.AbilityKit';","ArkTS","entry\src\main\ets\entryability\EntryAbility.ets:1","enum ColorMode@entry\src\main\ets\entryability\EntryAbility.ets:1","","6.0.0(20)","enum ColorMode"
"enum ColorMode","API废弃版本变更","harmonyos_api_changes/HarmonyOS_6.0.0(20)_Beta1.json","ColorMode","","this.context.getApplicationContext().setColorMode(ConfigurationConstant.ColorMode.COLOR_MODE_NOT_SET);","ArkTS","entry\src\main\ets\entryability\EntryAbility.ets:10","enum ColorMode@entry\src\main\ets\entryability\EntryAbility.ets:10","this","6.0.0(20)","enum ColorMode"
"enum OutputType","新增API","harmonyos_api_changes/HarmonyOS_26.0.0_Beta2.json","OutputType","","hilog.error(DOMAIN, 'testTag', 'Failed to set colorMode. Cause: %{public}s', JSON.stringify(err));","ArkTS","entry\src\main\ets\entryability\EntryAbility.ets:12","enum OutputType@entry\src\main\ets\entryability\EntryAbility.ets:12","hilog","26.0.0 Beta2","enum OutputType"
"enum OutputType","新增API","harmonyos_api_changes/HarmonyOS_26.0.0_Beta2.json","OutputType","","hilog.info(DOMAIN, 'testTag', '%{public}s', 'Ability onCreate');","ArkTS","entry\src\main\ets\entryability\EntryAbility.ets:14","enum OutputType@entry\src\main\ets\entryability\EntryAbility.ets:14","hilog","26.0.0 Beta2","enum OutputType"
"enum OutputType","新增API","harmonyos_api_changes/HarmonyOS_26.0.0_Beta2.json","OutputType","","hilog.info(DOMAIN, 'testTag', '%{public}s', 'Ability onDestroy');","ArkTS","entry\src\main\ets\entryability\EntryAbility.ets:18","enum OutputType@entry\src\main\ets\entryability\EntryAbility.ets:18","hilog","26.0.0 Beta2","enum OutputType"
"enum OutputType","新增API","harmonyos_api_changes/HarmonyOS_26.0.0_Beta2.json","OutputType","","hilog.info(DOMAIN, 'testTag', '%{public}s', 'Ability onWindowStageCreate');","ArkTS","entry\src\main\ets\entryability\EntryAbility.ets:23","enum OutputType@entry\src\main\ets\entryability\EntryAbility.ets:23","hilog","26.0.0 Beta2","enum OutputType"
"enum OutputType","新增API","harmonyos_api_changes/HarmonyOS_26.0.0_Beta2.json","OutputType","","hilog.error(DOMAIN, 'testTag', 'Failed to load the content. Cause: %{public}s', JSON.stringify(err));","ArkTS","entry\src\main\ets\entryability\EntryAbility.ets:27","enum OutputType@entry\src\main\ets\entryability\EntryAbility.ets:27","hilog","26.0.0 Beta2","enum OutputType"
"enum OutputType","新增API","harmonyos_api_changes/HarmonyOS_26.0.0_Beta2.json","OutputType","","hilog.info(DOMAIN, 'testTag', 'Succeeded in loading the content.');","ArkTS","entry\src\main\ets\entryability\EntryAbility.ets:30","enum OutputType@entry\src\main\ets\entryability\EntryAbility.ets:30","hilog","26.0.0 Beta2","enum OutputType"
"enum OutputType","新增API","harmonyos_api_changes/HarmonyOS_26.0.0_Beta2.json","OutputType","","hilog.info(DOMAIN, 'testTag', '%{public}s', 'Ability onWindowStageDestroy');","ArkTS","entry\src\main\ets\entryability\EntryAbility.ets:36","enum OutputType@entry\src\main\ets\entryability\EntryAbility.ets:36","hilog","26.0.0 Beta2","enum OutputType"
"enum OutputType","新增API","harmonyos_api_changes/HarmonyOS_26.0.0_Beta2.json","OutputType","","hilog.info(DOMAIN, 'testTag', '%{public}s', 'Ability onForeground');","ArkTS","entry\src\main\ets\entryability\EntryAbility.ets:41","enum OutputType@entry\src\main\ets\entryability\EntryAbility.ets:41","hilog","26.0.0 Beta2","enum OutputType"
"enum OutputType","新增API","harmonyos_api_changes/HarmonyOS_26.0.0_Beta2.json","OutputType","","hilog.info(DOMAIN, 'testTag', '%{public}s', 'Ability onBackground');","ArkTS","entry\src\main\ets\entryability\EntryAbility.ets:46","enum OutputType@entry\src\main\ets\entryability\EntryAbility.ets:46","hilog","26.0.0 Beta2","enum OutputType"
"enum OutputType","新增API","harmonyos_api_changes/HarmonyOS_26.0.0_Beta2.json","OutputType","","hilog.info(DOMAIN, 'testTag', 'onRestore ok %{public}s', JSON.stringify(bundleVersion));","ArkTS","entry\src\main\ets\entrybackupability\EntryBackupAbility.ets:13","enum OutputType@entry\src\main\ets\entrybackupability\EntryBackupAbility.ets:13","hilog","26.0.0 Beta2","enum OutputType"
"enum OutputType","新增API","harmonyos_api_changes/HarmonyOS_26.0.0_Beta2.json","OutputType","","hilog.info(DOMAIN, 'testTag', 'onBackup ok');","ArkTS","entry\src\main\ets\entrybackupability\EntryBackupAbility.ets:8","enum OutputType@entry\src\main\ets\entrybackupability\EntryBackupAbility.ets:8","hilog","26.0.0 Beta2","enum OutputType"
"enum PreferStrategy","新增API","harmonyos_api_changes/HarmonyOS_6.0.1(21)_Beta1.json","PreferStrategy","","hilog.error(DOMAIN, 'testTag', 'Failed to set colorMode. Cause: %{public}s', JSON.stringify(err));","ArkTS","entry\src\main\ets\entryability\EntryAbility.ets:12","enum PreferStrategy@entry\src\main\ets\entryability\EntryAbility.ets:12","hilog","6.0.1(21)","enum PreferStrategy"
"enum PreferStrategy","新增API","harmonyos_api_changes/HarmonyOS_6.0.1(21)_Beta1.json","PreferStrategy","","hilog.info(DOMAIN, 'testTag', '%{public}s', 'Ability onCreate');","ArkTS","entry\src\main\ets\entryability\EntryAbility.ets:14","enum PreferStrategy@entry\src\main\ets\entryability\EntryAbility.ets:14","hilog","6.0.1(21)","enum PreferStrategy"
"enum PreferStrategy","新增API","harmonyos_api_changes/HarmonyOS_6.0.1(21)_Beta1.json","PreferStrategy","","hilog.info(DOMAIN, 'testTag', '%{public}s', 'Ability onDestroy');","ArkTS","entry\src\main\ets\entryability\EntryAbility.ets:18","enum PreferStrategy@entry\src\main\ets\entryability\EntryAbility.ets:18","hilog","6.0.1(21)","enum PreferStrategy"
"enum PreferStrategy","新增API","harmonyos_api_changes/HarmonyOS_6.0.1(21)_Beta1.json","PreferStrategy","","hilog.info(DOMAIN, 'testTag', '%{public}s', 'Ability onWindowStageCreate');","ArkTS","entry\src\main\ets\entryability\EntryAbility.ets:23","enum PreferStrategy@entry\src\main\ets\entryability\EntryAbility.ets:23","hilog","6.0.1(21)","enum PreferStrategy"
"enum PreferStrategy","新增API","harmonyos_api_changes/HarmonyOS_6.0.1(21)_Beta1.json","PreferStrategy","","hilog.error(DOMAIN, 'testTag', 'Failed to load the content. Cause: %{public}s', JSON.stringify(err));","ArkTS","entry\src\main\ets\entryability\EntryAbility.ets:27","enum PreferStrategy@entry\src\main\ets\entryability\EntryAbility.ets:27","hilog","6.0.1(21)","enum PreferStrategy"
"enum PreferStrategy","新增API","harmonyos_api_changes/HarmonyOS_6.0.1(21)_Beta1.json","PreferStrategy","","hilog.info(DOMAIN, 'testTag', 'Succeeded in loading the content.');","ArkTS","entry\src\main\ets\entryability\EntryAbility.ets:30","enum PreferStrategy@entry\src\main\ets\entryability\EntryAbility.ets:30","hilog","6.0.1(21)","enum PreferStrategy"
"enum PreferStrategy","新增API","harmonyos_api_changes/HarmonyOS_6.0.1(21)_Beta1.json","PreferStrategy","","hilog.info(DOMAIN, 'testTag', '%{public}s', 'Ability onWindowStageDestroy');","ArkTS","entry\src\main\ets\entryability\EntryAbility.ets:36","enum PreferStrategy@entry\src\main\ets\entryability\EntryAbility.ets:36","hilog","6.0.1(21)","enum PreferStrategy"
"enum PreferStrategy","新增API","harmonyos_api_changes/HarmonyOS_6.0.1(21)_Beta1.json","PreferStrategy","","hilog.info(DOMAIN, 'testTag', '%{public}s', 'Ability onForeground');","ArkTS","entry\src\main\ets\entryability\EntryAbility.ets:41","enum PreferStrategy@entry\src\main\ets\entryability\EntryAbility.ets:41","hilog","6.0.1(21)","enum PreferStrategy"
"enum PreferStrategy","新增API","harmonyos_api_changes/HarmonyOS_6.0.1(21)_Beta1.json","PreferStrategy","","hilog.info(DOMAIN, 'testTag', '%{public}s', 'Ability onBackground');","ArkTS","entry\src\main\ets\entryability\EntryAbility.ets:46","enum PreferStrategy@entry\src\main\ets\entryability\EntryAbility.ets:46","hilog","6.0.1(21)","enum PreferStrategy"
"enum PreferStrategy","新增API","harmonyos_api_changes/HarmonyOS_6.0.1(21)_Beta1.json","PreferStrategy","","hilog.info(DOMAIN, 'testTag', 'onRestore ok %{public}s', JSON.stringify(bundleVersion));","ArkTS","entry\src\main\ets\entrybackupability\EntryBackupAbility.ets:13","enum PreferStrategy@entry\src\main\ets\entrybackupability\EntryBackupAbility.ets:13","hilog","6.0.1(21)","enum PreferStrategy"
"enum PreferStrategy","新增API","harmonyos_api_changes/HarmonyOS_6.0.1(21)_Beta1.json","PreferStrategy","","hilog.info(DOMAIN, 'testTag', 'onBackup ok');","ArkTS","entry\src\main\ets\entrybackupability\EntryBackupAbility.ets:8","enum PreferStrategy@entry\src\main\ets\entrybackupability\EntryBackupAbility.ets:8","hilog","6.0.1(21)","enum PreferStrategy"
"export function getApplicationContext(): ApplicationContext","新增API","harmonyos_api_changes/HarmonyOS_5.0.2(14).json","export","","this.context.getApplicationContext().setColorMode(ConfigurationConstant.ColorMode.COLOR_MODE_NOT_SET);","ArkTS","entry\src\main\ets\entryability\EntryAbility.ets:10","export function getApplicationContext(): ApplicationContext@entry\src\main\ets\entryability\EntryAbility.ets:10","this","5.0.2(14)","export function getApplicationContext(): ApplicationContext"
"fillColor(color: ResourceColor | ColorContent): ImageAttribute","新增API","harmonyos_api_changes/HarmonyOS_5.0.3(15)_Beta2.json","fillColor","",".fillColor(this.dotTint)","ArkTS","ohos_library\src\main\ets\components\DotsIndicator.ets:324","fillColor(color: ResourceColor | ColorContent): ImageAttribute@ohos_library\src\main\ets\components\DotsIndicator.ets:324","","5.0.3(15)","fillColor(color: ResourceColor | ColorContent): ImageAttribute"
"fontWeight(value: number | FontWeight | string): T","函数变更","harmonyos_api_changes/HarmonyOS_6.0.0(20)_Beta2.json","fontWeight","",".fontWeight(FontWeight.Medium)","ArkTS","entry\src\main\ets\pages\Index.ets:113","fontWeight(value: number | FontWeight | string): T@entry\src\main\ets\pages\Index.ets:113","","6.0.0(20)","fontWeight(value: number | FontWeight | string): T"
"fontWeight(value: number | FontWeight | string): T","函数变更","harmonyos_api_changes/HarmonyOS_6.0.0(20)_Beta2.json","fontWeight","",".fontWeight(FontWeight.Normal)","ArkTS","entry\src\main\ets\pages\Index.ets:132","fontWeight(value: number | FontWeight | string): T@entry\src\main\ets\pages\Index.ets:132","","6.0.0(20)","fontWeight(value: number | FontWeight | string): T"
"fontWeight(value: number | FontWeight | string): TextAttribute","函数变更","harmonyos_api_changes/HarmonyOS_6.0.0(20)_Beta1.json","fontWeight","",".fontWeight(FontWeight.Medium)","ArkTS","entry\src\main\ets\pages\Index.ets:113","fontWeight(value: number | FontWeight | string): TextAttribute@entry\src\main\ets\pages\Index.ets:113","","6.0.0(20)","fontWeight(value: number | FontWeight | string): TextAttribute"
"fontWeight(value: number | FontWeight | string): TextAttribute","函数变更","harmonyos_api_changes/HarmonyOS_6.0.0(20)_Beta1.json","fontWeight","",".fontWeight(FontWeight.Normal)","ArkTS","entry\src\main\ets\pages\Index.ets:132","fontWeight(value: number | FontWeight | string): TextAttribute@entry\src\main\ets\pages\Index.ets:132","","6.0.0(20)","fontWeight(value: number | FontWeight | string): TextAttribute"
"fontWeight(weight: number | FontWeight | string, options?: FontSettingOptions): TextAttribute","函数变更","harmonyos_api_changes/HarmonyOS_6.0.0(20)_Beta1.json","fontWeight","",".fontWeight(FontWeight.Medium)","ArkTS","entry\src\main\ets\pages\Index.ets:113","fontWeight(weight: number | FontWeight | string, options?: FontSettingOptions): TextAttribute@entry\src\main\ets\pages\Index.ets:113","","6.0.0(20)","fontWeight(weight: number | FontWeight | string, options?: FontSettingOptions): TextAttribute"
"fontWeight(weight: number | FontWeight | string, options?: FontSettingOptions): TextAttribute","函数变更","harmonyos_api_changes/HarmonyOS_6.0.0(20)_Beta1.json","fontWeight","",".fontWeight(FontWeight.Normal)","ArkTS","entry\src\main\ets\pages\Index.ets:132","fontWeight(weight: number | FontWeight | string, options?: FontSettingOptions): TextAttribute@entry\src\main\ets\pages\Index.ets:132","","6.0.0(20)","fontWeight(weight: number | FontWeight | string, options?: FontSettingOptions): TextAttribute"
"fontWeight: number","新增API","harmonyos_api_changes/HarmonyOS_5.0.4(16).json","fontWeight","",".fontWeight(FontWeight.Medium)","ArkTS","entry\src\main\ets\pages\Index.ets:113","fontWeight: number@entry\src\main\ets\pages\Index.ets:113","","5.0.4(16)","fontWeight: number"
"fontWeight: number","新增API","harmonyos_api_changes/HarmonyOS_5.0.4(16).json","fontWeight","",".fontWeight(FontWeight.Normal)","ArkTS","entry\src\main\ets\pages\Index.ets:132","fontWeight: number@entry\src\main\ets\pages\Index.ets:132","","5.0.4(16)","fontWeight: number"
"fontWeight?: FontWeight","API从不支持元服务到支持元服务","harmonyos_api_changes/HarmonyOS_6.0.2(22).json","fontWeight","",".fontWeight(FontWeight.Medium)","ArkTS","entry\src\main\ets\pages\Index.ets:113","fontWeight?: FontWeight@entry\src\main\ets\pages\Index.ets:113","","6.0.2(22)","fontWeight?: FontWeight"
"fontWeight?: FontWeight","API从不支持元服务到支持元服务","harmonyos_api_changes/HarmonyOS_6.0.2(22).json","fontWeight","",".fontWeight(FontWeight.Normal)","ArkTS","entry\src\main\ets\pages\Index.ets:132","fontWeight?: FontWeight@entry\src\main\ets\pages\Index.ets:132","","6.0.2(22)","fontWeight?: FontWeight"
"fontWeight?: number | FontWeight | string","属性变更","harmonyos_api_changes/HarmonyOS_6.0.0(20)_Beta1.json","fontWeight","",".fontWeight(FontWeight.Medium)","ArkTS","entry\src\main\ets\pages\Index.ets:113","fontWeight?: number | FontWeight | string@entry\src\main\ets\pages\Index.ets:113","","6.0.0(20)","fontWeight?: number | FontWeight | string"
"fontWeight?: number | FontWeight | string","属性变更","harmonyos_api_changes/HarmonyOS_6.0.0(20)_Beta1.json","fontWeight","",".fontWeight(FontWeight.Normal)","ArkTS","entry\src\main\ets\pages\Index.ets:132","fontWeight?: number | FontWeight | string@entry\src\main\ets\pages\Index.ets:132","","6.0.0(20)","fontWeight?: number | FontWeight | string"
"height?: string | number","接口定义变更","harmonyos_behavior_changes/HarmonyOS_6.0.0(20)_Beta1.json","height","","Circle()","ArkTS","ohos_library\src\main\ets\components\DotsIndicator.ets:354","height?: string | number@ohos_library\src\main\ets\components\DotsIndicator.ets:354","","6.0.0(20)","height?: string | number"
"indicator(value: IndicatorStyle): SubTabBarStyle","类新增同名方法且参数类型与已有的参数类型范围是包含关系","harmonyos_api_changes/HarmonyOS_6.0.2(22).json","indicator","",".indicator(false)","ArkTS","entry\src\main\ets\pages\Index.ets:142","indicator(value: IndicatorStyle): SubTabBarStyle@entry\src\main\ets\pages\Index.ets:142","","6.0.2(22)","indicator(value: IndicatorStyle): SubTabBarStyle"
"loadContent(path: string, callback: AsyncCallback<void>): void","删除错误码","harmonyos_api_changes/HarmonyOS_5.1.1(19)_Release.json","loadContent","","windowStage.loadContent('pages/Index', (err) => {","ArkTS","entry\src\main\ets\entryability\EntryAbility.ets:25","loadContent(path: string, callback: AsyncCallback<void>): void@entry\src\main\ets\entryability\EntryAbility.ets:25","windowStage","5.1.1(19)","loadContent(path: string, callback: AsyncCallback<void>): void"
"loadContent(path: string, storage: LocalStorage): Promise<void>","删除错误码","harmonyos_api_changes/HarmonyOS_5.1.1(19)_Release.json","loadContent","","windowStage.loadContent('pages/Index', (err) => {","ArkTS","entry\src\main\ets\entryability\EntryAbility.ets:25","loadContent(path: string, storage: LocalStorage): Promise<void>@entry\src\main\ets\entryability\EntryAbility.ets:25","windowStage","5.1.1(19)","loadContent(path: string, storage: LocalStorage): Promise<void>"
"loadContent(path: string, storage: LocalStorage, callback: AsyncCallback<void>): void","删除错误码","harmonyos_api_changes/HarmonyOS_5.1.1(19)_Release.json","loadContent","","windowStage.loadContent('pages/Index', (err) => {","ArkTS","entry\src\main\ets\entryability\EntryAbility.ets:25","loadContent(path: string, storage: LocalStorage, callback: AsyncCallback<void>): void@entry\src\main\ets\entryability\EntryAbility.ets:25","windowStage","5.1.1(19)","loadContent(path: string, storage: LocalStorage, callback: AsyncCallback<void>): void"
"loadContent(path: string, storage?: LocalStorage): Promise<void>","删除错误码","harmonyos_api_changes/HarmonyOS_5.1.1(19)_Release.json","loadContent","","windowStage.loadContent('pages/Index', (err) => {","ArkTS","entry\src\main\ets\entryability\EntryAbility.ets:25","loadContent(path: string, storage?: LocalStorage): Promise<void>@entry\src\main\ets\entryability\EntryAbility.ets:25","windowStage","5.1.1(19)","loadContent(path: string, storage?: LocalStorage): Promise<void>"
"maxLines(line: number): T","类新增必选属性或非同名方法","harmonyos_api_changes/HarmonyOS_5.1.0(18).json","maxLines","",".maxLines(1)","ArkTS","entry\src\main\ets\pages\Index.ets:115","maxLines(line: number): T@entry\src\main\ets\pages\Index.ets:115","","5.1.0(18)","maxLines(line: number): T"
"onChange?: (value: Date) => void","函数变更","harmonyos_api_changes/HarmonyOS_5.1.0(18).json","onChange","",".onChange((index: number) => {","ArkTS","entry\src\main\ets\pages\Index.ets:145","onChange?: (value: Date) => void@entry\src\main\ets\pages\Index.ets:145","","5.1.0(18)","onChange?: (value: Date) => void"
"opacity(value: number | Resource): T","类新增同名方法且参数类型与已有的参数类型范围不是包含关系","harmonyos_api_changes/HarmonyOS_5.1.0(18).json","opacity","",".opacity(this.isSelected ? SELECTED_OPACITY : UNSELECTED_OPACITY)","ArkTS","ohos_library\src\main\ets\components\DotsIndicator.ets:329","opacity(value: number | Resource): T@ohos_library\src\main\ets\components\DotsIndicator.ets:329","","5.1.0(18)","opacity(value: number | Resource): T"
"opacity(value: number | Resource): T","类新增同名方法且参数类型与已有的参数类型范围不是包含关系","harmonyos_api_changes/HarmonyOS_5.1.0(18).json","opacity","",".opacity(this.isSelected ? SELECTED_OPACITY : UNSELECTED_OPACITY)","ArkTS","ohos_library\src\main\ets\components\DotsIndicator.ets:345","opacity(value: number | Resource): T@ohos_library\src\main\ets\components\DotsIndicator.ets:345","","5.1.0(18)","opacity(value: number | Resource): T"
"opacity(value: number | Resource): T","类新增同名方法且参数类型与已有的参数类型范围不是包含关系","harmonyos_api_changes/HarmonyOS_5.1.0(18).json","opacity","",".opacity(this.isSelected ? SELECTED_OPACITY : UNSELECTED_OPACITY)","ArkTS","ohos_library\src\main\ets\components\DotsIndicator.ets:362","opacity(value: number | Resource): T@ohos_library\src\main\ets\components\DotsIndicator.ets:362","","5.1.0(18)","opacity(value: number | Resource): T"
"orientation: Orientation","接口行为变更","harmonyos_behavior_changes/HarmonyOS_5.0.2(14)_Beta1.json","orientation","","orientation: this.orientation,","ArkTS","entry\src\main\ets\pages\Index.ets:156","orientation: Orientation@entry\src\main\ets\pages\Index.ets:156","","5.0.2(14)","orientation: Orientation"
"orientation: Orientation","接口行为变更","harmonyos_behavior_changes/HarmonyOS_5.0.2(14)_Beta1.json","orientation","","let next: DotsOrientation = this.orientation === DotsOrientation.HORIZONTAL","ArkTS","entry\src\main\ets\pages\Index.ets:219","orientation: Orientation@entry\src\main\ets\pages\Index.ets:219","","5.0.2(14)","orientation: Orientation"
"orientation: Orientation","接口行为变更","harmonyos_behavior_changes/HarmonyOS_5.0.2(14)_Beta1.json","orientation","","this.orientation = next;","ArkTS","entry\src\main\ets\pages\Index.ets:221","orientation: Orientation@entry\src\main\ets\pages\Index.ets:221","this","5.0.2(14)","orientation: Orientation"
"orientation: Orientation","接口行为变更","harmonyos_behavior_changes/HarmonyOS_5.0.2(14)_Beta1.json","orientation","","this.orientation = DotsOrientation.HORIZONTAL;","ArkTS","entry\src\main\ets\pages\Index.ets:284","orientation: Orientation@entry\src\main\ets\pages\Index.ets:284","this","5.0.2(14)","orientation: Orientation"
"orientation: Orientation","接口行为变更","harmonyos_behavior_changes/HarmonyOS_5.0.2(14)_Beta1.json","orientation","","if (this.orientation === DotsOrientation.VERTICAL) {","ArkTS","ohos_library\src\main\ets\components\DotsIndicator.ets:174","orientation: Orientation@ohos_library\src\main\ets\components\DotsIndicator.ets:174","","5.0.2(14)","orientation: Orientation"
"readonly orientation?: Orientation","新增API","harmonyos_api_changes/HarmonyOS_26.0.0_Beta1.json","readonly","","orientation: this.orientation,","ArkTS","entry\src\main\ets\pages\Index.ets:156","readonly orientation?: Orientation@entry\src\main\ets\pages\Index.ets:156","","26.0.0 Beta2","readonly orientation?: Orientation"
"readonly orientation?: Orientation","新增API","harmonyos_api_changes/HarmonyOS_26.0.0_Beta1.json","readonly","","let next: DotsOrientation = this.orientation === DotsOrientation.HORIZONTAL","ArkTS","entry\src\main\ets\pages\Index.ets:219","readonly orientation?: Orientation@entry\src\main\ets\pages\Index.ets:219","","26.0.0 Beta2","readonly orientation?: Orientation"
"readonly orientation?: Orientation","新增API","harmonyos_api_changes/HarmonyOS_26.0.0_Beta1.json","readonly","","this.orientation = next;","ArkTS","entry\src\main\ets\pages\Index.ets:221","readonly orientation?: Orientation@entry\src\main\ets\pages\Index.ets:221","this","26.0.0 Beta2","readonly orientation?: Orientation"
"readonly orientation?: Orientation","新增API","harmonyos_api_changes/HarmonyOS_26.0.0_Beta1.json","readonly","","this.orientation = DotsOrientation.HORIZONTAL;","ArkTS","entry\src\main\ets\pages\Index.ets:284","readonly orientation?: Orientation@entry\src\main\ets\pages\Index.ets:284","this","26.0.0 Beta2","readonly orientation?: Orientation"
"readonly orientation?: Orientation","新增API","harmonyos_api_changes/HarmonyOS_26.0.0_Beta1.json","readonly","","if (this.orientation === DotsOrientation.VERTICAL) {","ArkTS","ohos_library\src\main\ets\components\DotsIndicator.ets:174","readonly orientation?: Orientation@ohos_library\src\main\ets\components\DotsIndicator.ets:174","","26.0.0 Beta2","readonly orientation?: Orientation"
"scale(sx: number, sy: number): void","API跨平台权限变更","harmonyos_api_changes/HarmonyOS_6.0.0(20)_Beta3.json","scale","",".scale({","ArkTS","ohos_library\src\main\ets\components\DotsIndicator.ets:325","scale(sx: number, sy: number): void@ohos_library\src\main\ets\components\DotsIndicator.ets:325","","6.0.0(20)","scale(sx: number, sy: number): void"
"scale(sx: number, sy: number): void","API跨平台权限变更","harmonyos_api_changes/HarmonyOS_6.0.0(20)_Beta3.json","scale","",".scale({","ArkTS","ohos_library\src\main\ets\components\DotsIndicator.ets:341","scale(sx: number, sy: number): void@ohos_library\src\main\ets\components\DotsIndicator.ets:341","","6.0.0(20)","scale(sx: number, sy: number): void"
"scale(sx: number, sy: number): void","API跨平台权限变更","harmonyos_api_changes/HarmonyOS_6.0.0(20)_Beta3.json","scale","",".scale({","ArkTS","ohos_library\src\main\ets\components\DotsIndicator.ets:358","scale(sx: number, sy: number): void@ohos_library\src\main\ets\components\DotsIndicator.ets:358","","6.0.0(20)","scale(sx: number, sy: number): void"
"scale(sx?: number, sy?: number): Matrix2D","API模型切换","harmonyos_api_changes/HarmonyOS_6.1.0(23)_Beta1.json","scale","",".scale({","ArkTS","ohos_library\src\main\ets\components\DotsIndicator.ets:325","scale(sx?: number, sy?: number): Matrix2D@ohos_library\src\main\ets\components\DotsIndicator.ets:325","","6.1.0(23)","scale(sx?: number, sy?: number): Matrix2D"
"scale(sx?: number, sy?: number): Matrix2D","API模型切换","harmonyos_api_changes/HarmonyOS_6.1.0(23)_Beta1.json","scale","",".scale({","ArkTS","ohos_library\src\main\ets\components\DotsIndicator.ets:341","scale(sx?: number, sy?: number): Matrix2D@ohos_library\src\main\ets\components\DotsIndicator.ets:341","","6.1.0(23)","scale(sx?: number, sy?: number): Matrix2D"
"scale(sx?: number, sy?: number): Matrix2D","API模型切换","harmonyos_api_changes/HarmonyOS_6.1.0(23)_Beta1.json","scale","",".scale({","ArkTS","ohos_library\src\main\ets\components\DotsIndicator.ets:358","scale(sx?: number, sy?: number): Matrix2D@ohos_library\src\main\ets\components\DotsIndicator.ets:358","","6.1.0(23)","scale(sx?: number, sy?: number): Matrix2D"
"scale(value: ScaleOptions): T","类新增同名方法且参数类型与已有的参数类型范围不是包含关系","harmonyos_api_changes/HarmonyOS_5.1.0(18).json","scale","",".scale({","ArkTS","ohos_library\src\main\ets\components\DotsIndicator.ets:325","scale(value: ScaleOptions): T@ohos_library\src\main\ets\components\DotsIndicator.ets:325","","5.1.0(18)","scale(value: ScaleOptions): T"
"scale(value: ScaleOptions): T","类新增同名方法且参数类型与已有的参数类型范围不是包含关系","harmonyos_api_changes/HarmonyOS_5.1.0(18).json","scale","",".scale({","ArkTS","ohos_library\src\main\ets\components\DotsIndicator.ets:341","scale(value: ScaleOptions): T@ohos_library\src\main\ets\components\DotsIndicator.ets:341","","5.1.0(18)","scale(value: ScaleOptions): T"
"scale(value: ScaleOptions): T","类新增同名方法且参数类型与已有的参数类型范围不是包含关系","harmonyos_api_changes/HarmonyOS_5.1.0(18).json","scale","",".scale({","ArkTS","ohos_library\src\main\ets\components\DotsIndicator.ets:358","scale(value: ScaleOptions): T@ohos_library\src\main\ets\components\DotsIndicator.ets:358","","5.1.0(18)","scale(value: ScaleOptions): T"
"scale(value: { x?: number; y?: number; z?: number; centerX?: number | string; centerY?: number | string; }): T","函数变更","harmonyos_api_changes/HarmonyOS_5.1.0(18).json","scale","",".scale({","ArkTS","ohos_library\src\main\ets\components\DotsIndicator.ets:325","scale(value: { x?: number; y?: number; z?: number; centerX?: number | string; centerY?: number | string; }): T@ohos_library\src\main\ets\components\DotsIndicator.ets:325","","5.1.0(18)","scale(value: { x?: number; y?: number; z?: number; centerX?: number | string; centerY?: number | string; }): T"
"scale(value: { x?: number; y?: number; z?: number; centerX?: number | string; centerY?: number | string; }): T","函数变更","harmonyos_api_changes/HarmonyOS_5.1.0(18).json","scale","",".scale({","ArkTS","ohos_library\src\main\ets\components\DotsIndicator.ets:341","scale(value: { x?: number; y?: number; z?: number; centerX?: number | string; centerY?: number | string; }): T@ohos_library\src\main\ets\components\DotsIndicator.ets:341","","5.1.0(18)","scale(value: { x?: number; y?: number; z?: number; centerX?: number | string; centerY?: number | string; }): T"
"scale(value: { x?: number; y?: number; z?: number; centerX?: number | string; centerY?: number | string; }): T","函数变更","harmonyos_api_changes/HarmonyOS_5.1.0(18).json","scale","",".scale({","ArkTS","ohos_library\src\main\ets\components\DotsIndicator.ets:358","scale(value: { x?: number; y?: number; z?: number; centerX?: number | string; centerY?: number | string; }): T@ohos_library\src\main\ets\components\DotsIndicator.ets:358","","5.1.0(18)","scale(value: { x?: number; y?: number; z?: number; centerX?: number | string; centerY?: number | string; }): T"
"scale(x: number, y: number): void","接口行为变更","harmonyos_behavior_changes/HarmonyOS_5.1.0(18)_Release.json","scale","",".scale({","ArkTS","ohos_library\src\main\ets\components\DotsIndicator.ets:325","scale(x: number, y: number): void@ohos_library\src\main\ets\components\DotsIndicator.ets:325","","5.1.0(18)","scale(x: number, y: number): void"
"scale(x: number, y: number): void","接口行为变更","harmonyos_behavior_changes/HarmonyOS_5.1.0(18)_Release.json","scale","",".scale({","ArkTS","ohos_library\src\main\ets\components\DotsIndicator.ets:341","scale(x: number, y: number): void@ohos_library\src\main\ets\components\DotsIndicator.ets:341","","5.1.0(18)","scale(x: number, y: number): void"
"scale(x: number, y: number): void","接口行为变更","harmonyos_behavior_changes/HarmonyOS_5.1.0(18)_Release.json","scale","",".scale({","ArkTS","ohos_library\src\main\ets\components\DotsIndicator.ets:358","scale(x: number, y: number): void@ohos_library\src\main\ets\components\DotsIndicator.ets:358","","5.1.0(18)","scale(x: number, y: number): void"
"setColorMode(colorMode: ConfigurationConstant.ColorMode): void","类新增必选属性或非同名方法","harmonyos_api_changes/HarmonyOS_5.1.0(18).json","setColorMode","","this.context.getApplicationContext().setColorMode(ConfigurationConstant.ColorMode.COLOR_MODE_NOT_SET);","ArkTS","entry\src\main\ets\entryability\EntryAbility.ets:10","setColorMode(colorMode: ConfigurationConstant.ColorMode): void@entry\src\main\ets\entryability\EntryAbility.ets:10","this","5.1.0(18)","setColorMode(colorMode: ConfigurationConstant.ColorMode): void"
"text?: LocationDescription","接口废弃变更","harmonyos_behavior_changes/HarmonyOS_6.0.0(20)_Beta2.json","text","","this.text = text;","ArkTS","entry\src\main\ets\pages\Index.ets:30","text?: LocationDescription@entry\src\main\ets\pages\Index.ets:30","this","6.0.0(20)","text?: LocationDescription"
"text?: LocationDescription","接口废弃变更","harmonyos_behavior_changes/HarmonyOS_6.0.0(20)_Beta2.json","text","","Text(entry.text)","ArkTS","entry\src\main\ets\pages\Index.ets:302","text?: LocationDescription@entry\src\main\ets\pages\Index.ets:302","","6.0.0(20)","text?: LocationDescription"
"text?: PasteDescription","UX视觉布局变更","harmonyos_behavior_changes/HarmonyOS_26.0.0(26)_Beta1.json","text","","this.text = text;","ArkTS","entry\src\main\ets\pages\Index.ets:30","text?: PasteDescription@entry\src\main\ets\pages\Index.ets:30","this","26.0.0(26)","text?: PasteDescription"
"text?: PasteDescription","UX视觉布局变更","harmonyos_behavior_changes/HarmonyOS_26.0.0(26)_Beta1.json","text","","Text(entry.text)","ArkTS","entry\src\main\ets\pages\Index.ets:302","text?: PasteDescription@entry\src\main\ets\pages\Index.ets:302","","26.0.0(26)","text?: PasteDescription"
"text?: SaveDescription","UX视觉布局变更","harmonyos_behavior_changes/HarmonyOS_26.0.0(26)_Beta1.json","text","","this.text = text;","ArkTS","entry\src\main\ets\pages\Index.ets:30","text?: SaveDescription@entry\src\main\ets\pages\Index.ets:30","this","26.0.0(26)","text?: SaveDescription"
"text?: SaveDescription","UX视觉布局变更","harmonyos_behavior_changes/HarmonyOS_26.0.0(26)_Beta1.json","text","","Text(entry.text)","ArkTS","entry\src\main\ets\pages\Index.ets:302","text?: SaveDescription@entry\src\main\ets\pages\Index.ets:302","","26.0.0(26)","text?: SaveDescription"
"textOverflow(value: { overflow: TextOverflow; }): TextAttribute","函数变更","harmonyos_api_changes/HarmonyOS_5.1.0(18).json","textOverflow","",".textOverflow({ overflow: TextOverflow.Ellipsis })","ArkTS","entry\src\main\ets\pages\Index.ets:116","textOverflow(value: { overflow: TextOverflow; }): TextAttribute@entry\src\main\ets\pages\Index.ets:116","","5.1.0(18)","textOverflow(value: { overflow: TextOverflow; }): TextAttribute"
"width?: string | number","接口定义变更","harmonyos_behavior_changes/HarmonyOS_6.0.0(20)_Beta1.json","width","","Circle()","ArkTS","ohos_library\src\main\ets\components\DotsIndicator.ets:354","width?: string | number@ohos_library\src\main\ets\components\DotsIndicator.ets:354","","6.0.0(20)","width?: string | number"
"windowStage: window.WindowStage","API跨平台权限变更","harmonyos_api_changes/HarmonyOS_6.0.1(21)_Release.json","windowStage","","windowStage.loadContent('pages/Index', (err) => {","ArkTS","entry\src\main\ets\entryability\EntryAbility.ets:25","windowStage: window.WindowStage@entry\src\main\ets\entryability\EntryAbility.ets:25","windowStage","6.0.1(21)","windowStage: window.WindowStage"
"windowStage?: window.WindowStage","新增API","harmonyos_api_changes/HarmonyOS_6.0.0(20)_Beta1.json","windowStage","","windowStage.loadContent('pages/Index', (err) => {","ArkTS","entry\src\main\ets\entryability\EntryAbility.ets:25","windowStage?: window.WindowStage@entry\src\main\ets\entryability\EntryAbility.ets:25","windowStage","6.0.0(20)","windowStage?: window.WindowStage"
