Api Name,Api Type,Api File Path,Api Prefix,Api Params,API Args,Invoke Method,Invoke Location,Api Key,Invoke Instance,ChangeId,MethodDefinition
"MODE_AUTO = -1","API废弃版本变更","harmonyos_api_changes/HarmonyOS_6.0.0(20)_Beta1.json","MODE_AUTO","","import { AbilityConstant, ConfigurationConstant, UIAbility, Want } from '@kit.AbilityKit';","ArkTS","entry\src\main\ets\entryability\EntryAbility.ets:1","MODE_AUTO = -1@entry\src\main\ets\entryability\EntryAbility.ets:1","","6.0.0(20)","MODE_AUTO = -1"
"MODE_AUTO = -1","API废弃版本变更","harmonyos_api_changes/HarmonyOS_6.0.0(20)_Beta1.json","MODE_AUTO","","this.context.getApplicationContext().setColorMode(ConfigurationConstant.ColorMode.COLOR_MODE_NOT_SET);","ArkTS","entry\src\main\ets\entryability\EntryAbility.ets:10","MODE_AUTO = -1@entry\src\main\ets\entryability\EntryAbility.ets:10","this","6.0.0(20)","MODE_AUTO = -1"
"MODE_DARK = 0","API废弃版本变更","harmonyos_api_changes/HarmonyOS_6.0.0(20)_Beta1.json","MODE_DARK","","import { AbilityConstant, ConfigurationConstant, UIAbility, Want } from '@kit.AbilityKit';","ArkTS","entry\src\main\ets\entryability\EntryAbility.ets:1","MODE_DARK = 0@entry\src\main\ets\entryability\EntryAbility.ets:1","","6.0.0(20)","MODE_DARK = 0"
"MODE_DARK = 0","API废弃版本变更","harmonyos_api_changes/HarmonyOS_6.0.0(20)_Beta1.json","MODE_DARK","","this.context.getApplicationContext().setColorMode(ConfigurationConstant.ColorMode.COLOR_MODE_NOT_SET);","ArkTS","entry\src\main\ets\entryability\EntryAbility.ets:10","MODE_DARK = 0@entry\src\main\ets\entryability\EntryAbility.ets:10","this","6.0.0(20)","MODE_DARK = 0"
"MODE_LIGHT = 1","API废弃版本变更","harmonyos_api_changes/HarmonyOS_6.0.0(20)_Beta1.json","MODE_LIGHT","","import { AbilityConstant, ConfigurationConstant, UIAbility, Want } from '@kit.AbilityKit';","ArkTS","entry\src\main\ets\entryability\EntryAbility.ets:1","MODE_LIGHT = 1@entry\src\main\ets\entryability\EntryAbility.ets:1","","6.0.0(20)","MODE_LIGHT = 1"
"MODE_LIGHT = 1","API废弃版本变更","harmonyos_api_changes/HarmonyOS_6.0.0(20)_Beta1.json","MODE_LIGHT","","this.context.getApplicationContext().setColorMode(ConfigurationConstant.ColorMode.COLOR_MODE_NOT_SET);","ArkTS","entry\src\main\ets\entryability\EntryAbility.ets:10","MODE_LIGHT = 1@entry\src\main\ets\entryability\EntryAbility.ets:10","this","6.0.0(20)","MODE_LIGHT = 1"
"Map = 5","API废弃版本变更","harmonyos_api_changes/HarmonyOS_6.0.1(21)_Beta1.json","Map","","private views: Map<number, Object[]> = new Map();","ArkTS","library\src\main\ets\tablefixheaders\Recycler.ets:26","Map = 5@library\src\main\ets\tablefixheaders\Recycler.ets:26","","6.0.1(21)","Map = 5"
"align(alignType: Alignment): T","新增API","harmonyos_api_changes/HarmonyOS_5.0.3(15)_Beta1.json","align","",".align(Alignment.TopStart)","ArkTS","library\src\main\ets\tablefixheaders\TableFixHeaders.ets:579","align(alignType: Alignment): T@library\src\main\ets\tablefixheaders\TableFixHeaders.ets:579","","5.0.3(15)","align(alignType: Alignment): T"
"align(alignType: Alignment): T","新增API","harmonyos_api_changes/HarmonyOS_5.0.3(15)_Beta1.json","align","",".align(Alignment.TopStart)","ArkTS","library\src\main\ets\tablefixheaders\TableFixHeaders.ets:597","align(alignType: Alignment): T@library\src\main\ets\tablefixheaders\TableFixHeaders.ets:597","","5.0.3(15)","align(alignType: Alignment): T"
"align(alignType: Alignment): T","新增API","harmonyos_api_changes/HarmonyOS_5.0.3(15)_Beta1.json","align","",".align(Alignment.TopStart)","ArkTS","library\src\main\ets\tablefixheaders\TableFixHeaders.ets:621","align(alignType: Alignment): T@library\src\main\ets\tablefixheaders\TableFixHeaders.ets:621","","5.0.3(15)","align(alignType: Alignment): T"
"align(value: Alignment): T","类新增同名方法且参数类型与已有的参数类型范围是包含关系","harmonyos_api_changes/HarmonyOS_6.0.0(20)_Beta1.json","align","",".align(Alignment.TopStart)","ArkTS","library\src\main\ets\tablefixheaders\TableFixHeaders.ets:579","align(value: Alignment): T@library\src\main\ets\tablefixheaders\TableFixHeaders.ets:579","","6.0.0(20)","align(value: Alignment): T"
"align(value: Alignment): T","类新增同名方法且参数类型与已有的参数类型范围是包含关系","harmonyos_api_changes/HarmonyOS_6.0.0(20)_Beta1.json","align","",".align(Alignment.TopStart)","ArkTS","library\src\main\ets\tablefixheaders\TableFixHeaders.ets:597","align(value: Alignment): T@library\src\main\ets\tablefixheaders\TableFixHeaders.ets:597","","6.0.0(20)","align(value: Alignment): T"
"align(value: Alignment): T","类新增同名方法且参数类型与已有的参数类型范围是包含关系","harmonyos_api_changes/HarmonyOS_6.0.0(20)_Beta1.json","align","",".align(Alignment.TopStart)","ArkTS","library\src\main\ets\tablefixheaders\TableFixHeaders.ets:621","align(value: Alignment): T@library\src\main\ets\tablefixheaders\TableFixHeaders.ets:621","","6.0.0(20)","align(value: Alignment): T"
"backgroundColor(color: Optional<ResourceColor>): ArcDotIndicator","新增API","harmonyos_api_changes/HarmonyOS_5.1.0(18).json","backgroundColor","",".backgroundColor('#F5F6FA')","ArkTS","entry\src\main\ets\pages\FamilyTablePage.ets:101","backgroundColor(color: Optional<ResourceColor>): ArcDotIndicator@entry\src\main\ets\pages\FamilyTablePage.ets:101","","5.1.0(18)","backgroundColor(color: Optional<ResourceColor>): ArcDotIndicator"
"backgroundColor(color: Optional<ResourceColor>): ArcDotIndicator","新增API","harmonyos_api_changes/HarmonyOS_5.1.0(18).json","backgroundColor","",".backgroundColor('#FFFFFF')","ArkTS","entry\src\main\ets\pages\FamilyTablePage.ets:59","backgroundColor(color: Optional<ResourceColor>): ArcDotIndicator@entry\src\main\ets\pages\FamilyTablePage.ets:59","","5.1.0(18)","backgroundColor(color: Optional<ResourceColor>): ArcDotIndicator"
"backgroundColor(color: Optional<ResourceColor>): ArcDotIndicator","新增API","harmonyos_api_changes/HarmonyOS_5.1.0(18).json","backgroundColor","",".backgroundColor('#FAFAFA')","ArkTS","entry\src\main\ets\pages\FamilyTablePage.ets:69","backgroundColor(color: Optional<ResourceColor>): ArcDotIndicator@entry\src\main\ets\pages\FamilyTablePage.ets:69","","5.1.0(18)","backgroundColor(color: Optional<ResourceColor>): ArcDotIndicator"
"backgroundColor(color: Optional<ResourceColor>): ArcDotIndicator","新增API","harmonyos_api_changes/HarmonyOS_5.1.0(18).json","backgroundColor","",".backgroundColor('#F8F8F8')","ArkTS","entry\src\main\ets\pages\FamilyTablePage.ets:96","backgroundColor(color: Optional<ResourceColor>): ArcDotIndicator@entry\src\main\ets\pages\FamilyTablePage.ets:96","","5.1.0(18)","backgroundColor(color: Optional<ResourceColor>): ArcDotIndicator"
"backgroundColor(color: Optional<ResourceColor>): ArcDotIndicator","新增API","harmonyos_api_changes/HarmonyOS_5.1.0(18).json","backgroundColor","",".backgroundColor('#F5F6FA')","ArkTS","entry\src\main\ets\pages\Index.ets:125","backgroundColor(color: Optional<ResourceColor>): ArcDotIndicator@entry\src\main\ets\pages\Index.ets:125","","5.1.0(18)","backgroundColor(color: Optional<ResourceColor>): ArcDotIndicator"
"backgroundColor(color: Optional<ResourceColor>): ArcDotIndicator","新增API","harmonyos_api_changes/HarmonyOS_5.1.0(18).json","backgroundColor","",".backgroundColor('#FFFFFF')","ArkTS","entry\src\main\ets\pages\Index.ets:64","backgroundColor(color: Optional<ResourceColor>): ArcDotIndicator@entry\src\main\ets\pages\Index.ets:64","","5.1.0(18)","backgroundColor(color: Optional<ResourceColor>): ArcDotIndicator"
"backgroundColor(color: Optional<ResourceColor>): ArcDotIndicator","新增API","harmonyos_api_changes/HarmonyOS_5.1.0(18).json","backgroundColor","",".backgroundColor('#F8F8F8')","ArkTS","entry\src\main\ets\pages\SimpleTablePage.ets:112","backgroundColor(color: Optional<ResourceColor>): ArcDotIndicator@entry\src\main\ets\pages\SimpleTablePage.ets:112","","5.1.0(18)","backgroundColor(color: Optional<ResourceColor>): ArcDotIndicator"
"backgroundColor(color: Optional<ResourceColor>): ArcDotIndicator","新增API","harmonyos_api_changes/HarmonyOS_5.1.0(18).json","backgroundColor","",".backgroundColor('#F5F6FA')","ArkTS","entry\src\main\ets\pages\SimpleTablePage.ets:117","backgroundColor(color: Optional<ResourceColor>): ArcDotIndicator@entry\src\main\ets\pages\SimpleTablePage.ets:117","","5.1.0(18)","backgroundColor(color: Optional<ResourceColor>): ArcDotIndicator"
"backgroundColor(color: Optional<ResourceColor>): ArcDotIndicator","新增API","harmonyos_api_changes/HarmonyOS_5.1.0(18).json","backgroundColor","",".backgroundColor('#FFFFFF')","ArkTS","entry\src\main\ets\pages\SimpleTablePage.ets:75","backgroundColor(color: Optional<ResourceColor>): ArcDotIndicator@entry\src\main\ets\pages\SimpleTablePage.ets:75","","5.1.0(18)","backgroundColor(color: Optional<ResourceColor>): ArcDotIndicator"
"backgroundColor(color: Optional<ResourceColor>): ArcDotIndicator","新增API","harmonyos_api_changes/HarmonyOS_5.1.0(18).json","backgroundColor","",".backgroundColor('#FAFAFA')","ArkTS","entry\src\main\ets\pages\SimpleTablePage.ets:85","backgroundColor(color: Optional<ResourceColor>): ArcDotIndicator@entry\src\main\ets\pages\SimpleTablePage.ets:85","","5.1.0(18)","backgroundColor(color: Optional<ResourceColor>): ArcDotIndicator"
"backgroundColor(color: Optional<ResourceColor>): ArcDotIndicator","新增API","harmonyos_api_changes/HarmonyOS_5.1.0(18).json","backgroundColor","",".backgroundColor('#F5F6FA')","ArkTS","entry\src\main\ets\pages\StyleTablePage.ets:102","backgroundColor(color: Optional<ResourceColor>): ArcDotIndicator@entry\src\main\ets\pages\StyleTablePage.ets:102","","5.1.0(18)","backgroundColor(color: Optional<ResourceColor>): ArcDotIndicator"
"backgroundColor(color: Optional<ResourceColor>): ArcDotIndicator","新增API","harmonyos_api_changes/HarmonyOS_5.1.0(18).json","backgroundColor","",".backgroundColor('#FFFFFF')","ArkTS","entry\src\main\ets\pages\StyleTablePage.ets:60","backgroundColor(color: Optional<ResourceColor>): ArcDotIndicator@entry\src\main\ets\pages\StyleTablePage.ets:60","","5.1.0(18)","backgroundColor(color: Optional<ResourceColor>): ArcDotIndicator"
"backgroundColor(color: Optional<ResourceColor>): ArcDotIndicator","新增API","harmonyos_api_changes/HarmonyOS_5.1.0(18).json","backgroundColor","",".backgroundColor('#FAFAFA')","ArkTS","entry\src\main\ets\pages\StyleTablePage.ets:70","backgroundColor(color: Optional<ResourceColor>): ArcDotIndicator@entry\src\main\ets\pages\StyleTablePage.ets:70","","5.1.0(18)","backgroundColor(color: Optional<ResourceColor>): ArcDotIndicator"
"backgroundColor(color: Optional<ResourceColor>): ArcDotIndicator","新增API","harmonyos_api_changes/HarmonyOS_5.1.0(18).json","backgroundColor","",".backgroundColor('#F8F8F8')","ArkTS","entry\src\main\ets\pages\StyleTablePage.ets:97","backgroundColor(color: Optional<ResourceColor>): ArcDotIndicator@entry\src\main\ets\pages\StyleTablePage.ets:97","","5.1.0(18)","backgroundColor(color: Optional<ResourceColor>): ArcDotIndicator"
"backgroundColor(color: Optional<ResourceColor>): ArcDotIndicator","新增API","harmonyos_api_changes/HarmonyOS_5.1.0(18).json","backgroundColor","",".backgroundColor(this.getCellBg(row, col))","ArkTS","library\src\main\ets\tablefixheaders\TableFixHeaders.ets:554","backgroundColor(color: Optional<ResourceColor>): ArcDotIndicator@library\src\main\ets\tablefixheaders\TableFixHeaders.ets:554","","5.1.0(18)","backgroundColor(color: Optional<ResourceColor>): ArcDotIndicator"
"backgroundColor(color: Optional<ResourceColor>): T","类新增同名方法且参数类型与已有的参数类型范围是包含关系","harmonyos_api_changes/HarmonyOS_6.0.0(20)_Beta2.json","backgroundColor","",".backgroundColor('#F5F6FA')","ArkTS","entry\src\main\ets\pages\FamilyTablePage.ets:101","backgroundColor(color: Optional<ResourceColor>): T@entry\src\main\ets\pages\FamilyTablePage.ets:101","","6.0.0(20)","backgroundColor(color: Optional<ResourceColor>): T"
"backgroundColor(color: Optional<ResourceColor>): T","类新增同名方法且参数类型与已有的参数类型范围是包含关系","harmonyos_api_changes/HarmonyOS_6.0.0(20)_Beta2.json","backgroundColor","",".backgroundColor('#FFFFFF')","ArkTS","entry\src\main\ets\pages\FamilyTablePage.ets:59","backgroundColor(color: Optional<ResourceColor>): T@entry\src\main\ets\pages\FamilyTablePage.ets:59","","6.0.0(20)","backgroundColor(color: Optional<ResourceColor>): T"
"backgroundColor(color: Optional<ResourceColor>): T","类新增同名方法且参数类型与已有的参数类型范围是包含关系","harmonyos_api_changes/HarmonyOS_6.0.0(20)_Beta2.json","backgroundColor","",".backgroundColor('#FAFAFA')","ArkTS","entry\src\main\ets\pages\FamilyTablePage.ets:69","backgroundColor(color: Optional<ResourceColor>): T@entry\src\main\ets\pages\FamilyTablePage.ets:69","","6.0.0(20)","backgroundColor(color: Optional<ResourceColor>): T"
"backgroundColor(color: Optional<ResourceColor>): T","类新增同名方法且参数类型与已有的参数类型范围是包含关系","harmonyos_api_changes/HarmonyOS_6.0.0(20)_Beta2.json","backgroundColor","",".backgroundColor('#F8F8F8')","ArkTS","entry\src\main\ets\pages\FamilyTablePage.ets:96","backgroundColor(color: Optional<ResourceColor>): T@entry\src\main\ets\pages\FamilyTablePage.ets:96","","6.0.0(20)","backgroundColor(color: Optional<ResourceColor>): T"
"backgroundColor(color: Optional<ResourceColor>): T","类新增同名方法且参数类型与已有的参数类型范围是包含关系","harmonyos_api_changes/HarmonyOS_6.0.0(20)_Beta2.json","backgroundColor","",".backgroundColor('#F5F6FA')","ArkTS","entry\src\main\ets\pages\Index.ets:125","backgroundColor(color: Optional<ResourceColor>): T@entry\src\main\ets\pages\Index.ets:125","","6.0.0(20)","backgroundColor(color: Optional<ResourceColor>): T"
"backgroundColor(color: Optional<ResourceColor>): T","类新增同名方法且参数类型与已有的参数类型范围是包含关系","harmonyos_api_changes/HarmonyOS_6.0.0(20)_Beta2.json","backgroundColor","",".backgroundColor('#FFFFFF')","ArkTS","entry\src\main\ets\pages\Index.ets:64","backgroundColor(color: Optional<ResourceColor>): T@entry\src\main\ets\pages\Index.ets:64","","6.0.0(20)","backgroundColor(color: Optional<ResourceColor>): T"
"backgroundColor(color: Optional<ResourceColor>): T","类新增同名方法且参数类型与已有的参数类型范围是包含关系","harmonyos_api_changes/HarmonyOS_6.0.0(20)_Beta2.json","backgroundColor","",".backgroundColor('#F8F8F8')","ArkTS","entry\src\main\ets\pages\SimpleTablePage.ets:112","backgroundColor(color: Optional<ResourceColor>): T@entry\src\main\ets\pages\SimpleTablePage.ets:112","","6.0.0(20)","backgroundColor(color: Optional<ResourceColor>): T"
"backgroundColor(color: Optional<ResourceColor>): T","类新增同名方法且参数类型与已有的参数类型范围是包含关系","harmonyos_api_changes/HarmonyOS_6.0.0(20)_Beta2.json","backgroundColor","",".backgroundColor('#F5F6FA')","ArkTS","entry\src\main\ets\pages\SimpleTablePage.ets:117","backgroundColor(color: Optional<ResourceColor>): T@entry\src\main\ets\pages\SimpleTablePage.ets:117","","6.0.0(20)","backgroundColor(color: Optional<ResourceColor>): T"
"backgroundColor(color: Optional<ResourceColor>): T","类新增同名方法且参数类型与已有的参数类型范围是包含关系","harmonyos_api_changes/HarmonyOS_6.0.0(20)_Beta2.json","backgroundColor","",".backgroundColor('#FFFFFF')","ArkTS","entry\src\main\ets\pages\SimpleTablePage.ets:75","backgroundColor(color: Optional<ResourceColor>): T@entry\src\main\ets\pages\SimpleTablePage.ets:75","","6.0.0(20)","backgroundColor(color: Optional<ResourceColor>): T"
"backgroundColor(color: Optional<ResourceColor>): T","类新增同名方法且参数类型与已有的参数类型范围是包含关系","harmonyos_api_changes/HarmonyOS_6.0.0(20)_Beta2.json","backgroundColor","",".backgroundColor('#FAFAFA')","ArkTS","entry\src\main\ets\pages\SimpleTablePage.ets:85","backgroundColor(color: Optional<ResourceColor>): T@entry\src\main\ets\pages\SimpleTablePage.ets:85","","6.0.0(20)","backgroundColor(color: Optional<ResourceColor>): T"
"backgroundColor(color: Optional<ResourceColor>): T","类新增同名方法且参数类型与已有的参数类型范围是包含关系","harmonyos_api_changes/HarmonyOS_6.0.0(20)_Beta2.json","backgroundColor","",".backgroundColor('#F5F6FA')","ArkTS","entry\src\main\ets\pages\StyleTablePage.ets:102","backgroundColor(color: Optional<ResourceColor>): T@entry\src\main\ets\pages\StyleTablePage.ets:102","","6.0.0(20)","backgroundColor(color: Optional<ResourceColor>): T"
"backgroundColor(color: Optional<ResourceColor>): T","类新增同名方法且参数类型与已有的参数类型范围是包含关系","harmonyos_api_changes/HarmonyOS_6.0.0(20)_Beta2.json","backgroundColor","",".backgroundColor('#FFFFFF')","ArkTS","entry\src\main\ets\pages\StyleTablePage.ets:60","backgroundColor(color: Optional<ResourceColor>): T@entry\src\main\ets\pages\StyleTablePage.ets:60","","6.0.0(20)","backgroundColor(color: Optional<ResourceColor>): T"
"backgroundColor(color: Optional<ResourceColor>): T","类新增同名方法且参数类型与已有的参数类型范围是包含关系","harmonyos_api_changes/HarmonyOS_6.0.0(20)_Beta2.json","backgroundColor","",".backgroundColor('#FAFAFA')","ArkTS","entry\src\main\ets\pages\StyleTablePage.ets:70","backgroundColor(color: Optional<ResourceColor>): T@entry\src\main\ets\pages\StyleTablePage.ets:70","","6.0.0(20)","backgroundColor(color: Optional<ResourceColor>): T"
"backgroundColor(color: Optional<ResourceColor>): T","类新增同名方法且参数类型与已有的参数类型范围是包含关系","harmonyos_api_changes/HarmonyOS_6.0.0(20)_Beta2.json","backgroundColor","",".backgroundColor('#F8F8F8')","ArkTS","entry\src\main\ets\pages\StyleTablePage.ets:97","backgroundColor(color: Optional<ResourceColor>): T@entry\src\main\ets\pages\StyleTablePage.ets:97","","6.0.0(20)","backgroundColor(color: Optional<ResourceColor>): T"
"backgroundColor(color: Optional<ResourceColor>): T","类新增同名方法且参数类型与已有的参数类型范围是包含关系","harmonyos_api_changes/HarmonyOS_6.0.0(20)_Beta2.json","backgroundColor","",".backgroundColor(this.getCellBg(row, col))","ArkTS","library\src\main\ets\tablefixheaders\TableFixHeaders.ets:554","backgroundColor(color: Optional<ResourceColor>): T@library\src\main\ets\tablefixheaders\TableFixHeaders.ets:554","","6.0.0(20)","backgroundColor(color: Optional<ResourceColor>): T"
"backgroundColor(value: ResourceColor): T","类新增同名方法且参数类型与已有的参数类型范围不是包含关系","harmonyos_api_changes/HarmonyOS_5.1.0(18).json","backgroundColor","",".backgroundColor('#F5F6FA')","ArkTS","entry\src\main\ets\pages\FamilyTablePage.ets:101","backgroundColor(value: ResourceColor): T@entry\src\main\ets\pages\FamilyTablePage.ets:101","","5.1.0(18)","backgroundColor(value: ResourceColor): T"
"backgroundColor(value: ResourceColor): T","类新增同名方法且参数类型与已有的参数类型范围不是包含关系","harmonyos_api_changes/HarmonyOS_5.1.0(18).json","backgroundColor","",".backgroundColor('#FFFFFF')","ArkTS","entry\src\main\ets\pages\FamilyTablePage.ets:59","backgroundColor(value: ResourceColor): T@entry\src\main\ets\pages\FamilyTablePage.ets:59","","5.1.0(18)","backgroundColor(value: ResourceColor): T"
"backgroundColor(value: ResourceColor): T","类新增同名方法且参数类型与已有的参数类型范围不是包含关系","harmonyos_api_changes/HarmonyOS_5.1.0(18).json","backgroundColor","",".backgroundColor('#FAFAFA')","ArkTS","entry\src\main\ets\pages\FamilyTablePage.ets:69","backgroundColor(value: ResourceColor): T@entry\src\main\ets\pages\FamilyTablePage.ets:69","","5.1.0(18)","backgroundColor(value: ResourceColor): T"
"backgroundColor(value: ResourceColor): T","类新增同名方法且参数类型与已有的参数类型范围不是包含关系","harmonyos_api_changes/HarmonyOS_5.1.0(18).json","backgroundColor","",".backgroundColor('#F8F8F8')","ArkTS","entry\src\main\ets\pages\FamilyTablePage.ets:96","backgroundColor(value: ResourceColor): T@entry\src\main\ets\pages\FamilyTablePage.ets:96","","5.1.0(18)","backgroundColor(value: ResourceColor): T"
"backgroundColor(value: ResourceColor): T","类新增同名方法且参数类型与已有的参数类型范围不是包含关系","harmonyos_api_changes/HarmonyOS_5.1.0(18).json","backgroundColor","",".backgroundColor('#F5F6FA')","ArkTS","entry\src\main\ets\pages\Index.ets:125","backgroundColor(value: ResourceColor): T@entry\src\main\ets\pages\Index.ets:125","","5.1.0(18)","backgroundColor(value: ResourceColor): T"
"backgroundColor(value: ResourceColor): T","类新增同名方法且参数类型与已有的参数类型范围不是包含关系","harmonyos_api_changes/HarmonyOS_5.1.0(18).json","backgroundColor","",".backgroundColor('#FFFFFF')","ArkTS","entry\src\main\ets\pages\Index.ets:64","backgroundColor(value: ResourceColor): T@entry\src\main\ets\pages\Index.ets:64","","5.1.0(18)","backgroundColor(value: ResourceColor): T"
"backgroundColor(value: ResourceColor): T","类新增同名方法且参数类型与已有的参数类型范围不是包含关系","harmonyos_api_changes/HarmonyOS_5.1.0(18).json","backgroundColor","",".backgroundColor('#F8F8F8')","ArkTS","entry\src\main\ets\pages\SimpleTablePage.ets:112","backgroundColor(value: ResourceColor): T@entry\src\main\ets\pages\SimpleTablePage.ets:112","","5.1.0(18)","backgroundColor(value: ResourceColor): T"
"backgroundColor(value: ResourceColor): T","类新增同名方法且参数类型与已有的参数类型范围不是包含关系","harmonyos_api_changes/HarmonyOS_5.1.0(18).json","backgroundColor","",".backgroundColor('#F5F6FA')","ArkTS","entry\src\main\ets\pages\SimpleTablePage.ets:117","backgroundColor(value: ResourceColor): T@entry\src\main\ets\pages\SimpleTablePage.ets:117","","5.1.0(18)","backgroundColor(value: ResourceColor): T"
"backgroundColor(value: ResourceColor): T","类新增同名方法且参数类型与已有的参数类型范围不是包含关系","harmonyos_api_changes/HarmonyOS_5.1.0(18).json","backgroundColor","",".backgroundColor('#FFFFFF')","ArkTS","entry\src\main\ets\pages\SimpleTablePage.ets:75","backgroundColor(value: ResourceColor): T@entry\src\main\ets\pages\SimpleTablePage.ets:75","","5.1.0(18)","backgroundColor(value: ResourceColor): T"
"backgroundColor(value: ResourceColor): T","类新增同名方法且参数类型与已有的参数类型范围不是包含关系","harmonyos_api_changes/HarmonyOS_5.1.0(18).json","backgroundColor","",".backgroundColor('#FAFAFA')","ArkTS","entry\src\main\ets\pages\SimpleTablePage.ets:85","backgroundColor(value: ResourceColor): T@entry\src\main\ets\pages\SimpleTablePage.ets:85","","5.1.0(18)","backgroundColor(value: ResourceColor): T"
"backgroundColor(value: ResourceColor): T","类新增同名方法且参数类型与已有的参数类型范围不是包含关系","harmonyos_api_changes/HarmonyOS_5.1.0(18).json","backgroundColor","",".backgroundColor('#F5F6FA')","ArkTS","entry\src\main\ets\pages\StyleTablePage.ets:102","backgroundColor(value: ResourceColor): T@entry\src\main\ets\pages\StyleTablePage.ets:102","","5.1.0(18)","backgroundColor(value: ResourceColor): T"
"backgroundColor(value: ResourceColor): T","类新增同名方法且参数类型与已有的参数类型范围不是包含关系","harmonyos_api_changes/HarmonyOS_5.1.0(18).json","backgroundColor","",".backgroundColor('#FFFFFF')","ArkTS","entry\src\main\ets\pages\StyleTablePage.ets:60","backgroundColor(value: ResourceColor): T@entry\src\main\ets\pages\StyleTablePage.ets:60","","5.1.0(18)","backgroundColor(value: ResourceColor): T"
"backgroundColor(value: ResourceColor): T","类新增同名方法且参数类型与已有的参数类型范围不是包含关系","harmonyos_api_changes/HarmonyOS_5.1.0(18).json","backgroundColor","",".backgroundColor('#FAFAFA')","ArkTS","entry\src\main\ets\pages\StyleTablePage.ets:70","backgroundColor(value: ResourceColor): T@entry\src\main\ets\pages\StyleTablePage.ets:70","","5.1.0(18)","backgroundColor(value: ResourceColor): T"
"backgroundColor(value: ResourceColor): T","类新增同名方法且参数类型与已有的参数类型范围不是包含关系","harmonyos_api_changes/HarmonyOS_5.1.0(18).json","backgroundColor","",".backgroundColor('#F8F8F8')","ArkTS","entry\src\main\ets\pages\StyleTablePage.ets:97","backgroundColor(value: ResourceColor): T@entry\src\main\ets\pages\StyleTablePage.ets:97","","5.1.0(18)","backgroundColor(value: ResourceColor): T"
"backgroundColor(value: ResourceColor): T","类新增同名方法且参数类型与已有的参数类型范围不是包含关系","harmonyos_api_changes/HarmonyOS_5.1.0(18).json","backgroundColor","",".backgroundColor(this.getCellBg(row, col))","ArkTS","library\src\main\ets\tablefixheaders\TableFixHeaders.ets:554","backgroundColor(value: ResourceColor): T@library\src\main\ets\tablefixheaders\TableFixHeaders.ets:554","","5.1.0(18)","backgroundColor(value: ResourceColor): T"
"borderRadius(radius: Dimension | BorderRadiuses): T","新增API","harmonyos_api_changes/HarmonyOS_5.0.3(15)_Beta1.json","borderRadius","",".borderRadius({ topLeft: 12, topRight: 12 })","ArkTS","entry\src\main\ets\pages\FamilyTablePage.ets:97","borderRadius(radius: Dimension | BorderRadiuses): T@entry\src\main\ets\pages\FamilyTablePage.ets:97","","5.0.3(15)","borderRadius(radius: Dimension | BorderRadiuses): T"
"borderRadius(radius: Dimension | BorderRadiuses): T","新增API","harmonyos_api_changes/HarmonyOS_5.0.3(15)_Beta1.json","borderRadius","",".borderRadius(12)","ArkTS","entry\src\main\ets\pages\Index.ets:63","borderRadius(radius: Dimension | BorderRadiuses): T@entry\src\main\ets\pages\Index.ets:63","","5.0.3(15)","borderRadius(radius: Dimension | BorderRadiuses): T"
"borderRadius(radius: Dimension | BorderRadiuses): T","新增API","harmonyos_api_changes/HarmonyOS_5.0.3(15)_Beta1.json","borderRadius","",".borderRadius({ topLeft: 12, topRight: 12 })","ArkTS","entry\src\main\ets\pages\SimpleTablePage.ets:113","borderRadius(radius: Dimension | BorderRadiuses): T@entry\src\main\ets\pages\SimpleTablePage.ets:113","","5.0.3(15)","borderRadius(radius: Dimension | BorderRadiuses): T"
"borderRadius(radius: Dimension | BorderRadiuses): T","新增API","harmonyos_api_changes/HarmonyOS_5.0.3(15)_Beta1.json","borderRadius","",".borderRadius({ topLeft: 12, topRight: 12 })","ArkTS","entry\src\main\ets\pages\StyleTablePage.ets:98","borderRadius(radius: Dimension | BorderRadiuses): T@entry\src\main\ets\pages\StyleTablePage.ets:98","","5.0.3(15)","borderRadius(radius: Dimension | BorderRadiuses): T"
"borderRadius(value: Length | BorderRadiuses | LocalizedBorderRadiuses): T","类新增同名方法且参数类型与已有的参数类型范围是包含关系","harmonyos_api_changes/HarmonyOS_6.0.2(22).json","borderRadius","",".borderRadius({ topLeft: 12, topRight: 12 })","ArkTS","entry\src\main\ets\pages\FamilyTablePage.ets:97","borderRadius(value: Length | BorderRadiuses | LocalizedBorderRadiuses): T@entry\src\main\ets\pages\FamilyTablePage.ets:97","","6.0.2(22)","borderRadius(value: Length | BorderRadiuses | LocalizedBorderRadiuses): T"
"borderRadius(value: Length | BorderRadiuses | LocalizedBorderRadiuses): T","类新增同名方法且参数类型与已有的参数类型范围是包含关系","harmonyos_api_changes/HarmonyOS_6.0.2(22).json","borderRadius","",".borderRadius(12)","ArkTS","entry\src\main\ets\pages\Index.ets:63","borderRadius(value: Length | BorderRadiuses | LocalizedBorderRadiuses): T@entry\src\main\ets\pages\Index.ets:63","","6.0.2(22)","borderRadius(value: Length | BorderRadiuses | LocalizedBorderRadiuses): T"
"borderRadius(value: Length | BorderRadiuses | LocalizedBorderRadiuses): T","类新增同名方法且参数类型与已有的参数类型范围是包含关系","harmonyos_api_changes/HarmonyOS_6.0.2(22).json","borderRadius","",".borderRadius({ topLeft: 12, topRight: 12 })","ArkTS","entry\src\main\ets\pages\SimpleTablePage.ets:113","borderRadius(value: Length | BorderRadiuses | LocalizedBorderRadiuses): T@entry\src\main\ets\pages\SimpleTablePage.ets:113","","6.0.2(22)","borderRadius(value: Length | BorderRadiuses | LocalizedBorderRadiuses): T"
"borderRadius(value: Length | BorderRadiuses | LocalizedBorderRadiuses): T","类新增同名方法且参数类型与已有的参数类型范围是包含关系","harmonyos_api_changes/HarmonyOS_6.0.2(22).json","borderRadius","",".borderRadius({ topLeft: 12, topRight: 12 })","ArkTS","entry\src\main\ets\pages\StyleTablePage.ets:98","borderRadius(value: Length | BorderRadiuses | LocalizedBorderRadiuses): T@entry\src\main\ets\pages\StyleTablePage.ets:98","","6.0.2(22)","borderRadius(value: Length | BorderRadiuses | LocalizedBorderRadiuses): T"
"borderRadius: number","新增API","harmonyos_api_changes/HarmonyOS_6.0.0(20)_Beta1.json","borderRadius","",".borderRadius({ topLeft: 12, topRight: 12 })","ArkTS","entry\src\main\ets\pages\FamilyTablePage.ets:97","borderRadius: number@entry\src\main\ets\pages\FamilyTablePage.ets:97","","6.0.0(20)","borderRadius: number"
"borderRadius: number","新增API","harmonyos_api_changes/HarmonyOS_6.0.0(20)_Beta1.json","borderRadius","",".borderRadius(12)","ArkTS","entry\src\main\ets\pages\Index.ets:63","borderRadius: number@entry\src\main\ets\pages\Index.ets:63","","6.0.0(20)","borderRadius: number"
"borderRadius: number","新增API","harmonyos_api_changes/HarmonyOS_6.0.0(20)_Beta1.json","borderRadius","",".borderRadius({ topLeft: 12, topRight: 12 })","ArkTS","entry\src\main\ets\pages\SimpleTablePage.ets:113","borderRadius: number@entry\src\main\ets\pages\SimpleTablePage.ets:113","","6.0.0(20)","borderRadius: number"
"borderRadius: number","新增API","harmonyos_api_changes/HarmonyOS_6.0.0(20)_Beta1.json","borderRadius","",".borderRadius({ topLeft: 12, topRight: 12 })","ArkTS","entry\src\main\ets\pages\StyleTablePage.ets:98","borderRadius: number@entry\src\main\ets\pages\StyleTablePage.ets:98","","6.0.0(20)","borderRadius: number"
"borderRadius?: Length","新增API","harmonyos_api_changes/HarmonyOS_6.0.2(22).json","borderRadius","",".borderRadius({ topLeft: 12, topRight: 12 })","ArkTS","entry\src\main\ets\pages\FamilyTablePage.ets:97","borderRadius?: Length@entry\src\main\ets\pages\FamilyTablePage.ets:97","","6.0.2(22)","borderRadius?: Length"
"borderRadius?: Length","新增API","harmonyos_api_changes/HarmonyOS_6.0.2(22).json","borderRadius","",".borderRadius(12)","ArkTS","entry\src\main\ets\pages\Index.ets:63","borderRadius?: Length@entry\src\main\ets\pages\Index.ets:63","","6.0.2(22)","borderRadius?: Length"
"borderRadius?: Length","新增API","harmonyos_api_changes/HarmonyOS_6.0.2(22).json","borderRadius","",".borderRadius({ topLeft: 12, topRight: 12 })","ArkTS","entry\src\main\ets\pages\SimpleTablePage.ets:113","borderRadius?: Length@entry\src\main\ets\pages\SimpleTablePage.ets:113","","6.0.2(22)","borderRadius?: Length"
"borderRadius?: Length","新增API","harmonyos_api_changes/HarmonyOS_6.0.2(22).json","borderRadius","",".borderRadius({ topLeft: 12, topRight: 12 })","ArkTS","entry\src\main\ets\pages\StyleTablePage.ets:98","borderRadius?: Length@entry\src\main\ets\pages\StyleTablePage.ets:98","","6.0.2(22)","borderRadius?: Length"
"borderRadius?: LengthMetrics","接口新增可选属性","harmonyos_api_changes/HarmonyOS_5.1.0(18).json","borderRadius","",".borderRadius({ topLeft: 12, topRight: 12 })","ArkTS","entry\src\main\ets\pages\FamilyTablePage.ets:97","borderRadius?: LengthMetrics@entry\src\main\ets\pages\FamilyTablePage.ets:97","","5.1.0(18)","borderRadius?: LengthMetrics"
"borderRadius?: LengthMetrics","接口新增可选属性","harmonyos_api_changes/HarmonyOS_5.1.0(18).json","borderRadius","",".borderRadius(12)","ArkTS","entry\src\main\ets\pages\Index.ets:63","borderRadius?: LengthMetrics@entry\src\main\ets\pages\Index.ets:63","","5.1.0(18)","borderRadius?: LengthMetrics"
"borderRadius?: LengthMetrics","接口新增可选属性","harmonyos_api_changes/HarmonyOS_5.1.0(18).json","borderRadius","",".borderRadius({ topLeft: 12, topRight: 12 })","ArkTS","entry\src\main\ets\pages\SimpleTablePage.ets:113","borderRadius?: LengthMetrics@entry\src\main\ets\pages\SimpleTablePage.ets:113","","5.1.0(18)","borderRadius?: LengthMetrics"
"borderRadius?: LengthMetrics","接口新增可选属性","harmonyos_api_changes/HarmonyOS_5.1.0(18).json","borderRadius","",".borderRadius({ topLeft: 12, topRight: 12 })","ArkTS","entry\src\main\ets\pages\StyleTablePage.ets:98","borderRadius?: LengthMetrics@entry\src\main\ets\pages\StyleTablePage.ets:98","","5.1.0(18)","borderRadius?: LengthMetrics"
"borderRadius?: LengthMetrics | BorderRadiuses | LocalizedBorderRadiuses","新增API","harmonyos_api_changes/HarmonyOS_6.0.0(20)_Beta1.json","borderRadius","",".borderRadius({ topLeft: 12, topRight: 12 })","ArkTS","entry\src\main\ets\pages\FamilyTablePage.ets:97","borderRadius?: LengthMetrics | BorderRadiuses | LocalizedBorderRadiuses@entry\src\main\ets\pages\FamilyTablePage.ets:97","","6.0.0(20)","borderRadius?: LengthMetrics | BorderRadiuses | LocalizedBorderRadiuses"
"borderRadius?: LengthMetrics | BorderRadiuses | LocalizedBorderRadiuses","新增API","harmonyos_api_changes/HarmonyOS_6.0.0(20)_Beta1.json","borderRadius","",".borderRadius(12)","ArkTS","entry\src\main\ets\pages\Index.ets:63","borderRadius?: LengthMetrics | BorderRadiuses | LocalizedBorderRadiuses@entry\src\main\ets\pages\Index.ets:63","","6.0.0(20)","borderRadius?: LengthMetrics | BorderRadiuses | LocalizedBorderRadiuses"
"borderRadius?: LengthMetrics | BorderRadiuses | LocalizedBorderRadiuses","新增API","harmonyos_api_changes/HarmonyOS_6.0.0(20)_Beta1.json","borderRadius","",".borderRadius({ topLeft: 12, topRight: 12 })","ArkTS","entry\src\main\ets\pages\SimpleTablePage.ets:113","borderRadius?: LengthMetrics | BorderRadiuses | LocalizedBorderRadiuses@entry\src\main\ets\pages\SimpleTablePage.ets:113","","6.0.0(20)","borderRadius?: LengthMetrics | BorderRadiuses | LocalizedBorderRadiuses"
"borderRadius?: LengthMetrics | BorderRadiuses | LocalizedBorderRadiuses","新增API","harmonyos_api_changes/HarmonyOS_6.0.0(20)_Beta1.json","borderRadius","",".borderRadius({ topLeft: 12, topRight: 12 })","ArkTS","entry\src\main\ets\pages\StyleTablePage.ets:98","borderRadius?: LengthMetrics | BorderRadiuses | LocalizedBorderRadiuses@entry\src\main\ets\pages\StyleTablePage.ets:98","","6.0.0(20)","borderRadius?: LengthMetrics | BorderRadiuses | LocalizedBorderRadiuses"
"clip(value: boolean | CircleAttribute | EllipseAttribute | PathAttribute | RectAttribute): T","类新增同名方法且参数类型与已有的参数类型范围不是包含关系","harmonyos_api_changes/HarmonyOS_5.1.0(18).json","clip","",".clip(true)","ArkTS","library\src\main\ets\tablefixheaders\TableFixHeaders.ets:583","clip(value: boolean | CircleAttribute | EllipseAttribute | PathAttribute | RectAttribute): T@library\src\main\ets\tablefixheaders\TableFixHeaders.ets:583","","5.1.0(18)","clip(value: boolean | CircleAttribute | EllipseAttribute | PathAttribute | RectAttribute): T"
"clip(value: boolean | CircleAttribute | EllipseAttribute | PathAttribute | RectAttribute): T","类新增同名方法且参数类型与已有的参数类型范围不是包含关系","harmonyos_api_changes/HarmonyOS_5.1.0(18).json","clip","",".clip(true)","ArkTS","library\src\main\ets\tablefixheaders\TableFixHeaders.ets:601","clip(value: boolean | CircleAttribute | EllipseAttribute | PathAttribute | RectAttribute): T@library\src\main\ets\tablefixheaders\TableFixHeaders.ets:601","","5.1.0(18)","clip(value: boolean | CircleAttribute | EllipseAttribute | PathAttribute | RectAttribute): T"
"clip(value: boolean | CircleAttribute | EllipseAttribute | PathAttribute | RectAttribute): T","类新增同名方法且参数类型与已有的参数类型范围不是包含关系","harmonyos_api_changes/HarmonyOS_5.1.0(18).json","clip","",".clip(true)","ArkTS","library\src\main\ets\tablefixheaders\TableFixHeaders.ets:625","clip(value: boolean | CircleAttribute | EllipseAttribute | PathAttribute | RectAttribute): T@library\src\main\ets\tablefixheaders\TableFixHeaders.ets:625","","5.1.0(18)","clip(value: boolean | CircleAttribute | EllipseAttribute | PathAttribute | RectAttribute): T"
"controller: functionalInputComponentManager.FunctionalInputController","新增API","harmonyos_api_changes/HarmonyOS_5.1.0(18).json","controller","","this.controller.setScrollTo((x: number, y: number) => { this.scrollTo(x, y); });","ArkTS","library\src\main\ets\tablefixheaders\TableFixHeaders.ets:179","controller: functionalInputComponentManager.FunctionalInputController@library\src\main\ets\tablefixheaders\TableFixHeaders.ets:179","this","5.1.0(18)","controller: functionalInputComponentManager.FunctionalInputController"
"controller: functionalInputComponentManager.FunctionalInputController","新增API","harmonyos_api_changes/HarmonyOS_5.1.0(18).json","controller","","this.controller.setScrollBy((dx: number, dy: number) => { this.scrollBy(dx, dy); });","ArkTS","library\src\main\ets\tablefixheaders\TableFixHeaders.ets:180","controller: functionalInputComponentManager.FunctionalInputController@library\src\main\ets\tablefixheaders\TableFixHeaders.ets:180","this","5.1.0(18)","controller: functionalInputComponentManager.FunctionalInputController"
"controller: functionalInputComponentManager.FunctionalInputController","新增API","harmonyos_api_changes/HarmonyOS_5.1.0(18).json","controller","","this.controller.setGetActualScrollX(() => this.actualScrollX);","ArkTS","library\src\main\ets\tablefixheaders\TableFixHeaders.ets:181","controller: functionalInputComponentManager.FunctionalInputController@library\src\main\ets\tablefixheaders\TableFixHeaders.ets:181","this","5.1.0(18)","controller: functionalInputComponentManager.FunctionalInputController"
"controller: functionalInputComponentManager.FunctionalInputController","新增API","harmonyos_api_changes/HarmonyOS_5.1.0(18).json","controller","","this.controller.setGetActualScrollY(() => this.actualScrollY);","ArkTS","library\src\main\ets\tablefixheaders\TableFixHeaders.ets:182","controller: functionalInputComponentManager.FunctionalInputController@library\src\main\ets\tablefixheaders\TableFixHeaders.ets:182","this","5.1.0(18)","controller: functionalInputComponentManager.FunctionalInputController"
"controller: loginComponentManager.LoginPanelController","新增装饰器","harmonyos_api_changes/HarmonyOS_26.0.0_Beta1.json","controller","","this.controller.setScrollTo((x: number, y: number) => { this.scrollTo(x, y); });","ArkTS","library\src\main\ets\tablefixheaders\TableFixHeaders.ets:179","controller: loginComponentManager.LoginPanelController@library\src\main\ets\tablefixheaders\TableFixHeaders.ets:179","this","26.0.0 Beta2","controller: loginComponentManager.LoginPanelController"
"controller: loginComponentManager.LoginPanelController","新增装饰器","harmonyos_api_changes/HarmonyOS_26.0.0_Beta1.json","controller","","this.controller.setScrollBy((dx: number, dy: number) => { this.scrollBy(dx, dy); });","ArkTS","library\src\main\ets\tablefixheaders\TableFixHeaders.ets:180","controller: loginComponentManager.LoginPanelController@library\src\main\ets\tablefixheaders\TableFixHeaders.ets:180","this","26.0.0 Beta2","controller: loginComponentManager.LoginPanelController"
"controller: loginComponentManager.LoginPanelController","新增装饰器","harmonyos_api_changes/HarmonyOS_26.0.0_Beta1.json","controller","","this.controller.setGetActualScrollX(() => this.actualScrollX);","ArkTS","library\src\main\ets\tablefixheaders\TableFixHeaders.ets:181","controller: loginComponentManager.LoginPanelController@library\src\main\ets\tablefixheaders\TableFixHeaders.ets:181","this","26.0.0 Beta2","controller: loginComponentManager.LoginPanelController"
"controller: loginComponentManager.LoginPanelController","新增装饰器","harmonyos_api_changes/HarmonyOS_26.0.0_Beta1.json","controller","","this.controller.setGetActualScrollY(() => this.actualScrollY);","ArkTS","library\src\main\ets\tablefixheaders\TableFixHeaders.ets:182","controller: loginComponentManager.LoginPanelController@library\src\main\ets\tablefixheaders\TableFixHeaders.ets:182","this","26.0.0 Beta2","controller: loginComponentManager.LoginPanelController"
"controller: loginComponentManager.LoginWithHuaweiIDButtonController","新增装饰器","harmonyos_api_changes/HarmonyOS_26.0.0_Beta1.json","controller","","this.controller.setScrollTo((x: number, y: number) => { this.scrollTo(x, y); });","ArkTS","library\src\main\ets\tablefixheaders\TableFixHeaders.ets:179","controller: loginComponentManager.LoginWithHuaweiIDButtonController@library\src\main\ets\tablefixheaders\TableFixHeaders.ets:179","this","26.0.0 Beta2","controller: loginComponentManager.LoginWithHuaweiIDButtonController"
"controller: loginComponentManager.LoginWithHuaweiIDButtonController","新增装饰器","harmonyos_api_changes/HarmonyOS_26.0.0_Beta1.json","controller","","this.controller.setScrollBy((dx: number, dy: number) => { this.scrollBy(dx, dy); });","ArkTS","library\src\main\ets\tablefixheaders\TableFixHeaders.ets:180","controller: loginComponentManager.LoginWithHuaweiIDButtonController@library\src\main\ets\tablefixheaders\TableFixHeaders.ets:180","this","26.0.0 Beta2","controller: loginComponentManager.LoginWithHuaweiIDButtonController"
"controller: loginComponentManager.LoginWithHuaweiIDButtonController","新增装饰器","harmonyos_api_changes/HarmonyOS_26.0.0_Beta1.json","controller","","this.controller.setGetActualScrollX(() => this.actualScrollX);","ArkTS","library\src\main\ets\tablefixheaders\TableFixHeaders.ets:181","controller: loginComponentManager.LoginWithHuaweiIDButtonController@library\src\main\ets\tablefixheaders\TableFixHeaders.ets:181","this","26.0.0 Beta2","controller: loginComponentManager.LoginWithHuaweiIDButtonController"
"controller: loginComponentManager.LoginWithHuaweiIDButtonController","新增装饰器","harmonyos_api_changes/HarmonyOS_26.0.0_Beta1.json","controller","","this.controller.setGetActualScrollY(() => this.actualScrollY);","ArkTS","library\src\main\ets\tablefixheaders\TableFixHeaders.ets:182","controller: loginComponentManager.LoginWithHuaweiIDButtonController@library\src\main\ets\tablefixheaders\TableFixHeaders.ets:182","this","26.0.0 Beta2","controller: loginComponentManager.LoginWithHuaweiIDButtonController"
"controller: readerCore.ReaderComponentController","新增API","harmonyos_api_changes/HarmonyOS_5.0.4(16).json","controller","","this.controller.setScrollTo((x: number, y: number) => { this.scrollTo(x, y); });","ArkTS","library\src\main\ets\tablefixheaders\TableFixHeaders.ets:179","controller: readerCore.ReaderComponentController@library\src\main\ets\tablefixheaders\TableFixHeaders.ets:179","this","5.0.4(16)","controller: readerCore.ReaderComponentController"
"controller: readerCore.ReaderComponentController","新增API","harmonyos_api_changes/HarmonyOS_5.0.4(16).json","controller","","this.controller.setScrollBy((dx: number, dy: number) => { this.scrollBy(dx, dy); });","ArkTS","library\src\main\ets\tablefixheaders\TableFixHeaders.ets:180","controller: readerCore.ReaderComponentController@library\src\main\ets\tablefixheaders\TableFixHeaders.ets:180","this","5.0.4(16)","controller: readerCore.ReaderComponentController"
"controller: readerCore.ReaderComponentController","新增API","harmonyos_api_changes/HarmonyOS_5.0.4(16).json","controller","","this.controller.setGetActualScrollX(() => this.actualScrollX);","ArkTS","library\src\main\ets\tablefixheaders\TableFixHeaders.ets:181","controller: readerCore.ReaderComponentController@library\src\main\ets\tablefixheaders\TableFixHeaders.ets:181","this","5.0.4(16)","controller: readerCore.ReaderComponentController"
"controller: readerCore.ReaderComponentController","新增API","harmonyos_api_changes/HarmonyOS_5.0.4(16).json","controller","","this.controller.setGetActualScrollY(() => this.actualScrollY);","ArkTS","library\src\main\ets\tablefixheaders\TableFixHeaders.ets:182","controller: readerCore.ReaderComponentController@library\src\main\ets\tablefixheaders\TableFixHeaders.ets:182","this","5.0.4(16)","controller: readerCore.ReaderComponentController"
"controller?: FunctionController","新增API","harmonyos_api_changes/HarmonyOS_6.0.0(20)_Beta3.json","controller","","this.controller.setScrollTo((x: number, y: number) => { this.scrollTo(x, y); });","ArkTS","library\src\main\ets\tablefixheaders\TableFixHeaders.ets:179","controller?: FunctionController@library\src\main\ets\tablefixheaders\TableFixHeaders.ets:179","this","6.0.0(20)","controller?: FunctionController"
"controller?: FunctionController","新增API","harmonyos_api_changes/HarmonyOS_6.0.0(20)_Beta3.json","controller","","this.controller.setScrollBy((dx: number, dy: number) => { this.scrollBy(dx, dy); });","ArkTS","library\src\main\ets\tablefixheaders\TableFixHeaders.ets:180","controller?: FunctionController@library\src\main\ets\tablefixheaders\TableFixHeaders.ets:180","this","6.0.0(20)","controller?: FunctionController"
"controller?: FunctionController","新增API","harmonyos_api_changes/HarmonyOS_6.0.0(20)_Beta3.json","controller","","this.controller.setGetActualScrollX(() => this.actualScrollX);","ArkTS","library\src\main\ets\tablefixheaders\TableFixHeaders.ets:181","controller?: FunctionController@library\src\main\ets\tablefixheaders\TableFixHeaders.ets:181","this","6.0.0(20)","controller?: FunctionController"
"controller?: FunctionController","新增API","harmonyos_api_changes/HarmonyOS_6.0.0(20)_Beta3.json","controller","","this.controller.setGetActualScrollY(() => this.actualScrollY);","ArkTS","library\src\main\ets\tablefixheaders\TableFixHeaders.ets:182","controller?: FunctionController@library\src\main\ets\tablefixheaders\TableFixHeaders.ets:182","this","6.0.0(20)","controller?: FunctionController"
"controller?: HdsTabsController","新增API","harmonyos_api_changes/HarmonyOS_6.0.0(20)_Beta1.json","controller","","this.controller.setScrollTo((x: number, y: number) => { this.scrollTo(x, y); });","ArkTS","library\src\main\ets\tablefixheaders\TableFixHeaders.ets:179","controller?: HdsTabsController@library\src\main\ets\tablefixheaders\TableFixHeaders.ets:179","this","6.0.0(20)","controller?: HdsTabsController"
"controller?: HdsTabsController","新增API","harmonyos_api_changes/HarmonyOS_6.0.0(20)_Beta1.json","controller","","this.controller.setScrollBy((dx: number, dy: number) => { this.scrollBy(dx, dy); });","ArkTS","library\src\main\ets\tablefixheaders\TableFixHeaders.ets:180","controller?: HdsTabsController@library\src\main\ets\tablefixheaders\TableFixHeaders.ets:180","this","6.0.0(20)","controller?: HdsTabsController"
"controller?: HdsTabsController","新增API","harmonyos_api_changes/HarmonyOS_6.0.0(20)_Beta1.json","controller","","this.controller.setGetActualScrollX(() => this.actualScrollX);","ArkTS","library\src\main\ets\tablefixheaders\TableFixHeaders.ets:181","controller?: HdsTabsController@library\src\main\ets\tablefixheaders\TableFixHeaders.ets:181","this","6.0.0(20)","controller?: HdsTabsController"
"controller?: HdsTabsController","新增API","harmonyos_api_changes/HarmonyOS_6.0.0(20)_Beta1.json","controller","","this.controller.setGetActualScrollY(() => this.actualScrollY);","ArkTS","library\src\main\ets\tablefixheaders\TableFixHeaders.ets:182","controller?: HdsTabsController@library\src\main\ets\tablefixheaders\TableFixHeaders.ets:182","this","6.0.0(20)","controller?: HdsTabsController"
"controller?: SearchController","新增API","harmonyos_api_changes/HarmonyOS_5.1.0(18).json","controller","","this.controller.setScrollTo((x: number, y: number) => { this.scrollTo(x, y); });","ArkTS","library\src\main\ets\tablefixheaders\TableFixHeaders.ets:179","controller?: SearchController@library\src\main\ets\tablefixheaders\TableFixHeaders.ets:179","this","5.1.0(18)","controller?: SearchController"
"controller?: SearchController","新增API","harmonyos_api_changes/HarmonyOS_5.1.0(18).json","controller","","this.controller.setScrollBy((dx: number, dy: number) => { this.scrollBy(dx, dy); });","ArkTS","library\src\main\ets\tablefixheaders\TableFixHeaders.ets:180","controller?: SearchController@library\src\main\ets\tablefixheaders\TableFixHeaders.ets:180","this","5.1.0(18)","controller?: SearchController"
"controller?: SearchController","新增API","harmonyos_api_changes/HarmonyOS_5.1.0(18).json","controller","","this.controller.setGetActualScrollX(() => this.actualScrollX);","ArkTS","library\src\main\ets\tablefixheaders\TableFixHeaders.ets:181","controller?: SearchController@library\src\main\ets\tablefixheaders\TableFixHeaders.ets:181","this","5.1.0(18)","controller?: SearchController"
"controller?: SearchController","新增API","harmonyos_api_changes/HarmonyOS_5.1.0(18).json","controller","","this.controller.setGetActualScrollY(() => this.actualScrollY);","ArkTS","library\src\main\ets\tablefixheaders\TableFixHeaders.ets:182","controller?: SearchController@library\src\main\ets\tablefixheaders\TableFixHeaders.ets:182","this","5.1.0(18)","controller?: SearchController"
"controller?: ShaderEffectController","新增API","harmonyos_api_changes/HarmonyOS_6.0.0(20)_Beta1.json","controller","","this.controller.setScrollTo((x: number, y: number) => { this.scrollTo(x, y); });","ArkTS","library\src\main\ets\tablefixheaders\TableFixHeaders.ets:179","controller?: ShaderEffectController@library\src\main\ets\tablefixheaders\TableFixHeaders.ets:179","this","6.0.0(20)","controller?: ShaderEffectController"
"controller?: ShaderEffectController","新增API","harmonyos_api_changes/HarmonyOS_6.0.0(20)_Beta1.json","controller","","this.controller.setScrollBy((dx: number, dy: number) => { this.scrollBy(dx, dy); });","ArkTS","library\src\main\ets\tablefixheaders\TableFixHeaders.ets:180","controller?: ShaderEffectController@library\src\main\ets\tablefixheaders\TableFixHeaders.ets:180","this","6.0.0(20)","controller?: ShaderEffectController"
"controller?: ShaderEffectController","新增API","harmonyos_api_changes/HarmonyOS_6.0.0(20)_Beta1.json","controller","","this.controller.setGetActualScrollX(() => this.actualScrollX);","ArkTS","library\src\main\ets\tablefixheaders\TableFixHeaders.ets:181","controller?: ShaderEffectController@library\src\main\ets\tablefixheaders\TableFixHeaders.ets:181","this","6.0.0(20)","controller?: ShaderEffectController"
"controller?: ShaderEffectController","新增API","harmonyos_api_changes/HarmonyOS_6.0.0(20)_Beta1.json","controller","","this.controller.setGetActualScrollY(() => this.actualScrollY);","ArkTS","library\src\main\ets\tablefixheaders\TableFixHeaders.ets:182","controller?: ShaderEffectController@library\src\main\ets\tablefixheaders\TableFixHeaders.ets:182","this","6.0.0(20)","controller?: ShaderEffectController"
"controller?: TabsController","新增API","harmonyos_api_changes/HarmonyOS_5.0.3(15)_Beta2.json","controller","","this.controller.setScrollTo((x: number, y: number) => { this.scrollTo(x, y); });","ArkTS","library\src\main\ets\tablefixheaders\TableFixHeaders.ets:179","controller?: TabsController@library\src\main\ets\tablefixheaders\TableFixHeaders.ets:179","this","5.0.3(15)","controller?: TabsController"
"controller?: TabsController","新增API","harmonyos_api_changes/HarmonyOS_5.0.3(15)_Beta2.json","controller","","this.controller.setScrollBy((dx: number, dy: number) => { this.scrollBy(dx, dy); });","ArkTS","library\src\main\ets\tablefixheaders\TableFixHeaders.ets:180","controller?: TabsController@library\src\main\ets\tablefixheaders\TableFixHeaders.ets:180","this","5.0.3(15)","controller?: TabsController"
"controller?: TabsController","新增API","harmonyos_api_changes/HarmonyOS_5.0.3(15)_Beta2.json","controller","","this.controller.setGetActualScrollX(() => this.actualScrollX);","ArkTS","library\src\main\ets\tablefixheaders\TableFixHeaders.ets:181","controller?: TabsController@library\src\main\ets\tablefixheaders\TableFixHeaders.ets:181","this","5.0.3(15)","controller?: TabsController"
"controller?: TabsController","新增API","harmonyos_api_changes/HarmonyOS_5.0.3(15)_Beta2.json","controller","","this.controller.setGetActualScrollY(() => this.actualScrollY);","ArkTS","library\src\main\ets\tablefixheaders\TableFixHeaders.ets:182","controller?: TabsController@library\src\main\ets\tablefixheaders\TableFixHeaders.ets:182","this","5.0.3(15)","controller?: TabsController"
"controller?: TextClockController","新增API","harmonyos_api_changes/HarmonyOS_5.1.0(18).json","controller","","this.controller.setScrollTo((x: number, y: number) => { this.scrollTo(x, y); });","ArkTS","library\src\main\ets\tablefixheaders\TableFixHeaders.ets:179","controller?: TextClockController@library\src\main\ets\tablefixheaders\TableFixHeaders.ets:179","this","5.1.0(18)","controller?: TextClockController"
"controller?: TextClockController","新增API","harmonyos_api_changes/HarmonyOS_5.1.0(18).json","controller","","this.controller.setScrollBy((dx: number, dy: number) => { this.scrollBy(dx, dy); });","ArkTS","library\src\main\ets\tablefixheaders\TableFixHeaders.ets:180","controller?: TextClockController@library\src\main\ets\tablefixheaders\TableFixHeaders.ets:180","this","5.1.0(18)","controller?: TextClockController"
"controller?: TextClockController","新增API","harmonyos_api_changes/HarmonyOS_5.1.0(18).json","controller","","this.controller.setGetActualScrollX(() => this.actualScrollX);","ArkTS","library\src\main\ets\tablefixheaders\TableFixHeaders.ets:181","controller?: TextClockController@library\src\main\ets\tablefixheaders\TableFixHeaders.ets:181","this","5.1.0(18)","controller?: TextClockController"
"controller?: TextClockController","新增API","harmonyos_api_changes/HarmonyOS_5.1.0(18).json","controller","","this.controller.setGetActualScrollY(() => this.actualScrollY);","ArkTS","library\src\main\ets\tablefixheaders\TableFixHeaders.ets:182","controller?: TextClockController@library\src\main\ets\tablefixheaders\TableFixHeaders.ets:182","this","5.1.0(18)","controller?: TextClockController"
"declare class CommonMethod<T>","接口定义变更","harmonyos_behavior_changes/HarmonyOS_26.0.0(26)_Beta1.json","CommonMethod","","this.context.getApplicationContext().setColorMode(ConfigurationConstant.ColorMode.COLOR_MODE_NOT_SET);","ArkTS","entry\src\main\ets\entryability\EntryAbility.ets:10","declare class CommonMethod<T>@entry\src\main\ets\entryability\EntryAbility.ets:10","this","26.0.0(26)","declare class CommonMethod<T>"
"declare class CommonMethod<T>","接口定义变更","harmonyos_behavior_changes/HarmonyOS_26.0.0(26)_Beta1.json","CommonMethod","",".height('100%')","ArkTS","entry\src\main\ets\pages\FamilyTablePage.ets:100","declare class CommonMethod<T>@entry\src\main\ets\pages\FamilyTablePage.ets:100","","26.0.0(26)","declare class CommonMethod<T>"
"declare class CommonMethod<T>","接口定义变更","harmonyos_behavior_changes/HarmonyOS_26.0.0(26)_Beta1.json","CommonMethod","",".backgroundColor('#F5F6FA')","ArkTS","entry\src\main\ets\pages\FamilyTablePage.ets:101","declare class CommonMethod<T>@entry\src\main\ets\pages\FamilyTablePage.ets:101","","26.0.0(26)","declare class CommonMethod<T>"
"declare class CommonMethod<T>","接口定义变更","harmonyos_behavior_changes/HarmonyOS_26.0.0(26)_Beta1.json","CommonMethod","",".fontSize(14)","ArkTS","entry\src\main\ets\pages\FamilyTablePage.ets:40","declare class CommonMethod<T>@entry\src\main\ets\pages\FamilyTablePage.ets:40","","26.0.0(26)","declare class CommonMethod<T>"
"declare class CommonMethod<T>","接口定义变更","harmonyos_behavior_changes/HarmonyOS_26.0.0(26)_Beta1.json","CommonMethod","",".fontColor('#4A90D9')","ArkTS","entry\src\main\ets\pages\FamilyTablePage.ets:41","declare class CommonMethod<T>@entry\src\main\ets\pages\FamilyTablePage.ets:41","","26.0.0(26)","declare class CommonMethod<T>"
"declare class CommonMethod<T>","接口定义变更","harmonyos_behavior_changes/HarmonyOS_26.0.0(26)_Beta1.json","CommonMethod","",".onClick(() => {","ArkTS","entry\src\main\ets\pages\FamilyTablePage.ets:42","declare class CommonMethod<T>@entry\src\main\ets\pages\FamilyTablePage.ets:42","","26.0.0(26)","declare class CommonMethod<T>"
"declare class CommonMethod<T>","接口定义变更","harmonyos_behavior_changes/HarmonyOS_26.0.0(26)_Beta1.json","CommonMethod","",".fontSize(17)","ArkTS","entry\src\main\ets\pages\FamilyTablePage.ets:47","declare class CommonMethod<T>@entry\src\main\ets\pages\FamilyTablePage.ets:47","","26.0.0(26)","declare class CommonMethod<T>"
"declare class CommonMethod<T>","接口定义变更","harmonyos_behavior_changes/HarmonyOS_26.0.0(26)_Beta1.json","CommonMethod","",".fontWeight(FontWeight.Bold)","ArkTS","entry\src\main\ets\pages\FamilyTablePage.ets:48","declare class CommonMethod<T>@entry\src\main\ets\pages\FamilyTablePage.ets:48","","26.0.0(26)","declare class CommonMethod<T>"
"declare class CommonMethod<T>","接口定义变更","harmonyos_behavior_changes/HarmonyOS_26.0.0(26)_Beta1.json","CommonMethod","",".fontColor('#1A1A2E')","ArkTS","entry\src\main\ets\pages\FamilyTablePage.ets:49","declare class CommonMethod<T>@entry\src\main\ets\pages\FamilyTablePage.ets:49","","26.0.0(26)","declare class CommonMethod<T>"
"declare class CommonMethod<T>","接口定义变更","harmonyos_behavior_changes/HarmonyOS_26.0.0(26)_Beta1.json","CommonMethod","",".layoutWeight(1)","ArkTS","entry\src\main\ets\pages\FamilyTablePage.ets:50","declare class CommonMethod<T>@entry\src\main\ets\pages\FamilyTablePage.ets:50","","26.0.0(26)","declare class CommonMethod<T>"
"declare class CommonMethod<T>","接口定义变更","harmonyos_behavior_changes/HarmonyOS_26.0.0(26)_Beta1.json","CommonMethod","",".textAlign(TextAlign.Center)","ArkTS","entry\src\main\ets\pages\FamilyTablePage.ets:51","declare class CommonMethod<T>@entry\src\main\ets\pages\FamilyTablePage.ets:51","","26.0.0(26)","declare class CommonMethod<T>"
"declare class CommonMethod<T>","接口定义变更","harmonyos_behavior_changes/HarmonyOS_26.0.0(26)_Beta1.json","CommonMethod","",".fontSize(14)","ArkTS","entry\src\main\ets\pages\FamilyTablePage.ets:54","declare class CommonMethod<T>@entry\src\main\ets\pages\FamilyTablePage.ets:54","","26.0.0(26)","declare class CommonMethod<T>"
"declare class CommonMethod<T>","接口定义变更","harmonyos_behavior_changes/HarmonyOS_26.0.0(26)_Beta1.json","CommonMethod","",".width(50)","ArkTS","entry\src\main\ets\pages\FamilyTablePage.ets:55","declare class CommonMethod<T>@entry\src\main\ets\pages\FamilyTablePage.ets:55","","26.0.0(26)","declare class CommonMethod<T>"
"declare class CommonMethod<T>","接口定义变更","harmonyos_behavior_changes/HarmonyOS_26.0.0(26)_Beta1.json","CommonMethod","",".width('100%')","ArkTS","entry\src\main\ets\pages\FamilyTablePage.ets:57","declare class CommonMethod<T>@entry\src\main\ets\pages\FamilyTablePage.ets:57","","26.0.0(26)","declare class CommonMethod<T>"
"declare class CommonMethod<T>","接口定义变更","harmonyos_behavior_changes/HarmonyOS_26.0.0(26)_Beta1.json","CommonMethod","",".padding({ top: 12, bottom: 8, left: 16, right: 16 })","ArkTS","entry\src\main\ets\pages\FamilyTablePage.ets:58","declare class CommonMethod<T>@entry\src\main\ets\pages\FamilyTablePage.ets:58","","26.0.0(26)","declare class CommonMethod<T>"
"declare class CommonMethod<T>","接口定义变更","harmonyos_behavior_changes/HarmonyOS_26.0.0(26)_Beta1.json","CommonMethod","",".backgroundColor('#FFFFFF')","ArkTS","entry\src\main\ets\pages\FamilyTablePage.ets:59","declare class CommonMethod<T>@entry\src\main\ets\pages\FamilyTablePage.ets:59","","26.0.0(26)","declare class CommonMethod<T>"
"declare class CommonMethod<T>","接口定义变更","harmonyos_behavior_changes/HarmonyOS_26.0.0(26)_Beta1.json","CommonMethod","",".fontSize(12)","ArkTS","entry\src\main\ets\pages\FamilyTablePage.ets:64","declare class CommonMethod<T>@entry\src\main\ets\pages\FamilyTablePage.ets:64","","26.0.0(26)","declare class CommonMethod<T>"
"declare class CommonMethod<T>","接口定义变更","harmonyos_behavior_changes/HarmonyOS_26.0.0(26)_Beta1.json","CommonMethod","",".fontColor('#666666')","ArkTS","entry\src\main\ets\pages\FamilyTablePage.ets:65","declare class CommonMethod<T>@entry\src\main\ets\pages\FamilyTablePage.ets:65","","26.0.0(26)","declare class CommonMethod<T>"
"declare class CommonMethod<T>","接口定义变更","harmonyos_behavior_changes/HarmonyOS_26.0.0(26)_Beta1.json","CommonMethod","",".width('100%')","ArkTS","entry\src\main\ets\pages\FamilyTablePage.ets:67","declare class CommonMethod<T>@entry\src\main\ets\pages\FamilyTablePage.ets:67","","26.0.0(26)","declare class CommonMethod<T>"
"declare class CommonMethod<T>","接口定义变更","harmonyos_behavior_changes/HarmonyOS_26.0.0(26)_Beta1.json","CommonMethod","",".padding({ top: 6, bottom: 6, left: 16, right: 16 })","ArkTS","entry\src\main\ets\pages\FamilyTablePage.ets:68","declare class CommonMethod<T>@entry\src\main\ets\pages\FamilyTablePage.ets:68","","26.0.0(26)","declare class CommonMethod<T>"
"declare class CommonMethod<T>","接口定义变更","harmonyos_behavior_changes/HarmonyOS_26.0.0(26)_Beta1.json","CommonMethod","",".backgroundColor('#FAFAFA')","ArkTS","entry\src\main\ets\pages\FamilyTablePage.ets:69","declare class CommonMethod<T>@entry\src\main\ets\pages\FamilyTablePage.ets:69","","26.0.0(26)","declare class CommonMethod<T>"
"declare class CommonMethod<T>","接口定义变更","harmonyos_behavior_changes/HarmonyOS_26.0.0(26)_Beta1.json","CommonMethod","",".layoutWeight(1)","ArkTS","entry\src\main\ets\pages\FamilyTablePage.ets:75","declare class CommonMethod<T>@entry\src\main\ets\pages\FamilyTablePage.ets:75","","26.0.0(26)","declare class CommonMethod<T>"
"declare class CommonMethod<T>","接口定义变更","harmonyos_behavior_changes/HarmonyOS_26.0.0(26)_Beta1.json","CommonMethod","",".width('100%')","ArkTS","entry\src\main\ets\pages\FamilyTablePage.ets:76","declare class CommonMethod<T>@entry\src\main\ets\pages\FamilyTablePage.ets:76","","26.0.0(26)","declare class CommonMethod<T>"
"declare class CommonMethod<T>","接口定义变更","harmonyos_behavior_changes/HarmonyOS_26.0.0(26)_Beta1.json","CommonMethod","",".padding(2)","ArkTS","entry\src\main\ets\pages\FamilyTablePage.ets:77","declare class CommonMethod<T>@entry\src\main\ets\pages\FamilyTablePage.ets:77","","26.0.0(26)","declare class CommonMethod<T>"
"declare class CommonMethod<T>","接口定义变更","harmonyos_behavior_changes/HarmonyOS_26.0.0(26)_Beta1.json","CommonMethod","",".border({ width: 1, color: '#E0E0E0' })","ArkTS","entry\src\main\ets\pages\FamilyTablePage.ets:78","declare class CommonMethod<T>@entry\src\main\ets\pages\FamilyTablePage.ets:78","","26.0.0(26)","declare class CommonMethod<T>"
"declare class CommonMethod<T>","接口定义变更","harmonyos_behavior_changes/HarmonyOS_26.0.0(26)_Beta1.json","CommonMethod","",".margin({ left: 8, right: 8, bottom: 8 })","ArkTS","entry\src\main\ets\pages\FamilyTablePage.ets:79","declare class CommonMethod<T>@entry\src\main\ets\pages\FamilyTablePage.ets:79","","26.0.0(26)","declare class CommonMethod<T>"
"declare class CommonMethod<T>","接口定义变更","harmonyos_behavior_changes/HarmonyOS_26.0.0(26)_Beta1.json","CommonMethod","",".fontSize(13)","ArkTS","entry\src\main\ets\pages\FamilyTablePage.ets:84","declare class CommonMethod<T>@entry\src\main\ets\pages\FamilyTablePage.ets:84","","26.0.0(26)","declare class CommonMethod<T>"
"declare class CommonMethod<T>","接口定义变更","harmonyos_behavior_changes/HarmonyOS_26.0.0(26)_Beta1.json","CommonMethod","",".fontWeight(FontWeight.Medium)","ArkTS","entry\src\main\ets\pages\FamilyTablePage.ets:85","declare class CommonMethod<T>@entry\src\main\ets\pages\FamilyTablePage.ets:85","","26.0.0(26)","declare class CommonMethod<T>"
"declare class CommonMethod<T>","接口定义变更","harmonyos_behavior_changes/HarmonyOS_26.0.0(26)_Beta1.json","CommonMethod","",".fontColor('#666666')","ArkTS","entry\src\main\ets\pages\FamilyTablePage.ets:86","declare class CommonMethod<T>@entry\src\main\ets\pages\FamilyTablePage.ets:86","","26.0.0(26)","declare class CommonMethod<T>"
"declare class CommonMethod<T>","接口定义变更","harmonyos_behavior_changes/HarmonyOS_26.0.0(26)_Beta1.json","CommonMethod","",".margin({ bottom: 6 })","ArkTS","entry\src\main\ets\pages\FamilyTablePage.ets:87","declare class CommonMethod<T>@entry\src\main\ets\pages\FamilyTablePage.ets:87","","26.0.0(26)","declare class CommonMethod<T>"
"declare class CommonMethod<T>","接口定义变更","harmonyos_behavior_changes/HarmonyOS_26.0.0(26)_Beta1.json","CommonMethod","",".fontSize(12)","ArkTS","entry\src\main\ets\pages\FamilyTablePage.ets:90","declare class CommonMethod<T>@entry\src\main\ets\pages\FamilyTablePage.ets:90","","26.0.0(26)","declare class CommonMethod<T>"
"declare class CommonMethod<T>","接口定义变更","harmonyos_behavior_changes/HarmonyOS_26.0.0(26)_Beta1.json","CommonMethod","",".fontColor('#999999')","ArkTS","entry\src\main\ets\pages\FamilyTablePage.ets:91","declare class CommonMethod<T>@entry\src\main\ets\pages\FamilyTablePage.ets:91","","26.0.0(26)","declare class CommonMethod<T>"
"declare class CommonMethod<T>","接口定义变更","harmonyos_behavior_changes/HarmonyOS_26.0.0(26)_Beta1.json","CommonMethod","",".lineHeight(20)","ArkTS","entry\src\main\ets\pages\FamilyTablePage.ets:92","declare class CommonMethod<T>@entry\src\main\ets\pages\FamilyTablePage.ets:92","","26.0.0(26)","declare class CommonMethod<T>"
"declare class CommonMethod<T>","接口定义变更","harmonyos_behavior_changes/HarmonyOS_26.0.0(26)_Beta1.json","CommonMethod","",".width('100%')","ArkTS","entry\src\main\ets\pages\FamilyTablePage.ets:94","declare class CommonMethod<T>@entry\src\main\ets\pages\FamilyTablePage.ets:94","","26.0.0(26)","declare class CommonMethod<T>"
"declare class CommonMethod<T>","接口定义变更","harmonyos_behavior_changes/HarmonyOS_26.0.0(26)_Beta1.json","CommonMethod","",".padding(12)","ArkTS","entry\src\main\ets\pages\FamilyTablePage.ets:95","declare class CommonMethod<T>@entry\src\main\ets\pages\FamilyTablePage.ets:95","","26.0.0(26)","declare class CommonMethod<T>"
"declare class CommonMethod<T>","接口定义变更","harmonyos_behavior_changes/HarmonyOS_26.0.0(26)_Beta1.json","CommonMethod","",".backgroundColor('#F8F8F8')","ArkTS","entry\src\main\ets\pages\FamilyTablePage.ets:96","declare class CommonMethod<T>@entry\src\main\ets\pages\FamilyTablePage.ets:96","","26.0.0(26)","declare class CommonMethod<T>"
"declare class CommonMethod<T>","接口定义变更","harmonyos_behavior_changes/HarmonyOS_26.0.0(26)_Beta1.json","CommonMethod","",".borderRadius({ topLeft: 12, topRight: 12 })","ArkTS","entry\src\main\ets\pages\FamilyTablePage.ets:97","declare class CommonMethod<T>@entry\src\main\ets\pages\FamilyTablePage.ets:97","","26.0.0(26)","declare class CommonMethod<T>"
"declare class CommonMethod<T>","接口定义变更","harmonyos_behavior_changes/HarmonyOS_26.0.0(26)_Beta1.json","CommonMethod","",".width('100%')","ArkTS","entry\src\main\ets\pages\FamilyTablePage.ets:99","declare class CommonMethod<T>@entry\src\main\ets\pages\FamilyTablePage.ets:99","","26.0.0(26)","declare class CommonMethod<T>"
"declare class CommonMethod<T>","接口定义变更","harmonyos_behavior_changes/HarmonyOS_26.0.0(26)_Beta1.json","CommonMethod","",".fontSize(20)","ArkTS","entry\src\main\ets\pages\Index.ets:100","declare class CommonMethod<T>@entry\src\main\ets\pages\Index.ets:100","","26.0.0(26)","declare class CommonMethod<T>"
"declare class CommonMethod<T>","接口定义变更","harmonyos_behavior_changes/HarmonyOS_26.0.0(26)_Beta1.json","CommonMethod","",".fontColor('#CCCCCC')","ArkTS","entry\src\main\ets\pages\Index.ets:101","declare class CommonMethod<T>@entry\src\main\ets\pages\Index.ets:101","","26.0.0(26)","declare class CommonMethod<T>"
"declare class CommonMethod<T>","接口定义变更","harmonyos_behavior_changes/HarmonyOS_26.0.0(26)_Beta1.json","CommonMethod","",".width(24)","ArkTS","entry\src\main\ets\pages\Index.ets:102","declare class CommonMethod<T>@entry\src\main\ets\pages\Index.ets:102","","26.0.0(26)","declare class CommonMethod<T>"
"declare class CommonMethod<T>","接口定义变更","harmonyos_behavior_changes/HarmonyOS_26.0.0(26)_Beta1.json","CommonMethod","",".textAlign(TextAlign.Center)","ArkTS","entry\src\main\ets\pages\Index.ets:103","declare class CommonMethod<T>@entry\src\main\ets\pages\Index.ets:103","","26.0.0(26)","declare class CommonMethod<T>"
"declare class CommonMethod<T>","接口定义变更","harmonyos_behavior_changes/HarmonyOS_26.0.0(26)_Beta1.json","CommonMethod","",".width('100%')","ArkTS","entry\src\main\ets\pages\Index.ets:105","declare class CommonMethod<T>@entry\src\main\ets\pages\Index.ets:105","","26.0.0(26)","declare class CommonMethod<T>"
"declare class CommonMethod<T>","接口定义变更","harmonyos_behavior_changes/HarmonyOS_26.0.0(26)_Beta1.json","CommonMethod","",".height('100%')","ArkTS","entry\src\main\ets\pages\Index.ets:106","declare class CommonMethod<T>@entry\src\main\ets\pages\Index.ets:106","","26.0.0(26)","declare class CommonMethod<T>"
"declare class CommonMethod<T>","接口定义变更","harmonyos_behavior_changes/HarmonyOS_26.0.0(26)_Beta1.json","CommonMethod","",".padding({ left: 16, right: 12 })","ArkTS","entry\src\main\ets\pages\Index.ets:107","declare class CommonMethod<T>@entry\src\main\ets\pages\Index.ets:107","","26.0.0(26)","declare class CommonMethod<T>"
"declare class CommonMethod<T>","接口定义变更","harmonyos_behavior_changes/HarmonyOS_26.0.0(26)_Beta1.json","CommonMethod","",".width('100%')","ArkTS","entry\src\main\ets\pages\Index.ets:109","declare class CommonMethod<T>@entry\src\main\ets\pages\Index.ets:109","","26.0.0(26)","declare class CommonMethod<T>"
"declare class CommonMethod<T>","接口定义变更","harmonyos_behavior_changes/HarmonyOS_26.0.0(26)_Beta1.json","CommonMethod","",".height(80)","ArkTS","entry\src\main\ets\pages\Index.ets:110","declare class CommonMethod<T>@entry\src\main\ets\pages\Index.ets:110","","26.0.0(26)","declare class CommonMethod<T>"
"declare class CommonMethod<T>","接口定义变更","harmonyos_behavior_changes/HarmonyOS_26.0.0(26)_Beta1.json","CommonMethod","",".onClick(() => {","ArkTS","entry\src\main\ets\pages\Index.ets:112","declare class CommonMethod<T>@entry\src\main\ets\pages\Index.ets:112","","26.0.0(26)","declare class CommonMethod<T>"
"declare class CommonMethod<T>","接口定义变更","harmonyos_behavior_changes/HarmonyOS_26.0.0(26)_Beta1.json","CommonMethod","",".width('100%')","ArkTS","entry\src\main\ets\pages\Index.ets:119","declare class CommonMethod<T>@entry\src\main\ets\pages\Index.ets:119","","26.0.0(26)","declare class CommonMethod<T>"
"declare class CommonMethod<T>","接口定义变更","harmonyos_behavior_changes/HarmonyOS_26.0.0(26)_Beta1.json","CommonMethod","",".layoutWeight(1)","ArkTS","entry\src\main\ets\pages\Index.ets:120","declare class CommonMethod<T>@entry\src\main\ets\pages\Index.ets:120","","26.0.0(26)","declare class CommonMethod<T>"
"declare class CommonMethod<T>","接口定义变更","harmonyos_behavior_changes/HarmonyOS_26.0.0(26)_Beta1.json","CommonMethod","",".padding({ left: 16, right: 16, bottom: 16 })","ArkTS","entry\src\main\ets\pages\Index.ets:121","declare class CommonMethod<T>@entry\src\main\ets\pages\Index.ets:121","","26.0.0(26)","declare class CommonMethod<T>"
"declare class CommonMethod<T>","接口定义变更","harmonyos_behavior_changes/HarmonyOS_26.0.0(26)_Beta1.json","CommonMethod","",".width('100%')","ArkTS","entry\src\main\ets\pages\Index.ets:123","declare class CommonMethod<T>@entry\src\main\ets\pages\Index.ets:123","","26.0.0(26)","declare class CommonMethod<T>"
"declare class CommonMethod<T>","接口定义变更","harmonyos_behavior_changes/HarmonyOS_26.0.0(26)_Beta1.json","CommonMethod","",".height('100%')","ArkTS","entry\src\main\ets\pages\Index.ets:124","declare class CommonMethod<T>@entry\src\main\ets\pages\Index.ets:124","","26.0.0(26)","declare class CommonMethod<T>"
"declare class CommonMethod<T>","接口定义变更","harmonyos_behavior_changes/HarmonyOS_26.0.0(26)_Beta1.json","CommonMethod","",".backgroundColor('#F5F6FA')","ArkTS","entry\src\main\ets\pages\Index.ets:125","declare class CommonMethod<T>@entry\src\main\ets\pages\Index.ets:125","","26.0.0(26)","declare class CommonMethod<T>"
"declare class CommonMethod<T>","接口定义变更","harmonyos_behavior_changes/HarmonyOS_26.0.0(26)_Beta1.json","CommonMethod","","}).then(() => {","ArkTS","entry\src\main\ets\pages\Index.ets:131","declare class CommonMethod<T>@entry\src\main\ets\pages\Index.ets:131","","26.0.0(26)","declare class CommonMethod<T>"
"declare class CommonMethod<T>","接口定义变更","harmonyos_behavior_changes/HarmonyOS_26.0.0(26)_Beta1.json","CommonMethod","","}).catch((err: Error) => {","ArkTS","entry\src\main\ets\pages\Index.ets:133","declare class CommonMethod<T>@entry\src\main\ets\pages\Index.ets:133","","26.0.0(26)","declare class CommonMethod<T>"
"declare class CommonMethod<T>","接口定义变更","harmonyos_behavior_changes/HarmonyOS_26.0.0(26)_Beta1.json","CommonMethod","",".fontSize(20)","ArkTS","entry\src\main\ets\pages\Index.ets:40","declare class CommonMethod<T>@entry\src\main\ets\pages\Index.ets:40","","26.0.0(26)","declare class CommonMethod<T>"
"declare class CommonMethod<T>","接口定义变更","harmonyos_behavior_changes/HarmonyOS_26.0.0(26)_Beta1.json","CommonMethod","",".fontWeight(FontWeight.Bold)","ArkTS","entry\src\main\ets\pages\Index.ets:41","declare class CommonMethod<T>@entry\src\main\ets\pages\Index.ets:41","","26.0.0(26)","declare class CommonMethod<T>"
"declare class CommonMethod<T>","接口定义变更","harmonyos_behavior_changes/HarmonyOS_26.0.0(26)_Beta1.json","CommonMethod","",".fontColor('#1A1A2E')","ArkTS","entry\src\main\ets\pages\Index.ets:42","declare class CommonMethod<T>@entry\src\main\ets\pages\Index.ets:42","","26.0.0(26)","declare class CommonMethod<T>"
"declare class CommonMethod<T>","接口定义变更","harmonyos_behavior_changes/HarmonyOS_26.0.0(26)_Beta1.json","CommonMethod","",".width('100%')","ArkTS","entry\src\main\ets\pages\Index.ets:44","declare class CommonMethod<T>@entry\src\main\ets\pages\Index.ets:44","","26.0.0(26)","declare class CommonMethod<T>"
"declare class CommonMethod<T>","接口定义变更","harmonyos_behavior_changes/HarmonyOS_26.0.0(26)_Beta1.json","CommonMethod","",".padding({ top: 24, bottom: 12, left: 20, right: 20 })","ArkTS","entry\src\main\ets\pages\Index.ets:45","declare class CommonMethod<T>@entry\src\main\ets\pages\Index.ets:45","","26.0.0(26)","declare class CommonMethod<T>"
"declare class CommonMethod<T>","接口定义变更","harmonyos_behavior_changes/HarmonyOS_26.0.0(26)_Beta1.json","CommonMethod","",".fontSize(14)","ArkTS","entry\src\main\ets\pages\Index.ets:49","declare class CommonMethod<T>@entry\src\main\ets\pages\Index.ets:49","","26.0.0(26)","declare class CommonMethod<T>"
"declare class CommonMethod<T>","接口定义变更","harmonyos_behavior_changes/HarmonyOS_26.0.0(26)_Beta1.json","CommonMethod","",".fontColor('#666666')","ArkTS","entry\src\main\ets\pages\Index.ets:50","declare class CommonMethod<T>@entry\src\main\ets\pages\Index.ets:50","","26.0.0(26)","declare class CommonMethod<T>"
"declare class CommonMethod<T>","接口定义变更","harmonyos_behavior_changes/HarmonyOS_26.0.0(26)_Beta1.json","CommonMethod","",".width('100%')","ArkTS","entry\src\main\ets\pages\Index.ets:51","declare class CommonMethod<T>@entry\src\main\ets\pages\Index.ets:51","","26.0.0(26)","declare class CommonMethod<T>"
"declare class CommonMethod<T>","接口定义变更","harmonyos_behavior_changes/HarmonyOS_26.0.0(26)_Beta1.json","CommonMethod","",".padding({ left: 20, bottom: 16 })","ArkTS","entry\src\main\ets\pages\Index.ets:52","declare class CommonMethod<T>@entry\src\main\ets\pages\Index.ets:52","","26.0.0(26)","declare class CommonMethod<T>"
"declare class CommonMethod<T>","接口定义变更","harmonyos_behavior_changes/HarmonyOS_26.0.0(26)_Beta1.json","CommonMethod","",".width('100%')","ArkTS","entry\src\main\ets\pages\Index.ets:61","declare class CommonMethod<T>@entry\src\main\ets\pages\Index.ets:61","","26.0.0(26)","declare class CommonMethod<T>"
"declare class CommonMethod<T>","接口定义变更","harmonyos_behavior_changes/HarmonyOS_26.0.0(26)_Beta1.json","CommonMethod","",".height(80)","ArkTS","entry\src\main\ets\pages\Index.ets:62","declare class CommonMethod<T>@entry\src\main\ets\pages\Index.ets:62","","26.0.0(26)","declare class CommonMethod<T>"
"declare class CommonMethod<T>","接口定义变更","harmonyos_behavior_changes/HarmonyOS_26.0.0(26)_Beta1.json","CommonMethod","",".borderRadius(12)","ArkTS","entry\src\main\ets\pages\Index.ets:63","declare class CommonMethod<T>@entry\src\main\ets\pages\Index.ets:63","","26.0.0(26)","declare class CommonMethod<T>"
"declare class CommonMethod<T>","接口定义变更","harmonyos_behavior_changes/HarmonyOS_26.0.0(26)_Beta1.json","CommonMethod","",".backgroundColor('#FFFFFF')","ArkTS","entry\src\main\ets\pages\Index.ets:64","declare class CommonMethod<T>@entry\src\main\ets\pages\Index.ets:64","","26.0.0(26)","declare class CommonMethod<T>"
"declare class CommonMethod<T>","接口定义变更","harmonyos_behavior_changes/HarmonyOS_26.0.0(26)_Beta1.json","CommonMethod","",".shadow({","ArkTS","entry\src\main\ets\pages\Index.ets:65","declare class CommonMethod<T>@entry\src\main\ets\pages\Index.ets:65","","26.0.0(26)","declare class CommonMethod<T>"
"declare class CommonMethod<T>","接口定义变更","harmonyos_behavior_changes/HarmonyOS_26.0.0(26)_Beta1.json","CommonMethod","",".fontSize(18)","ArkTS","entry\src\main\ets\pages\Index.ets:76","declare class CommonMethod<T>@entry\src\main\ets\pages\Index.ets:76","","26.0.0(26)","declare class CommonMethod<T>"
"declare class CommonMethod<T>","接口定义变更","harmonyos_behavior_changes/HarmonyOS_26.0.0(26)_Beta1.json","CommonMethod","",".fontWeight(FontWeight.Bold)","ArkTS","entry\src\main\ets\pages\Index.ets:77","declare class CommonMethod<T>@entry\src\main\ets\pages\Index.ets:77","","26.0.0(26)","declare class CommonMethod<T>"
"declare class CommonMethod<T>","接口定义变更","harmonyos_behavior_changes/HarmonyOS_26.0.0(26)_Beta1.json","CommonMethod","",".fontColor('#4A90D9')","ArkTS","entry\src\main\ets\pages\Index.ets:78","declare class CommonMethod<T>@entry\src\main\ets\pages\Index.ets:78","","26.0.0(26)","declare class CommonMethod<T>"
"declare class CommonMethod<T>","接口定义变更","harmonyos_behavior_changes/HarmonyOS_26.0.0(26)_Beta1.json","CommonMethod","",".width(36)","ArkTS","entry\src\main\ets\pages\Index.ets:79","declare class CommonMethod<T>@entry\src\main\ets\pages\Index.ets:79","","26.0.0(26)","declare class CommonMethod<T>"
"declare class CommonMethod<T>","接口定义变更","harmonyos_behavior_changes/HarmonyOS_26.0.0(26)_Beta1.json","CommonMethod","",".textAlign(TextAlign.Center)","ArkTS","entry\src\main\ets\pages\Index.ets:80","declare class CommonMethod<T>@entry\src\main\ets\pages\Index.ets:80","","26.0.0(26)","declare class CommonMethod<T>"
"declare class CommonMethod<T>","接口定义变更","harmonyos_behavior_changes/HarmonyOS_26.0.0(26)_Beta1.json","CommonMethod","",".fontSize(16)","ArkTS","entry\src\main\ets\pages\Index.ets:84","declare class CommonMethod<T>@entry\src\main\ets\pages\Index.ets:84","","26.0.0(26)","declare class CommonMethod<T>"
"declare class CommonMethod<T>","接口定义变更","harmonyos_behavior_changes/HarmonyOS_26.0.0(26)_Beta1.json","CommonMethod","",".fontWeight(FontWeight.Medium)","ArkTS","entry\src\main\ets\pages\Index.ets:85","declare class CommonMethod<T>@entry\src\main\ets\pages\Index.ets:85","","26.0.0(26)","declare class CommonMethod<T>"
"declare class CommonMethod<T>","接口定义变更","harmonyos_behavior_changes/HarmonyOS_26.0.0(26)_Beta1.json","CommonMethod","",".fontColor('#333333')","ArkTS","entry\src\main\ets\pages\Index.ets:86","declare class CommonMethod<T>@entry\src\main\ets\pages\Index.ets:86","","26.0.0(26)","declare class CommonMethod<T>"
"declare class CommonMethod<T>","接口定义变更","harmonyos_behavior_changes/HarmonyOS_26.0.0(26)_Beta1.json","CommonMethod","",".lineHeight(22)","ArkTS","entry\src\main\ets\pages\Index.ets:87","declare class CommonMethod<T>@entry\src\main\ets\pages\Index.ets:87","","26.0.0(26)","declare class CommonMethod<T>"
"declare class CommonMethod<T>","接口定义变更","harmonyos_behavior_changes/HarmonyOS_26.0.0(26)_Beta1.json","CommonMethod","",".fontSize(13)","ArkTS","entry\src\main\ets\pages\Index.ets:90","declare class CommonMethod<T>@entry\src\main\ets\pages\Index.ets:90","","26.0.0(26)","declare class CommonMethod<T>"
"declare class CommonMethod<T>","接口定义变更","harmonyos_behavior_changes/HarmonyOS_26.0.0(26)_Beta1.json","CommonMethod","",".fontColor('#999999')","ArkTS","entry\src\main\ets\pages\Index.ets:91","declare class CommonMethod<T>@entry\src\main\ets\pages\Index.ets:91","","26.0.0(26)","declare class CommonMethod<T>"
"declare class CommonMethod<T>","接口定义变更","harmonyos_behavior_changes/HarmonyOS_26.0.0(26)_Beta1.json","CommonMethod","",".lineHeight(18)","ArkTS","entry\src\main\ets\pages\Index.ets:92","declare class CommonMethod<T>@entry\src\main\ets\pages\Index.ets:92","","26.0.0(26)","declare class CommonMethod<T>"
"declare class CommonMethod<T>","接口定义变更","harmonyos_behavior_changes/HarmonyOS_26.0.0(26)_Beta1.json","CommonMethod","",".margin({ top: 4 })","ArkTS","entry\src\main\ets\pages\Index.ets:93","declare class CommonMethod<T>@entry\src\main\ets\pages\Index.ets:93","","26.0.0(26)","declare class CommonMethod<T>"
"declare class CommonMethod<T>","接口定义变更","harmonyos_behavior_changes/HarmonyOS_26.0.0(26)_Beta1.json","CommonMethod","",".layoutWeight(1)","ArkTS","entry\src\main\ets\pages\Index.ets:95","declare class CommonMethod<T>@entry\src\main\ets\pages\Index.ets:95","","26.0.0(26)","declare class CommonMethod<T>"
"declare class CommonMethod<T>","接口定义变更","harmonyos_behavior_changes/HarmonyOS_26.0.0(26)_Beta1.json","CommonMethod","",".alignItems(HorizontalAlign.Start)","ArkTS","entry\src\main\ets\pages\Index.ets:96","declare class CommonMethod<T>@entry\src\main\ets\pages\Index.ets:96","","26.0.0(26)","declare class CommonMethod<T>"
"declare class CommonMethod<T>","接口定义变更","harmonyos_behavior_changes/HarmonyOS_26.0.0(26)_Beta1.json","CommonMethod","",".fontSize(13)","ArkTS","entry\src\main\ets\pages\SimpleTablePage.ets:100","declare class CommonMethod<T>@entry\src\main\ets\pages\SimpleTablePage.ets:100","","26.0.0(26)","declare class CommonMethod<T>"
"declare class CommonMethod<T>","接口定义变更","harmonyos_behavior_changes/HarmonyOS_26.0.0(26)_Beta1.json","CommonMethod","",".fontWeight(FontWeight.Medium)","ArkTS","entry\src\main\ets\pages\SimpleTablePage.ets:101","declare class CommonMethod<T>@entry\src\main\ets\pages\SimpleTablePage.ets:101","","26.0.0(26)","declare class CommonMethod<T>"
"declare class CommonMethod<T>","接口定义变更","harmonyos_behavior_changes/HarmonyOS_26.0.0(26)_Beta1.json","CommonMethod","",".fontColor('#666666')","ArkTS","entry\src\main\ets\pages\SimpleTablePage.ets:102","declare class CommonMethod<T>@entry\src\main\ets\pages\SimpleTablePage.ets:102","","26.0.0(26)","declare class CommonMethod<T>"
"declare class CommonMethod<T>","接口定义变更","harmonyos_behavior_changes/HarmonyOS_26.0.0(26)_Beta1.json","CommonMethod","",".margin({ bottom: 6 })","ArkTS","entry\src\main\ets\pages\SimpleTablePage.ets:103","declare class CommonMethod<T>@entry\src\main\ets\pages\SimpleTablePage.ets:103","","26.0.0(26)","declare class CommonMethod<T>"
"declare class CommonMethod<T>","接口定义变更","harmonyos_behavior_changes/HarmonyOS_26.0.0(26)_Beta1.json","CommonMethod","",".fontSize(12)","ArkTS","entry\src\main\ets\pages\SimpleTablePage.ets:106","declare class CommonMethod<T>@entry\src\main\ets\pages\SimpleTablePage.ets:106","","26.0.0(26)","declare class CommonMethod<T>"
"declare class CommonMethod<T>","接口定义变更","harmonyos_behavior_changes/HarmonyOS_26.0.0(26)_Beta1.json","CommonMethod","",".fontColor('#999999')","ArkTS","entry\src\main\ets\pages\SimpleTablePage.ets:107","declare class CommonMethod<T>@entry\src\main\ets\pages\SimpleTablePage.ets:107","","26.0.0(26)","declare class CommonMethod<T>"
"declare class CommonMethod<T>","接口定义变更","harmonyos_behavior_changes/HarmonyOS_26.0.0(26)_Beta1.json","CommonMethod","",".lineHeight(18)","ArkTS","entry\src\main\ets\pages\SimpleTablePage.ets:108","declare class CommonMethod<T>@entry\src\main\ets\pages\SimpleTablePage.ets:108","","26.0.0(26)","declare class CommonMethod<T>"
"declare class CommonMethod<T>","接口定义变更","harmonyos_behavior_changes/HarmonyOS_26.0.0(26)_Beta1.json","CommonMethod","",".width('100%')","ArkTS","entry\src\main\ets\pages\SimpleTablePage.ets:110","declare class CommonMethod<T>@entry\src\main\ets\pages\SimpleTablePage.ets:110","","26.0.0(26)","declare class CommonMethod<T>"
"declare class CommonMethod<T>","接口定义变更","harmonyos_behavior_changes/HarmonyOS_26.0.0(26)_Beta1.json","CommonMethod","",".padding(12)","ArkTS","entry\src\main\ets\pages\SimpleTablePage.ets:111","declare class CommonMethod<T>@entry\src\main\ets\pages\SimpleTablePage.ets:111","","26.0.0(26)","declare class CommonMethod<T>"
"declare class CommonMethod<T>","接口定义变更","harmonyos_behavior_changes/HarmonyOS_26.0.0(26)_Beta1.json","CommonMethod","",".backgroundColor('#F8F8F8')","ArkTS","entry\src\main\ets\pages\SimpleTablePage.ets:112","declare class CommonMethod<T>@entry\src\main\ets\pages\SimpleTablePage.ets:112","","26.0.0(26)","declare class CommonMethod<T>"
"declare class CommonMethod<T>","接口定义变更","harmonyos_behavior_changes/HarmonyOS_26.0.0(26)_Beta1.json","CommonMethod","",".borderRadius({ topLeft: 12, topRight: 12 })","ArkTS","entry\src\main\ets\pages\SimpleTablePage.ets:113","declare class CommonMethod<T>@entry\src\main\ets\pages\SimpleTablePage.ets:113","","26.0.0(26)","declare class CommonMethod<T>"
"declare class CommonMethod<T>","接口定义变更","harmonyos_behavior_changes/HarmonyOS_26.0.0(26)_Beta1.json","CommonMethod","",".width('100%')","ArkTS","entry\src\main\ets\pages\SimpleTablePage.ets:115","declare class CommonMethod<T>@entry\src\main\ets\pages\SimpleTablePage.ets:115","","26.0.0(26)","declare class CommonMethod<T>"
"declare class CommonMethod<T>","接口定义变更","harmonyos_behavior_changes/HarmonyOS_26.0.0(26)_Beta1.json","CommonMethod","",".height('100%')","ArkTS","entry\src\main\ets\pages\SimpleTablePage.ets:116","declare class CommonMethod<T>@entry\src\main\ets\pages\SimpleTablePage.ets:116","","26.0.0(26)","declare class CommonMethod<T>"
"declare class CommonMethod<T>","接口定义变更","harmonyos_behavior_changes/HarmonyOS_26.0.0(26)_Beta1.json","CommonMethod","",".backgroundColor('#F5F6FA')","ArkTS","entry\src\main\ets\pages\SimpleTablePage.ets:117","declare class CommonMethod<T>@entry\src\main\ets\pages\SimpleTablePage.ets:117","","26.0.0(26)","declare class CommonMethod<T>"
"declare class CommonMethod<T>","接口定义变更","harmonyos_behavior_changes/HarmonyOS_26.0.0(26)_Beta1.json","CommonMethod","",".fontSize(14)","ArkTS","entry\src\main\ets\pages\SimpleTablePage.ets:55","declare class CommonMethod<T>@entry\src\main\ets\pages\SimpleTablePage.ets:55","","26.0.0(26)","declare class CommonMethod<T>"
"declare class CommonMethod<T>","接口定义变更","harmonyos_behavior_changes/HarmonyOS_26.0.0(26)_Beta1.json","CommonMethod","",".fontColor('#4A90D9')","ArkTS","entry\src\main\ets\pages\SimpleTablePage.ets:56","declare class CommonMethod<T>@entry\src\main\ets\pages\SimpleTablePage.ets:56","","26.0.0(26)","declare class CommonMethod<T>"
"declare class CommonMethod<T>","接口定义变更","harmonyos_behavior_changes/HarmonyOS_26.0.0(26)_Beta1.json","CommonMethod","",".onClick(() => {","ArkTS","entry\src\main\ets\pages\SimpleTablePage.ets:57","declare class CommonMethod<T>@entry\src\main\ets\pages\SimpleTablePage.ets:57","","26.0.0(26)","declare class CommonMethod<T>"
"declare class CommonMethod<T>","接口定义变更","harmonyos_behavior_changes/HarmonyOS_26.0.0(26)_Beta1.json","CommonMethod","",".fontSize(17)","ArkTS","entry\src\main\ets\pages\SimpleTablePage.ets:62","declare class CommonMethod<T>@entry\src\main\ets\pages\SimpleTablePage.ets:62","","26.0.0(26)","declare class CommonMethod<T>"
"declare class CommonMethod<T>","接口定义变更","harmonyos_behavior_changes/HarmonyOS_26.0.0(26)_Beta1.json","CommonMethod","",".fontWeight(FontWeight.Bold)","ArkTS","entry\src\main\ets\pages\SimpleTablePage.ets:63","declare class CommonMethod<T>@entry\src\main\ets\pages\SimpleTablePage.ets:63","","26.0.0(26)","declare class CommonMethod<T>"
"declare class CommonMethod<T>","接口定义变更","harmonyos_behavior_changes/HarmonyOS_26.0.0(26)_Beta1.json","CommonMethod","",".fontColor('#1A1A2E')","ArkTS","entry\src\main\ets\pages\SimpleTablePage.ets:64","declare class CommonMethod<T>@entry\src\main\ets\pages\SimpleTablePage.ets:64","","26.0.0(26)","declare class CommonMethod<T>"
"declare class CommonMethod<T>","接口定义变更","harmonyos_behavior_changes/HarmonyOS_26.0.0(26)_Beta1.json","CommonMethod","",".layoutWeight(1)","ArkTS","entry\src\main\ets\pages\SimpleTablePage.ets:65","declare class CommonMethod<T>@entry\src\main\ets\pages\SimpleTablePage.ets:65","","26.0.0(26)","declare class CommonMethod<T>"
"declare class CommonMethod<T>","接口定义变更","harmonyos_behavior_changes/HarmonyOS_26.0.0(26)_Beta1.json","CommonMethod","",".textAlign(TextAlign.Center)","ArkTS","entry\src\main\ets\pages\SimpleTablePage.ets:66","declare class CommonMethod<T>@entry\src\main\ets\pages\SimpleTablePage.ets:66","","26.0.0(26)","declare class CommonMethod<T>"
"declare class CommonMethod<T>","接口定义变更","harmonyos_behavior_changes/HarmonyOS_26.0.0(26)_Beta1.json","CommonMethod","",".fontSize(14)","ArkTS","entry\src\main\ets\pages\SimpleTablePage.ets:70","declare class CommonMethod<T>@entry\src\main\ets\pages\SimpleTablePage.ets:70","","26.0.0(26)","declare class CommonMethod<T>"
"declare class CommonMethod<T>","接口定义变更","harmonyos_behavior_changes/HarmonyOS_26.0.0(26)_Beta1.json","CommonMethod","",".width(50)","ArkTS","entry\src\main\ets\pages\SimpleTablePage.ets:71","declare class CommonMethod<T>@entry\src\main\ets\pages\SimpleTablePage.ets:71","","26.0.0(26)","declare class CommonMethod<T>"
"declare class CommonMethod<T>","接口定义变更","harmonyos_behavior_changes/HarmonyOS_26.0.0(26)_Beta1.json","CommonMethod","",".width('100%')","ArkTS","entry\src\main\ets\pages\SimpleTablePage.ets:73","declare class CommonMethod<T>@entry\src\main\ets\pages\SimpleTablePage.ets:73","","26.0.0(26)","declare class CommonMethod<T>"
"declare class CommonMethod<T>","接口定义变更","harmonyos_behavior_changes/HarmonyOS_26.0.0(26)_Beta1.json","CommonMethod","",".padding({ top: 12, bottom: 8, left: 16, right: 16 })","ArkTS","entry\src\main\ets\pages\SimpleTablePage.ets:74","declare class CommonMethod<T>@entry\src\main\ets\pages\SimpleTablePage.ets:74","","26.0.0(26)","declare class CommonMethod<T>"
"declare class CommonMethod<T>","接口定义变更","harmonyos_behavior_changes/HarmonyOS_26.0.0(26)_Beta1.json","CommonMethod","",".backgroundColor('#FFFFFF')","ArkTS","entry\src\main\ets\pages\SimpleTablePage.ets:75","declare class CommonMethod<T>@entry\src\main\ets\pages\SimpleTablePage.ets:75","","26.0.0(26)","declare class CommonMethod<T>"
"declare class CommonMethod<T>","接口定义变更","harmonyos_behavior_changes/HarmonyOS_26.0.0(26)_Beta1.json","CommonMethod","",".fontSize(12)","ArkTS","entry\src\main\ets\pages\SimpleTablePage.ets:80","declare class CommonMethod<T>@entry\src\main\ets\pages\SimpleTablePage.ets:80","","26.0.0(26)","declare class CommonMethod<T>"
"declare class CommonMethod<T>","接口定义变更","harmonyos_behavior_changes/HarmonyOS_26.0.0(26)_Beta1.json","CommonMethod","",".fontColor('#666666')","ArkTS","entry\src\main\ets\pages\SimpleTablePage.ets:81","declare class CommonMethod<T>@entry\src\main\ets\pages\SimpleTablePage.ets:81","","26.0.0(26)","declare class CommonMethod<T>"
"declare class CommonMethod<T>","接口定义变更","harmonyos_behavior_changes/HarmonyOS_26.0.0(26)_Beta1.json","CommonMethod","",".width('100%')","ArkTS","entry\src\main\ets\pages\SimpleTablePage.ets:83","declare class CommonMethod<T>@entry\src\main\ets\pages\SimpleTablePage.ets:83","","26.0.0(26)","declare class CommonMethod<T>"
"declare class CommonMethod<T>","接口定义变更","harmonyos_behavior_changes/HarmonyOS_26.0.0(26)_Beta1.json","CommonMethod","",".padding({ top: 6, bottom: 6, left: 16, right: 16 })","ArkTS","entry\src\main\ets\pages\SimpleTablePage.ets:84","declare class CommonMethod<T>@entry\src\main\ets\pages\SimpleTablePage.ets:84","","26.0.0(26)","declare class CommonMethod<T>"
"declare class CommonMethod<T>","接口定义变更","harmonyos_behavior_changes/HarmonyOS_26.0.0(26)_Beta1.json","CommonMethod","",".backgroundColor('#FAFAFA')","ArkTS","entry\src\main\ets\pages\SimpleTablePage.ets:85","declare class CommonMethod<T>@entry\src\main\ets\pages\SimpleTablePage.ets:85","","26.0.0(26)","declare class CommonMethod<T>"
"declare class CommonMethod<T>","接口定义变更","harmonyos_behavior_changes/HarmonyOS_26.0.0(26)_Beta1.json","CommonMethod","",".layoutWeight(1)","ArkTS","entry\src\main\ets\pages\SimpleTablePage.ets:91","declare class CommonMethod<T>@entry\src\main\ets\pages\SimpleTablePage.ets:91","","26.0.0(26)","declare class CommonMethod<T>"
"declare class CommonMethod<T>","接口定义变更","harmonyos_behavior_changes/HarmonyOS_26.0.0(26)_Beta1.json","CommonMethod","",".width('100%')","ArkTS","entry\src\main\ets\pages\SimpleTablePage.ets:92","declare class CommonMethod<T>@entry\src\main\ets\pages\SimpleTablePage.ets:92","","26.0.0(26)","declare class CommonMethod<T>"
"declare class CommonMethod<T>","接口定义变更","harmonyos_behavior_changes/HarmonyOS_26.0.0(26)_Beta1.json","CommonMethod","",".padding(2)","ArkTS","entry\src\main\ets\pages\SimpleTablePage.ets:93","declare class CommonMethod<T>@entry\src\main\ets\pages\SimpleTablePage.ets:93","","26.0.0(26)","declare class CommonMethod<T>"
"declare class CommonMethod<T>","接口定义变更","harmonyos_behavior_changes/HarmonyOS_26.0.0(26)_Beta1.json","CommonMethod","",".border({ width: 1, color: '#E0E0E0' })","ArkTS","entry\src\main\ets\pages\SimpleTablePage.ets:94","declare class CommonMethod<T>@entry\src\main\ets\pages\SimpleTablePage.ets:94","","26.0.0(26)","declare class CommonMethod<T>"
"declare class CommonMethod<T>","接口定义变更","harmonyos_behavior_changes/HarmonyOS_26.0.0(26)_Beta1.json","CommonMethod","",".margin({ left: 8, right: 8, bottom: 8 })","ArkTS","entry\src\main\ets\pages\SimpleTablePage.ets:95","declare class CommonMethod<T>@entry\src\main\ets\pages\SimpleTablePage.ets:95","","26.0.0(26)","declare class CommonMethod<T>"
"declare class CommonMethod<T>","接口定义变更","harmonyos_behavior_changes/HarmonyOS_26.0.0(26)_Beta1.json","CommonMethod","",".width('100%')","ArkTS","entry\src\main\ets\pages\StyleTablePage.ets:100","declare class CommonMethod<T>@entry\src\main\ets\pages\StyleTablePage.ets:100","","26.0.0(26)","declare class CommonMethod<T>"
"declare class CommonMethod<T>","接口定义变更","harmonyos_behavior_changes/HarmonyOS_26.0.0(26)_Beta1.json","CommonMethod","",".height('100%')","ArkTS","entry\src\main\ets\pages\StyleTablePage.ets:101","declare class CommonMethod<T>@entry\src\main\ets\pages\StyleTablePage.ets:101","","26.0.0(26)","declare class CommonMethod<T>"
"declare class CommonMethod<T>","接口定义变更","harmonyos_behavior_changes/HarmonyOS_26.0.0(26)_Beta1.json","CommonMethod","",".backgroundColor('#F5F6FA')","ArkTS","entry\src\main\ets\pages\StyleTablePage.ets:102","declare class CommonMethod<T>@entry\src\main\ets\pages\StyleTablePage.ets:102","","26.0.0(26)","declare class CommonMethod<T>"
"declare class CommonMethod<T>","接口定义变更","harmonyos_behavior_changes/HarmonyOS_26.0.0(26)_Beta1.json","CommonMethod","",".fontSize(14)","ArkTS","entry\src\main\ets\pages\StyleTablePage.ets:41","declare class CommonMethod<T>@entry\src\main\ets\pages\StyleTablePage.ets:41","","26.0.0(26)","declare class CommonMethod<T>"
"declare class CommonMethod<T>","接口定义变更","harmonyos_behavior_changes/HarmonyOS_26.0.0(26)_Beta1.json","CommonMethod","",".fontColor('#4A90D9')","ArkTS","entry\src\main\ets\pages\StyleTablePage.ets:42","declare class CommonMethod<T>@entry\src\main\ets\pages\StyleTablePage.ets:42","","26.0.0(26)","declare class CommonMethod<T>"
"declare class CommonMethod<T>","接口定义变更","harmonyos_behavior_changes/HarmonyOS_26.0.0(26)_Beta1.json","CommonMethod","",".onClick(() => {","ArkTS","entry\src\main\ets\pages\StyleTablePage.ets:43","declare class CommonMethod<T>@entry\src\main\ets\pages\StyleTablePage.ets:43","","26.0.0(26)","declare class CommonMethod<T>"
"declare class CommonMethod<T>","接口定义变更","harmonyos_behavior_changes/HarmonyOS_26.0.0(26)_Beta1.json","CommonMethod","",".fontSize(17)","ArkTS","entry\src\main\ets\pages\StyleTablePage.ets:48","declare class CommonMethod<T>@entry\src\main\ets\pages\StyleTablePage.ets:48","","26.0.0(26)","declare class CommonMethod<T>"
"declare class CommonMethod<T>","接口定义变更","harmonyos_behavior_changes/HarmonyOS_26.0.0(26)_Beta1.json","CommonMethod","",".fontWeight(FontWeight.Bold)","ArkTS","entry\src\main\ets\pages\StyleTablePage.ets:49","declare class CommonMethod<T>@entry\src\main\ets\pages\StyleTablePage.ets:49","","26.0.0(26)","declare class CommonMethod<T>"
"declare class CommonMethod<T>","接口定义变更","harmonyos_behavior_changes/HarmonyOS_26.0.0(26)_Beta1.json","CommonMethod","",".fontColor('#1A1A2E')","ArkTS","entry\src\main\ets\pages\StyleTablePage.ets:50","declare class CommonMethod<T>@entry\src\main\ets\pages\StyleTablePage.ets:50","","26.0.0(26)","declare class CommonMethod<T>"
"declare class CommonMethod<T>","接口定义变更","harmonyos_behavior_changes/HarmonyOS_26.0.0(26)_Beta1.json","CommonMethod","",".layoutWeight(1)","ArkTS","entry\src\main\ets\pages\StyleTablePage.ets:51","declare class CommonMethod<T>@entry\src\main\ets\pages\StyleTablePage.ets:51","","26.0.0(26)","declare class CommonMethod<T>"
"declare class CommonMethod<T>","接口定义变更","harmonyos_behavior_changes/HarmonyOS_26.0.0(26)_Beta1.json","CommonMethod","",".textAlign(TextAlign.Center)","ArkTS","entry\src\main\ets\pages\StyleTablePage.ets:52","declare class CommonMethod<T>@entry\src\main\ets\pages\StyleTablePage.ets:52","","26.0.0(26)","declare class CommonMethod<T>"
"declare class CommonMethod<T>","接口定义变更","harmonyos_behavior_changes/HarmonyOS_26.0.0(26)_Beta1.json","CommonMethod","",".fontSize(14)","ArkTS","entry\src\main\ets\pages\StyleTablePage.ets:55","declare class CommonMethod<T>@entry\src\main\ets\pages\StyleTablePage.ets:55","","26.0.0(26)","declare class CommonMethod<T>"
"declare class CommonMethod<T>","接口定义变更","harmonyos_behavior_changes/HarmonyOS_26.0.0(26)_Beta1.json","CommonMethod","",".width(50)","ArkTS","entry\src\main\ets\pages\StyleTablePage.ets:56","declare class CommonMethod<T>@entry\src\main\ets\pages\StyleTablePage.ets:56","","26.0.0(26)","declare class CommonMethod<T>"
"declare class CommonMethod<T>","接口定义变更","harmonyos_behavior_changes/HarmonyOS_26.0.0(26)_Beta1.json","CommonMethod","",".width('100%')","ArkTS","entry\src\main\ets\pages\StyleTablePage.ets:58","declare class CommonMethod<T>@entry\src\main\ets\pages\StyleTablePage.ets:58","","26.0.0(26)","declare class CommonMethod<T>"
"declare class CommonMethod<T>","接口定义变更","harmonyos_behavior_changes/HarmonyOS_26.0.0(26)_Beta1.json","CommonMethod","",".padding({ top: 12, bottom: 8, left: 16, right: 16 })","ArkTS","entry\src\main\ets\pages\StyleTablePage.ets:59","declare class CommonMethod<T>@entry\src\main\ets\pages\StyleTablePage.ets:59","","26.0.0(26)","declare class CommonMethod<T>"
"declare class CommonMethod<T>","接口定义变更","harmonyos_behavior_changes/HarmonyOS_26.0.0(26)_Beta1.json","CommonMethod","",".backgroundColor('#FFFFFF')","ArkTS","entry\src\main\ets\pages\StyleTablePage.ets:60","declare class CommonMethod<T>@entry\src\main\ets\pages\StyleTablePage.ets:60","","26.0.0(26)","declare class CommonMethod<T>"
"declare class CommonMethod<T>","接口定义变更","harmonyos_behavior_changes/HarmonyOS_26.0.0(26)_Beta1.json","CommonMethod","",".fontSize(12)","ArkTS","entry\src\main\ets\pages\StyleTablePage.ets:65","declare class CommonMethod<T>@entry\src\main\ets\pages\StyleTablePage.ets:65","","26.0.0(26)","declare class CommonMethod<T>"
"declare class CommonMethod<T>","接口定义变更","harmonyos_behavior_changes/HarmonyOS_26.0.0(26)_Beta1.json","CommonMethod","",".fontColor('#666666')","ArkTS","entry\src\main\ets\pages\StyleTablePage.ets:66","declare class CommonMethod<T>@entry\src\main\ets\pages\StyleTablePage.ets:66","","26.0.0(26)","declare class CommonMethod<T>"
"declare class CommonMethod<T>","接口定义变更","harmonyos_behavior_changes/HarmonyOS_26.0.0(26)_Beta1.json","CommonMethod","",".width('100%')","ArkTS","entry\src\main\ets\pages\StyleTablePage.ets:68","declare class CommonMethod<T>@entry\src\main\ets\pages\StyleTablePage.ets:68","","26.0.0(26)","declare class CommonMethod<T>"
"declare class CommonMethod<T>","接口定义变更","harmonyos_behavior_changes/HarmonyOS_26.0.0(26)_Beta1.json","CommonMethod","",".padding({ top: 6, bottom: 6, left: 16, right: 16 })","ArkTS","entry\src\main\ets\pages\StyleTablePage.ets:69","declare class CommonMethod<T>@entry\src\main\ets\pages\StyleTablePage.ets:69","","26.0.0(26)","declare class CommonMethod<T>"
"declare class CommonMethod<T>","接口定义变更","harmonyos_behavior_changes/HarmonyOS_26.0.0(26)_Beta1.json","CommonMethod","",".backgroundColor('#FAFAFA')","ArkTS","entry\src\main\ets\pages\StyleTablePage.ets:70","declare class CommonMethod<T>@entry\src\main\ets\pages\StyleTablePage.ets:70","","26.0.0(26)","declare class CommonMethod<T>"
"declare class CommonMethod<T>","接口定义变更","harmonyos_behavior_changes/HarmonyOS_26.0.0(26)_Beta1.json","CommonMethod","",".layoutWeight(1)","ArkTS","entry\src\main\ets\pages\StyleTablePage.ets:76","declare class CommonMethod<T>@entry\src\main\ets\pages\StyleTablePage.ets:76","","26.0.0(26)","declare class CommonMethod<T>"
"declare class CommonMethod<T>","接口定义变更","harmonyos_behavior_changes/HarmonyOS_26.0.0(26)_Beta1.json","CommonMethod","",".width('100%')","ArkTS","entry\src\main\ets\pages\StyleTablePage.ets:77","declare class CommonMethod<T>@entry\src\main\ets\pages\StyleTablePage.ets:77","","26.0.0(26)","declare class CommonMethod<T>"
"declare class CommonMethod<T>","接口定义变更","harmonyos_behavior_changes/HarmonyOS_26.0.0(26)_Beta1.json","CommonMethod","",".padding(2)","ArkTS","entry\src\main\ets\pages\StyleTablePage.ets:78","declare class CommonMethod<T>@entry\src\main\ets\pages\StyleTablePage.ets:78","","26.0.0(26)","declare class CommonMethod<T>"
"declare class CommonMethod<T>","接口定义变更","harmonyos_behavior_changes/HarmonyOS_26.0.0(26)_Beta1.json","CommonMethod","",".border({ width: 1, color: '#E0E0E0' })","ArkTS","entry\src\main\ets\pages\StyleTablePage.ets:79","declare class CommonMethod<T>@entry\src\main\ets\pages\StyleTablePage.ets:79","","26.0.0(26)","declare class CommonMethod<T>"
"declare class CommonMethod<T>","接口定义变更","harmonyos_behavior_changes/HarmonyOS_26.0.0(26)_Beta1.json","CommonMethod","",".margin({ left: 8, right: 8, bottom: 8 })","ArkTS","entry\src\main\ets\pages\StyleTablePage.ets:80","declare class CommonMethod<T>@entry\src\main\ets\pages\StyleTablePage.ets:80","","26.0.0(26)","declare class CommonMethod<T>"
"declare class CommonMethod<T>","接口定义变更","harmonyos_behavior_changes/HarmonyOS_26.0.0(26)_Beta1.json","CommonMethod","",".fontSize(13)","ArkTS","entry\src\main\ets\pages\StyleTablePage.ets:85","declare class CommonMethod<T>@entry\src\main\ets\pages\StyleTablePage.ets:85","","26.0.0(26)","declare class CommonMethod<T>"
"declare class CommonMethod<T>","接口定义变更","harmonyos_behavior_changes/HarmonyOS_26.0.0(26)_Beta1.json","CommonMethod","",".fontWeight(FontWeight.Medium)","ArkTS","entry\src\main\ets\pages\StyleTablePage.ets:86","declare class CommonMethod<T>@entry\src\main\ets\pages\StyleTablePage.ets:86","","26.0.0(26)","declare class CommonMethod<T>"
"declare class CommonMethod<T>","接口定义变更","harmonyos_behavior_changes/HarmonyOS_26.0.0(26)_Beta1.json","CommonMethod","",".fontColor('#666666')","ArkTS","entry\src\main\ets\pages\StyleTablePage.ets:87","declare class CommonMethod<T>@entry\src\main\ets\pages\StyleTablePage.ets:87","","26.0.0(26)","declare class CommonMethod<T>"
"declare class CommonMethod<T>","接口定义变更","harmonyos_behavior_changes/HarmonyOS_26.0.0(26)_Beta1.json","CommonMethod","",".margin({ bottom: 6 })","ArkTS","entry\src\main\ets\pages\StyleTablePage.ets:88","declare class CommonMethod<T>@entry\src\main\ets\pages\StyleTablePage.ets:88","","26.0.0(26)","declare class CommonMethod<T>"
"declare class CommonMethod<T>","接口定义变更","harmonyos_behavior_changes/HarmonyOS_26.0.0(26)_Beta1.json","CommonMethod","",".fontSize(12)","ArkTS","entry\src\main\ets\pages\StyleTablePage.ets:91","declare class CommonMethod<T>@entry\src\main\ets\pages\StyleTablePage.ets:91","","26.0.0(26)","declare class CommonMethod<T>"
"declare class CommonMethod<T>","接口定义变更","harmonyos_behavior_changes/HarmonyOS_26.0.0(26)_Beta1.json","CommonMethod","",".fontColor('#999999')","ArkTS","entry\src\main\ets\pages\StyleTablePage.ets:92","declare class CommonMethod<T>@entry\src\main\ets\pages\StyleTablePage.ets:92","","26.0.0(26)","declare class CommonMethod<T>"
"declare class CommonMethod<T>","接口定义变更","harmonyos_behavior_changes/HarmonyOS_26.0.0(26)_Beta1.json","CommonMethod","",".lineHeight(18)","ArkTS","entry\src\main\ets\pages\StyleTablePage.ets:93","declare class CommonMethod<T>@entry\src\main\ets\pages\StyleTablePage.ets:93","","26.0.0(26)","declare class CommonMethod<T>"
"declare class CommonMethod<T>","接口定义变更","harmonyos_behavior_changes/HarmonyOS_26.0.0(26)_Beta1.json","CommonMethod","",".width('100%')","ArkTS","entry\src\main\ets\pages\StyleTablePage.ets:95","declare class CommonMethod<T>@entry\src\main\ets\pages\StyleTablePage.ets:95","","26.0.0(26)","declare class CommonMethod<T>"
"declare class CommonMethod<T>","接口定义变更","harmonyos_behavior_changes/HarmonyOS_26.0.0(26)_Beta1.json","CommonMethod","",".padding(12)","ArkTS","entry\src\main\ets\pages\StyleTablePage.ets:96","declare class CommonMethod<T>@entry\src\main\ets\pages\StyleTablePage.ets:96","","26.0.0(26)","declare class CommonMethod<T>"
"declare class CommonMethod<T>","接口定义变更","harmonyos_behavior_changes/HarmonyOS_26.0.0(26)_Beta1.json","CommonMethod","",".backgroundColor('#F8F8F8')","ArkTS","entry\src\main\ets\pages\StyleTablePage.ets:97","declare class CommonMethod<T>@entry\src\main\ets\pages\StyleTablePage.ets:97","","26.0.0(26)","declare class CommonMethod<T>"
"declare class CommonMethod<T>","接口定义变更","harmonyos_behavior_changes/HarmonyOS_26.0.0(26)_Beta1.json","CommonMethod","",".borderRadius({ topLeft: 12, topRight: 12 })","ArkTS","entry\src\main\ets\pages\StyleTablePage.ets:98","declare class CommonMethod<T>@entry\src\main\ets\pages\StyleTablePage.ets:98","","26.0.0(26)","declare class CommonMethod<T>"
"declare class CommonMethod<T>","接口定义变更","harmonyos_behavior_changes/HarmonyOS_26.0.0(26)_Beta1.json","CommonMethod","","r -= this.families[i].size() + DATA_OFFSET;","ArkTS","entry\src\main\ets\pages\adapters\FamilyTableAdapter.ets:247","declare class CommonMethod<T>@entry\src\main\ets\pages\adapters\FamilyTableAdapter.ets:247","","26.0.0(26)","declare class CommonMethod<T>"
"declare class CommonMethod<T>","接口定义变更","harmonyos_behavior_changes/HarmonyOS_26.0.0(26)_Beta1.json","CommonMethod","","r -= this.families[i].size() + DATA_OFFSET;","ArkTS","entry\src\main\ets\pages\adapters\FamilyTableAdapter.ets:255","declare class CommonMethod<T>@entry\src\main\ets\pages\adapters\FamilyTableAdapter.ets:255","","26.0.0(26)","declare class CommonMethod<T>"
"declare class CommonMethod<T>","接口定义变更","harmonyos_behavior_changes/HarmonyOS_26.0.0(26)_Beta1.json","CommonMethod","","const familySize: number = this.families[i].size();","ArkTS","entry\src\main\ets\pages\adapters\FamilyTableAdapter.ets:266","declare class CommonMethod<T>@entry\src\main\ets\pages\adapters\FamilyTableAdapter.ets:266","","26.0.0(26)","declare class CommonMethod<T>"
"declare class CommonMethod<T>","接口定义变更","harmonyos_behavior_changes/HarmonyOS_26.0.0(26)_Beta1.json","CommonMethod","","return this.families[i].getDevice(r);","ArkTS","entry\src\main\ets\pages\adapters\FamilyTableAdapter.ets:272","declare class CommonMethod<T>@entry\src\main\ets\pages\adapters\FamilyTableAdapter.ets:272","","26.0.0(26)","declare class CommonMethod<T>"
"declare class CommonMethod<T>","接口定义变更","harmonyos_behavior_changes/HarmonyOS_26.0.0(26)_Beta1.json","CommonMethod","","this.data = data;","ArkTS","entry\src\main\ets\pages\adapters\MatrixTableAdapter.ets:37","declare class CommonMethod<T>@entry\src\main\ets\pages\adapters\MatrixTableAdapter.ets:37","this","26.0.0(26)","declare class CommonMethod<T>"
"declare class CommonMethod<T>","接口定义变更","harmonyos_behavior_changes/HarmonyOS_26.0.0(26)_Beta1.json","CommonMethod","","return this.data.length - DATA_OFFSET;","ArkTS","entry\src\main\ets\pages\adapters\MatrixTableAdapter.ets:41","declare class CommonMethod<T>@entry\src\main\ets\pages\adapters\MatrixTableAdapter.ets:41","","26.0.0(26)","declare class CommonMethod<T>"
"declare class CommonMethod<T>","接口定义变更","harmonyos_behavior_changes/HarmonyOS_26.0.0(26)_Beta1.json","CommonMethod","","if (this.data.length > FIRST_DATA_INDEX) {","ArkTS","entry\src\main\ets\pages\adapters\MatrixTableAdapter.ets:45","declare class CommonMethod<T>@entry\src\main\ets\pages\adapters\MatrixTableAdapter.ets:45","","26.0.0(26)","declare class CommonMethod<T>"
"declare class CommonMethod<T>","接口定义变更","harmonyos_behavior_changes/HarmonyOS_26.0.0(26)_Beta1.json","CommonMethod","","return this.data[FIRST_DATA_INDEX].length - DATA_OFFSET;","ArkTS","entry\src\main\ets\pages\adapters\MatrixTableAdapter.ets:46","declare class CommonMethod<T>@entry\src\main\ets\pages\adapters\MatrixTableAdapter.ets:46","","26.0.0(26)","declare class CommonMethod<T>"
"declare class CommonMethod<T>","接口定义变更","harmonyos_behavior_changes/HarmonyOS_26.0.0(26)_Beta1.json","CommonMethod","","if (r > HEADER_INDEX && r < this.data.length && c > HEADER_INDEX && c < this.data[r].length) {","ArkTS","entry\src\main\ets\pages\adapters\MatrixTableAdapter.ets:54","declare class CommonMethod<T>@entry\src\main\ets\pages\adapters\MatrixTableAdapter.ets:54","","26.0.0(26)","declare class CommonMethod<T>"
"declare class CommonMethod<T>","接口定义变更","harmonyos_behavior_changes/HarmonyOS_26.0.0(26)_Beta1.json","CommonMethod","","return new CellItem(this.data[r][c]);","ArkTS","entry\src\main\ets\pages\adapters\MatrixTableAdapter.ets:55","declare class CommonMethod<T>@entry\src\main\ets\pages\adapters\MatrixTableAdapter.ets:55","","26.0.0(26)","declare class CommonMethod<T>"
"declare class CommonMethod<T>","接口定义变更","harmonyos_behavior_changes/HarmonyOS_26.0.0(26)_Beta1.json","CommonMethod","",".fontWeight(FontWeight.Bold)","ArkTS","library\src\main\ets\components\MainPage.ets:10","declare class CommonMethod<T>@library\src\main\ets\components\MainPage.ets:10","","26.0.0(26)","declare class CommonMethod<T>"
"declare class CommonMethod<T>","接口定义变更","harmonyos_behavior_changes/HarmonyOS_26.0.0(26)_Beta1.json","CommonMethod","",".onClick(() => {","ArkTS","library\src\main\ets\components\MainPage.ets:11","declare class CommonMethod<T>@library\src\main\ets\components\MainPage.ets:11","","26.0.0(26)","declare class CommonMethod<T>"
"declare class CommonMethod<T>","接口定义变更","harmonyos_behavior_changes/HarmonyOS_26.0.0(26)_Beta1.json","CommonMethod","",".width('100%')","ArkTS","library\src\main\ets\components\MainPage.ets:15","declare class CommonMethod<T>@library\src\main\ets\components\MainPage.ets:15","","26.0.0(26)","declare class CommonMethod<T>"
"declare class CommonMethod<T>","接口定义变更","harmonyos_behavior_changes/HarmonyOS_26.0.0(26)_Beta1.json","CommonMethod","",".height('100%')","ArkTS","library\src\main\ets\components\MainPage.ets:17","declare class CommonMethod<T>@library\src\main\ets\components\MainPage.ets:17","","26.0.0(26)","declare class CommonMethod<T>"
"declare class CommonMethod<T>","接口定义变更","harmonyos_behavior_changes/HarmonyOS_26.0.0(26)_Beta1.json","CommonMethod","",".fontSize($r('app.float.page_text_font_size'))","ArkTS","library\src\main\ets\components\MainPage.ets:9","declare class CommonMethod<T>@library\src\main\ets\components\MainPage.ets:9","","26.0.0(26)","declare class CommonMethod<T>"
"declare class CommonMethod<T>","接口定义变更","harmonyos_behavior_changes/HarmonyOS_26.0.0(26)_Beta1.json","CommonMethod","","if (this.controller) {","ArkTS","library\src\main\ets\tablefixheaders\TableFixHeaders.ets:178","declare class CommonMethod<T>@library\src\main\ets\tablefixheaders\TableFixHeaders.ets:178","","26.0.0(26)","declare class CommonMethod<T>"
"declare class CommonMethod<T>","接口定义变更","harmonyos_behavior_changes/HarmonyOS_26.0.0(26)_Beta1.json","CommonMethod","","this.controller.setScrollTo((x: number, y: number) => { this.scrollTo(x, y); });","ArkTS","library\src\main\ets\tablefixheaders\TableFixHeaders.ets:179","declare class CommonMethod<T>@library\src\main\ets\tablefixheaders\TableFixHeaders.ets:179","this","26.0.0(26)","declare class CommonMethod<T>"
"declare class CommonMethod<T>","接口定义变更","harmonyos_behavior_changes/HarmonyOS_26.0.0(26)_Beta1.json","CommonMethod","","this.controller.setScrollBy((dx: number, dy: number) => { this.scrollBy(dx, dy); });","ArkTS","library\src\main\ets\tablefixheaders\TableFixHeaders.ets:180","declare class CommonMethod<T>@library\src\main\ets\tablefixheaders\TableFixHeaders.ets:180","this","26.0.0(26)","declare class CommonMethod<T>"
"declare class CommonMethod<T>","接口定义变更","harmonyos_behavior_changes/HarmonyOS_26.0.0(26)_Beta1.json","CommonMethod","","this.controller.setGetActualScrollX(() => this.actualScrollX);","ArkTS","library\src\main\ets\tablefixheaders\TableFixHeaders.ets:181","declare class CommonMethod<T>@library\src\main\ets\tablefixheaders\TableFixHeaders.ets:181","this","26.0.0(26)","declare class CommonMethod<T>"
"declare class CommonMethod<T>","接口定义变更","harmonyos_behavior_changes/HarmonyOS_26.0.0(26)_Beta1.json","CommonMethod","","this.controller.setGetActualScrollY(() => this.actualScrollY);","ArkTS","library\src\main\ets\tablefixheaders\TableFixHeaders.ets:182","declare class CommonMethod<T>@library\src\main\ets\tablefixheaders\TableFixHeaders.ets:182","this","26.0.0(26)","declare class CommonMethod<T>"
"declare class CommonMethod<T>","接口定义变更","harmonyos_behavior_changes/HarmonyOS_26.0.0(26)_Beta1.json","CommonMethod","","if (event.type === TouchType.Down) {","ArkTS","library\src\main\ets\tablefixheaders\TableFixHeaders.ets:364","declare class CommonMethod<T>@library\src\main\ets\tablefixheaders\TableFixHeaders.ets:364","","26.0.0(26)","declare class CommonMethod<T>"
"declare class CommonMethod<T>","接口定义变更","harmonyos_behavior_changes/HarmonyOS_26.0.0(26)_Beta1.json","CommonMethod","","} else if (event.type === TouchType.Move) {","ArkTS","library\src\main\ets\tablefixheaders\TableFixHeaders.ets:376","declare class CommonMethod<T>@library\src\main\ets\tablefixheaders\TableFixHeaders.ets:376","","26.0.0(26)","declare class CommonMethod<T>"
"declare class CommonMethod<T>","接口定义变更","harmonyos_behavior_changes/HarmonyOS_26.0.0(26)_Beta1.json","CommonMethod","","} else if (event.type === TouchType.Up || event.type === TouchType.Cancel) {","ArkTS","library\src\main\ets\tablefixheaders\TableFixHeaders.ets:394","declare class CommonMethod<T>@library\src\main\ets\tablefixheaders\TableFixHeaders.ets:394","","26.0.0(26)","declare class CommonMethod<T>"
"declare class CommonMethod<T>","接口定义变更","harmonyos_behavior_changes/HarmonyOS_26.0.0(26)_Beta1.json","CommonMethod","",".fontSize(FONT_SIZE)","ArkTS","library\src\main\ets\tablefixheaders\TableFixHeaders.ets:550","declare class CommonMethod<T>@library\src\main\ets\tablefixheaders\TableFixHeaders.ets:550","","26.0.0(26)","declare class CommonMethod<T>"
"declare class CommonMethod<T>","接口定义变更","harmonyos_behavior_changes/HarmonyOS_26.0.0(26)_Beta1.json","CommonMethod","",".textAlign(TextAlign.Center)","ArkTS","library\src\main\ets\tablefixheaders\TableFixHeaders.ets:551","declare class CommonMethod<T>@library\src\main\ets\tablefixheaders\TableFixHeaders.ets:551","","26.0.0(26)","declare class CommonMethod<T>"
"declare class CommonMethod<T>","接口定义变更","harmonyos_behavior_changes/HarmonyOS_26.0.0(26)_Beta1.json","CommonMethod","",".width(this.getColWidth(col))","ArkTS","library\src\main\ets\tablefixheaders\TableFixHeaders.ets:552","declare class CommonMethod<T>@library\src\main\ets\tablefixheaders\TableFixHeaders.ets:552","","26.0.0(26)","declare class CommonMethod<T>"
"declare class CommonMethod<T>","接口定义变更","harmonyos_behavior_changes/HarmonyOS_26.0.0(26)_Beta1.json","CommonMethod","",".height(this.getRowHeight(row))","ArkTS","library\src\main\ets\tablefixheaders\TableFixHeaders.ets:553","declare class CommonMethod<T>@library\src\main\ets\tablefixheaders\TableFixHeaders.ets:553","","26.0.0(26)","declare class CommonMethod<T>"
"declare class CommonMethod<T>","接口定义变更","harmonyos_behavior_changes/HarmonyOS_26.0.0(26)_Beta1.json","CommonMethod","",".backgroundColor(this.getCellBg(row, col))","ArkTS","library\src\main\ets\tablefixheaders\TableFixHeaders.ets:554","declare class CommonMethod<T>@library\src\main\ets\tablefixheaders\TableFixHeaders.ets:554","","26.0.0(26)","declare class CommonMethod<T>"
"declare class CommonMethod<T>","接口定义变更","harmonyos_behavior_changes/HarmonyOS_26.0.0(26)_Beta1.json","CommonMethod","",".position({ x: FIRST_INDEX, y: FIRST_INDEX })","ArkTS","library\src\main\ets\tablefixheaders\TableFixHeaders.ets:564","declare class CommonMethod<T>@library\src\main\ets\tablefixheaders\TableFixHeaders.ets:564","","26.0.0(26)","declare class CommonMethod<T>"
"declare class CommonMethod<T>","接口定义变更","harmonyos_behavior_changes/HarmonyOS_26.0.0(26)_Beta1.json","CommonMethod","",".height(this.heights[FIRST_ROW_INDEX])","ArkTS","library\src\main\ets\tablefixheaders\TableFixHeaders.ets:576","declare class CommonMethod<T>@library\src\main\ets\tablefixheaders\TableFixHeaders.ets:576","","26.0.0(26)","declare class CommonMethod<T>"
"declare class CommonMethod<T>","接口定义变更","harmonyos_behavior_changes/HarmonyOS_26.0.0(26)_Beta1.json","CommonMethod","",".offset({ x: -this.scrollX })","ArkTS","library\src\main\ets\tablefixheaders\TableFixHeaders.ets:577","declare class CommonMethod<T>@library\src\main\ets\tablefixheaders\TableFixHeaders.ets:577","","26.0.0(26)","declare class CommonMethod<T>"
"declare class CommonMethod<T>","接口定义变更","harmonyos_behavior_changes/HarmonyOS_26.0.0(26)_Beta1.json","CommonMethod","",".align(Alignment.TopStart)","ArkTS","library\src\main\ets\tablefixheaders\TableFixHeaders.ets:579","declare class CommonMethod<T>@library\src\main\ets\tablefixheaders\TableFixHeaders.ets:579","","26.0.0(26)","declare class CommonMethod<T>"
"declare class CommonMethod<T>","接口定义变更","harmonyos_behavior_changes/HarmonyOS_26.0.0(26)_Beta1.json","CommonMethod","",".position({ x: this.widths[FIRST_COL_INDEX], y: FIRST_INDEX })","ArkTS","library\src\main\ets\tablefixheaders\TableFixHeaders.ets:580","declare class CommonMethod<T>@library\src\main\ets\tablefixheaders\TableFixHeaders.ets:580","","26.0.0(26)","declare class CommonMethod<T>"
"declare class CommonMethod<T>","接口定义变更","harmonyos_behavior_changes/HarmonyOS_26.0.0(26)_Beta1.json","CommonMethod","",".width(this.compWidth - this.widths[FIRST_COL_INDEX])","ArkTS","library\src\main\ets\tablefixheaders\TableFixHeaders.ets:581","declare class CommonMethod<T>@library\src\main\ets\tablefixheaders\TableFixHeaders.ets:581","","26.0.0(26)","declare class CommonMethod<T>"
"declare class CommonMethod<T>","接口定义变更","harmonyos_behavior_changes/HarmonyOS_26.0.0(26)_Beta1.json","CommonMethod","",".height(this.heights[FIRST_ROW_INDEX])","ArkTS","library\src\main\ets\tablefixheaders\TableFixHeaders.ets:582","declare class CommonMethod<T>@library\src\main\ets\tablefixheaders\TableFixHeaders.ets:582","","26.0.0(26)","declare class CommonMethod<T>"
"declare class CommonMethod<T>","接口定义变更","harmonyos_behavior_changes/HarmonyOS_26.0.0(26)_Beta1.json","CommonMethod","",".clip(true)","ArkTS","library\src\main\ets\tablefixheaders\TableFixHeaders.ets:583","declare class CommonMethod<T>@library\src\main\ets\tablefixheaders\TableFixHeaders.ets:583","","26.0.0(26)","declare class CommonMethod<T>"
"declare class CommonMethod<T>","接口定义变更","harmonyos_behavior_changes/HarmonyOS_26.0.0(26)_Beta1.json","CommonMethod","",".offset({ y: -this.scrollY })","ArkTS","library\src\main\ets\tablefixheaders\TableFixHeaders.ets:595","declare class CommonMethod<T>@library\src\main\ets\tablefixheaders\TableFixHeaders.ets:595","","26.0.0(26)","declare class CommonMethod<T>"
"declare class CommonMethod<T>","接口定义变更","harmonyos_behavior_changes/HarmonyOS_26.0.0(26)_Beta1.json","CommonMethod","",".align(Alignment.TopStart)","ArkTS","library\src\main\ets\tablefixheaders\TableFixHeaders.ets:597","declare class CommonMethod<T>@library\src\main\ets\tablefixheaders\TableFixHeaders.ets:597","","26.0.0(26)","declare class CommonMethod<T>"
"declare class CommonMethod<T>","接口定义变更","harmonyos_behavior_changes/HarmonyOS_26.0.0(26)_Beta1.json","CommonMethod","",".position({ x: FIRST_INDEX, y: this.heights[FIRST_ROW_INDEX] })","ArkTS","library\src\main\ets\tablefixheaders\TableFixHeaders.ets:598","declare class CommonMethod<T>@library\src\main\ets\tablefixheaders\TableFixHeaders.ets:598","","26.0.0(26)","declare class CommonMethod<T>"
"declare class CommonMethod<T>","接口定义变更","harmonyos_behavior_changes/HarmonyOS_26.0.0(26)_Beta1.json","CommonMethod","",".width(this.widths[FIRST_COL_INDEX])","ArkTS","library\src\main\ets\tablefixheaders\TableFixHeaders.ets:599","declare class CommonMethod<T>@library\src\main\ets\tablefixheaders\TableFixHeaders.ets:599","","26.0.0(26)","declare class CommonMethod<T>"
"declare class CommonMethod<T>","接口定义变更","harmonyos_behavior_changes/HarmonyOS_26.0.0(26)_Beta1.json","CommonMethod","",".height(this.compHeight - this.heights[FIRST_ROW_INDEX])","ArkTS","library\src\main\ets\tablefixheaders\TableFixHeaders.ets:600","declare class CommonMethod<T>@library\src\main\ets\tablefixheaders\TableFixHeaders.ets:600","","26.0.0(26)","declare class CommonMethod<T>"
"declare class CommonMethod<T>","接口定义变更","harmonyos_behavior_changes/HarmonyOS_26.0.0(26)_Beta1.json","CommonMethod","",".clip(true)","ArkTS","library\src\main\ets\tablefixheaders\TableFixHeaders.ets:601","declare class CommonMethod<T>@library\src\main\ets\tablefixheaders\TableFixHeaders.ets:601","","26.0.0(26)","declare class CommonMethod<T>"
"declare class CommonMethod<T>","接口定义变更","harmonyos_behavior_changes/HarmonyOS_26.0.0(26)_Beta1.json","CommonMethod","",".height(this.getRowHeight(row))","ArkTS","library\src\main\ets\tablefixheaders\TableFixHeaders.ets:615","declare class CommonMethod<T>@library\src\main\ets\tablefixheaders\TableFixHeaders.ets:615","","26.0.0(26)","declare class CommonMethod<T>"
"declare class CommonMethod<T>","接口定义变更","harmonyos_behavior_changes/HarmonyOS_26.0.0(26)_Beta1.json","CommonMethod","",".offset({ x: -this.scrollX })","ArkTS","library\src\main\ets\tablefixheaders\TableFixHeaders.ets:616","declare class CommonMethod<T>@library\src\main\ets\tablefixheaders\TableFixHeaders.ets:616","","26.0.0(26)","declare class CommonMethod<T>"
"declare class CommonMethod<T>","接口定义变更","harmonyos_behavior_changes/HarmonyOS_26.0.0(26)_Beta1.json","CommonMethod","",".offset({ y: -this.scrollY })","ArkTS","library\src\main\ets\tablefixheaders\TableFixHeaders.ets:619","declare class CommonMethod<T>@library\src\main\ets\tablefixheaders\TableFixHeaders.ets:619","","26.0.0(26)","declare class CommonMethod<T>"
"declare class CommonMethod<T>","接口定义变更","harmonyos_behavior_changes/HarmonyOS_26.0.0(26)_Beta1.json","CommonMethod","",".align(Alignment.TopStart)","ArkTS","library\src\main\ets\tablefixheaders\TableFixHeaders.ets:621","declare class CommonMethod<T>@library\src\main\ets\tablefixheaders\TableFixHeaders.ets:621","","26.0.0(26)","declare class CommonMethod<T>"
"declare class CommonMethod<T>","接口定义变更","harmonyos_behavior_changes/HarmonyOS_26.0.0(26)_Beta1.json","CommonMethod","",".position({ x: this.widths[FIRST_COL_INDEX], y: this.heights[FIRST_ROW_INDEX] })","ArkTS","library\src\main\ets\tablefixheaders\TableFixHeaders.ets:622","declare class CommonMethod<T>@library\src\main\ets\tablefixheaders\TableFixHeaders.ets:622","","26.0.0(26)","declare class CommonMethod<T>"
"declare class CommonMethod<T>","接口定义变更","harmonyos_behavior_changes/HarmonyOS_26.0.0(26)_Beta1.json","CommonMethod","",".width(this.compWidth - this.widths[FIRST_COL_INDEX])","ArkTS","library\src\main\ets\tablefixheaders\TableFixHeaders.ets:623","declare class CommonMethod<T>@library\src\main\ets\tablefixheaders\TableFixHeaders.ets:623","","26.0.0(26)","declare class CommonMethod<T>"
"declare class CommonMethod<T>","接口定义变更","harmonyos_behavior_changes/HarmonyOS_26.0.0(26)_Beta1.json","CommonMethod","",".height(this.compHeight - this.heights[FIRST_ROW_INDEX])","ArkTS","library\src\main\ets\tablefixheaders\TableFixHeaders.ets:624","declare class CommonMethod<T>@library\src\main\ets\tablefixheaders\TableFixHeaders.ets:624","","26.0.0(26)","declare class CommonMethod<T>"
"declare class CommonMethod<T>","接口定义变更","harmonyos_behavior_changes/HarmonyOS_26.0.0(26)_Beta1.json","CommonMethod","",".clip(true)","ArkTS","library\src\main\ets\tablefixheaders\TableFixHeaders.ets:625","declare class CommonMethod<T>@library\src\main\ets\tablefixheaders\TableFixHeaders.ets:625","","26.0.0(26)","declare class CommonMethod<T>"
"declare class CommonMethod<T>","接口定义变更","harmonyos_behavior_changes/HarmonyOS_26.0.0(26)_Beta1.json","CommonMethod","",".width(this.shadowSize)","ArkTS","library\src\main\ets\tablefixheaders\TableFixHeaders.ets:632","declare class CommonMethod<T>@library\src\main\ets\tablefixheaders\TableFixHeaders.ets:632","","26.0.0(26)","declare class CommonMethod<T>"
"declare class CommonMethod<T>","接口定义变更","harmonyos_behavior_changes/HarmonyOS_26.0.0(26)_Beta1.json","CommonMethod","",".height('100%')","ArkTS","library\src\main\ets\tablefixheaders\TableFixHeaders.ets:633","declare class CommonMethod<T>@library\src\main\ets\tablefixheaders\TableFixHeaders.ets:633","","26.0.0(26)","declare class CommonMethod<T>"
"declare class CommonMethod<T>","接口定义变更","harmonyos_behavior_changes/HarmonyOS_26.0.0(26)_Beta1.json","CommonMethod","",".position({ x: this.widths[FIRST_COL_INDEX], y: FIRST_INDEX })","ArkTS","library\src\main\ets\tablefixheaders\TableFixHeaders.ets:634","declare class CommonMethod<T>@library\src\main\ets\tablefixheaders\TableFixHeaders.ets:634","","26.0.0(26)","declare class CommonMethod<T>"
"declare class CommonMethod<T>","接口定义变更","harmonyos_behavior_changes/HarmonyOS_26.0.0(26)_Beta1.json","CommonMethod","",".hitTestBehavior(HitTestMode.None)","ArkTS","library\src\main\ets\tablefixheaders\TableFixHeaders.ets:635","declare class CommonMethod<T>@library\src\main\ets\tablefixheaders\TableFixHeaders.ets:635","","26.0.0(26)","declare class CommonMethod<T>"
"declare class CommonMethod<T>","接口定义变更","harmonyos_behavior_changes/HarmonyOS_26.0.0(26)_Beta1.json","CommonMethod","",".linearGradient({","ArkTS","library\src\main\ets\tablefixheaders\TableFixHeaders.ets:636","declare class CommonMethod<T>@library\src\main\ets\tablefixheaders\TableFixHeaders.ets:636","","26.0.0(26)","declare class CommonMethod<T>"
"declare class CommonMethod<T>","接口定义变更","harmonyos_behavior_changes/HarmonyOS_26.0.0(26)_Beta1.json","CommonMethod","","colors: [['rgba(0,0,0,' + (SHADOW_ALPHA_FACTOR * this.shadowLeftAlpha).toFixed(PAD_DIGITS) + ')', GRADIENT_START],","ArkTS","library\src\main\ets\tablefixheaders\TableFixHeaders.ets:638","declare class CommonMethod<T>@library\src\main\ets\tablefixheaders\TableFixHeaders.ets:638","","26.0.0(26)","declare class CommonMethod<T>"
"declare class CommonMethod<T>","接口定义变更","harmonyos_behavior_changes/HarmonyOS_26.0.0(26)_Beta1.json","CommonMethod","",".width('100%')","ArkTS","library\src\main\ets\tablefixheaders\TableFixHeaders.ets:646","declare class CommonMethod<T>@library\src\main\ets\tablefixheaders\TableFixHeaders.ets:646","","26.0.0(26)","declare class CommonMethod<T>"
"declare class CommonMethod<T>","接口定义变更","harmonyos_behavior_changes/HarmonyOS_26.0.0(26)_Beta1.json","CommonMethod","",".height(this.shadowSize)","ArkTS","library\src\main\ets\tablefixheaders\TableFixHeaders.ets:647","declare class CommonMethod<T>@library\src\main\ets\tablefixheaders\TableFixHeaders.ets:647","","26.0.0(26)","declare class CommonMethod<T>"
"declare class CommonMethod<T>","接口定义变更","harmonyos_behavior_changes/HarmonyOS_26.0.0(26)_Beta1.json","CommonMethod","",".position({ x: FIRST_INDEX, y: this.heights[FIRST_ROW_INDEX] })","ArkTS","library\src\main\ets\tablefixheaders\TableFixHeaders.ets:648","declare class CommonMethod<T>@library\src\main\ets\tablefixheaders\TableFixHeaders.ets:648","","26.0.0(26)","declare class CommonMethod<T>"
"declare class CommonMethod<T>","接口定义变更","harmonyos_behavior_changes/HarmonyOS_26.0.0(26)_Beta1.json","CommonMethod","",".hitTestBehavior(HitTestMode.None)","ArkTS","library\src\main\ets\tablefixheaders\TableFixHeaders.ets:649","declare class CommonMethod<T>@library\src\main\ets\tablefixheaders\TableFixHeaders.ets:649","","26.0.0(26)","declare class CommonMethod<T>"
"declare class CommonMethod<T>","接口定义变更","harmonyos_behavior_changes/HarmonyOS_26.0.0(26)_Beta1.json","CommonMethod","",".linearGradient({","ArkTS","library\src\main\ets\tablefixheaders\TableFixHeaders.ets:650","declare class CommonMethod<T>@library\src\main\ets\tablefixheaders\TableFixHeaders.ets:650","","26.0.0(26)","declare class CommonMethod<T>"
"declare class CommonMethod<T>","接口定义变更","harmonyos_behavior_changes/HarmonyOS_26.0.0(26)_Beta1.json","CommonMethod","","colors: [['rgba(0,0,0,' + (SHADOW_ALPHA_FACTOR * this.shadowTopAlpha).toFixed(PAD_DIGITS) + ')', GRADIENT_START],","ArkTS","library\src\main\ets\tablefixheaders\TableFixHeaders.ets:652","declare class CommonMethod<T>@library\src\main\ets\tablefixheaders\TableFixHeaders.ets:652","","26.0.0(26)","declare class CommonMethod<T>"
"declare class CommonMethod<T>","接口定义变更","harmonyos_behavior_changes/HarmonyOS_26.0.0(26)_Beta1.json","CommonMethod","",".width(this.shadowSize)","ArkTS","library\src\main\ets\tablefixheaders\TableFixHeaders.ets:660","declare class CommonMethod<T>@library\src\main\ets\tablefixheaders\TableFixHeaders.ets:660","","26.0.0(26)","declare class CommonMethod<T>"
"declare class CommonMethod<T>","接口定义变更","harmonyos_behavior_changes/HarmonyOS_26.0.0(26)_Beta1.json","CommonMethod","",".height('100%')","ArkTS","library\src\main\ets\tablefixheaders\TableFixHeaders.ets:661","declare class CommonMethod<T>@library\src\main\ets\tablefixheaders\TableFixHeaders.ets:661","","26.0.0(26)","declare class CommonMethod<T>"
"declare class CommonMethod<T>","接口定义变更","harmonyos_behavior_changes/HarmonyOS_26.0.0(26)_Beta1.json","CommonMethod","",".position({ x: this.compWidth - this.shadowSize, y: FIRST_INDEX })","ArkTS","library\src\main\ets\tablefixheaders\TableFixHeaders.ets:662","declare class CommonMethod<T>@library\src\main\ets\tablefixheaders\TableFixHeaders.ets:662","","26.0.0(26)","declare class CommonMethod<T>"
"declare class CommonMethod<T>","接口定义变更","harmonyos_behavior_changes/HarmonyOS_26.0.0(26)_Beta1.json","CommonMethod","",".hitTestBehavior(HitTestMode.None)","ArkTS","library\src\main\ets\tablefixheaders\TableFixHeaders.ets:663","declare class CommonMethod<T>@library\src\main\ets\tablefixheaders\TableFixHeaders.ets:663","","26.0.0(26)","declare class CommonMethod<T>"
"declare class CommonMethod<T>","接口定义变更","harmonyos_behavior_changes/HarmonyOS_26.0.0(26)_Beta1.json","CommonMethod","",".linearGradient({","ArkTS","library\src\main\ets\tablefixheaders\TableFixHeaders.ets:664","declare class CommonMethod<T>@library\src\main\ets\tablefixheaders\TableFixHeaders.ets:664","","26.0.0(26)","declare class CommonMethod<T>"
"declare class CommonMethod<T>","接口定义变更","harmonyos_behavior_changes/HarmonyOS_26.0.0(26)_Beta1.json","CommonMethod","","colors: [['rgba(0,0,0,' + (SHADOW_ALPHA_FACTOR * this.shadowRightAlpha).toFixed(PAD_DIGITS) + ')', GRADIENT_START],","ArkTS","library\src\main\ets\tablefixheaders\TableFixHeaders.ets:666","declare class CommonMethod<T>@library\src\main\ets\tablefixheaders\TableFixHeaders.ets:666","","26.0.0(26)","declare class CommonMethod<T>"
"declare class CommonMethod<T>","接口定义变更","harmonyos_behavior_changes/HarmonyOS_26.0.0(26)_Beta1.json","CommonMethod","",".width('100%')","ArkTS","library\src\main\ets\tablefixheaders\TableFixHeaders.ets:674","declare class CommonMethod<T>@library\src\main\ets\tablefixheaders\TableFixHeaders.ets:674","","26.0.0(26)","declare class CommonMethod<T>"
"declare class CommonMethod<T>","接口定义变更","harmonyos_behavior_changes/HarmonyOS_26.0.0(26)_Beta1.json","CommonMethod","",".height(this.shadowSize)","ArkTS","library\src\main\ets\tablefixheaders\TableFixHeaders.ets:675","declare class CommonMethod<T>@library\src\main\ets\tablefixheaders\TableFixHeaders.ets:675","","26.0.0(26)","declare class CommonMethod<T>"
"declare class CommonMethod<T>","接口定义变更","harmonyos_behavior_changes/HarmonyOS_26.0.0(26)_Beta1.json","CommonMethod","",".position({ x: FIRST_INDEX, y: this.compHeight - this.shadowSize })","ArkTS","library\src\main\ets\tablefixheaders\TableFixHeaders.ets:676","declare class CommonMethod<T>@library\src\main\ets\tablefixheaders\TableFixHeaders.ets:676","","26.0.0(26)","declare class CommonMethod<T>"
"declare class CommonMethod<T>","接口定义变更","harmonyos_behavior_changes/HarmonyOS_26.0.0(26)_Beta1.json","CommonMethod","",".hitTestBehavior(HitTestMode.None)","ArkTS","library\src\main\ets\tablefixheaders\TableFixHeaders.ets:677","declare class CommonMethod<T>@library\src\main\ets\tablefixheaders\TableFixHeaders.ets:677","","26.0.0(26)","declare class CommonMethod<T>"
"declare class CommonMethod<T>","接口定义变更","harmonyos_behavior_changes/HarmonyOS_26.0.0(26)_Beta1.json","CommonMethod","",".linearGradient({","ArkTS","library\src\main\ets\tablefixheaders\TableFixHeaders.ets:678","declare class CommonMethod<T>@library\src\main\ets\tablefixheaders\TableFixHeaders.ets:678","","26.0.0(26)","declare class CommonMethod<T>"
"declare class CommonMethod<T>","接口定义变更","harmonyos_behavior_changes/HarmonyOS_26.0.0(26)_Beta1.json","CommonMethod","","colors: [['rgba(0,0,0,' + (SHADOW_ALPHA_FACTOR * this.shadowBottomAlpha).toFixed(PAD_DIGITS) + ')', GRADIENT_START],","ArkTS","library\src\main\ets\tablefixheaders\TableFixHeaders.ets:680","declare class CommonMethod<T>@library\src\main\ets\tablefixheaders\TableFixHeaders.ets:680","","26.0.0(26)","declare class CommonMethod<T>"
"declare class CommonMethod<T>","接口定义变更","harmonyos_behavior_changes/HarmonyOS_26.0.0(26)_Beta1.json","CommonMethod","",".hitTestBehavior(HitTestMode.Block)","ArkTS","library\src\main\ets\tablefixheaders\TableFixHeaders.ets:685","declare class CommonMethod<T>@library\src\main\ets\tablefixheaders\TableFixHeaders.ets:685","","26.0.0(26)","declare class CommonMethod<T>"
"declare class CommonMethod<T>","接口定义变更","harmonyos_behavior_changes/HarmonyOS_26.0.0(26)_Beta1.json","CommonMethod","",".width('100%')","ArkTS","library\src\main\ets\tablefixheaders\TableFixHeaders.ets:686","declare class CommonMethod<T>@library\src\main\ets\tablefixheaders\TableFixHeaders.ets:686","","26.0.0(26)","declare class CommonMethod<T>"
"declare class CommonMethod<T>","接口定义变更","harmonyos_behavior_changes/HarmonyOS_26.0.0(26)_Beta1.json","CommonMethod","",".height(this.compHeight > FIRST_INDEX ? this.compHeight : DEFAULT_COMP_HEIGHT)","ArkTS","library\src\main\ets\tablefixheaders\TableFixHeaders.ets:687","declare class CommonMethod<T>@library\src\main\ets\tablefixheaders\TableFixHeaders.ets:687","","26.0.0(26)","declare class CommonMethod<T>"
"declare class CommonMethod<T>","接口定义变更","harmonyos_behavior_changes/HarmonyOS_26.0.0(26)_Beta1.json","CommonMethod","",".onTouch((event: TouchEvent) => {","ArkTS","library\src\main\ets\tablefixheaders\TableFixHeaders.ets:688","declare class CommonMethod<T>@library\src\main\ets\tablefixheaders\TableFixHeaders.ets:688","","26.0.0(26)","declare class CommonMethod<T>"
"declare class CommonMethod<T>","接口定义变更","harmonyos_behavior_changes/HarmonyOS_26.0.0(26)_Beta1.json","CommonMethod","",".onAreaChange((oldValue: Area, newValue: Area) => {","ArkTS","library\src\main\ets\tablefixheaders\TableFixHeaders.ets:691","declare class CommonMethod<T>@library\src\main\ets\tablefixheaders\TableFixHeaders.ets:691","","26.0.0(26)","declare class CommonMethod<T>"
"declare class CommonMethod<T>","接口定义变更","harmonyos_behavior_changes/HarmonyOS_26.0.0(26)_Beta1.json","CommonMethod","","const newW: number = newValue.width as number;","ArkTS","library\src\main\ets\tablefixheaders\TableFixHeaders.ets:692","declare class CommonMethod<T>@library\src\main\ets\tablefixheaders\TableFixHeaders.ets:692","","26.0.0(26)","declare class CommonMethod<T>"
"declare class CommonMethod<T>","接口定义变更","harmonyos_behavior_changes/HarmonyOS_26.0.0(26)_Beta1.json","CommonMethod","","const newH: number = newValue.height as number;","ArkTS","library\src\main\ets\tablefixheaders\TableFixHeaders.ets:693","declare class CommonMethod<T>@library\src\main\ets\tablefixheaders\TableFixHeaders.ets:693","","26.0.0(26)","declare class CommonMethod<T>"
"declare const Text: TextInterface","UX视觉布局变更","harmonyos_behavior_changes/HarmonyOS_26.0.0(26)_Beta1.json","Text","","Text('< 返回')","ArkTS","entry\src\main\ets\pages\FamilyTablePage.ets:39","declare const Text: TextInterface@entry\src\main\ets\pages\FamilyTablePage.ets:39","","26.0.0(26)","declare const Text: TextInterface"
"declare const Text: TextInterface","UX视觉布局变更","harmonyos_behavior_changes/HarmonyOS_26.0.0(26)_Beta1.json","Text","","Text('Family Table')","ArkTS","entry\src\main\ets\pages\FamilyTablePage.ets:46","declare const Text: TextInterface@entry\src\main\ets\pages\FamilyTablePage.ets:46","","26.0.0(26)","declare const Text: TextInterface"
"declare const Text: TextInterface","UX视觉布局变更","harmonyos_behavior_changes/HarmonyOS_26.0.0(26)_Beta1.json","Text","","Text('')","ArkTS","entry\src\main\ets\pages\FamilyTablePage.ets:53","declare const Text: TextInterface@entry\src\main\ets\pages\FamilyTablePage.ets:53","","26.0.0(26)","declare const Text: TextInterface"
"declare const Text: TextInterface","UX视觉布局变更","harmonyos_behavior_changes/HarmonyOS_26.0.0(26)_Beta1.json","Text","","Text(this.statusText)","ArkTS","entry\src\main\ets\pages\FamilyTablePage.ets:63","declare const Text: TextInterface@entry\src\main\ets\pages\FamilyTablePage.ets:63","","26.0.0(26)","declare const Text: TextInterface"
"declare const Text: TextInterface","UX视觉布局变更","harmonyos_behavior_changes/HarmonyOS_26.0.0(26)_Beta1.json","Text","","Text('颜色说明')","ArkTS","entry\src\main\ets\pages\FamilyTablePage.ets:83","declare const Text: TextInterface@entry\src\main\ets\pages\FamilyTablePage.ets:83","","26.0.0(26)","declare const Text: TextInterface"
"declare const Text: TextInterface","UX视觉布局变更","harmonyos_behavior_changes/HarmonyOS_26.0.0(26)_Beta1.json","Text","","Text('• 粉灰色 = 表头行/角标\n• 浅黄/浅蓝交替 = 数据行\n• 绿色 = 家族分组行\n• 各列宽度不同（60~140vp）')","ArkTS","entry\src\main\ets\pages\FamilyTablePage.ets:89","declare const Text: TextInterface@entry\src\main\ets\pages\FamilyTablePage.ets:89","","26.0.0(26)","declare const Text: TextInterface"
"declare const Text: TextInterface","UX视觉布局变更","harmonyos_behavior_changes/HarmonyOS_26.0.0(26)_Beta1.json","Text","","Text('TableFixHeaders Demo')","ArkTS","entry\src\main\ets\pages\Index.ets:39","declare const Text: TextInterface@entry\src\main\ets\pages\Index.ets:39","","26.0.0(26)","declare const Text: TextInterface"
"declare const Text: TextInterface","UX视觉布局变更","harmonyos_behavior_changes/HarmonyOS_26.0.0(26)_Beta1.json","Text","","Text('请选择表格演示模式')","ArkTS","entry\src\main\ets\pages\Index.ets:48","declare const Text: TextInterface@entry\src\main\ets\pages\Index.ets:48","","26.0.0(26)","declare const Text: TextInterface"
"declare const Text: TextInterface","UX视觉布局变更","harmonyos_behavior_changes/HarmonyOS_26.0.0(26)_Beta1.json","Text","","Text(String(index + 1))","ArkTS","entry\src\main\ets\pages\Index.ets:75","declare const Text: TextInterface@entry\src\main\ets\pages\Index.ets:75","","26.0.0(26)","declare const Text: TextInterface"
"declare const Text: TextInterface","UX视觉布局变更","harmonyos_behavior_changes/HarmonyOS_26.0.0(26)_Beta1.json","Text","","Text(item.name)","ArkTS","entry\src\main\ets\pages\Index.ets:83","declare const Text: TextInterface@entry\src\main\ets\pages\Index.ets:83","","26.0.0(26)","declare const Text: TextInterface"
"declare const Text: TextInterface","UX视觉布局变更","harmonyos_behavior_changes/HarmonyOS_26.0.0(26)_Beta1.json","Text","","Text(item.description)","ArkTS","entry\src\main\ets\pages\Index.ets:89","declare const Text: TextInterface@entry\src\main\ets\pages\Index.ets:89","","26.0.0(26)","declare const Text: TextInterface"
"declare const Text: TextInterface","UX视觉布局变更","harmonyos_behavior_changes/HarmonyOS_26.0.0(26)_Beta1.json","Text","","Text('>')","ArkTS","entry\src\main\ets\pages\Index.ets:99","declare const Text: TextInterface@entry\src\main\ets\pages\Index.ets:99","","26.0.0(26)","declare const Text: TextInterface"
"declare const Text: TextInterface","UX视觉布局变更","harmonyos_behavior_changes/HarmonyOS_26.0.0(26)_Beta1.json","Text","","Text('触摸拖动表格内容可双向滚动，松手后有惯性滑动效果。\n滚动到边界显示渐隐阴影提示。')","ArkTS","entry\src\main\ets\pages\SimpleTablePage.ets:105","declare const Text: TextInterface@entry\src\main\ets\pages\SimpleTablePage.ets:105","","26.0.0(26)","declare const Text: TextInterface"
"declare const Text: TextInterface","UX视觉布局变更","harmonyos_behavior_changes/HarmonyOS_26.0.0(26)_Beta1.json","Text","","Text('< 返回')","ArkTS","entry\src\main\ets\pages\SimpleTablePage.ets:54","declare const Text: TextInterface@entry\src\main\ets\pages\SimpleTablePage.ets:54","","26.0.0(26)","declare const Text: TextInterface"
"declare const Text: TextInterface","UX视觉布局变更","harmonyos_behavior_changes/HarmonyOS_26.0.0(26)_Beta1.json","Text","","Text('Simple Table')","ArkTS","entry\src\main\ets\pages\SimpleTablePage.ets:61","declare const Text: TextInterface@entry\src\main\ets\pages\SimpleTablePage.ets:61","","26.0.0(26)","declare const Text: TextInterface"
"declare const Text: TextInterface","UX视觉布局变更","harmonyos_behavior_changes/HarmonyOS_26.0.0(26)_Beta1.json","Text","","Text('')","ArkTS","entry\src\main\ets\pages\SimpleTablePage.ets:69","declare const Text: TextInterface@entry\src\main\ets\pages\SimpleTablePage.ets:69","","26.0.0(26)","declare const Text: TextInterface"
"declare const Text: TextInterface","UX视觉布局变更","harmonyos_behavior_changes/HarmonyOS_26.0.0(26)_Beta1.json","Text","","Text(this.statusText)","ArkTS","entry\src\main\ets\pages\SimpleTablePage.ets:79","declare const Text: TextInterface@entry\src\main\ets\pages\SimpleTablePage.ets:79","","26.0.0(26)","declare const Text: TextInterface"
"declare const Text: TextInterface","UX视觉布局变更","harmonyos_behavior_changes/HarmonyOS_26.0.0(26)_Beta1.json","Text","","Text('操作说明')","ArkTS","entry\src\main\ets\pages\SimpleTablePage.ets:99","declare const Text: TextInterface@entry\src\main\ets\pages\SimpleTablePage.ets:99","","26.0.0(26)","declare const Text: TextInterface"
"declare const Text: TextInterface","UX视觉布局变更","harmonyos_behavior_changes/HarmonyOS_26.0.0(26)_Beta1.json","Text","","Text('< 返回')","ArkTS","entry\src\main\ets\pages\StyleTablePage.ets:40","declare const Text: TextInterface@entry\src\main\ets\pages\StyleTablePage.ets:40","","26.0.0(26)","declare const Text: TextInterface"
"declare const Text: TextInterface","UX视觉布局变更","harmonyos_behavior_changes/HarmonyOS_26.0.0(26)_Beta1.json","Text","","Text('Style Table')","ArkTS","entry\src\main\ets\pages\StyleTablePage.ets:47","declare const Text: TextInterface@entry\src\main\ets\pages\StyleTablePage.ets:47","","26.0.0(26)","declare const Text: TextInterface"
"declare const Text: TextInterface","UX视觉布局变更","harmonyos_behavior_changes/HarmonyOS_26.0.0(26)_Beta1.json","Text","","Text('')","ArkTS","entry\src\main\ets\pages\StyleTablePage.ets:54","declare const Text: TextInterface@entry\src\main\ets\pages\StyleTablePage.ets:54","","26.0.0(26)","declare const Text: TextInterface"
"declare const Text: TextInterface","UX视觉布局变更","harmonyos_behavior_changes/HarmonyOS_26.0.0(26)_Beta1.json","Text","","Text(this.statusText)","ArkTS","entry\src\main\ets\pages\StyleTablePage.ets:64","declare const Text: TextInterface@entry\src\main\ets\pages\StyleTablePage.ets:64","","26.0.0(26)","declare const Text: TextInterface"
"declare const Text: TextInterface","UX视觉布局变更","harmonyos_behavior_changes/HarmonyOS_26.0.0(26)_Beta1.json","Text","","Text('特征说明')","ArkTS","entry\src\main\ets\pages\StyleTablePage.ets:84","declare const Text: TextInterface@entry\src\main\ets\pages\StyleTablePage.ets:84","","26.0.0(26)","declare const Text: TextInterface"
"declare const Text: TextInterface","UX视觉布局变更","harmonyos_behavior_changes/HarmonyOS_26.0.0(26)_Beta1.json","Text","","Text('表头行（蓝紫色背景）与数据体（淡蓝色背景）使用不同视图类型（getItemViewType=0/1）。\n触摸拖动双向滚动，含惯性滑动与边界阴影。')","ArkTS","entry\src\main\ets\pages\StyleTablePage.ets:90","declare const Text: TextInterface@entry\src\main\ets\pages\StyleTablePage.ets:90","","26.0.0(26)","declare const Text: TextInterface"
"declare const Text: TextInterface","UX视觉布局变更","harmonyos_behavior_changes/HarmonyOS_26.0.0(26)_Beta1.json","Text","","Text(this.message)","ArkTS","library\src\main\ets\components\MainPage.ets:8","declare const Text: TextInterface@library\src\main\ets\components\MainPage.ets:8","","26.0.0(26)","declare const Text: TextInterface"
"declare const Text: TextInterface","UX视觉布局变更","harmonyos_behavior_changes/HarmonyOS_26.0.0(26)_Beta1.json","Text","","Text(this.getCellText(row, col))","ArkTS","library\src\main\ets\tablefixheaders\TableFixHeaders.ets:549","declare const Text: TextInterface@library\src\main\ets\tablefixheaders\TableFixHeaders.ets:549","","26.0.0(26)","declare const Text: TextInterface"
"declare type AccessibilityActionInterceptCallback = (action: AccessibilityAction) => AccessibilityActionInterceptResult","新增API","harmonyos_api_changes/HarmonyOS_6.0.0(20)_Beta1.json","declare","","if (event.type === TouchType.Down) {","ArkTS","library\src\main\ets\tablefixheaders\TableFixHeaders.ets:364","declare type AccessibilityActionInterceptCallback = (action: AccessibilityAction) => AccessibilityActionInterceptResult@library\src\main\ets\tablefixheaders\TableFixHeaders.ets:364","","6.0.0(20)","declare type AccessibilityActionInterceptCallback = (action: AccessibilityAction) => AccessibilityActionInterceptResult"
"declare type AccessibilityActionInterceptCallback = (action: AccessibilityAction) => AccessibilityActionInterceptResult","新增API","harmonyos_api_changes/HarmonyOS_6.0.0(20)_Beta1.json","declare","","} else if (event.type === TouchType.Move) {","ArkTS","library\src\main\ets\tablefixheaders\TableFixHeaders.ets:376","declare type AccessibilityActionInterceptCallback = (action: AccessibilityAction) => AccessibilityActionInterceptResult@library\src\main\ets\tablefixheaders\TableFixHeaders.ets:376","","6.0.0(20)","declare type AccessibilityActionInterceptCallback = (action: AccessibilityAction) => AccessibilityActionInterceptResult"
"declare type AccessibilityActionInterceptCallback = (action: AccessibilityAction) => AccessibilityActionInterceptResult","新增API","harmonyos_api_changes/HarmonyOS_6.0.0(20)_Beta1.json","declare","","} else if (event.type === TouchType.Up || event.type === TouchType.Cancel) {","ArkTS","library\src\main\ets\tablefixheaders\TableFixHeaders.ets:394","declare type AccessibilityActionInterceptCallback = (action: AccessibilityAction) => AccessibilityActionInterceptResult@library\src\main\ets\tablefixheaders\TableFixHeaders.ets:394","","6.0.0(20)","declare type AccessibilityActionInterceptCallback = (action: AccessibilityAction) => AccessibilityActionInterceptResult"
"declare type AccessibilityFocusCallback = (isFocus: boolean) => void","新增API","harmonyos_api_changes/HarmonyOS_5.1.0(18).json","declare","","if (event.type === TouchType.Down) {","ArkTS","library\src\main\ets\tablefixheaders\TableFixHeaders.ets:364","declare type AccessibilityFocusCallback = (isFocus: boolean) => void@library\src\main\ets\tablefixheaders\TableFixHeaders.ets:364","","5.1.0(18)","declare type AccessibilityFocusCallback = (isFocus: boolean) => void"
"declare type AccessibilityFocusCallback = (isFocus: boolean) => void","新增API","harmonyos_api_changes/HarmonyOS_5.1.0(18).json","declare","","} else if (event.type === TouchType.Move) {","ArkTS","library\src\main\ets\tablefixheaders\TableFixHeaders.ets:376","declare type AccessibilityFocusCallback = (isFocus: boolean) => void@library\src\main\ets\tablefixheaders\TableFixHeaders.ets:376","","5.1.0(18)","declare type AccessibilityFocusCallback = (isFocus: boolean) => void"
"declare type AccessibilityFocusCallback = (isFocus: boolean) => void","新增API","harmonyos_api_changes/HarmonyOS_5.1.0(18).json","declare","","} else if (event.type === TouchType.Up || event.type === TouchType.Cancel) {","ArkTS","library\src\main\ets\tablefixheaders\TableFixHeaders.ets:394","declare type AccessibilityFocusCallback = (isFocus: boolean) => void@library\src\main\ets\tablefixheaders\TableFixHeaders.ets:394","","5.1.0(18)","declare type AccessibilityFocusCallback = (isFocus: boolean) => void"
"declare type AccessibilityTransparentCallback = (event: TouchEvent) => void","新增API","harmonyos_api_changes/HarmonyOS_6.0.0(20)_Beta1.json","declare","","if (event.type === TouchType.Down) {","ArkTS","library\src\main\ets\tablefixheaders\TableFixHeaders.ets:364","declare type AccessibilityTransparentCallback = (event: TouchEvent) => void@library\src\main\ets\tablefixheaders\TableFixHeaders.ets:364","","6.0.0(20)","declare type AccessibilityTransparentCallback = (event: TouchEvent) => void"
"declare type AccessibilityTransparentCallback = (event: TouchEvent) => void","新增API","harmonyos_api_changes/HarmonyOS_6.0.0(20)_Beta1.json","declare","","} else if (event.type === TouchType.Move) {","ArkTS","library\src\main\ets\tablefixheaders\TableFixHeaders.ets:376","declare type AccessibilityTransparentCallback = (event: TouchEvent) => void@library\src\main\ets\tablefixheaders\TableFixHeaders.ets:376","","6.0.0(20)","declare type AccessibilityTransparentCallback = (event: TouchEvent) => void"
"declare type AccessibilityTransparentCallback = (event: TouchEvent) => void","新增API","harmonyos_api_changes/HarmonyOS_6.0.0(20)_Beta1.json","declare","","} else if (event.type === TouchType.Up || event.type === TouchType.Cancel) {","ArkTS","library\src\main\ets\tablefixheaders\TableFixHeaders.ets:394","declare type AccessibilityTransparentCallback = (event: TouchEvent) => void@library\src\main\ets\tablefixheaders\TableFixHeaders.ets:394","","6.0.0(20)","declare type AccessibilityTransparentCallback = (event: TouchEvent) => void"
"declare type AnimationEndHandler = (index: number, event: SwiperAnimationEvent) => void","新增API","harmonyos_api_changes/HarmonyOS_5.1.0(18).json","declare","","if (event.type === TouchType.Down) {","ArkTS","library\src\main\ets\tablefixheaders\TableFixHeaders.ets:364","declare type AnimationEndHandler = (index: number, event: SwiperAnimationEvent) => void@library\src\main\ets\tablefixheaders\TableFixHeaders.ets:364","","5.1.0(18)","declare type AnimationEndHandler = (index: number, event: SwiperAnimationEvent) => void"
"declare type AnimationEndHandler = (index: number, event: SwiperAnimationEvent) => void","新增API","harmonyos_api_changes/HarmonyOS_5.1.0(18).json","declare","","} else if (event.type === TouchType.Move) {","ArkTS","library\src\main\ets\tablefixheaders\TableFixHeaders.ets:376","declare type AnimationEndHandler = (index: number, event: SwiperAnimationEvent) => void@library\src\main\ets\tablefixheaders\TableFixHeaders.ets:376","","5.1.0(18)","declare type AnimationEndHandler = (index: number, event: SwiperAnimationEvent) => void"
"declare type AnimationEndHandler = (index: number, event: SwiperAnimationEvent) => void","新增API","harmonyos_api_changes/HarmonyOS_5.1.0(18).json","declare","","} else if (event.type === TouchType.Up || event.type === TouchType.Cancel) {","ArkTS","library\src\main\ets\tablefixheaders\TableFixHeaders.ets:394","declare type AnimationEndHandler = (index: number, event: SwiperAnimationEvent) => void@library\src\main\ets\tablefixheaders\TableFixHeaders.ets:394","","5.1.0(18)","declare type AnimationEndHandler = (index: number, event: SwiperAnimationEvent) => void"
"declare type AnimationStartHandler = (index: number, targetIndex: number, event: SwiperAnimationEvent) => void","新增API","harmonyos_api_changes/HarmonyOS_5.1.0(18).json","declare","","if (event.type === TouchType.Down) {","ArkTS","library\src\main\ets\tablefixheaders\TableFixHeaders.ets:364","declare type AnimationStartHandler = (index: number, targetIndex: number, event: SwiperAnimationEvent) => void@library\src\main\ets\tablefixheaders\TableFixHeaders.ets:364","","5.1.0(18)","declare type AnimationStartHandler = (index: number, targetIndex: number, event: SwiperAnimationEvent) => void"
"declare type AnimationStartHandler = (index: number, targetIndex: number, event: SwiperAnimationEvent) => void","新增API","harmonyos_api_changes/HarmonyOS_5.1.0(18).json","declare","","} else if (event.type === TouchType.Move) {","ArkTS","library\src\main\ets\tablefixheaders\TableFixHeaders.ets:376","declare type AnimationStartHandler = (index: number, targetIndex: number, event: SwiperAnimationEvent) => void@library\src\main\ets\tablefixheaders\TableFixHeaders.ets:376","","5.1.0(18)","declare type AnimationStartHandler = (index: number, targetIndex: number, event: SwiperAnimationEvent) => void"
"declare type AnimationStartHandler = (index: number, targetIndex: number, event: SwiperAnimationEvent) => void","新增API","harmonyos_api_changes/HarmonyOS_5.1.0(18).json","declare","","} else if (event.type === TouchType.Up || event.type === TouchType.Cancel) {","ArkTS","library\src\main\ets\tablefixheaders\TableFixHeaders.ets:394","declare type AnimationStartHandler = (index: number, targetIndex: number, event: SwiperAnimationEvent) => void@library\src\main\ets\tablefixheaders\TableFixHeaders.ets:394","","5.1.0(18)","declare type AnimationStartHandler = (index: number, targetIndex: number, event: SwiperAnimationEvent) => void"
"declare type ArcScrollIndexHandler = (start: number, end: number, center: number) => void","新增API","harmonyos_api_changes/HarmonyOS_5.1.0(18).json","declare","","if (event.type === TouchType.Down) {","ArkTS","library\src\main\ets\tablefixheaders\TableFixHeaders.ets:364","declare type ArcScrollIndexHandler = (start: number, end: number, center: number) => void@library\src\main\ets\tablefixheaders\TableFixHeaders.ets:364","","5.1.0(18)","declare type ArcScrollIndexHandler = (start: number, end: number, center: number) => void"
"declare type ArcScrollIndexHandler = (start: number, end: number, center: number) => void","新增API","harmonyos_api_changes/HarmonyOS_5.1.0(18).json","declare","","} else if (event.type === TouchType.Move) {","ArkTS","library\src\main\ets\tablefixheaders\TableFixHeaders.ets:376","declare type ArcScrollIndexHandler = (start: number, end: number, center: number) => void@library\src\main\ets\tablefixheaders\TableFixHeaders.ets:376","","5.1.0(18)","declare type ArcScrollIndexHandler = (start: number, end: number, center: number) => void"
"declare type ArcScrollIndexHandler = (start: number, end: number, center: number) => void","新增API","harmonyos_api_changes/HarmonyOS_5.1.0(18).json","declare","","} else if (event.type === TouchType.Up || event.type === TouchType.Cancel) {","ArkTS","library\src\main\ets\tablefixheaders\TableFixHeaders.ets:394","declare type ArcScrollIndexHandler = (start: number, end: number, center: number) => void@library\src\main\ets\tablefixheaders\TableFixHeaders.ets:394","","5.1.0(18)","declare type ArcScrollIndexHandler = (start: number, end: number, center: number) => void"
"declare type ArcSliderChangeHandler = (progress: number) => void","新增API","harmonyos_api_changes/HarmonyOS_5.1.0(18).json","declare","","if (event.type === TouchType.Down) {","ArkTS","library\src\main\ets\tablefixheaders\TableFixHeaders.ets:364","declare type ArcSliderChangeHandler = (progress: number) => void@library\src\main\ets\tablefixheaders\TableFixHeaders.ets:364","","5.1.0(18)","declare type ArcSliderChangeHandler = (progress: number) => void"
"declare type ArcSliderChangeHandler = (progress: number) => void","新增API","harmonyos_api_changes/HarmonyOS_5.1.0(18).json","declare","","} else if (event.type === TouchType.Move) {","ArkTS","library\src\main\ets\tablefixheaders\TableFixHeaders.ets:376","declare type ArcSliderChangeHandler = (progress: number) => void@library\src\main\ets\tablefixheaders\TableFixHeaders.ets:376","","5.1.0(18)","declare type ArcSliderChangeHandler = (progress: number) => void"
"declare type ArcSliderChangeHandler = (progress: number) => void","新增API","harmonyos_api_changes/HarmonyOS_5.1.0(18).json","declare","","} else if (event.type === TouchType.Up || event.type === TouchType.Cancel) {","ArkTS","library\src\main\ets\tablefixheaders\TableFixHeaders.ets:394","declare type ArcSliderChangeHandler = (progress: number) => void@library\src\main\ets\tablefixheaders\TableFixHeaders.ets:394","","5.1.0(18)","declare type ArcSliderChangeHandler = (progress: number) => void"
"declare type ArcSliderEnlargeHandler = (isEnlarged: boolean) => void","新增API","harmonyos_api_changes/HarmonyOS_5.1.0(18).json","declare","","if (event.type === TouchType.Down) {","ArkTS","library\src\main\ets\tablefixheaders\TableFixHeaders.ets:364","declare type ArcSliderEnlargeHandler = (isEnlarged: boolean) => void@library\src\main\ets\tablefixheaders\TableFixHeaders.ets:364","","5.1.0(18)","declare type ArcSliderEnlargeHandler = (isEnlarged: boolean) => void"
"declare type ArcSliderEnlargeHandler = (isEnlarged: boolean) => void","新增API","harmonyos_api_changes/HarmonyOS_5.1.0(18).json","declare","","} else if (event.type === TouchType.Move) {","ArkTS","library\src\main\ets\tablefixheaders\TableFixHeaders.ets:376","declare type ArcSliderEnlargeHandler = (isEnlarged: boolean) => void@library\src\main\ets\tablefixheaders\TableFixHeaders.ets:376","","5.1.0(18)","declare type ArcSliderEnlargeHandler = (isEnlarged: boolean) => void"
"declare type ArcSliderEnlargeHandler = (isEnlarged: boolean) => void","新增API","harmonyos_api_changes/HarmonyOS_5.1.0(18).json","declare","","} else if (event.type === TouchType.Up || event.type === TouchType.Cancel) {","ArkTS","library\src\main\ets\tablefixheaders\TableFixHeaders.ets:394","declare type ArcSliderEnlargeHandler = (isEnlarged: boolean) => void@library\src\main\ets\tablefixheaders\TableFixHeaders.ets:394","","5.1.0(18)","declare type ArcSliderEnlargeHandler = (isEnlarged: boolean) => void"
"declare type ArcSliderTouchHandler = (event: TouchEvent) => void","新增API","harmonyos_api_changes/HarmonyOS_5.1.0(18).json","declare","","if (event.type === TouchType.Down) {","ArkTS","library\src\main\ets\tablefixheaders\TableFixHeaders.ets:364","declare type ArcSliderTouchHandler = (event: TouchEvent) => void@library\src\main\ets\tablefixheaders\TableFixHeaders.ets:364","","5.1.0(18)","declare type ArcSliderTouchHandler = (event: TouchEvent) => void"
"declare type ArcSliderTouchHandler = (event: TouchEvent) => void","新增API","harmonyos_api_changes/HarmonyOS_5.1.0(18).json","declare","","} else if (event.type === TouchType.Move) {","ArkTS","library\src\main\ets\tablefixheaders\TableFixHeaders.ets:376","declare type ArcSliderTouchHandler = (event: TouchEvent) => void@library\src\main\ets\tablefixheaders\TableFixHeaders.ets:376","","5.1.0(18)","declare type ArcSliderTouchHandler = (event: TouchEvent) => void"
"declare type ArcSliderTouchHandler = (event: TouchEvent) => void","新增API","harmonyos_api_changes/HarmonyOS_5.1.0(18).json","declare","","} else if (event.type === TouchType.Up || event.type === TouchType.Cancel) {","ArkTS","library\src\main\ets\tablefixheaders\TableFixHeaders.ets:394","declare type ArcSliderTouchHandler = (event: TouchEvent) => void@library\src\main\ets\tablefixheaders\TableFixHeaders.ets:394","","5.1.0(18)","declare type ArcSliderTouchHandler = (event: TouchEvent) => void"
"declare type AreaChangeCallback = (oldValue: Area, newValue: Area) => void","新增API","harmonyos_api_changes/HarmonyOS_26.0.0_Beta1.json","declare","","if (event.type === TouchType.Down) {","ArkTS","library\src\main\ets\tablefixheaders\TableFixHeaders.ets:364","declare type AreaChangeCallback = (oldValue: Area, newValue: Area) => void@library\src\main\ets\tablefixheaders\TableFixHeaders.ets:364","","26.0.0 Beta2","declare type AreaChangeCallback = (oldValue: Area, newValue: Area) => void"
"declare type AreaChangeCallback = (oldValue: Area, newValue: Area) => void","新增API","harmonyos_api_changes/HarmonyOS_26.0.0_Beta1.json","declare","","} else if (event.type === TouchType.Move) {","ArkTS","library\src\main\ets\tablefixheaders\TableFixHeaders.ets:376","declare type AreaChangeCallback = (oldValue: Area, newValue: Area) => void@library\src\main\ets\tablefixheaders\TableFixHeaders.ets:376","","26.0.0 Beta2","declare type AreaChangeCallback = (oldValue: Area, newValue: Area) => void"
"declare type AreaChangeCallback = (oldValue: Area, newValue: Area) => void","新增API","harmonyos_api_changes/HarmonyOS_26.0.0_Beta1.json","declare","","} else if (event.type === TouchType.Up || event.type === TouchType.Cancel) {","ArkTS","library\src\main\ets\tablefixheaders\TableFixHeaders.ets:394","declare type AreaChangeCallback = (oldValue: Area, newValue: Area) => void@library\src\main\ets\tablefixheaders\TableFixHeaders.ets:394","","26.0.0 Beta2","declare type AreaChangeCallback = (oldValue: Area, newValue: Area) => void"
"declare type BuilderCallback = (...args: Args) => void","新增API","harmonyos_api_changes/HarmonyOS_6.0.2(22).json","declare","","if (event.type === TouchType.Down) {","ArkTS","library\src\main\ets\tablefixheaders\TableFixHeaders.ets:364","declare type BuilderCallback = (...args: Args) => void@library\src\main\ets\tablefixheaders\TableFixHeaders.ets:364","","6.0.2(22)","declare type BuilderCallback = (...args: Args) => void"
"declare type BuilderCallback = (...args: Args) => void","新增API","harmonyos_api_changes/HarmonyOS_6.0.2(22).json","declare","","} else if (event.type === TouchType.Move) {","ArkTS","library\src\main\ets\tablefixheaders\TableFixHeaders.ets:376","declare type BuilderCallback = (...args: Args) => void@library\src\main\ets\tablefixheaders\TableFixHeaders.ets:376","","6.0.2(22)","declare type BuilderCallback = (...args: Args) => void"
"declare type BuilderCallback = (...args: Args) => void","新增API","harmonyos_api_changes/HarmonyOS_6.0.2(22).json","declare","","} else if (event.type === TouchType.Up || event.type === TouchType.Cancel) {","ArkTS","library\src\main\ets\tablefixheaders\TableFixHeaders.ets:394","declare type BuilderCallback = (...args: Args) => void@library\src\main\ets\tablefixheaders\TableFixHeaders.ets:394","","6.0.2(22)","declare type BuilderCallback = (...args: Args) => void"
"declare type BusinessError<T> = import('../api/@ohos.base').BusinessError<T>","新增API","harmonyos_api_changes/HarmonyOS_6.0.0(20)_Beta1.json","declare","","if (event.type === TouchType.Down) {","ArkTS","library\src\main\ets\tablefixheaders\TableFixHeaders.ets:364","declare type BusinessError<T> = import('../api/@ohos.base').BusinessError<T>@library\src\main\ets\tablefixheaders\TableFixHeaders.ets:364","","6.0.0(20)","declare type BusinessError<T> = import('../api/@ohos.base').BusinessError<T>"
"declare type BusinessError<T> = import('../api/@ohos.base').BusinessError<T>","新增API","harmonyos_api_changes/HarmonyOS_6.0.0(20)_Beta1.json","declare","","} else if (event.type === TouchType.Move) {","ArkTS","library\src\main\ets\tablefixheaders\TableFixHeaders.ets:376","declare type BusinessError<T> = import('../api/@ohos.base').BusinessError<T>@library\src\main\ets\tablefixheaders\TableFixHeaders.ets:376","","6.0.0(20)","declare type BusinessError<T> = import('../api/@ohos.base').BusinessError<T>"
"declare type BusinessError<T> = import('../api/@ohos.base').BusinessError<T>","新增API","harmonyos_api_changes/HarmonyOS_6.0.0(20)_Beta1.json","declare","","} else if (event.type === TouchType.Up || event.type === TouchType.Cancel) {","ArkTS","library\src\main\ets\tablefixheaders\TableFixHeaders.ets:394","declare type BusinessError<T> = import('../api/@ohos.base').BusinessError<T>@library\src\main\ets\tablefixheaders\TableFixHeaders.ets:394","","6.0.0(20)","declare type BusinessError<T> = import('../api/@ohos.base').BusinessError<T>"
"declare type CommonModifier = import('../api/arkui/CommonModifier').CommonModifier","新增API","harmonyos_api_changes/HarmonyOS_5.0.3(15)_Beta2.json","declare","","if (event.type === TouchType.Down) {","ArkTS","library\src\main\ets\tablefixheaders\TableFixHeaders.ets:364","declare type CommonModifier = import('../api/arkui/CommonModifier').CommonModifier@library\src\main\ets\tablefixheaders\TableFixHeaders.ets:364","","5.0.3(15)","declare type CommonModifier = import('../api/arkui/CommonModifier').CommonModifier"
"declare type CommonModifier = import('../api/arkui/CommonModifier').CommonModifier","新增API","harmonyos_api_changes/HarmonyOS_5.0.3(15)_Beta2.json","declare","","} else if (event.type === TouchType.Move) {","ArkTS","library\src\main\ets\tablefixheaders\TableFixHeaders.ets:376","declare type CommonModifier = import('../api/arkui/CommonModifier').CommonModifier@library\src\main\ets\tablefixheaders\TableFixHeaders.ets:376","","5.0.3(15)","declare type CommonModifier = import('../api/arkui/CommonModifier').CommonModifier"
"declare type CommonModifier = import('../api/arkui/CommonModifier').CommonModifier","新增API","harmonyos_api_changes/HarmonyOS_5.0.3(15)_Beta2.json","declare","","} else if (event.type === TouchType.Up || event.type === TouchType.Cancel) {","ArkTS","library\src\main\ets\tablefixheaders\TableFixHeaders.ets:394","declare type CommonModifier = import('../api/arkui/CommonModifier').CommonModifier@library\src\main\ets\tablefixheaders\TableFixHeaders.ets:394","","5.0.3(15)","declare type CommonModifier = import('../api/arkui/CommonModifier').CommonModifier"
"declare type ContentWillScrollCallback = (result: SwiperContentWillScrollResult) => boolean","新增API","harmonyos_api_changes/HarmonyOS_5.0.3(15)_Beta1.json","declare","","if (event.type === TouchType.Down) {","ArkTS","library\src\main\ets\tablefixheaders\TableFixHeaders.ets:364","declare type ContentWillScrollCallback = (result: SwiperContentWillScrollResult) => boolean@library\src\main\ets\tablefixheaders\TableFixHeaders.ets:364","","5.0.3(15)","declare type ContentWillScrollCallback = (result: SwiperContentWillScrollResult) => boolean"
"declare type ContentWillScrollCallback = (result: SwiperContentWillScrollResult) => boolean","新增API","harmonyos_api_changes/HarmonyOS_5.0.3(15)_Beta1.json","declare","","} else if (event.type === TouchType.Move) {","ArkTS","library\src\main\ets\tablefixheaders\TableFixHeaders.ets:376","declare type ContentWillScrollCallback = (result: SwiperContentWillScrollResult) => boolean@library\src\main\ets\tablefixheaders\TableFixHeaders.ets:376","","5.0.3(15)","declare type ContentWillScrollCallback = (result: SwiperContentWillScrollResult) => boolean"
"declare type ContentWillScrollCallback = (result: SwiperContentWillScrollResult) => boolean","新增API","harmonyos_api_changes/HarmonyOS_5.0.3(15)_Beta1.json","declare","","} else if (event.type === TouchType.Up || event.type === TouchType.Cancel) {","ArkTS","library\src\main\ets\tablefixheaders\TableFixHeaders.ets:394","declare type ContentWillScrollCallback = (result: SwiperContentWillScrollResult) => boolean@library\src\main\ets\tablefixheaders\TableFixHeaders.ets:394","","5.0.3(15)","declare type ContentWillScrollCallback = (result: SwiperContentWillScrollResult) => boolean"
"declare type CustomBuilderT<T> = (t: T) => void","新增API","harmonyos_api_changes/HarmonyOS_6.1.0(23)_Beta1.json","declare","","if (event.type === TouchType.Down) {","ArkTS","library\src\main\ets\tablefixheaders\TableFixHeaders.ets:364","declare type CustomBuilderT<T> = (t: T) => void@library\src\main\ets\tablefixheaders\TableFixHeaders.ets:364","","6.1.0(23)","declare type CustomBuilderT<T> = (t: T) => void"
"declare type CustomBuilderT<T> = (t: T) => void","新增API","harmonyos_api_changes/HarmonyOS_6.1.0(23)_Beta1.json","declare","","} else if (event.type === TouchType.Move) {","ArkTS","library\src\main\ets\tablefixheaders\TableFixHeaders.ets:376","declare type CustomBuilderT<T> = (t: T) => void@library\src\main\ets\tablefixheaders\TableFixHeaders.ets:376","","6.1.0(23)","declare type CustomBuilderT<T> = (t: T) => void"
"declare type CustomBuilderT<T> = (t: T) => void","新增API","harmonyos_api_changes/HarmonyOS_6.1.0(23)_Beta1.json","declare","","} else if (event.type === TouchType.Up || event.type === TouchType.Cancel) {","ArkTS","library\src\main\ets\tablefixheaders\TableFixHeaders.ets:394","declare type CustomBuilderT<T> = (t: T) => void@library\src\main\ets\tablefixheaders\TableFixHeaders.ets:394","","6.1.0(23)","declare type CustomBuilderT<T> = (t: T) => void"
"declare type CustomBuilderWithId = (id: number) => void","新增API","harmonyos_api_changes/HarmonyOS_5.1.0(18).json","declare","","if (event.type === TouchType.Down) {","ArkTS","library\src\main\ets\tablefixheaders\TableFixHeaders.ets:364","declare type CustomBuilderWithId = (id: number) => void@library\src\main\ets\tablefixheaders\TableFixHeaders.ets:364","","5.1.0(18)","declare type CustomBuilderWithId = (id: number) => void"
"declare type CustomBuilderWithId = (id: number) => void","新增API","harmonyos_api_changes/HarmonyOS_5.1.0(18).json","declare","","} else if (event.type === TouchType.Move) {","ArkTS","library\src\main\ets\tablefixheaders\TableFixHeaders.ets:376","declare type CustomBuilderWithId = (id: number) => void@library\src\main\ets\tablefixheaders\TableFixHeaders.ets:376","","5.1.0(18)","declare type CustomBuilderWithId = (id: number) => void"
"declare type CustomBuilderWithId = (id: number) => void","新增API","harmonyos_api_changes/HarmonyOS_5.1.0(18).json","declare","","} else if (event.type === TouchType.Up || event.type === TouchType.Cancel) {","ArkTS","library\src\main\ets\tablefixheaders\TableFixHeaders.ets:394","declare type CustomBuilderWithId = (id: number) => void@library\src\main\ets\tablefixheaders\TableFixHeaders.ets:394","","5.1.0(18)","declare type CustomBuilderWithId = (id: number) => void"
"declare type DataLoadParams = import('../api/@ohos.data.unifiedDataChannel').default.DataLoadParams","新增API","harmonyos_api_changes/HarmonyOS_6.0.0(20)_Beta2.json","declare","","if (event.type === TouchType.Down) {","ArkTS","library\src\main\ets\tablefixheaders\TableFixHeaders.ets:364","declare type DataLoadParams = import('../api/@ohos.data.unifiedDataChannel').default.DataLoadParams@library\src\main\ets\tablefixheaders\TableFixHeaders.ets:364","","6.0.0(20)","declare type DataLoadParams = import('../api/@ohos.data.unifiedDataChannel').default.DataLoadParams"
"declare type DataLoadParams = import('../api/@ohos.data.unifiedDataChannel').default.DataLoadParams","新增API","harmonyos_api_changes/HarmonyOS_6.0.0(20)_Beta2.json","declare","","} else if (event.type === TouchType.Move) {","ArkTS","library\src\main\ets\tablefixheaders\TableFixHeaders.ets:376","declare type DataLoadParams = import('../api/@ohos.data.unifiedDataChannel').default.DataLoadParams@library\src\main\ets\tablefixheaders\TableFixHeaders.ets:376","","6.0.0(20)","declare type DataLoadParams = import('../api/@ohos.data.unifiedDataChannel').default.DataLoadParams"
"declare type DataLoadParams = import('../api/@ohos.data.unifiedDataChannel').default.DataLoadParams","新增API","harmonyos_api_changes/HarmonyOS_6.0.0(20)_Beta2.json","declare","","} else if (event.type === TouchType.Up || event.type === TouchType.Cancel) {","ArkTS","library\src\main\ets\tablefixheaders\TableFixHeaders.ets:394","declare type DataLoadParams = import('../api/@ohos.data.unifiedDataChannel').default.DataLoadParams@library\src\main\ets\tablefixheaders\TableFixHeaders.ets:394","","6.0.0(20)","declare type DataLoadParams = import('../api/@ohos.data.unifiedDataChannel').default.DataLoadParams"
"declare type DataSyncOptions = import('../api/@ohos.data.unifiedDataChannel').default.GetDataParams","新增API","harmonyos_api_changes/HarmonyOS_5.0.3(15)_Beta2.json","declare","","if (event.type === TouchType.Down) {","ArkTS","library\src\main\ets\tablefixheaders\TableFixHeaders.ets:364","declare type DataSyncOptions = import('../api/@ohos.data.unifiedDataChannel').default.GetDataParams@library\src\main\ets\tablefixheaders\TableFixHeaders.ets:364","","5.0.3(15)","declare type DataSyncOptions = import('../api/@ohos.data.unifiedDataChannel').default.GetDataParams"
"declare type DataSyncOptions = import('../api/@ohos.data.unifiedDataChannel').default.GetDataParams","新增API","harmonyos_api_changes/HarmonyOS_5.0.3(15)_Beta2.json","declare","","} else if (event.type === TouchType.Move) {","ArkTS","library\src\main\ets\tablefixheaders\TableFixHeaders.ets:376","declare type DataSyncOptions = import('../api/@ohos.data.unifiedDataChannel').default.GetDataParams@library\src\main\ets\tablefixheaders\TableFixHeaders.ets:376","","5.0.3(15)","declare type DataSyncOptions = import('../api/@ohos.data.unifiedDataChannel').default.GetDataParams"
"declare type DataSyncOptions = import('../api/@ohos.data.unifiedDataChannel').default.GetDataParams","新增API","harmonyos_api_changes/HarmonyOS_5.0.3(15)_Beta2.json","declare","","} else if (event.type === TouchType.Up || event.type === TouchType.Cancel) {","ArkTS","library\src\main\ets\tablefixheaders\TableFixHeaders.ets:394","declare type DataSyncOptions = import('../api/@ohos.data.unifiedDataChannel').default.GetDataParams@library\src\main\ets\tablefixheaders\TableFixHeaders.ets:394","","5.0.3(15)","declare type DataSyncOptions = import('../api/@ohos.data.unifiedDataChannel').default.GetDataParams"
"declare type DidScrollCallback = (yOffset: number) => void","新增API","harmonyos_api_changes/HarmonyOS_6.1.0(23)_Beta1.json","declare","","if (event.type === TouchType.Down) {","ArkTS","library\src\main\ets\tablefixheaders\TableFixHeaders.ets:364","declare type DidScrollCallback = (yOffset: number) => void@library\src\main\ets\tablefixheaders\TableFixHeaders.ets:364","","6.1.0(23)","declare type DidScrollCallback = (yOffset: number) => void"
"declare type DidScrollCallback = (yOffset: number) => void","新增API","harmonyos_api_changes/HarmonyOS_6.1.0(23)_Beta1.json","declare","","} else if (event.type === TouchType.Move) {","ArkTS","library\src\main\ets\tablefixheaders\TableFixHeaders.ets:376","declare type DidScrollCallback = (yOffset: number) => void@library\src\main\ets\tablefixheaders\TableFixHeaders.ets:376","","6.1.0(23)","declare type DidScrollCallback = (yOffset: number) => void"
"declare type DidScrollCallback = (yOffset: number) => void","新增API","harmonyos_api_changes/HarmonyOS_6.1.0(23)_Beta1.json","declare","","} else if (event.type === TouchType.Up || event.type === TouchType.Cancel) {","ArkTS","library\src\main\ets\tablefixheaders\TableFixHeaders.ets:394","declare type DidScrollCallback = (yOffset: number) => void@library\src\main\ets\tablefixheaders\TableFixHeaders.ets:394","","6.1.0(23)","declare type DidScrollCallback = (yOffset: number) => void"
"declare type DragSpringLoadingConfiguration = import('../api/@ohos.arkui.dragController').default.DragSpringLoadingConfiguration","新增API","harmonyos_api_changes/HarmonyOS_6.0.0(20)_Beta2.json","declare","","if (event.type === TouchType.Down) {","ArkTS","library\src\main\ets\tablefixheaders\TableFixHeaders.ets:364","declare type DragSpringLoadingConfiguration = import('../api/@ohos.arkui.dragController').default.DragSpringLoadingConfiguration@library\src\main\ets\tablefixheaders\TableFixHeaders.ets:364","","6.0.0(20)","declare type DragSpringLoadingConfiguration = import('../api/@ohos.arkui.dragController').default.DragSpringLoadingConfiguration"
"declare type DragSpringLoadingConfiguration = import('../api/@ohos.arkui.dragController').default.DragSpringLoadingConfiguration","新增API","harmonyos_api_changes/HarmonyOS_6.0.0(20)_Beta2.json","declare","","} else if (event.type === TouchType.Move) {","ArkTS","library\src\main\ets\tablefixheaders\TableFixHeaders.ets:376","declare type DragSpringLoadingConfiguration = import('../api/@ohos.arkui.dragController').default.DragSpringLoadingConfiguration@library\src\main\ets\tablefixheaders\TableFixHeaders.ets:376","","6.0.0(20)","declare type DragSpringLoadingConfiguration = import('../api/@ohos.arkui.dragController').default.DragSpringLoadingConfiguration"
"declare type DragSpringLoadingConfiguration = import('../api/@ohos.arkui.dragController').default.DragSpringLoadingConfiguration","新增API","harmonyos_api_changes/HarmonyOS_6.0.0(20)_Beta2.json","declare","","} else if (event.type === TouchType.Up || event.type === TouchType.Cancel) {","ArkTS","library\src\main\ets\tablefixheaders\TableFixHeaders.ets:394","declare type DragSpringLoadingConfiguration = import('../api/@ohos.arkui.dragController').default.DragSpringLoadingConfiguration@library\src\main\ets\tablefixheaders\TableFixHeaders.ets:394","","6.0.0(20)","declare type DragSpringLoadingConfiguration = import('../api/@ohos.arkui.dragController').default.DragSpringLoadingConfiguration"
"declare type DrawableDescriptor = import('../api/@ohos.arkui.drawableDescriptor').DrawableDescriptor","新增API","harmonyos_api_changes/HarmonyOS_6.0.2(22).json","declare","","if (event.type === TouchType.Down) {","ArkTS","library\src\main\ets\tablefixheaders\TableFixHeaders.ets:364","declare type DrawableDescriptor = import('../api/@ohos.arkui.drawableDescriptor').DrawableDescriptor@library\src\main\ets\tablefixheaders\TableFixHeaders.ets:364","","6.0.2(22)","declare type DrawableDescriptor = import('../api/@ohos.arkui.drawableDescriptor').DrawableDescriptor"
"declare type DrawableDescriptor = import('../api/@ohos.arkui.drawableDescriptor').DrawableDescriptor","新增API","harmonyos_api_changes/HarmonyOS_6.0.2(22).json","declare","","} else if (event.type === TouchType.Move) {","ArkTS","library\src\main\ets\tablefixheaders\TableFixHeaders.ets:376","declare type DrawableDescriptor = import('../api/@ohos.arkui.drawableDescriptor').DrawableDescriptor@library\src\main\ets\tablefixheaders\TableFixHeaders.ets:376","","6.0.2(22)","declare type DrawableDescriptor = import('../api/@ohos.arkui.drawableDescriptor').DrawableDescriptor"
"declare type DrawableDescriptor = import('../api/@ohos.arkui.drawableDescriptor').DrawableDescriptor","新增API","harmonyos_api_changes/HarmonyOS_6.0.2(22).json","declare","","} else if (event.type === TouchType.Up || event.type === TouchType.Cancel) {","ArkTS","library\src\main\ets\tablefixheaders\TableFixHeaders.ets:394","declare type DrawableDescriptor = import('../api/@ohos.arkui.drawableDescriptor').DrawableDescriptor@library\src\main\ets\tablefixheaders\TableFixHeaders.ets:394","","6.0.2(22)","declare type DrawableDescriptor = import('../api/@ohos.arkui.drawableDescriptor').DrawableDescriptor"
"declare type EditableTextOnChangeCallback = (value: string, previewText?: PreviewText) => void","自定义类型变更","harmonyos_api_changes/HarmonyOS_5.0.3(15)_Beta2.json","declare","","if (event.type === TouchType.Down) {","ArkTS","library\src\main\ets\tablefixheaders\TableFixHeaders.ets:364","declare type EditableTextOnChangeCallback = (value: string, previewText?: PreviewText) => void@library\src\main\ets\tablefixheaders\TableFixHeaders.ets:364","","5.0.3(15)","declare type EditableTextOnChangeCallback = (value: string, previewText?: PreviewText) => void"
"declare type EditableTextOnChangeCallback = (value: string, previewText?: PreviewText) => void","自定义类型变更","harmonyos_api_changes/HarmonyOS_5.0.3(15)_Beta2.json","declare","","} else if (event.type === TouchType.Move) {","ArkTS","library\src\main\ets\tablefixheaders\TableFixHeaders.ets:376","declare type EditableTextOnChangeCallback = (value: string, previewText?: PreviewText) => void@library\src\main\ets\tablefixheaders\TableFixHeaders.ets:376","","5.0.3(15)","declare type EditableTextOnChangeCallback = (value: string, previewText?: PreviewText) => void"
"declare type EditableTextOnChangeCallback = (value: string, previewText?: PreviewText) => void","自定义类型变更","harmonyos_api_changes/HarmonyOS_5.0.3(15)_Beta2.json","declare","","} else if (event.type === TouchType.Up || event.type === TouchType.Cancel) {","ArkTS","library\src\main\ets\tablefixheaders\TableFixHeaders.ets:394","declare type EditableTextOnChangeCallback = (value: string, previewText?: PreviewText) => void@library\src\main\ets\tablefixheaders\TableFixHeaders.ets:394","","5.0.3(15)","declare type EditableTextOnChangeCallback = (value: string, previewText?: PreviewText) => void"
"declare type EnvDecorator = (value: SystemProperties) => PropertyDecorator","新增API","harmonyos_api_changes/HarmonyOS_6.0.2(22).json","declare","","if (event.type === TouchType.Down) {","ArkTS","library\src\main\ets\tablefixheaders\TableFixHeaders.ets:364","declare type EnvDecorator = (value: SystemProperties) => PropertyDecorator@library\src\main\ets\tablefixheaders\TableFixHeaders.ets:364","","6.0.2(22)","declare type EnvDecorator = (value: SystemProperties) => PropertyDecorator"
"declare type EnvDecorator = (value: SystemProperties) => PropertyDecorator","新增API","harmonyos_api_changes/HarmonyOS_6.0.2(22).json","declare","","} else if (event.type === TouchType.Move) {","ArkTS","library\src\main\ets\tablefixheaders\TableFixHeaders.ets:376","declare type EnvDecorator = (value: SystemProperties) => PropertyDecorator@library\src\main\ets\tablefixheaders\TableFixHeaders.ets:376","","6.0.2(22)","declare type EnvDecorator = (value: SystemProperties) => PropertyDecorator"
"declare type EnvDecorator = (value: SystemProperties) => PropertyDecorator","新增API","harmonyos_api_changes/HarmonyOS_6.0.2(22).json","declare","","} else if (event.type === TouchType.Up || event.type === TouchType.Cancel) {","ArkTS","library\src\main\ets\tablefixheaders\TableFixHeaders.ets:394","declare type EnvDecorator = (value: SystemProperties) => PropertyDecorator@library\src\main\ets\tablefixheaders\TableFixHeaders.ets:394","","6.0.2(22)","declare type EnvDecorator = (value: SystemProperties) => PropertyDecorator"
"declare type FinishAnimationHandler = () => void","新增API","harmonyos_api_changes/HarmonyOS_5.1.0(18).json","declare","","if (event.type === TouchType.Down) {","ArkTS","library\src\main\ets\tablefixheaders\TableFixHeaders.ets:364","declare type FinishAnimationHandler = () => void@library\src\main\ets\tablefixheaders\TableFixHeaders.ets:364","","5.1.0(18)","declare type FinishAnimationHandler = () => void"
"declare type FinishAnimationHandler = () => void","新增API","harmonyos_api_changes/HarmonyOS_5.1.0(18).json","declare","","} else if (event.type === TouchType.Move) {","ArkTS","library\src\main\ets\tablefixheaders\TableFixHeaders.ets:376","declare type FinishAnimationHandler = () => void@library\src\main\ets\tablefixheaders\TableFixHeaders.ets:376","","5.1.0(18)","declare type FinishAnimationHandler = () => void"
"declare type FinishAnimationHandler = () => void","新增API","harmonyos_api_changes/HarmonyOS_5.1.0(18).json","declare","","} else if (event.type === TouchType.Up || event.type === TouchType.Cancel) {","ArkTS","library\src\main\ets\tablefixheaders\TableFixHeaders.ets:394","declare type FinishAnimationHandler = () => void@library\src\main\ets\tablefixheaders\TableFixHeaders.ets:394","","5.1.0(18)","declare type FinishAnimationHandler = () => void"
"declare type FontVariation = import('../api/@ohos.graphics.text').default.FontVariation","新增API","harmonyos_api_changes/HarmonyOS_26.0.0_Beta1.json","declare","","if (event.type === TouchType.Down) {","ArkTS","library\src\main\ets\tablefixheaders\TableFixHeaders.ets:364","declare type FontVariation = import('../api/@ohos.graphics.text').default.FontVariation@library\src\main\ets\tablefixheaders\TableFixHeaders.ets:364","","26.0.0 Beta2","declare type FontVariation = import('../api/@ohos.graphics.text').default.FontVariation"
"declare type FontVariation = import('../api/@ohos.graphics.text').default.FontVariation","新增API","harmonyos_api_changes/HarmonyOS_26.0.0_Beta1.json","declare","","} else if (event.type === TouchType.Move) {","ArkTS","library\src\main\ets\tablefixheaders\TableFixHeaders.ets:376","declare type FontVariation = import('../api/@ohos.graphics.text').default.FontVariation@library\src\main\ets\tablefixheaders\TableFixHeaders.ets:376","","26.0.0 Beta2","declare type FontVariation = import('../api/@ohos.graphics.text').default.FontVariation"
"declare type FontVariation = import('../api/@ohos.graphics.text').default.FontVariation","新增API","harmonyos_api_changes/HarmonyOS_26.0.0_Beta1.json","declare","","} else if (event.type === TouchType.Up || event.type === TouchType.Cancel) {","ArkTS","library\src\main\ets\tablefixheaders\TableFixHeaders.ets:394","declare type FontVariation = import('../api/@ohos.graphics.text').default.FontVariation@library\src\main\ets\tablefixheaders\TableFixHeaders.ets:394","","26.0.0 Beta2","declare type FontVariation = import('../api/@ohos.graphics.text').default.FontVariation"
"declare type FrameNode = import('../api/arkui/FrameNode').FrameNode","新增API","harmonyos_api_changes/HarmonyOS_5.0.1(13)_Beta3.json","declare","","if (event.type === TouchType.Down) {","ArkTS","library\src\main\ets\tablefixheaders\TableFixHeaders.ets:364","declare type FrameNode = import('../api/arkui/FrameNode').FrameNode@library\src\main\ets\tablefixheaders\TableFixHeaders.ets:364","","5.0.1(13)","declare type FrameNode = import('../api/arkui/FrameNode').FrameNode"
"declare type FrameNode = import('../api/arkui/FrameNode').FrameNode","新增API","harmonyos_api_changes/HarmonyOS_5.0.1(13)_Beta3.json","declare","","} else if (event.type === TouchType.Move) {","ArkTS","library\src\main\ets\tablefixheaders\TableFixHeaders.ets:376","declare type FrameNode = import('../api/arkui/FrameNode').FrameNode@library\src\main\ets\tablefixheaders\TableFixHeaders.ets:376","","5.0.1(13)","declare type FrameNode = import('../api/arkui/FrameNode').FrameNode"
"declare type FrameNode = import('../api/arkui/FrameNode').FrameNode","新增API","harmonyos_api_changes/HarmonyOS_5.0.1(13)_Beta3.json","declare","","} else if (event.type === TouchType.Up || event.type === TouchType.Cancel) {","ArkTS","library\src\main\ets\tablefixheaders\TableFixHeaders.ets:394","declare type FrameNode = import('../api/arkui/FrameNode').FrameNode@library\src\main\ets\tablefixheaders\TableFixHeaders.ets:394","","5.0.1(13)","declare type FrameNode = import('../api/arkui/FrameNode').FrameNode"
"declare type GestureCollectInterceptCallback = (recognizers: Array<GestureRecognizer>, touchRecognizers?: Array<TouchRecognizer>) => GestureCollectIntervention","新增API","harmonyos_api_changes/HarmonyOS_26.0.0_Beta1.json","declare","","if (event.type === TouchType.Down) {","ArkTS","library\src\main\ets\tablefixheaders\TableFixHeaders.ets:364","declare type GestureCollectInterceptCallback = (recognizers: Array<GestureRecognizer>, touchRecognizers?: Array<TouchRecognizer>) => GestureCollectIntervention@library\src\main\ets\tablefixheaders\TableFixHeaders.ets:364","","26.0.0 Beta2","declare type GestureCollectInterceptCallback = (recognizers: Array<GestureRecognizer>, touchRecognizers?: Array<TouchRecognizer>) => GestureCollectIntervention"
"declare type GestureCollectInterceptCallback = (recognizers: Array<GestureRecognizer>, touchRecognizers?: Array<TouchRecognizer>) => GestureCollectIntervention","新增API","harmonyos_api_changes/HarmonyOS_26.0.0_Beta1.json","declare","","} else if (event.type === TouchType.Move) {","ArkTS","library\src\main\ets\tablefixheaders\TableFixHeaders.ets:376","declare type GestureCollectInterceptCallback = (recognizers: Array<GestureRecognizer>, touchRecognizers?: Array<TouchRecognizer>) => GestureCollectIntervention@library\src\main\ets\tablefixheaders\TableFixHeaders.ets:376","","26.0.0 Beta2","declare type GestureCollectInterceptCallback = (recognizers: Array<GestureRecognizer>, touchRecognizers?: Array<TouchRecognizer>) => GestureCollectIntervention"
"declare type GestureCollectInterceptCallback = (recognizers: Array<GestureRecognizer>, touchRecognizers?: Array<TouchRecognizer>) => GestureCollectIntervention","新增API","harmonyos_api_changes/HarmonyOS_26.0.0_Beta1.json","declare","","} else if (event.type === TouchType.Up || event.type === TouchType.Cancel) {","ArkTS","library\src\main\ets\tablefixheaders\TableFixHeaders.ets:394","declare type GestureCollectInterceptCallback = (recognizers: Array<GestureRecognizer>, touchRecognizers?: Array<TouchRecognizer>) => GestureCollectIntervention@library\src\main\ets\tablefixheaders\TableFixHeaders.ets:394","","26.0.0 Beta2","declare type GestureCollectInterceptCallback = (recognizers: Array<GestureRecognizer>, touchRecognizers?: Array<TouchRecognizer>) => GestureCollectIntervention"
"declare type GestureRecognizerJudgeBeginCallback = (event: BaseGestureEvent, current: GestureRecognizer, recognizers: Array<GestureRecognizer>) => GestureJudgeResult","自定义类型变更","harmonyos_api_changes/HarmonyOS_6.0.0(20)_Beta2.json","declare","","if (event.type === TouchType.Down) {","ArkTS","library\src\main\ets\tablefixheaders\TableFixHeaders.ets:364","declare type GestureRecognizerJudgeBeginCallback = (event: BaseGestureEvent, current: GestureRecognizer, recognizers: Array<GestureRecognizer>) => GestureJudgeResult@library\src\main\ets\tablefixheaders\TableFixHeaders.ets:364","","6.0.0(20)","declare type GestureRecognizerJudgeBeginCallback = (event: BaseGestureEvent, current: GestureRecognizer, recognizers: Array<GestureRecognizer>) => GestureJudgeResult"
"declare type GestureRecognizerJudgeBeginCallback = (event: BaseGestureEvent, current: GestureRecognizer, recognizers: Array<GestureRecognizer>) => GestureJudgeResult","自定义类型变更","harmonyos_api_changes/HarmonyOS_6.0.0(20)_Beta2.json","declare","","} else if (event.type === TouchType.Move) {","ArkTS","library\src\main\ets\tablefixheaders\TableFixHeaders.ets:376","declare type GestureRecognizerJudgeBeginCallback = (event: BaseGestureEvent, current: GestureRecognizer, recognizers: Array<GestureRecognizer>) => GestureJudgeResult@library\src\main\ets\tablefixheaders\TableFixHeaders.ets:376","","6.0.0(20)","declare type GestureRecognizerJudgeBeginCallback = (event: BaseGestureEvent, current: GestureRecognizer, recognizers: Array<GestureRecognizer>) => GestureJudgeResult"
"declare type GestureRecognizerJudgeBeginCallback = (event: BaseGestureEvent, current: GestureRecognizer, recognizers: Array<GestureRecognizer>) => GestureJudgeResult","自定义类型变更","harmonyos_api_changes/HarmonyOS_6.0.0(20)_Beta2.json","declare","","} else if (event.type === TouchType.Up || event.type === TouchType.Cancel) {","ArkTS","library\src\main\ets\tablefixheaders\TableFixHeaders.ets:394","declare type GestureRecognizerJudgeBeginCallback = (event: BaseGestureEvent, current: GestureRecognizer, recognizers: Array<GestureRecognizer>) => GestureJudgeResult@library\src\main\ets\tablefixheaders\TableFixHeaders.ets:394","","6.0.0(20)","declare type GestureRecognizerJudgeBeginCallback = (event: BaseGestureEvent, current: GestureRecognizer, recognizers: Array<GestureRecognizer>) => GestureJudgeResult"
"declare type GestureSwipeHandler = (index: number, event: SwiperAnimationEvent) => void","新增API","harmonyos_api_changes/HarmonyOS_5.1.0(18).json","declare","","if (event.type === TouchType.Down) {","ArkTS","library\src\main\ets\tablefixheaders\TableFixHeaders.ets:364","declare type GestureSwipeHandler = (index: number, event: SwiperAnimationEvent) => void@library\src\main\ets\tablefixheaders\TableFixHeaders.ets:364","","5.1.0(18)","declare type GestureSwipeHandler = (index: number, event: SwiperAnimationEvent) => void"
"declare type GestureSwipeHandler = (index: number, event: SwiperAnimationEvent) => void","新增API","harmonyos_api_changes/HarmonyOS_5.1.0(18).json","declare","","} else if (event.type === TouchType.Move) {","ArkTS","library\src\main\ets\tablefixheaders\TableFixHeaders.ets:376","declare type GestureSwipeHandler = (index: number, event: SwiperAnimationEvent) => void@library\src\main\ets\tablefixheaders\TableFixHeaders.ets:376","","5.1.0(18)","declare type GestureSwipeHandler = (index: number, event: SwiperAnimationEvent) => void"
"declare type GestureSwipeHandler = (index: number, event: SwiperAnimationEvent) => void","新增API","harmonyos_api_changes/HarmonyOS_5.1.0(18).json","declare","","} else if (event.type === TouchType.Up || event.type === TouchType.Cancel) {","ArkTS","library\src\main\ets\tablefixheaders\TableFixHeaders.ets:394","declare type GestureSwipeHandler = (index: number, event: SwiperAnimationEvent) => void@library\src\main\ets\tablefixheaders\TableFixHeaders.ets:394","","5.1.0(18)","declare type GestureSwipeHandler = (index: number, event: SwiperAnimationEvent) => void"
"declare type HdsListItemCardInterface = (options: HdsListItemCardOptions) => HdsListItemCardAttribute","新增API","harmonyos_api_changes/HarmonyOS_6.0.0(20)_Beta1.json","declare","","if (event.type === TouchType.Down) {","ArkTS","library\src\main\ets\tablefixheaders\TableFixHeaders.ets:364","declare type HdsListItemCardInterface = (options: HdsListItemCardOptions) => HdsListItemCardAttribute@library\src\main\ets\tablefixheaders\TableFixHeaders.ets:364","","6.0.0(20)","declare type HdsListItemCardInterface = (options: HdsListItemCardOptions) => HdsListItemCardAttribute"
"declare type HdsListItemCardInterface = (options: HdsListItemCardOptions) => HdsListItemCardAttribute","新增API","harmonyos_api_changes/HarmonyOS_6.0.0(20)_Beta1.json","declare","","} else if (event.type === TouchType.Move) {","ArkTS","library\src\main\ets\tablefixheaders\TableFixHeaders.ets:376","declare type HdsListItemCardInterface = (options: HdsListItemCardOptions) => HdsListItemCardAttribute@library\src\main\ets\tablefixheaders\TableFixHeaders.ets:376","","6.0.0(20)","declare type HdsListItemCardInterface = (options: HdsListItemCardOptions) => HdsListItemCardAttribute"
"declare type HdsListItemCardInterface = (options: HdsListItemCardOptions) => HdsListItemCardAttribute","新增API","harmonyos_api_changes/HarmonyOS_6.0.0(20)_Beta1.json","declare","","} else if (event.type === TouchType.Up || event.type === TouchType.Cancel) {","ArkTS","library\src\main\ets\tablefixheaders\TableFixHeaders.ets:394","declare type HdsListItemCardInterface = (options: HdsListItemCardOptions) => HdsListItemCardAttribute@library\src\main\ets\tablefixheaders\TableFixHeaders.ets:394","","6.0.0(20)","declare type HdsListItemCardInterface = (options: HdsListItemCardOptions) => HdsListItemCardAttribute"
"declare type HdsSceneFinishCallback = () => void","新增API","harmonyos_api_changes/HarmonyOS_6.0.0(20)_Beta1.json","declare","","if (event.type === TouchType.Down) {","ArkTS","library\src\main\ets\tablefixheaders\TableFixHeaders.ets:364","declare type HdsSceneFinishCallback = () => void@library\src\main\ets\tablefixheaders\TableFixHeaders.ets:364","","6.0.0(20)","declare type HdsSceneFinishCallback = () => void"
"declare type HdsSceneFinishCallback = () => void","新增API","harmonyos_api_changes/HarmonyOS_6.0.0(20)_Beta1.json","declare","","} else if (event.type === TouchType.Move) {","ArkTS","library\src\main\ets\tablefixheaders\TableFixHeaders.ets:376","declare type HdsSceneFinishCallback = () => void@library\src\main\ets\tablefixheaders\TableFixHeaders.ets:376","","6.0.0(20)","declare type HdsSceneFinishCallback = () => void"
"declare type HdsSceneFinishCallback = () => void","新增API","harmonyos_api_changes/HarmonyOS_6.0.0(20)_Beta1.json","declare","","} else if (event.type === TouchType.Up || event.type === TouchType.Cancel) {","ArkTS","library\src\main\ets\tablefixheaders\TableFixHeaders.ets:394","declare type HdsSceneFinishCallback = () => void@library\src\main\ets\tablefixheaders\TableFixHeaders.ets:394","","6.0.0(20)","declare type HdsSceneFinishCallback = () => void"
"declare type HdsTabsInterface = (options?: HdsTabsOptions) => HdsTabsAttribute","新增API","harmonyos_api_changes/HarmonyOS_6.0.0(20)_Beta1.json","declare","","if (event.type === TouchType.Down) {","ArkTS","library\src\main\ets\tablefixheaders\TableFixHeaders.ets:364","declare type HdsTabsInterface = (options?: HdsTabsOptions) => HdsTabsAttribute@library\src\main\ets\tablefixheaders\TableFixHeaders.ets:364","","6.0.0(20)","declare type HdsTabsInterface = (options?: HdsTabsOptions) => HdsTabsAttribute"
"declare type HdsTabsInterface = (options?: HdsTabsOptions) => HdsTabsAttribute","新增API","harmonyos_api_changes/HarmonyOS_6.0.0(20)_Beta1.json","declare","","} else if (event.type === TouchType.Move) {","ArkTS","library\src\main\ets\tablefixheaders\TableFixHeaders.ets:376","declare type HdsTabsInterface = (options?: HdsTabsOptions) => HdsTabsAttribute@library\src\main\ets\tablefixheaders\TableFixHeaders.ets:376","","6.0.0(20)","declare type HdsTabsInterface = (options?: HdsTabsOptions) => HdsTabsAttribute"
"declare type HdsTabsInterface = (options?: HdsTabsOptions) => HdsTabsAttribute","新增API","harmonyos_api_changes/HarmonyOS_6.0.0(20)_Beta1.json","declare","","} else if (event.type === TouchType.Up || event.type === TouchType.Cancel) {","ArkTS","library\src\main\ets\tablefixheaders\TableFixHeaders.ets:394","declare type HdsTabsInterface = (options?: HdsTabsOptions) => HdsTabsAttribute@library\src\main\ets\tablefixheaders\TableFixHeaders.ets:394","","6.0.0(20)","declare type HdsTabsInterface = (options?: HdsTabsOptions) => HdsTabsAttribute"
"declare type HdsVisualComponentInterface = () => HdsVisualComponentAttribute","新增API","harmonyos_api_changes/HarmonyOS_6.0.0(20)_Beta1.json","declare","","if (event.type === TouchType.Down) {","ArkTS","library\src\main\ets\tablefixheaders\TableFixHeaders.ets:364","declare type HdsVisualComponentInterface = () => HdsVisualComponentAttribute@library\src\main\ets\tablefixheaders\TableFixHeaders.ets:364","","6.0.0(20)","declare type HdsVisualComponentInterface = () => HdsVisualComponentAttribute"
"declare type HdsVisualComponentInterface = () => HdsVisualComponentAttribute","新增API","harmonyos_api_changes/HarmonyOS_6.0.0(20)_Beta1.json","declare","","} else if (event.type === TouchType.Move) {","ArkTS","library\src\main\ets\tablefixheaders\TableFixHeaders.ets:376","declare type HdsVisualComponentInterface = () => HdsVisualComponentAttribute@library\src\main\ets\tablefixheaders\TableFixHeaders.ets:376","","6.0.0(20)","declare type HdsVisualComponentInterface = () => HdsVisualComponentAttribute"
"declare type HdsVisualComponentInterface = () => HdsVisualComponentAttribute","新增API","harmonyos_api_changes/HarmonyOS_6.0.0(20)_Beta1.json","declare","","} else if (event.type === TouchType.Up || event.type === TouchType.Cancel) {","ArkTS","library\src\main\ets\tablefixheaders\TableFixHeaders.ets:394","declare type HdsVisualComponentInterface = () => HdsVisualComponentAttribute@library\src\main\ets\tablefixheaders\TableFixHeaders.ets:394","","6.0.0(20)","declare type HdsVisualComponentInterface = () => HdsVisualComponentAttribute"
"declare type ImageMatrix = import('../api/@ohos.matrix4').default.Matrix4Transit","新增API","harmonyos_api_changes/HarmonyOS_5.0.3(15)_Beta2.json","declare","","if (event.type === TouchType.Down) {","ArkTS","library\src\main\ets\tablefixheaders\TableFixHeaders.ets:364","declare type ImageMatrix = import('../api/@ohos.matrix4').default.Matrix4Transit@library\src\main\ets\tablefixheaders\TableFixHeaders.ets:364","","5.0.3(15)","declare type ImageMatrix = import('../api/@ohos.matrix4').default.Matrix4Transit"
"declare type ImageMatrix = import('../api/@ohos.matrix4').default.Matrix4Transit","新增API","harmonyos_api_changes/HarmonyOS_5.0.3(15)_Beta2.json","declare","","} else if (event.type === TouchType.Move) {","ArkTS","library\src\main\ets\tablefixheaders\TableFixHeaders.ets:376","declare type ImageMatrix = import('../api/@ohos.matrix4').default.Matrix4Transit@library\src\main\ets\tablefixheaders\TableFixHeaders.ets:376","","5.0.3(15)","declare type ImageMatrix = import('../api/@ohos.matrix4').default.Matrix4Transit"
"declare type ImageMatrix = import('../api/@ohos.matrix4').default.Matrix4Transit","新增API","harmonyos_api_changes/HarmonyOS_5.0.3(15)_Beta2.json","declare","","} else if (event.type === TouchType.Up || event.type === TouchType.Cancel) {","ArkTS","library\src\main\ets\tablefixheaders\TableFixHeaders.ets:394","declare type ImageMatrix = import('../api/@ohos.matrix4').default.Matrix4Transit@library\src\main\ets\tablefixheaders\TableFixHeaders.ets:394","","5.0.3(15)","declare type ImageMatrix = import('../api/@ohos.matrix4').default.Matrix4Transit"
"declare type ImmersiveMode = import('../api/@ohos.promptAction').ImmersiveMode","新增API","harmonyos_api_changes/HarmonyOS_5.0.3(15)_Beta2.json","declare","","if (event.type === TouchType.Down) {","ArkTS","library\src\main\ets\tablefixheaders\TableFixHeaders.ets:364","declare type ImmersiveMode = import('../api/@ohos.promptAction').ImmersiveMode@library\src\main\ets\tablefixheaders\TableFixHeaders.ets:364","","5.0.3(15)","declare type ImmersiveMode = import('../api/@ohos.promptAction').ImmersiveMode"
"declare type ImmersiveMode = import('../api/@ohos.promptAction').ImmersiveMode","新增API","harmonyos_api_changes/HarmonyOS_5.0.3(15)_Beta2.json","declare","","} else if (event.type === TouchType.Move) {","ArkTS","library\src\main\ets\tablefixheaders\TableFixHeaders.ets:376","declare type ImmersiveMode = import('../api/@ohos.promptAction').ImmersiveMode@library\src\main\ets\tablefixheaders\TableFixHeaders.ets:376","","5.0.3(15)","declare type ImmersiveMode = import('../api/@ohos.promptAction').ImmersiveMode"
"declare type ImmersiveMode = import('../api/@ohos.promptAction').ImmersiveMode","新增API","harmonyos_api_changes/HarmonyOS_5.0.3(15)_Beta2.json","declare","","} else if (event.type === TouchType.Up || event.type === TouchType.Cancel) {","ArkTS","library\src\main\ets\tablefixheaders\TableFixHeaders.ets:394","declare type ImmersiveMode = import('../api/@ohos.promptAction').ImmersiveMode@library\src\main\ets\tablefixheaders\TableFixHeaders.ets:394","","5.0.3(15)","declare type ImmersiveMode = import('../api/@ohos.promptAction').ImmersiveMode"
"declare type IndexChangedHandler = (index: number) => void","新增API","harmonyos_api_changes/HarmonyOS_5.1.0(18).json","declare","","if (event.type === TouchType.Down) {","ArkTS","library\src\main\ets\tablefixheaders\TableFixHeaders.ets:364","declare type IndexChangedHandler = (index: number) => void@library\src\main\ets\tablefixheaders\TableFixHeaders.ets:364","","5.1.0(18)","declare type IndexChangedHandler = (index: number) => void"
"declare type IndexChangedHandler = (index: number) => void","新增API","harmonyos_api_changes/HarmonyOS_5.1.0(18).json","declare","","} else if (event.type === TouchType.Move) {","ArkTS","library\src\main\ets\tablefixheaders\TableFixHeaders.ets:376","declare type IndexChangedHandler = (index: number) => void@library\src\main\ets\tablefixheaders\TableFixHeaders.ets:376","","5.1.0(18)","declare type IndexChangedHandler = (index: number) => void"
"declare type IndexChangedHandler = (index: number) => void","新增API","harmonyos_api_changes/HarmonyOS_5.1.0(18).json","declare","","} else if (event.type === TouchType.Up || event.type === TouchType.Cancel) {","ArkTS","library\src\main\ets\tablefixheaders\TableFixHeaders.ets:394","declare type IndexChangedHandler = (index: number) => void@library\src\main\ets\tablefixheaders\TableFixHeaders.ets:394","","5.1.0(18)","declare type IndexChangedHandler = (index: number) => void"
"declare type InitCallback = () => void","新增API","harmonyos_api_changes/HarmonyOS_5.1.0(18).json","declare","","if (event.type === TouchType.Down) {","ArkTS","library\src\main\ets\tablefixheaders\TableFixHeaders.ets:364","declare type InitCallback = () => void@library\src\main\ets\tablefixheaders\TableFixHeaders.ets:364","","5.1.0(18)","declare type InitCallback = () => void"
"declare type InitCallback = () => void","新增API","harmonyos_api_changes/HarmonyOS_5.1.0(18).json","declare","","} else if (event.type === TouchType.Move) {","ArkTS","library\src\main\ets\tablefixheaders\TableFixHeaders.ets:376","declare type InitCallback = () => void@library\src\main\ets\tablefixheaders\TableFixHeaders.ets:376","","5.1.0(18)","declare type InitCallback = () => void"
"declare type InitCallback = () => void","新增API","harmonyos_api_changes/HarmonyOS_5.1.0(18).json","declare","","} else if (event.type === TouchType.Up || event.type === TouchType.Cancel) {","ArkTS","library\src\main\ets\tablefixheaders\TableFixHeaders.ets:394","declare type InitCallback = () => void@library\src\main\ets\tablefixheaders\TableFixHeaders.ets:394","","5.1.0(18)","declare type InitCallback = () => void"
"declare type InputEventListener = (event: RawInputEventWrapper) => InputEventInterceptResult","新增API","harmonyos_api_changes/HarmonyOS_26.0.0_Beta1.json","declare","","if (event.type === TouchType.Down) {","ArkTS","library\src\main\ets\tablefixheaders\TableFixHeaders.ets:364","declare type InputEventListener = (event: RawInputEventWrapper) => InputEventInterceptResult@library\src\main\ets\tablefixheaders\TableFixHeaders.ets:364","","26.0.0 Beta2","declare type InputEventListener = (event: RawInputEventWrapper) => InputEventInterceptResult"
"declare type InputEventListener = (event: RawInputEventWrapper) => InputEventInterceptResult","新增API","harmonyos_api_changes/HarmonyOS_26.0.0_Beta1.json","declare","","} else if (event.type === TouchType.Move) {","ArkTS","library\src\main\ets\tablefixheaders\TableFixHeaders.ets:376","declare type InputEventListener = (event: RawInputEventWrapper) => InputEventInterceptResult@library\src\main\ets\tablefixheaders\TableFixHeaders.ets:376","","26.0.0 Beta2","declare type InputEventListener = (event: RawInputEventWrapper) => InputEventInterceptResult"
"declare type InputEventListener = (event: RawInputEventWrapper) => InputEventInterceptResult","新增API","harmonyos_api_changes/HarmonyOS_26.0.0_Beta1.json","declare","","} else if (event.type === TouchType.Up || event.type === TouchType.Cancel) {","ArkTS","library\src\main\ets\tablefixheaders\TableFixHeaders.ets:394","declare type InputEventListener = (event: RawInputEventWrapper) => InputEventInterceptResult@library\src\main\ets\tablefixheaders\TableFixHeaders.ets:394","","26.0.0 Beta2","declare type InputEventListener = (event: RawInputEventWrapper) => InputEventInterceptResult"
"declare type InputMethodExtraConfig = import('../api/@ohos.inputMethod.ExtraConfig').InputMethodExtraConfig","新增API","harmonyos_api_changes/HarmonyOS_6.0.2(22).json","declare","","if (event.type === TouchType.Down) {","ArkTS","library\src\main\ets\tablefixheaders\TableFixHeaders.ets:364","declare type InputMethodExtraConfig = import('../api/@ohos.inputMethod.ExtraConfig').InputMethodExtraConfig@library\src\main\ets\tablefixheaders\TableFixHeaders.ets:364","","6.0.2(22)","declare type InputMethodExtraConfig = import('../api/@ohos.inputMethod.ExtraConfig').InputMethodExtraConfig"
"declare type InputMethodExtraConfig = import('../api/@ohos.inputMethod.ExtraConfig').InputMethodExtraConfig","新增API","harmonyos_api_changes/HarmonyOS_6.0.2(22).json","declare","","} else if (event.type === TouchType.Move) {","ArkTS","library\src\main\ets\tablefixheaders\TableFixHeaders.ets:376","declare type InputMethodExtraConfig = import('../api/@ohos.inputMethod.ExtraConfig').InputMethodExtraConfig@library\src\main\ets\tablefixheaders\TableFixHeaders.ets:376","","6.0.2(22)","declare type InputMethodExtraConfig = import('../api/@ohos.inputMethod.ExtraConfig').InputMethodExtraConfig"
"declare type InputMethodExtraConfig = import('../api/@ohos.inputMethod.ExtraConfig').InputMethodExtraConfig","新增API","harmonyos_api_changes/HarmonyOS_6.0.2(22).json","declare","","} else if (event.type === TouchType.Up || event.type === TouchType.Cancel) {","ArkTS","library\src\main\ets\tablefixheaders\TableFixHeaders.ets:394","declare type InputMethodExtraConfig = import('../api/@ohos.inputMethod.ExtraConfig').InputMethodExtraConfig@library\src\main\ets\tablefixheaders\TableFixHeaders.ets:394","","6.0.2(22)","declare type InputMethodExtraConfig = import('../api/@ohos.inputMethod.ExtraConfig').InputMethodExtraConfig"
"declare type InterceptionCallback = (from: NavPathInfo | NavBar, to: NavPathInfo | NavBar, pathStack: NavPathStack, operation: NavigationOperation, isAnimated: boolean) => void","新增API","harmonyos_api_changes/HarmonyOS_6.0.2(22).json","declare","","if (event.type === TouchType.Down) {","ArkTS","library\src\main\ets\tablefixheaders\TableFixHeaders.ets:364","declare type InterceptionCallback = (from: NavPathInfo | NavBar, to: NavPathInfo | NavBar, pathStack: NavPathStack, operation: NavigationOperation, isAnimated: boolean) => void@library\src\main\ets\tablefixheaders\TableFixHeaders.ets:364","","6.0.2(22)","declare type InterceptionCallback = (from: NavPathInfo | NavBar, to: NavPathInfo | NavBar, pathStack: NavPathStack, operation: NavigationOperation, isAnimated: boolean) => void"
"declare type InterceptionCallback = (from: NavPathInfo | NavBar, to: NavPathInfo | NavBar, pathStack: NavPathStack, operation: NavigationOperation, isAnimated: boolean) => void","新增API","harmonyos_api_changes/HarmonyOS_6.0.2(22).json","declare","","} else if (event.type === TouchType.Move) {","ArkTS","library\src\main\ets\tablefixheaders\TableFixHeaders.ets:376","declare type InterceptionCallback = (from: NavPathInfo | NavBar, to: NavPathInfo | NavBar, pathStack: NavPathStack, operation: NavigationOperation, isAnimated: boolean) => void@library\src\main\ets\tablefixheaders\TableFixHeaders.ets:376","","6.0.2(22)","declare type InterceptionCallback = (from: NavPathInfo | NavBar, to: NavPathInfo | NavBar, pathStack: NavPathStack, operation: NavigationOperation, isAnimated: boolean) => void"
"declare type InterceptionCallback = (from: NavPathInfo | NavBar, to: NavPathInfo | NavBar, pathStack: NavPathStack, operation: NavigationOperation, isAnimated: boolean) => void","新增API","harmonyos_api_changes/HarmonyOS_6.0.2(22).json","declare","","} else if (event.type === TouchType.Up || event.type === TouchType.Cancel) {","ArkTS","library\src\main\ets\tablefixheaders\TableFixHeaders.ets:394","declare type InterceptionCallback = (from: NavPathInfo | NavBar, to: NavPathInfo | NavBar, pathStack: NavPathStack, operation: NavigationOperation, isAnimated: boolean) => void@library\src\main\ets\tablefixheaders\TableFixHeaders.ets:394","","6.0.2(22)","declare type InterceptionCallback = (from: NavPathInfo | NavBar, to: NavPathInfo | NavBar, pathStack: NavPathStack, operation: NavigationOperation, isAnimated: boolean) => void"
"declare type LevelMode = import('../api/@ohos.promptAction').LevelMode","新增API","harmonyos_api_changes/HarmonyOS_5.0.3(15)_Beta2.json","declare","","if (event.type === TouchType.Down) {","ArkTS","library\src\main\ets\tablefixheaders\TableFixHeaders.ets:364","declare type LevelMode = import('../api/@ohos.promptAction').LevelMode@library\src\main\ets\tablefixheaders\TableFixHeaders.ets:364","","5.0.3(15)","declare type LevelMode = import('../api/@ohos.promptAction').LevelMode"
"declare type LevelMode = import('../api/@ohos.promptAction').LevelMode","新增API","harmonyos_api_changes/HarmonyOS_5.0.3(15)_Beta2.json","declare","","} else if (event.type === TouchType.Move) {","ArkTS","library\src\main\ets\tablefixheaders\TableFixHeaders.ets:376","declare type LevelMode = import('../api/@ohos.promptAction').LevelMode@library\src\main\ets\tablefixheaders\TableFixHeaders.ets:376","","5.0.3(15)","declare type LevelMode = import('../api/@ohos.promptAction').LevelMode"
"declare type LevelMode = import('../api/@ohos.promptAction').LevelMode","新增API","harmonyos_api_changes/HarmonyOS_5.0.3(15)_Beta2.json","declare","","} else if (event.type === TouchType.Up || event.type === TouchType.Cancel) {","ArkTS","library\src\main\ets\tablefixheaders\TableFixHeaders.ets:394","declare type LevelMode = import('../api/@ohos.promptAction').LevelMode@library\src\main\ets\tablefixheaders\TableFixHeaders.ets:394","","5.0.3(15)","declare type LevelMode = import('../api/@ohos.promptAction').LevelMode"
"declare type LevelOrder = import('../api/@ohos.promptAction').LevelOrder","新增API","harmonyos_api_changes/HarmonyOS_5.1.0(18).json","declare","","if (event.type === TouchType.Down) {","ArkTS","library\src\main\ets\tablefixheaders\TableFixHeaders.ets:364","declare type LevelOrder = import('../api/@ohos.promptAction').LevelOrder@library\src\main\ets\tablefixheaders\TableFixHeaders.ets:364","","5.1.0(18)","declare type LevelOrder = import('../api/@ohos.promptAction').LevelOrder"
"declare type LevelOrder = import('../api/@ohos.promptAction').LevelOrder","新增API","harmonyos_api_changes/HarmonyOS_5.1.0(18).json","declare","","} else if (event.type === TouchType.Move) {","ArkTS","library\src\main\ets\tablefixheaders\TableFixHeaders.ets:376","declare type LevelOrder = import('../api/@ohos.promptAction').LevelOrder@library\src\main\ets\tablefixheaders\TableFixHeaders.ets:376","","5.1.0(18)","declare type LevelOrder = import('../api/@ohos.promptAction').LevelOrder"
"declare type LevelOrder = import('../api/@ohos.promptAction').LevelOrder","新增API","harmonyos_api_changes/HarmonyOS_5.1.0(18).json","declare","","} else if (event.type === TouchType.Up || event.type === TouchType.Cancel) {","ArkTS","library\src\main\ets\tablefixheaders\TableFixHeaders.ets:394","declare type LevelOrder = import('../api/@ohos.promptAction').LevelOrder@library\src\main\ets\tablefixheaders\TableFixHeaders.ets:394","","5.1.0(18)","declare type LevelOrder = import('../api/@ohos.promptAction').LevelOrder"
"declare type Material = import('../api/@ohos.arkui.uiMaterial').default.Material","新增API","harmonyos_api_changes/HarmonyOS_26.0.0_Beta2.json","declare","","if (event.type === TouchType.Down) {","ArkTS","library\src\main\ets\tablefixheaders\TableFixHeaders.ets:364","declare type Material = import('../api/@ohos.arkui.uiMaterial').default.Material@library\src\main\ets\tablefixheaders\TableFixHeaders.ets:364","","26.0.0 Beta2","declare type Material = import('../api/@ohos.arkui.uiMaterial').default.Material"
"declare type Material = import('../api/@ohos.arkui.uiMaterial').default.Material","新增API","harmonyos_api_changes/HarmonyOS_26.0.0_Beta2.json","declare","","} else if (event.type === TouchType.Move) {","ArkTS","library\src\main\ets\tablefixheaders\TableFixHeaders.ets:376","declare type Material = import('../api/@ohos.arkui.uiMaterial').default.Material@library\src\main\ets\tablefixheaders\TableFixHeaders.ets:376","","26.0.0 Beta2","declare type Material = import('../api/@ohos.arkui.uiMaterial').default.Material"
"declare type Material = import('../api/@ohos.arkui.uiMaterial').default.Material","新增API","harmonyos_api_changes/HarmonyOS_26.0.0_Beta2.json","declare","","} else if (event.type === TouchType.Up || event.type === TouchType.Cancel) {","ArkTS","library\src\main\ets\tablefixheaders\TableFixHeaders.ets:394","declare type Material = import('../api/@ohos.arkui.uiMaterial').default.Material@library\src\main\ets\tablefixheaders\TableFixHeaders.ets:394","","26.0.0 Beta2","declare type Material = import('../api/@ohos.arkui.uiMaterial').default.Material"
"declare type Matrix4Transit = import('../api/@ohos.matrix4').default.Matrix4Transit","新增API","harmonyos_api_changes/HarmonyOS_6.0.0(20)_Beta2.json","declare","","if (event.type === TouchType.Down) {","ArkTS","library\src\main\ets\tablefixheaders\TableFixHeaders.ets:364","declare type Matrix4Transit = import('../api/@ohos.matrix4').default.Matrix4Transit@library\src\main\ets\tablefixheaders\TableFixHeaders.ets:364","","6.0.0(20)","declare type Matrix4Transit = import('../api/@ohos.matrix4').default.Matrix4Transit"
"declare type Matrix4Transit = import('../api/@ohos.matrix4').default.Matrix4Transit","新增API","harmonyos_api_changes/HarmonyOS_6.0.0(20)_Beta2.json","declare","","} else if (event.type === TouchType.Move) {","ArkTS","library\src\main\ets\tablefixheaders\TableFixHeaders.ets:376","declare type Matrix4Transit = import('../api/@ohos.matrix4').default.Matrix4Transit@library\src\main\ets\tablefixheaders\TableFixHeaders.ets:376","","6.0.0(20)","declare type Matrix4Transit = import('../api/@ohos.matrix4').default.Matrix4Transit"
"declare type Matrix4Transit = import('../api/@ohos.matrix4').default.Matrix4Transit","新增API","harmonyos_api_changes/HarmonyOS_6.0.0(20)_Beta2.json","declare","","} else if (event.type === TouchType.Up || event.type === TouchType.Cancel) {","ArkTS","library\src\main\ets\tablefixheaders\TableFixHeaders.ets:394","declare type Matrix4Transit = import('../api/@ohos.matrix4').default.Matrix4Transit@library\src\main\ets\tablefixheaders\TableFixHeaders.ets:394","","6.0.0(20)","declare type Matrix4Transit = import('../api/@ohos.matrix4').default.Matrix4Transit"
"declare type MenuCallback = (start: number, end: number) => void","新增API","harmonyos_api_changes/HarmonyOS_5.0.3(15)_Beta2.json","declare","","if (event.type === TouchType.Down) {","ArkTS","library\src\main\ets\tablefixheaders\TableFixHeaders.ets:364","declare type MenuCallback = (start: number, end: number) => void@library\src\main\ets\tablefixheaders\TableFixHeaders.ets:364","","5.0.3(15)","declare type MenuCallback = (start: number, end: number) => void"
"declare type MenuCallback = (start: number, end: number) => void","新增API","harmonyos_api_changes/HarmonyOS_5.0.3(15)_Beta2.json","declare","","} else if (event.type === TouchType.Move) {","ArkTS","library\src\main\ets\tablefixheaders\TableFixHeaders.ets:376","declare type MenuCallback = (start: number, end: number) => void@library\src\main\ets\tablefixheaders\TableFixHeaders.ets:376","","5.0.3(15)","declare type MenuCallback = (start: number, end: number) => void"
"declare type MenuCallback = (start: number, end: number) => void","新增API","harmonyos_api_changes/HarmonyOS_5.0.3(15)_Beta2.json","declare","","} else if (event.type === TouchType.Up || event.type === TouchType.Cancel) {","ArkTS","library\src\main\ets\tablefixheaders\TableFixHeaders.ets:394","declare type MenuCallback = (start: number, end: number) => void@library\src\main\ets\tablefixheaders\TableFixHeaders.ets:394","","5.0.3(15)","declare type MenuCallback = (start: number, end: number) => void"
"declare type MonitorDecorator = (value: string, ...args: string\[\]) => MethodDecorator","API卡片权限变更","harmonyos_api_changes/HarmonyOS_6.1.0(23)_Beta1.json","declare","","if (event.type === TouchType.Down) {","ArkTS","library\src\main\ets\tablefixheaders\TableFixHeaders.ets:364","declare type MonitorDecorator = (value: string, ...args: string\[\]) => MethodDecorator@library\src\main\ets\tablefixheaders\TableFixHeaders.ets:364","","6.1.0(23)","declare type MonitorDecorator = (value: string, ...args: string\[\]) => MethodDecorator"
"declare type MonitorDecorator = (value: string, ...args: string\[\]) => MethodDecorator","API卡片权限变更","harmonyos_api_changes/HarmonyOS_6.1.0(23)_Beta1.json","declare","","} else if (event.type === TouchType.Move) {","ArkTS","library\src\main\ets\tablefixheaders\TableFixHeaders.ets:376","declare type MonitorDecorator = (value: string, ...args: string\[\]) => MethodDecorator@library\src\main\ets\tablefixheaders\TableFixHeaders.ets:376","","6.1.0(23)","declare type MonitorDecorator = (value: string, ...args: string\[\]) => MethodDecorator"
"declare type MonitorDecorator = (value: string, ...args: string\[\]) => MethodDecorator","API卡片权限变更","harmonyos_api_changes/HarmonyOS_6.1.0(23)_Beta1.json","declare","","} else if (event.type === TouchType.Up || event.type === TouchType.Cancel) {","ArkTS","library\src\main\ets\tablefixheaders\TableFixHeaders.ets:394","declare type MonitorDecorator = (value: string, ...args: string\[\]) => MethodDecorator@library\src\main\ets\tablefixheaders\TableFixHeaders.ets:394","","6.1.0(23)","declare type MonitorDecorator = (value: string, ...args: string\[\]) => MethodDecorator"
"declare type NavDestinationBuildFunction = (name: string, param?: object) => void","新增API","harmonyos_api_changes/HarmonyOS_5.0.2(14).json","declare","","if (event.type === TouchType.Down) {","ArkTS","library\src\main\ets\tablefixheaders\TableFixHeaders.ets:364","declare type NavDestinationBuildFunction = (name: string, param?: object) => void@library\src\main\ets\tablefixheaders\TableFixHeaders.ets:364","","5.0.2(14)","declare type NavDestinationBuildFunction = (name: string, param?: object) => void"
"declare type NavDestinationBuildFunction = (name: string, param?: object) => void","新增API","harmonyos_api_changes/HarmonyOS_5.0.2(14).json","declare","","} else if (event.type === TouchType.Move) {","ArkTS","library\src\main\ets\tablefixheaders\TableFixHeaders.ets:376","declare type NavDestinationBuildFunction = (name: string, param?: object) => void@library\src\main\ets\tablefixheaders\TableFixHeaders.ets:376","","5.0.2(14)","declare type NavDestinationBuildFunction = (name: string, param?: object) => void"
"declare type NavDestinationBuildFunction = (name: string, param?: object) => void","新增API","harmonyos_api_changes/HarmonyOS_5.0.2(14).json","declare","","} else if (event.type === TouchType.Up || event.type === TouchType.Cancel) {","ArkTS","library\src\main\ets\tablefixheaders\TableFixHeaders.ets:394","declare type NavDestinationBuildFunction = (name: string, param?: object) => void@library\src\main\ets\tablefixheaders\TableFixHeaders.ets:394","","5.0.2(14)","declare type NavDestinationBuildFunction = (name: string, param?: object) => void"
"declare type NavDestinationTransitionDelegate = (operation: NavigationOperation, isEnter: boolean) => Array<NavDestinationTransition> | undefined","新增API","harmonyos_api_changes/HarmonyOS_5.0.3(15)_Beta2.json","declare","","if (event.type === TouchType.Down) {","ArkTS","library\src\main\ets\tablefixheaders\TableFixHeaders.ets:364","declare type NavDestinationTransitionDelegate = (operation: NavigationOperation, isEnter: boolean) => Array<NavDestinationTransition> | undefined@library\src\main\ets\tablefixheaders\TableFixHeaders.ets:364","","5.0.3(15)","declare type NavDestinationTransitionDelegate = (operation: NavigationOperation, isEnter: boolean) => Array<NavDestinationTransition> | undefined"
"declare type NavDestinationTransitionDelegate = (operation: NavigationOperation, isEnter: boolean) => Array<NavDestinationTransition> | undefined","新增API","harmonyos_api_changes/HarmonyOS_5.0.3(15)_Beta2.json","declare","","} else if (event.type === TouchType.Move) {","ArkTS","library\src\main\ets\tablefixheaders\TableFixHeaders.ets:376","declare type NavDestinationTransitionDelegate = (operation: NavigationOperation, isEnter: boolean) => Array<NavDestinationTransition> | undefined@library\src\main\ets\tablefixheaders\TableFixHeaders.ets:376","","5.0.3(15)","declare type NavDestinationTransitionDelegate = (operation: NavigationOperation, isEnter: boolean) => Array<NavDestinationTransition> | undefined"
"declare type NavDestinationTransitionDelegate = (operation: NavigationOperation, isEnter: boolean) => Array<NavDestinationTransition> | undefined","新增API","harmonyos_api_changes/HarmonyOS_5.0.3(15)_Beta2.json","declare","","} else if (event.type === TouchType.Up || event.type === TouchType.Cancel) {","ArkTS","library\src\main\ets\tablefixheaders\TableFixHeaders.ets:394","declare type NavDestinationTransitionDelegate = (operation: NavigationOperation, isEnter: boolean) => Array<NavDestinationTransition> | undefined@library\src\main\ets\tablefixheaders\TableFixHeaders.ets:394","","5.0.3(15)","declare type NavDestinationTransitionDelegate = (operation: NavigationOperation, isEnter: boolean) => Array<NavDestinationTransition> | undefined"
"declare type NodeRenderStateChangeCallback = (state: NodeRenderState, node?: FrameNode) => void","新增API","harmonyos_api_changes/HarmonyOS_6.0.0(20)_Beta1.json","declare","","if (event.type === TouchType.Down) {","ArkTS","library\src\main\ets\tablefixheaders\TableFixHeaders.ets:364","declare type NodeRenderStateChangeCallback = (state: NodeRenderState, node?: FrameNode) => void@library\src\main\ets\tablefixheaders\TableFixHeaders.ets:364","","6.0.0(20)","declare type NodeRenderStateChangeCallback = (state: NodeRenderState, node?: FrameNode) => void"
"declare type NodeRenderStateChangeCallback = (state: NodeRenderState, node?: FrameNode) => void","新增API","harmonyos_api_changes/HarmonyOS_6.0.0(20)_Beta1.json","declare","","} else if (event.type === TouchType.Move) {","ArkTS","library\src\main\ets\tablefixheaders\TableFixHeaders.ets:376","declare type NodeRenderStateChangeCallback = (state: NodeRenderState, node?: FrameNode) => void@library\src\main\ets\tablefixheaders\TableFixHeaders.ets:376","","6.0.0(20)","declare type NodeRenderStateChangeCallback = (state: NodeRenderState, node?: FrameNode) => void"
"declare type NodeRenderStateChangeCallback = (state: NodeRenderState, node?: FrameNode) => void","新增API","harmonyos_api_changes/HarmonyOS_6.0.0(20)_Beta1.json","declare","","} else if (event.type === TouchType.Up || event.type === TouchType.Cancel) {","ArkTS","library\src\main\ets\tablefixheaders\TableFixHeaders.ets:394","declare type NodeRenderStateChangeCallback = (state: NodeRenderState, node?: FrameNode) => void@library\src\main\ets\tablefixheaders\TableFixHeaders.ets:394","","6.0.0(20)","declare type NodeRenderStateChangeCallback = (state: NodeRenderState, node?: FrameNode) => void"
"declare type OnActionCallback = () => void","新增API","harmonyos_api_changes/HarmonyOS_26.0.0_Beta2.json","declare","","if (event.type === TouchType.Down) {","ArkTS","library\src\main\ets\tablefixheaders\TableFixHeaders.ets:364","declare type OnActionCallback = () => void@library\src\main\ets\tablefixheaders\TableFixHeaders.ets:364","","26.0.0 Beta2","declare type OnActionCallback = () => void"
"declare type OnActionCallback = () => void","新增API","harmonyos_api_changes/HarmonyOS_26.0.0_Beta2.json","declare","","} else if (event.type === TouchType.Move) {","ArkTS","library\src\main\ets\tablefixheaders\TableFixHeaders.ets:376","declare type OnActionCallback = () => void@library\src\main\ets\tablefixheaders\TableFixHeaders.ets:376","","26.0.0 Beta2","declare type OnActionCallback = () => void"
"declare type OnActionCallback = () => void","新增API","harmonyos_api_changes/HarmonyOS_26.0.0_Beta2.json","declare","","} else if (event.type === TouchType.Up || event.type === TouchType.Cancel) {","ArkTS","library\src\main\ets\tablefixheaders\TableFixHeaders.ets:394","declare type OnActionCallback = () => void@library\src\main\ets\tablefixheaders\TableFixHeaders.ets:394","","26.0.0 Beta2","declare type OnActionCallback = () => void"
"declare type OnActionTextClickCallback = () => void","新增API","harmonyos_api_changes/HarmonyOS_26.0.0_Beta2.json","declare","","if (event.type === TouchType.Down) {","ArkTS","library\src\main\ets\tablefixheaders\TableFixHeaders.ets:364","declare type OnActionTextClickCallback = () => void@library\src\main\ets\tablefixheaders\TableFixHeaders.ets:364","","26.0.0 Beta2","declare type OnActionTextClickCallback = () => void"
"declare type OnActionTextClickCallback = () => void","新增API","harmonyos_api_changes/HarmonyOS_26.0.0_Beta2.json","declare","","} else if (event.type === TouchType.Move) {","ArkTS","library\src\main\ets\tablefixheaders\TableFixHeaders.ets:376","declare type OnActionTextClickCallback = () => void@library\src\main\ets\tablefixheaders\TableFixHeaders.ets:376","","26.0.0 Beta2","declare type OnActionTextClickCallback = () => void"
"declare type OnActionTextClickCallback = () => void","新增API","harmonyos_api_changes/HarmonyOS_26.0.0_Beta2.json","declare","","} else if (event.type === TouchType.Up || event.type === TouchType.Cancel) {","ArkTS","library\src\main\ets\tablefixheaders\TableFixHeaders.ets:394","declare type OnActionTextClickCallback = () => void@library\src\main\ets\tablefixheaders\TableFixHeaders.ets:394","","26.0.0 Beta2","declare type OnActionTextClickCallback = () => void"
"declare type OnAlphabetIndexerPopupSelectCallback = (index: number) => void","新增API","harmonyos_api_changes/HarmonyOS_5.1.0(18).json","declare","","if (event.type === TouchType.Down) {","ArkTS","library\src\main\ets\tablefixheaders\TableFixHeaders.ets:364","declare type OnAlphabetIndexerPopupSelectCallback = (index: number) => void@library\src\main\ets\tablefixheaders\TableFixHeaders.ets:364","","5.1.0(18)","declare type OnAlphabetIndexerPopupSelectCallback = (index: number) => void"
"declare type OnAlphabetIndexerPopupSelectCallback = (index: number) => void","新增API","harmonyos_api_changes/HarmonyOS_5.1.0(18).json","declare","","} else if (event.type === TouchType.Move) {","ArkTS","library\src\main\ets\tablefixheaders\TableFixHeaders.ets:376","declare type OnAlphabetIndexerPopupSelectCallback = (index: number) => void@library\src\main\ets\tablefixheaders\TableFixHeaders.ets:376","","5.1.0(18)","declare type OnAlphabetIndexerPopupSelectCallback = (index: number) => void"
"declare type OnAlphabetIndexerPopupSelectCallback = (index: number) => void","新增API","harmonyos_api_changes/HarmonyOS_5.1.0(18).json","declare","","} else if (event.type === TouchType.Up || event.type === TouchType.Cancel) {","ArkTS","library\src\main\ets\tablefixheaders\TableFixHeaders.ets:394","declare type OnAlphabetIndexerPopupSelectCallback = (index: number) => void@library\src\main\ets\tablefixheaders\TableFixHeaders.ets:394","","5.1.0(18)","declare type OnAlphabetIndexerPopupSelectCallback = (index: number) => void"
"declare type OnAlphabetIndexerRequestPopupDataCallback = (index: number) => Array<string>","新增API","harmonyos_api_changes/HarmonyOS_5.1.0(18).json","declare","","if (event.type === TouchType.Down) {","ArkTS","library\src\main\ets\tablefixheaders\TableFixHeaders.ets:364","declare type OnAlphabetIndexerRequestPopupDataCallback = (index: number) => Array<string>@library\src\main\ets\tablefixheaders\TableFixHeaders.ets:364","","5.1.0(18)","declare type OnAlphabetIndexerRequestPopupDataCallback = (index: number) => Array<string>"
"declare type OnAlphabetIndexerRequestPopupDataCallback = (index: number) => Array<string>","新增API","harmonyos_api_changes/HarmonyOS_5.1.0(18).json","declare","","} else if (event.type === TouchType.Move) {","ArkTS","library\src\main\ets\tablefixheaders\TableFixHeaders.ets:376","declare type OnAlphabetIndexerRequestPopupDataCallback = (index: number) => Array<string>@library\src\main\ets\tablefixheaders\TableFixHeaders.ets:376","","5.1.0(18)","declare type OnAlphabetIndexerRequestPopupDataCallback = (index: number) => Array<string>"
"declare type OnAlphabetIndexerRequestPopupDataCallback = (index: number) => Array<string>","新增API","harmonyos_api_changes/HarmonyOS_5.1.0(18).json","declare","","} else if (event.type === TouchType.Up || event.type === TouchType.Cancel) {","ArkTS","library\src\main\ets\tablefixheaders\TableFixHeaders.ets:394","declare type OnAlphabetIndexerRequestPopupDataCallback = (index: number) => Array<string>@library\src\main\ets\tablefixheaders\TableFixHeaders.ets:394","","5.1.0(18)","declare type OnAlphabetIndexerRequestPopupDataCallback = (index: number) => Array<string>"
"declare type OnAlphabetIndexerSelectCallback = (index: number) => void","新增API","harmonyos_api_changes/HarmonyOS_5.1.0(18).json","declare","","if (event.type === TouchType.Down) {","ArkTS","library\src\main\ets\tablefixheaders\TableFixHeaders.ets:364","declare type OnAlphabetIndexerSelectCallback = (index: number) => void@library\src\main\ets\tablefixheaders\TableFixHeaders.ets:364","","5.1.0(18)","declare type OnAlphabetIndexerSelectCallback = (index: number) => void"
"declare type OnAlphabetIndexerSelectCallback = (index: number) => void","新增API","harmonyos_api_changes/HarmonyOS_5.1.0(18).json","declare","","} else if (event.type === TouchType.Move) {","ArkTS","library\src\main\ets\tablefixheaders\TableFixHeaders.ets:376","declare type OnAlphabetIndexerSelectCallback = (index: number) => void@library\src\main\ets\tablefixheaders\TableFixHeaders.ets:376","","5.1.0(18)","declare type OnAlphabetIndexerSelectCallback = (index: number) => void"
"declare type OnAlphabetIndexerSelectCallback = (index: number) => void","新增API","harmonyos_api_changes/HarmonyOS_5.1.0(18).json","declare","","} else if (event.type === TouchType.Up || event.type === TouchType.Cancel) {","ArkTS","library\src\main\ets\tablefixheaders\TableFixHeaders.ets:394","declare type OnAlphabetIndexerSelectCallback = (index: number) => void@library\src\main\ets\tablefixheaders\TableFixHeaders.ets:394","","5.1.0(18)","declare type OnAlphabetIndexerSelectCallback = (index: number) => void"
"declare type OnChangeCallback = (value: boolean) => void","新增API","harmonyos_api_changes/HarmonyOS_26.0.0_Beta2.json","declare","","if (event.type === TouchType.Down) {","ArkTS","library\src\main\ets\tablefixheaders\TableFixHeaders.ets:364","declare type OnChangeCallback = (value: boolean) => void@library\src\main\ets\tablefixheaders\TableFixHeaders.ets:364","","26.0.0 Beta2","declare type OnChangeCallback = (value: boolean) => void"
"declare type OnChangeCallback = (value: boolean) => void","新增API","harmonyos_api_changes/HarmonyOS_26.0.0_Beta2.json","declare","","} else if (event.type === TouchType.Move) {","ArkTS","library\src\main\ets\tablefixheaders\TableFixHeaders.ets:376","declare type OnChangeCallback = (value: boolean) => void@library\src\main\ets\tablefixheaders\TableFixHeaders.ets:376","","26.0.0 Beta2","declare type OnChangeCallback = (value: boolean) => void"
"declare type OnChangeCallback = (value: boolean) => void","新增API","harmonyos_api_changes/HarmonyOS_26.0.0_Beta2.json","declare","","} else if (event.type === TouchType.Up || event.type === TouchType.Cancel) {","ArkTS","library\src\main\ets\tablefixheaders\TableFixHeaders.ets:394","declare type OnChangeCallback = (value: boolean) => void@library\src\main\ets\tablefixheaders\TableFixHeaders.ets:394","","26.0.0 Beta2","declare type OnChangeCallback = (value: boolean) => void"
"declare type OnChangedCallback = (callbackParam: CallbackParamV2) => void","新增API","harmonyos_api_changes/HarmonyOS_26.0.0_Beta2.json","declare","","if (event.type === TouchType.Down) {","ArkTS","library\src\main\ets\tablefixheaders\TableFixHeaders.ets:364","declare type OnChangedCallback = (callbackParam: CallbackParamV2) => void@library\src\main\ets\tablefixheaders\TableFixHeaders.ets:364","","26.0.0 Beta2","declare type OnChangedCallback = (callbackParam: CallbackParamV2) => void"
"declare type OnChangedCallback = (callbackParam: CallbackParamV2) => void","新增API","harmonyos_api_changes/HarmonyOS_26.0.0_Beta2.json","declare","","} else if (event.type === TouchType.Move) {","ArkTS","library\src\main\ets\tablefixheaders\TableFixHeaders.ets:376","declare type OnChangedCallback = (callbackParam: CallbackParamV2) => void@library\src\main\ets\tablefixheaders\TableFixHeaders.ets:376","","26.0.0 Beta2","declare type OnChangedCallback = (callbackParam: CallbackParamV2) => void"
"declare type OnChangedCallback = (callbackParam: CallbackParamV2) => void","新增API","harmonyos_api_changes/HarmonyOS_26.0.0_Beta2.json","declare","","} else if (event.type === TouchType.Up || event.type === TouchType.Cancel) {","ArkTS","library\src\main\ets\tablefixheaders\TableFixHeaders.ets:394","declare type OnChangedCallback = (callbackParam: CallbackParamV2) => void@library\src\main\ets\tablefixheaders\TableFixHeaders.ets:394","","26.0.0 Beta2","declare type OnChangedCallback = (callbackParam: CallbackParamV2) => void"
"declare type OnCheckboxChangeCallback = (value: boolean) => void","新增API","harmonyos_api_changes/HarmonyOS_5.1.0(18).json","declare","","if (event.type === TouchType.Down) {","ArkTS","library\src\main\ets\tablefixheaders\TableFixHeaders.ets:364","declare type OnCheckboxChangeCallback = (value: boolean) => void@library\src\main\ets\tablefixheaders\TableFixHeaders.ets:364","","5.1.0(18)","declare type OnCheckboxChangeCallback = (value: boolean) => void"
"declare type OnCheckboxChangeCallback = (value: boolean) => void","新增API","harmonyos_api_changes/HarmonyOS_5.1.0(18).json","declare","","} else if (event.type === TouchType.Move) {","ArkTS","library\src\main\ets\tablefixheaders\TableFixHeaders.ets:376","declare type OnCheckboxChangeCallback = (value: boolean) => void@library\src\main\ets\tablefixheaders\TableFixHeaders.ets:376","","5.1.0(18)","declare type OnCheckboxChangeCallback = (value: boolean) => void"
"declare type OnCheckboxChangeCallback = (value: boolean) => void","新增API","harmonyos_api_changes/HarmonyOS_5.1.0(18).json","declare","","} else if (event.type === TouchType.Up || event.type === TouchType.Cancel) {","ArkTS","library\src\main\ets\tablefixheaders\TableFixHeaders.ets:394","declare type OnCheckboxChangeCallback = (value: boolean) => void@library\src\main\ets\tablefixheaders\TableFixHeaders.ets:394","","5.1.0(18)","declare type OnCheckboxChangeCallback = (value: boolean) => void"
"declare type OnCheckboxGroupChangeCallback = (value: CheckboxGroupResult) => void","新增API","harmonyos_api_changes/HarmonyOS_5.1.0(18).json","declare","","if (event.type === TouchType.Down) {","ArkTS","library\src\main\ets\tablefixheaders\TableFixHeaders.ets:364","declare type OnCheckboxGroupChangeCallback = (value: CheckboxGroupResult) => void@library\src\main\ets\tablefixheaders\TableFixHeaders.ets:364","","5.1.0(18)","declare type OnCheckboxGroupChangeCallback = (value: CheckboxGroupResult) => void"
"declare type OnCheckboxGroupChangeCallback = (value: CheckboxGroupResult) => void","新增API","harmonyos_api_changes/HarmonyOS_5.1.0(18).json","declare","","} else if (event.type === TouchType.Move) {","ArkTS","library\src\main\ets\tablefixheaders\TableFixHeaders.ets:376","declare type OnCheckboxGroupChangeCallback = (value: CheckboxGroupResult) => void@library\src\main\ets\tablefixheaders\TableFixHeaders.ets:376","","5.1.0(18)","declare type OnCheckboxGroupChangeCallback = (value: CheckboxGroupResult) => void"
"declare type OnCheckboxGroupChangeCallback = (value: CheckboxGroupResult) => void","新增API","harmonyos_api_changes/HarmonyOS_5.1.0(18).json","declare","","} else if (event.type === TouchType.Up || event.type === TouchType.Cancel) {","ArkTS","library\src\main\ets\tablefixheaders\TableFixHeaders.ets:394","declare type OnCheckboxGroupChangeCallback = (value: CheckboxGroupResult) => void@library\src\main\ets\tablefixheaders\TableFixHeaders.ets:394","","5.1.0(18)","declare type OnCheckboxGroupChangeCallback = (value: CheckboxGroupResult) => void"
"declare type OnContainerCallback = () => void","新增API","harmonyos_api_changes/HarmonyOS_26.0.0_Beta2.json","declare","","if (event.type === TouchType.Down) {","ArkTS","library\src\main\ets\tablefixheaders\TableFixHeaders.ets:364","declare type OnContainerCallback = () => void@library\src\main\ets\tablefixheaders\TableFixHeaders.ets:364","","26.0.0 Beta2","declare type OnContainerCallback = () => void"
"declare type OnContainerCallback = () => void","新增API","harmonyos_api_changes/HarmonyOS_26.0.0_Beta2.json","declare","","} else if (event.type === TouchType.Move) {","ArkTS","library\src\main\ets\tablefixheaders\TableFixHeaders.ets:376","declare type OnContainerCallback = () => void@library\src\main\ets\tablefixheaders\TableFixHeaders.ets:376","","26.0.0 Beta2","declare type OnContainerCallback = () => void"
"declare type OnContainerCallback = () => void","新增API","harmonyos_api_changes/HarmonyOS_26.0.0_Beta2.json","declare","","} else if (event.type === TouchType.Up || event.type === TouchType.Cancel) {","ArkTS","library\src\main\ets\tablefixheaders\TableFixHeaders.ets:394","declare type OnContainerCallback = () => void@library\src\main\ets\tablefixheaders\TableFixHeaders.ets:394","","26.0.0 Beta2","declare type OnContainerCallback = () => void"
"declare type OnContentScrollCallback = (totalOffsetX: number, totalOffsetY: number) => void","新增API","harmonyos_api_changes/HarmonyOS_5.1.0(18).json","declare","","if (event.type === TouchType.Down) {","ArkTS","library\src\main\ets\tablefixheaders\TableFixHeaders.ets:364","declare type OnContentScrollCallback = (totalOffsetX: number, totalOffsetY: number) => void@library\src\main\ets\tablefixheaders\TableFixHeaders.ets:364","","5.1.0(18)","declare type OnContentScrollCallback = (totalOffsetX: number, totalOffsetY: number) => void"
"declare type OnContentScrollCallback = (totalOffsetX: number, totalOffsetY: number) => void","新增API","harmonyos_api_changes/HarmonyOS_5.1.0(18).json","declare","","} else if (event.type === TouchType.Move) {","ArkTS","library\src\main\ets\tablefixheaders\TableFixHeaders.ets:376","declare type OnContentScrollCallback = (totalOffsetX: number, totalOffsetY: number) => void@library\src\main\ets\tablefixheaders\TableFixHeaders.ets:376","","5.1.0(18)","declare type OnContentScrollCallback = (totalOffsetX: number, totalOffsetY: number) => void"
"declare type OnContentScrollCallback = (totalOffsetX: number, totalOffsetY: number) => void","新增API","harmonyos_api_changes/HarmonyOS_5.1.0(18).json","declare","","} else if (event.type === TouchType.Up || event.type === TouchType.Cancel) {","ArkTS","library\src\main\ets\tablefixheaders\TableFixHeaders.ets:394","declare type OnContentScrollCallback = (totalOffsetX: number, totalOffsetY: number) => void@library\src\main\ets\tablefixheaders\TableFixHeaders.ets:394","","5.1.0(18)","declare type OnContentScrollCallback = (totalOffsetX: number, totalOffsetY: number) => void"
"declare type OnDidStopDraggingCallback = (willFling: boolean) => void","新增API","harmonyos_api_changes/HarmonyOS_6.0.1(21)_Beta1.json","declare","","if (event.type === TouchType.Down) {","ArkTS","library\src\main\ets\tablefixheaders\TableFixHeaders.ets:364","declare type OnDidStopDraggingCallback = (willFling: boolean) => void@library\src\main\ets\tablefixheaders\TableFixHeaders.ets:364","","6.0.1(21)","declare type OnDidStopDraggingCallback = (willFling: boolean) => void"
"declare type OnDidStopDraggingCallback = (willFling: boolean) => void","新增API","harmonyos_api_changes/HarmonyOS_6.0.1(21)_Beta1.json","declare","","} else if (event.type === TouchType.Move) {","ArkTS","library\src\main\ets\tablefixheaders\TableFixHeaders.ets:376","declare type OnDidStopDraggingCallback = (willFling: boolean) => void@library\src\main\ets\tablefixheaders\TableFixHeaders.ets:376","","6.0.1(21)","declare type OnDidStopDraggingCallback = (willFling: boolean) => void"
"declare type OnDidStopDraggingCallback = (willFling: boolean) => void","新增API","harmonyos_api_changes/HarmonyOS_6.0.1(21)_Beta1.json","declare","","} else if (event.type === TouchType.Up || event.type === TouchType.Cancel) {","ArkTS","library\src\main\ets\tablefixheaders\TableFixHeaders.ets:394","declare type OnDidStopDraggingCallback = (willFling: boolean) => void@library\src\main\ets\tablefixheaders\TableFixHeaders.ets:394","","6.0.1(21)","declare type OnDidStopDraggingCallback = (willFling: boolean) => void"
"declare type OnDragEventCallback = (event: DragEvent, extraParams?: string) => void","新增API","harmonyos_api_changes/HarmonyOS_5.0.3(15)_Beta2.json","declare","","if (event.type === TouchType.Down) {","ArkTS","library\src\main\ets\tablefixheaders\TableFixHeaders.ets:364","declare type OnDragEventCallback = (event: DragEvent, extraParams?: string) => void@library\src\main\ets\tablefixheaders\TableFixHeaders.ets:364","","5.0.3(15)","declare type OnDragEventCallback = (event: DragEvent, extraParams?: string) => void"
"declare type OnDragEventCallback = (event: DragEvent, extraParams?: string) => void","新增API","harmonyos_api_changes/HarmonyOS_5.0.3(15)_Beta2.json","declare","","} else if (event.type === TouchType.Move) {","ArkTS","library\src\main\ets\tablefixheaders\TableFixHeaders.ets:376","declare type OnDragEventCallback = (event: DragEvent, extraParams?: string) => void@library\src\main\ets\tablefixheaders\TableFixHeaders.ets:376","","5.0.3(15)","declare type OnDragEventCallback = (event: DragEvent, extraParams?: string) => void"
"declare type OnDragEventCallback = (event: DragEvent, extraParams?: string) => void","新增API","harmonyos_api_changes/HarmonyOS_5.0.3(15)_Beta2.json","declare","","} else if (event.type === TouchType.Up || event.type === TouchType.Cancel) {","ArkTS","library\src\main\ets\tablefixheaders\TableFixHeaders.ets:394","declare type OnDragEventCallback = (event: DragEvent, extraParams?: string) => void@library\src\main\ets\tablefixheaders\TableFixHeaders.ets:394","","5.0.3(15)","declare type OnDragEventCallback = (event: DragEvent, extraParams?: string) => void"
"declare type OnFoldStatusChangeCallback = (event: OnFoldStatusChangeInfo) => void","新增API","harmonyos_api_changes/HarmonyOS_5.1.0(18).json","declare","","if (event.type === TouchType.Down) {","ArkTS","library\src\main\ets\tablefixheaders\TableFixHeaders.ets:364","declare type OnFoldStatusChangeCallback = (event: OnFoldStatusChangeInfo) => void@library\src\main\ets\tablefixheaders\TableFixHeaders.ets:364","","5.1.0(18)","declare type OnFoldStatusChangeCallback = (event: OnFoldStatusChangeInfo) => void"
"declare type OnFoldStatusChangeCallback = (event: OnFoldStatusChangeInfo) => void","新增API","harmonyos_api_changes/HarmonyOS_5.1.0(18).json","declare","","} else if (event.type === TouchType.Move) {","ArkTS","library\src\main\ets\tablefixheaders\TableFixHeaders.ets:376","declare type OnFoldStatusChangeCallback = (event: OnFoldStatusChangeInfo) => void@library\src\main\ets\tablefixheaders\TableFixHeaders.ets:376","","5.1.0(18)","declare type OnFoldStatusChangeCallback = (event: OnFoldStatusChangeInfo) => void"
"declare type OnFoldStatusChangeCallback = (event: OnFoldStatusChangeInfo) => void","新增API","harmonyos_api_changes/HarmonyOS_5.1.0(18).json","declare","","} else if (event.type === TouchType.Up || event.type === TouchType.Cancel) {","ArkTS","library\src\main\ets\tablefixheaders\TableFixHeaders.ets:394","declare type OnFoldStatusChangeCallback = (event: OnFoldStatusChangeInfo) => void@library\src\main\ets\tablefixheaders\TableFixHeaders.ets:394","","5.1.0(18)","declare type OnFoldStatusChangeCallback = (event: OnFoldStatusChangeInfo) => void"
"declare type OnGetPreviewBadgeCallback = () => boolean | number","新增API","harmonyos_api_changes/HarmonyOS_6.1.0(23)_Beta1.json","declare","","if (event.type === TouchType.Down) {","ArkTS","library\src\main\ets\tablefixheaders\TableFixHeaders.ets:364","declare type OnGetPreviewBadgeCallback = () => boolean | number@library\src\main\ets\tablefixheaders\TableFixHeaders.ets:364","","6.1.0(23)","declare type OnGetPreviewBadgeCallback = () => boolean | number"
"declare type OnGetPreviewBadgeCallback = () => boolean | number","新增API","harmonyos_api_changes/HarmonyOS_6.1.0(23)_Beta1.json","declare","","} else if (event.type === TouchType.Move) {","ArkTS","library\src\main\ets\tablefixheaders\TableFixHeaders.ets:376","declare type OnGetPreviewBadgeCallback = () => boolean | number@library\src\main\ets\tablefixheaders\TableFixHeaders.ets:376","","6.1.0(23)","declare type OnGetPreviewBadgeCallback = () => boolean | number"
"declare type OnGetPreviewBadgeCallback = () => boolean | number","新增API","harmonyos_api_changes/HarmonyOS_6.1.0(23)_Beta1.json","declare","","} else if (event.type === TouchType.Up || event.type === TouchType.Cancel) {","ArkTS","library\src\main\ets\tablefixheaders\TableFixHeaders.ets:394","declare type OnGetPreviewBadgeCallback = () => boolean | number@library\src\main\ets\tablefixheaders\TableFixHeaders.ets:394","","6.1.0(23)","declare type OnGetPreviewBadgeCallback = () => boolean | number"
"declare type OnGridScrollIndexCallback = (first: number, last: number) => void","新增API","harmonyos_api_changes/HarmonyOS_5.1.1(19)_Beta1.json","declare","","if (event.type === TouchType.Down) {","ArkTS","library\src\main\ets\tablefixheaders\TableFixHeaders.ets:364","declare type OnGridScrollIndexCallback = (first: number, last: number) => void@library\src\main\ets\tablefixheaders\TableFixHeaders.ets:364","","5.1.1(19)","declare type OnGridScrollIndexCallback = (first: number, last: number) => void"
"declare type OnGridScrollIndexCallback = (first: number, last: number) => void","新增API","harmonyos_api_changes/HarmonyOS_5.1.1(19)_Beta1.json","declare","","} else if (event.type === TouchType.Move) {","ArkTS","library\src\main\ets\tablefixheaders\TableFixHeaders.ets:376","declare type OnGridScrollIndexCallback = (first: number, last: number) => void@library\src\main\ets\tablefixheaders\TableFixHeaders.ets:376","","5.1.1(19)","declare type OnGridScrollIndexCallback = (first: number, last: number) => void"
"declare type OnGridScrollIndexCallback = (first: number, last: number) => void","新增API","harmonyos_api_changes/HarmonyOS_5.1.1(19)_Beta1.json","declare","","} else if (event.type === TouchType.Up || event.type === TouchType.Cancel) {","ArkTS","library\src\main\ets\tablefixheaders\TableFixHeaders.ets:394","declare type OnGridScrollIndexCallback = (first: number, last: number) => void@library\src\main\ets\tablefixheaders\TableFixHeaders.ets:394","","5.1.1(19)","declare type OnGridScrollIndexCallback = (first: number, last: number) => void"
"declare type OnHomeShowOnTopCallback = (name: string) => void","新增API","harmonyos_api_changes/HarmonyOS_5.0.2(14).json","declare","","if (event.type === TouchType.Down) {","ArkTS","library\src\main\ets\tablefixheaders\TableFixHeaders.ets:364","declare type OnHomeShowOnTopCallback = (name: string) => void@library\src\main\ets\tablefixheaders\TableFixHeaders.ets:364","","5.0.2(14)","declare type OnHomeShowOnTopCallback = (name: string) => void"
"declare type OnHomeShowOnTopCallback = (name: string) => void","新增API","harmonyos_api_changes/HarmonyOS_5.0.2(14).json","declare","","} else if (event.type === TouchType.Move) {","ArkTS","library\src\main\ets\tablefixheaders\TableFixHeaders.ets:376","declare type OnHomeShowOnTopCallback = (name: string) => void@library\src\main\ets\tablefixheaders\TableFixHeaders.ets:376","","5.0.2(14)","declare type OnHomeShowOnTopCallback = (name: string) => void"
"declare type OnHomeShowOnTopCallback = (name: string) => void","新增API","harmonyos_api_changes/HarmonyOS_5.0.2(14).json","declare","","} else if (event.type === TouchType.Up || event.type === TouchType.Cancel) {","ArkTS","library\src\main\ets\tablefixheaders\TableFixHeaders.ets:394","declare type OnHomeShowOnTopCallback = (name: string) => void@library\src\main\ets\tablefixheaders\TableFixHeaders.ets:394","","5.0.2(14)","declare type OnHomeShowOnTopCallback = (name: string) => void"
"declare type OnHoverCallback = (status: boolean, event: HoverEvent) => void","新增API","harmonyos_api_changes/HarmonyOS_5.0.2(14).json","declare","","if (event.type === TouchType.Down) {","ArkTS","library\src\main\ets\tablefixheaders\TableFixHeaders.ets:364","declare type OnHoverCallback = (status: boolean, event: HoverEvent) => void@library\src\main\ets\tablefixheaders\TableFixHeaders.ets:364","","5.0.2(14)","declare type OnHoverCallback = (status: boolean, event: HoverEvent) => void"
"declare type OnHoverCallback = (status: boolean, event: HoverEvent) => void","新增API","harmonyos_api_changes/HarmonyOS_5.0.2(14).json","declare","","} else if (event.type === TouchType.Move) {","ArkTS","library\src\main\ets\tablefixheaders\TableFixHeaders.ets:376","declare type OnHoverCallback = (status: boolean, event: HoverEvent) => void@library\src\main\ets\tablefixheaders\TableFixHeaders.ets:376","","5.0.2(14)","declare type OnHoverCallback = (status: boolean, event: HoverEvent) => void"
"declare type OnHoverCallback = (status: boolean, event: HoverEvent) => void","新增API","harmonyos_api_changes/HarmonyOS_5.0.2(14).json","declare","","} else if (event.type === TouchType.Up || event.type === TouchType.Cancel) {","ArkTS","library\src\main\ets\tablefixheaders\TableFixHeaders.ets:394","declare type OnHoverCallback = (status: boolean, event: HoverEvent) => void@library\src\main\ets\tablefixheaders\TableFixHeaders.ets:394","","5.0.2(14)","declare type OnHoverCallback = (status: boolean, event: HoverEvent) => void"
"declare type OnHoverStatusChangeCallback = (param: HoverEventParam) => void","新增API","harmonyos_api_changes/HarmonyOS_5.1.0(18).json","declare","","if (event.type === TouchType.Down) {","ArkTS","library\src\main\ets\tablefixheaders\TableFixHeaders.ets:364","declare type OnHoverStatusChangeCallback = (param: HoverEventParam) => void@library\src\main\ets\tablefixheaders\TableFixHeaders.ets:364","","5.1.0(18)","declare type OnHoverStatusChangeCallback = (param: HoverEventParam) => void"
"declare type OnHoverStatusChangeCallback = (param: HoverEventParam) => void","新增API","harmonyos_api_changes/HarmonyOS_5.1.0(18).json","declare","","} else if (event.type === TouchType.Move) {","ArkTS","library\src\main\ets\tablefixheaders\TableFixHeaders.ets:376","declare type OnHoverStatusChangeCallback = (param: HoverEventParam) => void@library\src\main\ets\tablefixheaders\TableFixHeaders.ets:376","","5.1.0(18)","declare type OnHoverStatusChangeCallback = (param: HoverEventParam) => void"
"declare type OnHoverStatusChangeCallback = (param: HoverEventParam) => void","新增API","harmonyos_api_changes/HarmonyOS_5.1.0(18).json","declare","","} else if (event.type === TouchType.Up || event.type === TouchType.Cancel) {","ArkTS","library\src\main\ets\tablefixheaders\TableFixHeaders.ets:394","declare type OnHoverStatusChangeCallback = (param: HoverEventParam) => void@library\src\main\ets\tablefixheaders\TableFixHeaders.ets:394","","5.1.0(18)","declare type OnHoverStatusChangeCallback = (param: HoverEventParam) => void"
"declare type OnItemDragStartCallback = (event: ItemDragInfo, itemIndex: number) => CustomBuilder","新增API","harmonyos_api_changes/HarmonyOS_6.1.0(23)_Beta1.json","declare","","if (event.type === TouchType.Down) {","ArkTS","library\src\main\ets\tablefixheaders\TableFixHeaders.ets:364","declare type OnItemDragStartCallback = (event: ItemDragInfo, itemIndex: number) => CustomBuilder@library\src\main\ets\tablefixheaders\TableFixHeaders.ets:364","","6.1.0(23)","declare type OnItemDragStartCallback = (event: ItemDragInfo, itemIndex: number) => CustomBuilder"
"declare type OnItemDragStartCallback = (event: ItemDragInfo, itemIndex: number) => CustomBuilder","新增API","harmonyos_api_changes/HarmonyOS_6.1.0(23)_Beta1.json","declare","","} else if (event.type === TouchType.Move) {","ArkTS","library\src\main\ets\tablefixheaders\TableFixHeaders.ets:376","declare type OnItemDragStartCallback = (event: ItemDragInfo, itemIndex: number) => CustomBuilder@library\src\main\ets\tablefixheaders\TableFixHeaders.ets:376","","6.1.0(23)","declare type OnItemDragStartCallback = (event: ItemDragInfo, itemIndex: number) => CustomBuilder"
"declare type OnItemDragStartCallback = (event: ItemDragInfo, itemIndex: number) => CustomBuilder","新增API","harmonyos_api_changes/HarmonyOS_6.1.0(23)_Beta1.json","declare","","} else if (event.type === TouchType.Up || event.type === TouchType.Cancel) {","ArkTS","library\src\main\ets\tablefixheaders\TableFixHeaders.ets:394","declare type OnItemDragStartCallback = (event: ItemDragInfo, itemIndex: number) => CustomBuilder@library\src\main\ets\tablefixheaders\TableFixHeaders.ets:394","","6.1.0(23)","declare type OnItemDragStartCallback = (event: ItemDragInfo, itemIndex: number) => CustomBuilder"
"declare type OnListScrollIndexCallback = (start: number, end: number, center: number) => void","新增API","harmonyos_api_changes/HarmonyOS_5.1.1(19)_Beta1.json","declare","","if (event.type === TouchType.Down) {","ArkTS","library\src\main\ets\tablefixheaders\TableFixHeaders.ets:364","declare type OnListScrollIndexCallback = (start: number, end: number, center: number) => void@library\src\main\ets\tablefixheaders\TableFixHeaders.ets:364","","5.1.1(19)","declare type OnListScrollIndexCallback = (start: number, end: number, center: number) => void"
"declare type OnListScrollIndexCallback = (start: number, end: number, center: number) => void","新增API","harmonyos_api_changes/HarmonyOS_5.1.1(19)_Beta1.json","declare","","} else if (event.type === TouchType.Move) {","ArkTS","library\src\main\ets\tablefixheaders\TableFixHeaders.ets:376","declare type OnListScrollIndexCallback = (start: number, end: number, center: number) => void@library\src\main\ets\tablefixheaders\TableFixHeaders.ets:376","","5.1.1(19)","declare type OnListScrollIndexCallback = (start: number, end: number, center: number) => void"
"declare type OnListScrollIndexCallback = (start: number, end: number, center: number) => void","新增API","harmonyos_api_changes/HarmonyOS_5.1.1(19)_Beta1.json","declare","","} else if (event.type === TouchType.Up || event.type === TouchType.Cancel) {","ArkTS","library\src\main\ets\tablefixheaders\TableFixHeaders.ets:394","declare type OnListScrollIndexCallback = (start: number, end: number, center: number) => void@library\src\main\ets\tablefixheaders\TableFixHeaders.ets:394","","5.1.1(19)","declare type OnListScrollIndexCallback = (start: number, end: number, center: number) => void"
"declare type OnNativeLoadCallback = (event?: object) => void","新增API","harmonyos_api_changes/HarmonyOS_5.1.0(18).json","declare","","if (event.type === TouchType.Down) {","ArkTS","library\src\main\ets\tablefixheaders\TableFixHeaders.ets:364","declare type OnNativeLoadCallback = (event?: object) => void@library\src\main\ets\tablefixheaders\TableFixHeaders.ets:364","","5.1.0(18)","declare type OnNativeLoadCallback = (event?: object) => void"
"declare type OnNativeLoadCallback = (event?: object) => void","新增API","harmonyos_api_changes/HarmonyOS_5.1.0(18).json","declare","","} else if (event.type === TouchType.Move) {","ArkTS","library\src\main\ets\tablefixheaders\TableFixHeaders.ets:376","declare type OnNativeLoadCallback = (event?: object) => void@library\src\main\ets\tablefixheaders\TableFixHeaders.ets:376","","5.1.0(18)","declare type OnNativeLoadCallback = (event?: object) => void"
"declare type OnNativeLoadCallback = (event?: object) => void","新增API","harmonyos_api_changes/HarmonyOS_5.1.0(18).json","declare","","} else if (event.type === TouchType.Up || event.type === TouchType.Cancel) {","ArkTS","library\src\main\ets\tablefixheaders\TableFixHeaders.ets:394","declare type OnNativeLoadCallback = (event?: object) => void@library\src\main\ets\tablefixheaders\TableFixHeaders.ets:394","","5.1.0(18)","declare type OnNativeLoadCallback = (event?: object) => void"
"declare type OnNavigationModeChangeCallback = (mode: NavigationMode) => void","新增API","harmonyos_api_changes/HarmonyOS_5.0.2(14).json","declare","","if (event.type === TouchType.Down) {","ArkTS","library\src\main\ets\tablefixheaders\TableFixHeaders.ets:364","declare type OnNavigationModeChangeCallback = (mode: NavigationMode) => void@library\src\main\ets\tablefixheaders\TableFixHeaders.ets:364","","5.0.2(14)","declare type OnNavigationModeChangeCallback = (mode: NavigationMode) => void"
"declare type OnNavigationModeChangeCallback = (mode: NavigationMode) => void","新增API","harmonyos_api_changes/HarmonyOS_5.0.2(14).json","declare","","} else if (event.type === TouchType.Move) {","ArkTS","library\src\main\ets\tablefixheaders\TableFixHeaders.ets:376","declare type OnNavigationModeChangeCallback = (mode: NavigationMode) => void@library\src\main\ets\tablefixheaders\TableFixHeaders.ets:376","","5.0.2(14)","declare type OnNavigationModeChangeCallback = (mode: NavigationMode) => void"
"declare type OnNavigationModeChangeCallback = (mode: NavigationMode) => void","新增API","harmonyos_api_changes/HarmonyOS_5.0.2(14).json","declare","","} else if (event.type === TouchType.Up || event.type === TouchType.Cancel) {","ArkTS","library\src\main\ets\tablefixheaders\TableFixHeaders.ets:394","declare type OnNavigationModeChangeCallback = (mode: NavigationMode) => void@library\src\main\ets\tablefixheaders\TableFixHeaders.ets:394","","5.0.2(14)","declare type OnNavigationModeChangeCallback = (mode: NavigationMode) => void"
"declare type OnNeedSoftkeyboardCallback = () => boolean","新增API","harmonyos_api_changes/HarmonyOS_6.1.1(24)_Beta1.json","declare","","if (event.type === TouchType.Down) {","ArkTS","library\src\main\ets\tablefixheaders\TableFixHeaders.ets:364","declare type OnNeedSoftkeyboardCallback = () => boolean@library\src\main\ets\tablefixheaders\TableFixHeaders.ets:364","","6.1.1(24)","declare type OnNeedSoftkeyboardCallback = () => boolean"
"declare type OnNeedSoftkeyboardCallback = () => boolean","新增API","harmonyos_api_changes/HarmonyOS_6.1.1(24)_Beta1.json","declare","","} else if (event.type === TouchType.Move) {","ArkTS","library\src\main\ets\tablefixheaders\TableFixHeaders.ets:376","declare type OnNeedSoftkeyboardCallback = () => boolean@library\src\main\ets\tablefixheaders\TableFixHeaders.ets:376","","6.1.1(24)","declare type OnNeedSoftkeyboardCallback = () => boolean"
"declare type OnNeedSoftkeyboardCallback = () => boolean","新增API","harmonyos_api_changes/HarmonyOS_6.1.1(24)_Beta1.json","declare","","} else if (event.type === TouchType.Up || event.type === TouchType.Cancel) {","ArkTS","library\src\main\ets\tablefixheaders\TableFixHeaders.ets:394","declare type OnNeedSoftkeyboardCallback = () => boolean@library\src\main\ets\tablefixheaders\TableFixHeaders.ets:394","","6.1.1(24)","declare type OnNeedSoftkeyboardCallback = () => boolean"
"declare type OnPasteCallback = (content: string, event: PasteEvent) => void","新增API","harmonyos_api_changes/HarmonyOS_5.1.0(18).json","declare","","if (event.type === TouchType.Down) {","ArkTS","library\src\main\ets\tablefixheaders\TableFixHeaders.ets:364","declare type OnPasteCallback = (content: string, event: PasteEvent) => void@library\src\main\ets\tablefixheaders\TableFixHeaders.ets:364","","5.1.0(18)","declare type OnPasteCallback = (content: string, event: PasteEvent) => void"
"declare type OnPasteCallback = (content: string, event: PasteEvent) => void","新增API","harmonyos_api_changes/HarmonyOS_5.1.0(18).json","declare","","} else if (event.type === TouchType.Move) {","ArkTS","library\src\main\ets\tablefixheaders\TableFixHeaders.ets:376","declare type OnPasteCallback = (content: string, event: PasteEvent) => void@library\src\main\ets\tablefixheaders\TableFixHeaders.ets:376","","5.1.0(18)","declare type OnPasteCallback = (content: string, event: PasteEvent) => void"
"declare type OnPasteCallback = (content: string, event: PasteEvent) => void","新增API","harmonyos_api_changes/HarmonyOS_5.1.0(18).json","declare","","} else if (event.type === TouchType.Up || event.type === TouchType.Cancel) {","ArkTS","library\src\main\ets\tablefixheaders\TableFixHeaders.ets:394","declare type OnPasteCallback = (content: string, event: PasteEvent) => void@library\src\main\ets\tablefixheaders\TableFixHeaders.ets:394","","5.1.0(18)","declare type OnPasteCallback = (content: string, event: PasteEvent) => void"
"declare type OnPasteCallback = (pasteValue: string, event: PasteEvent) => void","新增API","harmonyos_api_changes/HarmonyOS_5.1.0(18).json","declare","","if (event.type === TouchType.Down) {","ArkTS","library\src\main\ets\tablefixheaders\TableFixHeaders.ets:364","declare type OnPasteCallback = (pasteValue: string, event: PasteEvent) => void@library\src\main\ets\tablefixheaders\TableFixHeaders.ets:364","","5.1.0(18)","declare type OnPasteCallback = (pasteValue: string, event: PasteEvent) => void"
"declare type OnPasteCallback = (pasteValue: string, event: PasteEvent) => void","新增API","harmonyos_api_changes/HarmonyOS_5.1.0(18).json","declare","","} else if (event.type === TouchType.Move) {","ArkTS","library\src\main\ets\tablefixheaders\TableFixHeaders.ets:376","declare type OnPasteCallback = (pasteValue: string, event: PasteEvent) => void@library\src\main\ets\tablefixheaders\TableFixHeaders.ets:376","","5.1.0(18)","declare type OnPasteCallback = (pasteValue: string, event: PasteEvent) => void"
"declare type OnPasteCallback = (pasteValue: string, event: PasteEvent) => void","新增API","harmonyos_api_changes/HarmonyOS_5.1.0(18).json","declare","","} else if (event.type === TouchType.Up || event.type === TouchType.Cancel) {","ArkTS","library\src\main\ets\tablefixheaders\TableFixHeaders.ets:394","declare type OnPasteCallback = (pasteValue: string, event: PasteEvent) => void@library\src\main\ets\tablefixheaders\TableFixHeaders.ets:394","","5.1.0(18)","declare type OnPasteCallback = (pasteValue: string, event: PasteEvent) => void"
"declare type OnRadioChangeCallback = (isChecked: boolean) => void","新增API","harmonyos_api_changes/HarmonyOS_5.1.0(18).json","declare","","if (event.type === TouchType.Down) {","ArkTS","library\src\main\ets\tablefixheaders\TableFixHeaders.ets:364","declare type OnRadioChangeCallback = (isChecked: boolean) => void@library\src\main\ets\tablefixheaders\TableFixHeaders.ets:364","","5.1.0(18)","declare type OnRadioChangeCallback = (isChecked: boolean) => void"
"declare type OnRadioChangeCallback = (isChecked: boolean) => void","新增API","harmonyos_api_changes/HarmonyOS_5.1.0(18).json","declare","","} else if (event.type === TouchType.Move) {","ArkTS","library\src\main\ets\tablefixheaders\TableFixHeaders.ets:376","declare type OnRadioChangeCallback = (isChecked: boolean) => void@library\src\main\ets\tablefixheaders\TableFixHeaders.ets:376","","5.1.0(18)","declare type OnRadioChangeCallback = (isChecked: boolean) => void"
"declare type OnRadioChangeCallback = (isChecked: boolean) => void","新增API","harmonyos_api_changes/HarmonyOS_5.1.0(18).json","declare","","} else if (event.type === TouchType.Up || event.type === TouchType.Cancel) {","ArkTS","library\src\main\ets\tablefixheaders\TableFixHeaders.ets:394","declare type OnRadioChangeCallback = (isChecked: boolean) => void@library\src\main\ets\tablefixheaders\TableFixHeaders.ets:394","","5.1.0(18)","declare type OnRadioChangeCallback = (isChecked: boolean) => void"
"declare type OnRatingChangeCallback = (rating: number) => void","新增API","harmonyos_api_changes/HarmonyOS_5.1.0(18).json","declare","","if (event.type === TouchType.Down) {","ArkTS","library\src\main\ets\tablefixheaders\TableFixHeaders.ets:364","declare type OnRatingChangeCallback = (rating: number) => void@library\src\main\ets\tablefixheaders\TableFixHeaders.ets:364","","5.1.0(18)","declare type OnRatingChangeCallback = (rating: number) => void"
"declare type OnRatingChangeCallback = (rating: number) => void","新增API","harmonyos_api_changes/HarmonyOS_5.1.0(18).json","declare","","} else if (event.type === TouchType.Move) {","ArkTS","library\src\main\ets\tablefixheaders\TableFixHeaders.ets:376","declare type OnRatingChangeCallback = (rating: number) => void@library\src\main\ets\tablefixheaders\TableFixHeaders.ets:376","","5.1.0(18)","declare type OnRatingChangeCallback = (rating: number) => void"
"declare type OnRatingChangeCallback = (rating: number) => void","新增API","harmonyos_api_changes/HarmonyOS_5.1.0(18).json","declare","","} else if (event.type === TouchType.Up || event.type === TouchType.Cancel) {","ArkTS","library\src\main\ets\tablefixheaders\TableFixHeaders.ets:394","declare type OnRatingChangeCallback = (rating: number) => void@library\src\main\ets\tablefixheaders\TableFixHeaders.ets:394","","5.1.0(18)","declare type OnRatingChangeCallback = (rating: number) => void"
"declare type OnScrollEdgeCallback = (side: Edge) => void","新增API","harmonyos_api_changes/HarmonyOS_5.1.0(18).json","declare","","if (event.type === TouchType.Down) {","ArkTS","library\src\main\ets\tablefixheaders\TableFixHeaders.ets:364","declare type OnScrollEdgeCallback = (side: Edge) => void@library\src\main\ets\tablefixheaders\TableFixHeaders.ets:364","","5.1.0(18)","declare type OnScrollEdgeCallback = (side: Edge) => void"
"declare type OnScrollEdgeCallback = (side: Edge) => void","新增API","harmonyos_api_changes/HarmonyOS_5.1.0(18).json","declare","","} else if (event.type === TouchType.Move) {","ArkTS","library\src\main\ets\tablefixheaders\TableFixHeaders.ets:376","declare type OnScrollEdgeCallback = (side: Edge) => void@library\src\main\ets\tablefixheaders\TableFixHeaders.ets:376","","5.1.0(18)","declare type OnScrollEdgeCallback = (side: Edge) => void"
"declare type OnScrollEdgeCallback = (side: Edge) => void","新增API","harmonyos_api_changes/HarmonyOS_5.1.0(18).json","declare","","} else if (event.type === TouchType.Up || event.type === TouchType.Cancel) {","ArkTS","library\src\main\ets\tablefixheaders\TableFixHeaders.ets:394","declare type OnScrollEdgeCallback = (side: Edge) => void@library\src\main\ets\tablefixheaders\TableFixHeaders.ets:394","","5.1.0(18)","declare type OnScrollEdgeCallback = (side: Edge) => void"
"declare type OnScrollFrameBeginCallback = (offset: number, state: ScrollState) => OnScrollFrameBeginHandlerResult","新增API","harmonyos_api_changes/HarmonyOS_5.1.0(18).json","declare","","if (event.type === TouchType.Down) {","ArkTS","library\src\main\ets\tablefixheaders\TableFixHeaders.ets:364","declare type OnScrollFrameBeginCallback = (offset: number, state: ScrollState) => OnScrollFrameBeginHandlerResult@library\src\main\ets\tablefixheaders\TableFixHeaders.ets:364","","5.1.0(18)","declare type OnScrollFrameBeginCallback = (offset: number, state: ScrollState) => OnScrollFrameBeginHandlerResult"
"declare type OnScrollFrameBeginCallback = (offset: number, state: ScrollState) => OnScrollFrameBeginHandlerResult","新增API","harmonyos_api_changes/HarmonyOS_5.1.0(18).json","declare","","} else if (event.type === TouchType.Move) {","ArkTS","library\src\main\ets\tablefixheaders\TableFixHeaders.ets:376","declare type OnScrollFrameBeginCallback = (offset: number, state: ScrollState) => OnScrollFrameBeginHandlerResult@library\src\main\ets\tablefixheaders\TableFixHeaders.ets:376","","5.1.0(18)","declare type OnScrollFrameBeginCallback = (offset: number, state: ScrollState) => OnScrollFrameBeginHandlerResult"
"declare type OnScrollFrameBeginCallback = (offset: number, state: ScrollState) => OnScrollFrameBeginHandlerResult","新增API","harmonyos_api_changes/HarmonyOS_5.1.0(18).json","declare","","} else if (event.type === TouchType.Up || event.type === TouchType.Cancel) {","ArkTS","library\src\main\ets\tablefixheaders\TableFixHeaders.ets:394","declare type OnScrollFrameBeginCallback = (offset: number, state: ScrollState) => OnScrollFrameBeginHandlerResult@library\src\main\ets\tablefixheaders\TableFixHeaders.ets:394","","5.1.0(18)","declare type OnScrollFrameBeginCallback = (offset: number, state: ScrollState) => OnScrollFrameBeginHandlerResult"
"declare type OnSelectCallback = (index: number) => void","新增API","harmonyos_api_changes/HarmonyOS_5.1.0(18).json","declare","","if (event.type === TouchType.Down) {","ArkTS","library\src\main\ets\tablefixheaders\TableFixHeaders.ets:364","declare type OnSelectCallback = (index: number) => void@library\src\main\ets\tablefixheaders\TableFixHeaders.ets:364","","5.1.0(18)","declare type OnSelectCallback = (index: number) => void"
"declare type OnSelectCallback = (index: number) => void","新增API","harmonyos_api_changes/HarmonyOS_5.1.0(18).json","declare","","} else if (event.type === TouchType.Move) {","ArkTS","library\src\main\ets\tablefixheaders\TableFixHeaders.ets:376","declare type OnSelectCallback = (index: number) => void@library\src\main\ets\tablefixheaders\TableFixHeaders.ets:376","","5.1.0(18)","declare type OnSelectCallback = (index: number) => void"
"declare type OnSelectCallback = (index: number) => void","新增API","harmonyos_api_changes/HarmonyOS_5.1.0(18).json","declare","","} else if (event.type === TouchType.Up || event.type === TouchType.Cancel) {","ArkTS","library\src\main\ets\tablefixheaders\TableFixHeaders.ets:394","declare type OnSelectCallback = (index: number) => void@library\src\main\ets\tablefixheaders\TableFixHeaders.ets:394","","5.1.0(18)","declare type OnSelectCallback = (index: number) => void"
"declare type OnSelectCallback = (index: number, selectStr: string) => void","新增API","harmonyos_api_changes/HarmonyOS_5.1.0(18).json","declare","","if (event.type === TouchType.Down) {","ArkTS","library\src\main\ets\tablefixheaders\TableFixHeaders.ets:364","declare type OnSelectCallback = (index: number, selectStr: string) => void@library\src\main\ets\tablefixheaders\TableFixHeaders.ets:364","","5.1.0(18)","declare type OnSelectCallback = (index: number, selectStr: string) => void"
"declare type OnSelectCallback = (index: number, selectStr: string) => void","新增API","harmonyos_api_changes/HarmonyOS_5.1.0(18).json","declare","","} else if (event.type === TouchType.Move) {","ArkTS","library\src\main\ets\tablefixheaders\TableFixHeaders.ets:376","declare type OnSelectCallback = (index: number, selectStr: string) => void@library\src\main\ets\tablefixheaders\TableFixHeaders.ets:376","","5.1.0(18)","declare type OnSelectCallback = (index: number, selectStr: string) => void"
"declare type OnSelectCallback = (index: number, selectStr: string) => void","新增API","harmonyos_api_changes/HarmonyOS_5.1.0(18).json","declare","","} else if (event.type === TouchType.Up || event.type === TouchType.Cancel) {","ArkTS","library\src\main\ets\tablefixheaders\TableFixHeaders.ets:394","declare type OnSelectCallback = (index: number, selectStr: string) => void@library\src\main\ets\tablefixheaders\TableFixHeaders.ets:394","","5.1.0(18)","declare type OnSelectCallback = (index: number, selectStr: string) => void"
"declare type OnSelectCallback = (index: number, selectValue: string) => void","新增API","harmonyos_api_changes/HarmonyOS_5.1.0(18).json","declare","","if (event.type === TouchType.Down) {","ArkTS","library\src\main\ets\tablefixheaders\TableFixHeaders.ets:364","declare type OnSelectCallback = (index: number, selectValue: string) => void@library\src\main\ets\tablefixheaders\TableFixHeaders.ets:364","","5.1.0(18)","declare type OnSelectCallback = (index: number, selectValue: string) => void"
"declare type OnSelectCallback = (index: number, selectValue: string) => void","新增API","harmonyos_api_changes/HarmonyOS_5.1.0(18).json","declare","","} else if (event.type === TouchType.Move) {","ArkTS","library\src\main\ets\tablefixheaders\TableFixHeaders.ets:376","declare type OnSelectCallback = (index: number, selectValue: string) => void@library\src\main\ets\tablefixheaders\TableFixHeaders.ets:376","","5.1.0(18)","declare type OnSelectCallback = (index: number, selectValue: string) => void"
"declare type OnSelectCallback = (index: number, selectValue: string) => void","新增API","harmonyos_api_changes/HarmonyOS_5.1.0(18).json","declare","","} else if (event.type === TouchType.Up || event.type === TouchType.Cancel) {","ArkTS","library\src\main\ets\tablefixheaders\TableFixHeaders.ets:394","declare type OnSelectCallback = (index: number, selectValue: string) => void@library\src\main\ets\tablefixheaders\TableFixHeaders.ets:394","","5.1.0(18)","declare type OnSelectCallback = (index: number, selectValue: string) => void"
"declare type OnStateChangeCallback = (state: SwipeActionState) => void","新增API","harmonyos_api_changes/HarmonyOS_6.1.0(23)_Beta1.json","declare","","if (event.type === TouchType.Down) {","ArkTS","library\src\main\ets\tablefixheaders\TableFixHeaders.ets:364","declare type OnStateChangeCallback = (state: SwipeActionState) => void@library\src\main\ets\tablefixheaders\TableFixHeaders.ets:364","","6.1.0(23)","declare type OnStateChangeCallback = (state: SwipeActionState) => void"
"declare type OnStateChangeCallback = (state: SwipeActionState) => void","新增API","harmonyos_api_changes/HarmonyOS_6.1.0(23)_Beta1.json","declare","","} else if (event.type === TouchType.Move) {","ArkTS","library\src\main\ets\tablefixheaders\TableFixHeaders.ets:376","declare type OnStateChangeCallback = (state: SwipeActionState) => void@library\src\main\ets\tablefixheaders\TableFixHeaders.ets:376","","6.1.0(23)","declare type OnStateChangeCallback = (state: SwipeActionState) => void"
"declare type OnStateChangeCallback = (state: SwipeActionState) => void","新增API","harmonyos_api_changes/HarmonyOS_6.1.0(23)_Beta1.json","declare","","} else if (event.type === TouchType.Up || event.type === TouchType.Cancel) {","ArkTS","library\src\main\ets\tablefixheaders\TableFixHeaders.ets:394","declare type OnStateChangeCallback = (state: SwipeActionState) => void@library\src\main\ets\tablefixheaders\TableFixHeaders.ets:394","","6.1.0(23)","declare type OnStateChangeCallback = (state: SwipeActionState) => void"
"declare type OnSubmitCallback = (enterKey: EnterKeyType, event: SubmitEvent) => void","新增API","harmonyos_api_changes/HarmonyOS_5.1.0(18).json","declare","","if (event.type === TouchType.Down) {","ArkTS","library\src\main\ets\tablefixheaders\TableFixHeaders.ets:364","declare type OnSubmitCallback = (enterKey: EnterKeyType, event: SubmitEvent) => void@library\src\main\ets\tablefixheaders\TableFixHeaders.ets:364","","5.1.0(18)","declare type OnSubmitCallback = (enterKey: EnterKeyType, event: SubmitEvent) => void"
"declare type OnSubmitCallback = (enterKey: EnterKeyType, event: SubmitEvent) => void","新增API","harmonyos_api_changes/HarmonyOS_5.1.0(18).json","declare","","} else if (event.type === TouchType.Move) {","ArkTS","library\src\main\ets\tablefixheaders\TableFixHeaders.ets:376","declare type OnSubmitCallback = (enterKey: EnterKeyType, event: SubmitEvent) => void@library\src\main\ets\tablefixheaders\TableFixHeaders.ets:376","","5.1.0(18)","declare type OnSubmitCallback = (enterKey: EnterKeyType, event: SubmitEvent) => void"
"declare type OnSubmitCallback = (enterKey: EnterKeyType, event: SubmitEvent) => void","新增API","harmonyos_api_changes/HarmonyOS_5.1.0(18).json","declare","","} else if (event.type === TouchType.Up || event.type === TouchType.Cancel) {","ArkTS","library\src\main\ets\tablefixheaders\TableFixHeaders.ets:394","declare type OnSubmitCallback = (enterKey: EnterKeyType, event: SubmitEvent) => void@library\src\main\ets\tablefixheaders\TableFixHeaders.ets:394","","5.1.0(18)","declare type OnSubmitCallback = (enterKey: EnterKeyType, event: SubmitEvent) => void"
"declare type OnSwiperAnimationEndCallback = (index: number, extraInfo: SwiperAnimationEvent) => void","新增API","harmonyos_api_changes/HarmonyOS_5.1.0(18).json","declare","","if (event.type === TouchType.Down) {","ArkTS","library\src\main\ets\tablefixheaders\TableFixHeaders.ets:364","declare type OnSwiperAnimationEndCallback = (index: number, extraInfo: SwiperAnimationEvent) => void@library\src\main\ets\tablefixheaders\TableFixHeaders.ets:364","","5.1.0(18)","declare type OnSwiperAnimationEndCallback = (index: number, extraInfo: SwiperAnimationEvent) => void"
"declare type OnSwiperAnimationEndCallback = (index: number, extraInfo: SwiperAnimationEvent) => void","新增API","harmonyos_api_changes/HarmonyOS_5.1.0(18).json","declare","","} else if (event.type === TouchType.Move) {","ArkTS","library\src\main\ets\tablefixheaders\TableFixHeaders.ets:376","declare type OnSwiperAnimationEndCallback = (index: number, extraInfo: SwiperAnimationEvent) => void@library\src\main\ets\tablefixheaders\TableFixHeaders.ets:376","","5.1.0(18)","declare type OnSwiperAnimationEndCallback = (index: number, extraInfo: SwiperAnimationEvent) => void"
"declare type OnSwiperAnimationEndCallback = (index: number, extraInfo: SwiperAnimationEvent) => void","新增API","harmonyos_api_changes/HarmonyOS_5.1.0(18).json","declare","","} else if (event.type === TouchType.Up || event.type === TouchType.Cancel) {","ArkTS","library\src\main\ets\tablefixheaders\TableFixHeaders.ets:394","declare type OnSwiperAnimationEndCallback = (index: number, extraInfo: SwiperAnimationEvent) => void@library\src\main\ets\tablefixheaders\TableFixHeaders.ets:394","","5.1.0(18)","declare type OnSwiperAnimationEndCallback = (index: number, extraInfo: SwiperAnimationEvent) => void"
"declare type OnSwiperAnimationStartCallback = (index: number, targetIndex: number, extraInfo: SwiperAnimationEvent) => void","新增API","harmonyos_api_changes/HarmonyOS_5.1.0(18).json","declare","","if (event.type === TouchType.Down) {","ArkTS","library\src\main\ets\tablefixheaders\TableFixHeaders.ets:364","declare type OnSwiperAnimationStartCallback = (index: number, targetIndex: number, extraInfo: SwiperAnimationEvent) => void@library\src\main\ets\tablefixheaders\TableFixHeaders.ets:364","","5.1.0(18)","declare type OnSwiperAnimationStartCallback = (index: number, targetIndex: number, extraInfo: SwiperAnimationEvent) => void"
"declare type OnSwiperAnimationStartCallback = (index: number, targetIndex: number, extraInfo: SwiperAnimationEvent) => void","新增API","harmonyos_api_changes/HarmonyOS_5.1.0(18).json","declare","","} else if (event.type === TouchType.Move) {","ArkTS","library\src\main\ets\tablefixheaders\TableFixHeaders.ets:376","declare type OnSwiperAnimationStartCallback = (index: number, targetIndex: number, extraInfo: SwiperAnimationEvent) => void@library\src\main\ets\tablefixheaders\TableFixHeaders.ets:376","","5.1.0(18)","declare type OnSwiperAnimationStartCallback = (index: number, targetIndex: number, extraInfo: SwiperAnimationEvent) => void"
"declare type OnSwiperAnimationStartCallback = (index: number, targetIndex: number, extraInfo: SwiperAnimationEvent) => void","新增API","harmonyos_api_changes/HarmonyOS_5.1.0(18).json","declare","","} else if (event.type === TouchType.Up || event.type === TouchType.Cancel) {","ArkTS","library\src\main\ets\tablefixheaders\TableFixHeaders.ets:394","declare type OnSwiperAnimationStartCallback = (index: number, targetIndex: number, extraInfo: SwiperAnimationEvent) => void@library\src\main\ets\tablefixheaders\TableFixHeaders.ets:394","","5.1.0(18)","declare type OnSwiperAnimationStartCallback = (index: number, targetIndex: number, extraInfo: SwiperAnimationEvent) => void"
"declare type OnSwiperGestureSwipeCallback = (index: number, extraInfo: SwiperAnimationEvent) => void","新增API","harmonyos_api_changes/HarmonyOS_5.1.0(18).json","declare","","if (event.type === TouchType.Down) {","ArkTS","library\src\main\ets\tablefixheaders\TableFixHeaders.ets:364","declare type OnSwiperGestureSwipeCallback = (index: number, extraInfo: SwiperAnimationEvent) => void@library\src\main\ets\tablefixheaders\TableFixHeaders.ets:364","","5.1.0(18)","declare type OnSwiperGestureSwipeCallback = (index: number, extraInfo: SwiperAnimationEvent) => void"
"declare type OnSwiperGestureSwipeCallback = (index: number, extraInfo: SwiperAnimationEvent) => void","新增API","harmonyos_api_changes/HarmonyOS_5.1.0(18).json","declare","","} else if (event.type === TouchType.Move) {","ArkTS","library\src\main\ets\tablefixheaders\TableFixHeaders.ets:376","declare type OnSwiperGestureSwipeCallback = (index: number, extraInfo: SwiperAnimationEvent) => void@library\src\main\ets\tablefixheaders\TableFixHeaders.ets:376","","5.1.0(18)","declare type OnSwiperGestureSwipeCallback = (index: number, extraInfo: SwiperAnimationEvent) => void"
"declare type OnSwiperGestureSwipeCallback = (index: number, extraInfo: SwiperAnimationEvent) => void","新增API","harmonyos_api_changes/HarmonyOS_5.1.0(18).json","declare","","} else if (event.type === TouchType.Up || event.type === TouchType.Cancel) {","ArkTS","library\src\main\ets\tablefixheaders\TableFixHeaders.ets:394","declare type OnSwiperGestureSwipeCallback = (index: number, extraInfo: SwiperAnimationEvent) => void@library\src\main\ets\tablefixheaders\TableFixHeaders.ets:394","","5.1.0(18)","declare type OnSwiperGestureSwipeCallback = (index: number, extraInfo: SwiperAnimationEvent) => void"
"declare type OnTabsAnimationEndCallback = (index: number, extraInfo: TabsAnimationEvent) => void","新增API","harmonyos_api_changes/HarmonyOS_5.1.0(18).json","declare","","if (event.type === TouchType.Down) {","ArkTS","library\src\main\ets\tablefixheaders\TableFixHeaders.ets:364","declare type OnTabsAnimationEndCallback = (index: number, extraInfo: TabsAnimationEvent) => void@library\src\main\ets\tablefixheaders\TableFixHeaders.ets:364","","5.1.0(18)","declare type OnTabsAnimationEndCallback = (index: number, extraInfo: TabsAnimationEvent) => void"
"declare type OnTabsAnimationEndCallback = (index: number, extraInfo: TabsAnimationEvent) => void","新增API","harmonyos_api_changes/HarmonyOS_5.1.0(18).json","declare","","} else if (event.type === TouchType.Move) {","ArkTS","library\src\main\ets\tablefixheaders\TableFixHeaders.ets:376","declare type OnTabsAnimationEndCallback = (index: number, extraInfo: TabsAnimationEvent) => void@library\src\main\ets\tablefixheaders\TableFixHeaders.ets:376","","5.1.0(18)","declare type OnTabsAnimationEndCallback = (index: number, extraInfo: TabsAnimationEvent) => void"
"declare type OnTabsAnimationEndCallback = (index: number, extraInfo: TabsAnimationEvent) => void","新增API","harmonyos_api_changes/HarmonyOS_5.1.0(18).json","declare","","} else if (event.type === TouchType.Up || event.type === TouchType.Cancel) {","ArkTS","library\src\main\ets\tablefixheaders\TableFixHeaders.ets:394","declare type OnTabsAnimationEndCallback = (index: number, extraInfo: TabsAnimationEvent) => void@library\src\main\ets\tablefixheaders\TableFixHeaders.ets:394","","5.1.0(18)","declare type OnTabsAnimationEndCallback = (index: number, extraInfo: TabsAnimationEvent) => void"
"declare type OnTabsAnimationStartCallback = (index: number, targetIndex: number, extraInfo: TabsAnimationEvent) => void","新增API","harmonyos_api_changes/HarmonyOS_5.1.0(18).json","declare","","if (event.type === TouchType.Down) {","ArkTS","library\src\main\ets\tablefixheaders\TableFixHeaders.ets:364","declare type OnTabsAnimationStartCallback = (index: number, targetIndex: number, extraInfo: TabsAnimationEvent) => void@library\src\main\ets\tablefixheaders\TableFixHeaders.ets:364","","5.1.0(18)","declare type OnTabsAnimationStartCallback = (index: number, targetIndex: number, extraInfo: TabsAnimationEvent) => void"
"declare type OnTabsAnimationStartCallback = (index: number, targetIndex: number, extraInfo: TabsAnimationEvent) => void","新增API","harmonyos_api_changes/HarmonyOS_5.1.0(18).json","declare","","} else if (event.type === TouchType.Move) {","ArkTS","library\src\main\ets\tablefixheaders\TableFixHeaders.ets:376","declare type OnTabsAnimationStartCallback = (index: number, targetIndex: number, extraInfo: TabsAnimationEvent) => void@library\src\main\ets\tablefixheaders\TableFixHeaders.ets:376","","5.1.0(18)","declare type OnTabsAnimationStartCallback = (index: number, targetIndex: number, extraInfo: TabsAnimationEvent) => void"
"declare type OnTabsAnimationStartCallback = (index: number, targetIndex: number, extraInfo: TabsAnimationEvent) => void","新增API","harmonyos_api_changes/HarmonyOS_5.1.0(18).json","declare","","} else if (event.type === TouchType.Up || event.type === TouchType.Cancel) {","ArkTS","library\src\main\ets\tablefixheaders\TableFixHeaders.ets:394","declare type OnTabsAnimationStartCallback = (index: number, targetIndex: number, extraInfo: TabsAnimationEvent) => void@library\src\main\ets\tablefixheaders\TableFixHeaders.ets:394","","5.1.0(18)","declare type OnTabsAnimationStartCallback = (index: number, targetIndex: number, extraInfo: TabsAnimationEvent) => void"
"declare type OnTabsContentDidScrollCallback = (selectedIndex: number, index: number, position: number, mainAxisLength: number) => void","新增API","harmonyos_api_changes/HarmonyOS_6.1.0(23)_Beta1.json","declare","","if (event.type === TouchType.Down) {","ArkTS","library\src\main\ets\tablefixheaders\TableFixHeaders.ets:364","declare type OnTabsContentDidScrollCallback = (selectedIndex: number, index: number, position: number, mainAxisLength: number) => void@library\src\main\ets\tablefixheaders\TableFixHeaders.ets:364","","6.1.0(23)","declare type OnTabsContentDidScrollCallback = (selectedIndex: number, index: number, position: number, mainAxisLength: number) => void"
"declare type OnTabsContentDidScrollCallback = (selectedIndex: number, index: number, position: number, mainAxisLength: number) => void","新增API","harmonyos_api_changes/HarmonyOS_6.1.0(23)_Beta1.json","declare","","} else if (event.type === TouchType.Move) {","ArkTS","library\src\main\ets\tablefixheaders\TableFixHeaders.ets:376","declare type OnTabsContentDidScrollCallback = (selectedIndex: number, index: number, position: number, mainAxisLength: number) => void@library\src\main\ets\tablefixheaders\TableFixHeaders.ets:376","","6.1.0(23)","declare type OnTabsContentDidScrollCallback = (selectedIndex: number, index: number, position: number, mainAxisLength: number) => void"
"declare type OnTabsContentDidScrollCallback = (selectedIndex: number, index: number, position: number, mainAxisLength: number) => void","新增API","harmonyos_api_changes/HarmonyOS_6.1.0(23)_Beta1.json","declare","","} else if (event.type === TouchType.Up || event.type === TouchType.Cancel) {","ArkTS","library\src\main\ets\tablefixheaders\TableFixHeaders.ets:394","declare type OnTabsContentDidScrollCallback = (selectedIndex: number, index: number, position: number, mainAxisLength: number) => void@library\src\main\ets\tablefixheaders\TableFixHeaders.ets:394","","6.1.0(23)","declare type OnTabsContentDidScrollCallback = (selectedIndex: number, index: number, position: number, mainAxisLength: number) => void"
"declare type OnTabsContentWillChangeCallback = (currentIndex: number, comingIndex: number) => boolean","新增API","harmonyos_api_changes/HarmonyOS_5.1.0(18).json","declare","","if (event.type === TouchType.Down) {","ArkTS","library\src\main\ets\tablefixheaders\TableFixHeaders.ets:364","declare type OnTabsContentWillChangeCallback = (currentIndex: number, comingIndex: number) => boolean@library\src\main\ets\tablefixheaders\TableFixHeaders.ets:364","","5.1.0(18)","declare type OnTabsContentWillChangeCallback = (currentIndex: number, comingIndex: number) => boolean"
"declare type OnTabsContentWillChangeCallback = (currentIndex: number, comingIndex: number) => boolean","新增API","harmonyos_api_changes/HarmonyOS_5.1.0(18).json","declare","","} else if (event.type === TouchType.Move) {","ArkTS","library\src\main\ets\tablefixheaders\TableFixHeaders.ets:376","declare type OnTabsContentWillChangeCallback = (currentIndex: number, comingIndex: number) => boolean@library\src\main\ets\tablefixheaders\TableFixHeaders.ets:376","","5.1.0(18)","declare type OnTabsContentWillChangeCallback = (currentIndex: number, comingIndex: number) => boolean"
"declare type OnTabsContentWillChangeCallback = (currentIndex: number, comingIndex: number) => boolean","新增API","harmonyos_api_changes/HarmonyOS_5.1.0(18).json","declare","","} else if (event.type === TouchType.Up || event.type === TouchType.Cancel) {","ArkTS","library\src\main\ets\tablefixheaders\TableFixHeaders.ets:394","declare type OnTabsContentWillChangeCallback = (currentIndex: number, comingIndex: number) => boolean@library\src\main\ets\tablefixheaders\TableFixHeaders.ets:394","","5.1.0(18)","declare type OnTabsContentWillChangeCallback = (currentIndex: number, comingIndex: number) => boolean"
"declare type OnTabsGestureSwipeCallback = (index: number, extraInfo: TabsAnimationEvent) => void","新增API","harmonyos_api_changes/HarmonyOS_5.1.0(18).json","declare","","if (event.type === TouchType.Down) {","ArkTS","library\src\main\ets\tablefixheaders\TableFixHeaders.ets:364","declare type OnTabsGestureSwipeCallback = (index: number, extraInfo: TabsAnimationEvent) => void@library\src\main\ets\tablefixheaders\TableFixHeaders.ets:364","","5.1.0(18)","declare type OnTabsGestureSwipeCallback = (index: number, extraInfo: TabsAnimationEvent) => void"
"declare type OnTabsGestureSwipeCallback = (index: number, extraInfo: TabsAnimationEvent) => void","新增API","harmonyos_api_changes/HarmonyOS_5.1.0(18).json","declare","","} else if (event.type === TouchType.Move) {","ArkTS","library\src\main\ets\tablefixheaders\TableFixHeaders.ets:376","declare type OnTabsGestureSwipeCallback = (index: number, extraInfo: TabsAnimationEvent) => void@library\src\main\ets\tablefixheaders\TableFixHeaders.ets:376","","5.1.0(18)","declare type OnTabsGestureSwipeCallback = (index: number, extraInfo: TabsAnimationEvent) => void"
"declare type OnTabsGestureSwipeCallback = (index: number, extraInfo: TabsAnimationEvent) => void","新增API","harmonyos_api_changes/HarmonyOS_5.1.0(18).json","declare","","} else if (event.type === TouchType.Up || event.type === TouchType.Cancel) {","ArkTS","library\src\main\ets\tablefixheaders\TableFixHeaders.ets:394","declare type OnTabsGestureSwipeCallback = (index: number, extraInfo: TabsAnimationEvent) => void@library\src\main\ets\tablefixheaders\TableFixHeaders.ets:394","","5.1.0(18)","declare type OnTabsGestureSwipeCallback = (index: number, extraInfo: TabsAnimationEvent) => void"
"declare type OnTextPickerChangeCallback = (selectItem: string | string\[\], index: number | number\[\]) => void","新增API","harmonyos_api_changes/HarmonyOS_5.1.0(18).json","declare","","if (event.type === TouchType.Down) {","ArkTS","library\src\main\ets\tablefixheaders\TableFixHeaders.ets:364","declare type OnTextPickerChangeCallback = (selectItem: string | string\[\], index: number | number\[\]) => void@library\src\main\ets\tablefixheaders\TableFixHeaders.ets:364","","5.1.0(18)","declare type OnTextPickerChangeCallback = (selectItem: string | string\[\], index: number | number\[\]) => void"
"declare type OnTextPickerChangeCallback = (selectItem: string | string\[\], index: number | number\[\]) => void","新增API","harmonyos_api_changes/HarmonyOS_5.1.0(18).json","declare","","} else if (event.type === TouchType.Move) {","ArkTS","library\src\main\ets\tablefixheaders\TableFixHeaders.ets:376","declare type OnTextPickerChangeCallback = (selectItem: string | string\[\], index: number | number\[\]) => void@library\src\main\ets\tablefixheaders\TableFixHeaders.ets:376","","5.1.0(18)","declare type OnTextPickerChangeCallback = (selectItem: string | string\[\], index: number | number\[\]) => void"
"declare type OnTextPickerChangeCallback = (selectItem: string | string\[\], index: number | number\[\]) => void","新增API","harmonyos_api_changes/HarmonyOS_5.1.0(18).json","declare","","} else if (event.type === TouchType.Up || event.type === TouchType.Cancel) {","ArkTS","library\src\main\ets\tablefixheaders\TableFixHeaders.ets:394","declare type OnTextPickerChangeCallback = (selectItem: string | string\[\], index: number | number\[\]) => void@library\src\main\ets\tablefixheaders\TableFixHeaders.ets:394","","5.1.0(18)","declare type OnTextPickerChangeCallback = (selectItem: string | string\[\], index: number | number\[\]) => void"
"declare type OnTextSelectionChangeCallback = (selectionStart: number, selectionEnd: number) => void","新增API","harmonyos_api_changes/HarmonyOS_5.1.0(18).json","declare","","if (event.type === TouchType.Down) {","ArkTS","library\src\main\ets\tablefixheaders\TableFixHeaders.ets:364","declare type OnTextSelectionChangeCallback = (selectionStart: number, selectionEnd: number) => void@library\src\main\ets\tablefixheaders\TableFixHeaders.ets:364","","5.1.0(18)","declare type OnTextSelectionChangeCallback = (selectionStart: number, selectionEnd: number) => void"
"declare type OnTextSelectionChangeCallback = (selectionStart: number, selectionEnd: number) => void","新增API","harmonyos_api_changes/HarmonyOS_5.1.0(18).json","declare","","} else if (event.type === TouchType.Move) {","ArkTS","library\src\main\ets\tablefixheaders\TableFixHeaders.ets:376","declare type OnTextSelectionChangeCallback = (selectionStart: number, selectionEnd: number) => void@library\src\main\ets\tablefixheaders\TableFixHeaders.ets:376","","5.1.0(18)","declare type OnTextSelectionChangeCallback = (selectionStart: number, selectionEnd: number) => void"
"declare type OnTextSelectionChangeCallback = (selectionStart: number, selectionEnd: number) => void","新增API","harmonyos_api_changes/HarmonyOS_5.1.0(18).json","declare","","} else if (event.type === TouchType.Up || event.type === TouchType.Cancel) {","ArkTS","library\src\main\ets\tablefixheaders\TableFixHeaders.ets:394","declare type OnTextSelectionChangeCallback = (selectionStart: number, selectionEnd: number) => void@library\src\main\ets\tablefixheaders\TableFixHeaders.ets:394","","5.1.0(18)","declare type OnTextSelectionChangeCallback = (selectionStart: number, selectionEnd: number) => void"
"declare type OnTimePickerChangeCallback = (result: TimePickerResult) => void","新增API","harmonyos_api_changes/HarmonyOS_5.1.0(18).json","declare","","if (event.type === TouchType.Down) {","ArkTS","library\src\main\ets\tablefixheaders\TableFixHeaders.ets:364","declare type OnTimePickerChangeCallback = (result: TimePickerResult) => void@library\src\main\ets\tablefixheaders\TableFixHeaders.ets:364","","5.1.0(18)","declare type OnTimePickerChangeCallback = (result: TimePickerResult) => void"
"declare type OnTimePickerChangeCallback = (result: TimePickerResult) => void","新增API","harmonyos_api_changes/HarmonyOS_5.1.0(18).json","declare","","} else if (event.type === TouchType.Move) {","ArkTS","library\src\main\ets\tablefixheaders\TableFixHeaders.ets:376","declare type OnTimePickerChangeCallback = (result: TimePickerResult) => void@library\src\main\ets\tablefixheaders\TableFixHeaders.ets:376","","5.1.0(18)","declare type OnTimePickerChangeCallback = (result: TimePickerResult) => void"
"declare type OnTimePickerChangeCallback = (result: TimePickerResult) => void","新增API","harmonyos_api_changes/HarmonyOS_5.1.0(18).json","declare","","} else if (event.type === TouchType.Up || event.type === TouchType.Cancel) {","ArkTS","library\src\main\ets\tablefixheaders\TableFixHeaders.ets:394","declare type OnTimePickerChangeCallback = (result: TimePickerResult) => void@library\src\main\ets\tablefixheaders\TableFixHeaders.ets:394","","5.1.0(18)","declare type OnTimePickerChangeCallback = (result: TimePickerResult) => void"
"declare type OnTipClickCallback = () => void","新增API","harmonyos_api_changes/HarmonyOS_26.0.0_Beta2.json","declare","","if (event.type === TouchType.Down) {","ArkTS","library\src\main\ets\tablefixheaders\TableFixHeaders.ets:364","declare type OnTipClickCallback = () => void@library\src\main\ets\tablefixheaders\TableFixHeaders.ets:364","","26.0.0 Beta2","declare type OnTipClickCallback = () => void"
"declare type OnTipClickCallback = () => void","新增API","harmonyos_api_changes/HarmonyOS_26.0.0_Beta2.json","declare","","} else if (event.type === TouchType.Move) {","ArkTS","library\src\main\ets\tablefixheaders\TableFixHeaders.ets:376","declare type OnTipClickCallback = () => void@library\src\main\ets\tablefixheaders\TableFixHeaders.ets:376","","26.0.0 Beta2","declare type OnTipClickCallback = () => void"
"declare type OnTipClickCallback = () => void","新增API","harmonyos_api_changes/HarmonyOS_26.0.0_Beta2.json","declare","","} else if (event.type === TouchType.Up || event.type === TouchType.Cancel) {","ArkTS","library\src\main\ets\tablefixheaders\TableFixHeaders.ets:394","declare type OnTipClickCallback = () => void@library\src\main\ets\tablefixheaders\TableFixHeaders.ets:394","","26.0.0 Beta2","declare type OnTipClickCallback = () => void"
"declare type OnUIPickerComponentCallback = (selectedIndex: number) => void","新增API","harmonyos_api_changes/HarmonyOS_6.0.2(22).json","declare","","if (event.type === TouchType.Down) {","ArkTS","library\src\main\ets\tablefixheaders\TableFixHeaders.ets:364","declare type OnUIPickerComponentCallback = (selectedIndex: number) => void@library\src\main\ets\tablefixheaders\TableFixHeaders.ets:364","","6.0.2(22)","declare type OnUIPickerComponentCallback = (selectedIndex: number) => void"
"declare type OnUIPickerComponentCallback = (selectedIndex: number) => void","新增API","harmonyos_api_changes/HarmonyOS_6.0.2(22).json","declare","","} else if (event.type === TouchType.Move) {","ArkTS","library\src\main\ets\tablefixheaders\TableFixHeaders.ets:376","declare type OnUIPickerComponentCallback = (selectedIndex: number) => void@library\src\main\ets\tablefixheaders\TableFixHeaders.ets:376","","6.0.2(22)","declare type OnUIPickerComponentCallback = (selectedIndex: number) => void"
"declare type OnUIPickerComponentCallback = (selectedIndex: number) => void","新增API","harmonyos_api_changes/HarmonyOS_6.0.2(22).json","declare","","} else if (event.type === TouchType.Up || event.type === TouchType.Cancel) {","ArkTS","library\src\main\ets\tablefixheaders\TableFixHeaders.ets:394","declare type OnUIPickerComponentCallback = (selectedIndex: number) => void@library\src\main\ets\tablefixheaders\TableFixHeaders.ets:394","","6.0.2(22)","declare type OnUIPickerComponentCallback = (selectedIndex: number) => void"
"declare type OnVisibleIndexesChangeCallback = (start: number, end: number) => void","新增API","harmonyos_api_changes/HarmonyOS_26.0.0_Beta1.json","declare","","if (event.type === TouchType.Down) {","ArkTS","library\src\main\ets\tablefixheaders\TableFixHeaders.ets:364","declare type OnVisibleIndexesChangeCallback = (start: number, end: number) => void@library\src\main\ets\tablefixheaders\TableFixHeaders.ets:364","","26.0.0 Beta2","declare type OnVisibleIndexesChangeCallback = (start: number, end: number) => void"
"declare type OnVisibleIndexesChangeCallback = (start: number, end: number) => void","新增API","harmonyos_api_changes/HarmonyOS_26.0.0_Beta1.json","declare","","} else if (event.type === TouchType.Move) {","ArkTS","library\src\main\ets\tablefixheaders\TableFixHeaders.ets:376","declare type OnVisibleIndexesChangeCallback = (start: number, end: number) => void@library\src\main\ets\tablefixheaders\TableFixHeaders.ets:376","","26.0.0 Beta2","declare type OnVisibleIndexesChangeCallback = (start: number, end: number) => void"
"declare type OnVisibleIndexesChangeCallback = (start: number, end: number) => void","新增API","harmonyos_api_changes/HarmonyOS_26.0.0_Beta1.json","declare","","} else if (event.type === TouchType.Up || event.type === TouchType.Cancel) {","ArkTS","library\src\main\ets\tablefixheaders\TableFixHeaders.ets:394","declare type OnVisibleIndexesChangeCallback = (start: number, end: number) => void@library\src\main\ets\tablefixheaders\TableFixHeaders.ets:394","","26.0.0 Beta2","declare type OnVisibleIndexesChangeCallback = (start: number, end: number) => void"
"declare type OnWaterFlowScrollIndexCallback = (first: number, last: number) => void","新增API","harmonyos_api_changes/HarmonyOS_5.1.1(19)_Beta1.json","declare","","if (event.type === TouchType.Down) {","ArkTS","library\src\main\ets\tablefixheaders\TableFixHeaders.ets:364","declare type OnWaterFlowScrollIndexCallback = (first: number, last: number) => void@library\src\main\ets\tablefixheaders\TableFixHeaders.ets:364","","5.1.1(19)","declare type OnWaterFlowScrollIndexCallback = (first: number, last: number) => void"
"declare type OnWaterFlowScrollIndexCallback = (first: number, last: number) => void","新增API","harmonyos_api_changes/HarmonyOS_5.1.1(19)_Beta1.json","declare","","} else if (event.type === TouchType.Move) {","ArkTS","library\src\main\ets\tablefixheaders\TableFixHeaders.ets:376","declare type OnWaterFlowScrollIndexCallback = (first: number, last: number) => void@library\src\main\ets\tablefixheaders\TableFixHeaders.ets:376","","5.1.1(19)","declare type OnWaterFlowScrollIndexCallback = (first: number, last: number) => void"
"declare type OnWaterFlowScrollIndexCallback = (first: number, last: number) => void","新增API","harmonyos_api_changes/HarmonyOS_5.1.1(19)_Beta1.json","declare","","} else if (event.type === TouchType.Up || event.type === TouchType.Cancel) {","ArkTS","library\src\main\ets\tablefixheaders\TableFixHeaders.ets:394","declare type OnWaterFlowScrollIndexCallback = (first: number, last: number) => void@library\src\main\ets\tablefixheaders\TableFixHeaders.ets:394","","5.1.1(19)","declare type OnWaterFlowScrollIndexCallback = (first: number, last: number) => void"
"declare type OnWillStopDraggingCallback = (velocity: number) => void","新增API","harmonyos_api_changes/HarmonyOS_6.0.0(20)_Beta2.json","declare","","if (event.type === TouchType.Down) {","ArkTS","library\src\main\ets\tablefixheaders\TableFixHeaders.ets:364","declare type OnWillStopDraggingCallback = (velocity: number) => void@library\src\main\ets\tablefixheaders\TableFixHeaders.ets:364","","6.0.0(20)","declare type OnWillStopDraggingCallback = (velocity: number) => void"
"declare type OnWillStopDraggingCallback = (velocity: number) => void","新增API","harmonyos_api_changes/HarmonyOS_6.0.0(20)_Beta2.json","declare","","} else if (event.type === TouchType.Move) {","ArkTS","library\src\main\ets\tablefixheaders\TableFixHeaders.ets:376","declare type OnWillStopDraggingCallback = (velocity: number) => void@library\src\main\ets\tablefixheaders\TableFixHeaders.ets:376","","6.0.0(20)","declare type OnWillStopDraggingCallback = (velocity: number) => void"
"declare type OnWillStopDraggingCallback = (velocity: number) => void","新增API","harmonyos_api_changes/HarmonyOS_6.0.0(20)_Beta2.json","declare","","} else if (event.type === TouchType.Up || event.type === TouchType.Cancel) {","ArkTS","library\src\main\ets\tablefixheaders\TableFixHeaders.ets:394","declare type OnWillStopDraggingCallback = (velocity: number) => void@library\src\main\ets\tablefixheaders\TableFixHeaders.ets:394","","6.0.0(20)","declare type OnWillStopDraggingCallback = (velocity: number) => void"
"declare type Orientation = import('../api/@ohos.window').default.Orientation","新增API","harmonyos_api_changes/HarmonyOS_5.1.1(19)_Beta1.json","declare","","if (event.type === TouchType.Down) {","ArkTS","library\src\main\ets\tablefixheaders\TableFixHeaders.ets:364","declare type Orientation = import('../api/@ohos.window').default.Orientation@library\src\main\ets\tablefixheaders\TableFixHeaders.ets:364","","5.1.1(19)","declare type Orientation = import('../api/@ohos.window').default.Orientation"
"declare type Orientation = import('../api/@ohos.window').default.Orientation","新增API","harmonyos_api_changes/HarmonyOS_5.1.1(19)_Beta1.json","declare","","} else if (event.type === TouchType.Move) {","ArkTS","library\src\main\ets\tablefixheaders\TableFixHeaders.ets:376","declare type Orientation = import('../api/@ohos.window').default.Orientation@library\src\main\ets\tablefixheaders\TableFixHeaders.ets:376","","5.1.1(19)","declare type Orientation = import('../api/@ohos.window').default.Orientation"
"declare type Orientation = import('../api/@ohos.window').default.Orientation","新增API","harmonyos_api_changes/HarmonyOS_5.1.1(19)_Beta1.json","declare","","} else if (event.type === TouchType.Up || event.type === TouchType.Cancel) {","ArkTS","library\src\main\ets\tablefixheaders\TableFixHeaders.ets:394","declare type Orientation = import('../api/@ohos.window').default.Orientation@library\src\main\ets\tablefixheaders\TableFixHeaders.ets:394","","5.1.1(19)","declare type Orientation = import('../api/@ohos.window').default.Orientation"
"declare type PageTransitionCallback = (type: RouteType, progress: number) => void","新增API","harmonyos_api_changes/HarmonyOS_5.1.0(18).json","declare","","if (event.type === TouchType.Down) {","ArkTS","library\src\main\ets\tablefixheaders\TableFixHeaders.ets:364","declare type PageTransitionCallback = (type: RouteType, progress: number) => void@library\src\main\ets\tablefixheaders\TableFixHeaders.ets:364","","5.1.0(18)","declare type PageTransitionCallback = (type: RouteType, progress: number) => void"
"declare type PageTransitionCallback = (type: RouteType, progress: number) => void","新增API","harmonyos_api_changes/HarmonyOS_5.1.0(18).json","declare","","} else if (event.type === TouchType.Move) {","ArkTS","library\src\main\ets\tablefixheaders\TableFixHeaders.ets:376","declare type PageTransitionCallback = (type: RouteType, progress: number) => void@library\src\main\ets\tablefixheaders\TableFixHeaders.ets:376","","5.1.0(18)","declare type PageTransitionCallback = (type: RouteType, progress: number) => void"
"declare type PageTransitionCallback = (type: RouteType, progress: number) => void","新增API","harmonyos_api_changes/HarmonyOS_5.1.0(18).json","declare","","} else if (event.type === TouchType.Up || event.type === TouchType.Cancel) {","ArkTS","library\src\main\ets\tablefixheaders\TableFixHeaders.ets:394","declare type PageTransitionCallback = (type: RouteType, progress: number) => void@library\src\main\ets\tablefixheaders\TableFixHeaders.ets:394","","5.1.0(18)","declare type PageTransitionCallback = (type: RouteType, progress: number) => void"
"declare type PanListenerCallback = (event: GestureEvent, current: GestureRecognizer, node?: FrameNode) => void","新增API","harmonyos_api_changes/HarmonyOS_5.1.1(19)_Beta1.json","declare","","if (event.type === TouchType.Down) {","ArkTS","library\src\main\ets\tablefixheaders\TableFixHeaders.ets:364","declare type PanListenerCallback = (event: GestureEvent, current: GestureRecognizer, node?: FrameNode) => void@library\src\main\ets\tablefixheaders\TableFixHeaders.ets:364","","5.1.1(19)","declare type PanListenerCallback = (event: GestureEvent, current: GestureRecognizer, node?: FrameNode) => void"
"declare type PanListenerCallback = (event: GestureEvent, current: GestureRecognizer, node?: FrameNode) => void","新增API","harmonyos_api_changes/HarmonyOS_5.1.1(19)_Beta1.json","declare","","} else if (event.type === TouchType.Move) {","ArkTS","library\src\main\ets\tablefixheaders\TableFixHeaders.ets:376","declare type PanListenerCallback = (event: GestureEvent, current: GestureRecognizer, node?: FrameNode) => void@library\src\main\ets\tablefixheaders\TableFixHeaders.ets:376","","5.1.1(19)","declare type PanListenerCallback = (event: GestureEvent, current: GestureRecognizer, node?: FrameNode) => void"
"declare type PanListenerCallback = (event: GestureEvent, current: GestureRecognizer, node?: FrameNode) => void","新增API","harmonyos_api_changes/HarmonyOS_5.1.1(19)_Beta1.json","declare","","} else if (event.type === TouchType.Up || event.type === TouchType.Cancel) {","ArkTS","library\src\main\ets\tablefixheaders\TableFixHeaders.ets:394","declare type PanListenerCallback = (event: GestureEvent, current: GestureRecognizer, node?: FrameNode) => void@library\src\main\ets\tablefixheaders\TableFixHeaders.ets:394","","5.1.1(19)","declare type PanListenerCallback = (event: GestureEvent, current: GestureRecognizer, node?: FrameNode) => void"
"declare type Paragraph = import('../api/@ohos.graphics.text').default.Paragraph","新增API","harmonyos_api_changes/HarmonyOS_6.0.0(20)_Beta3.json","declare","","if (event.type === TouchType.Down) {","ArkTS","library\src\main\ets\tablefixheaders\TableFixHeaders.ets:364","declare type Paragraph = import('../api/@ohos.graphics.text').default.Paragraph@library\src\main\ets\tablefixheaders\TableFixHeaders.ets:364","","6.0.0(20)","declare type Paragraph = import('../api/@ohos.graphics.text').default.Paragraph"
"declare type Paragraph = import('../api/@ohos.graphics.text').default.Paragraph","新增API","harmonyos_api_changes/HarmonyOS_6.0.0(20)_Beta3.json","declare","","} else if (event.type === TouchType.Move) {","ArkTS","library\src\main\ets\tablefixheaders\TableFixHeaders.ets:376","declare type Paragraph = import('../api/@ohos.graphics.text').default.Paragraph@library\src\main\ets\tablefixheaders\TableFixHeaders.ets:376","","6.0.0(20)","declare type Paragraph = import('../api/@ohos.graphics.text').default.Paragraph"
"declare type Paragraph = import('../api/@ohos.graphics.text').default.Paragraph","新增API","harmonyos_api_changes/HarmonyOS_6.0.0(20)_Beta3.json","declare","","} else if (event.type === TouchType.Up || event.type === TouchType.Cancel) {","ArkTS","library\src\main\ets\tablefixheaders\TableFixHeaders.ets:394","declare type Paragraph = import('../api/@ohos.graphics.text').default.Paragraph@library\src\main\ets\tablefixheaders\TableFixHeaders.ets:394","","6.0.0(20)","declare type Paragraph = import('../api/@ohos.graphics.text').default.Paragraph"
"declare type PopupStateChangeCallback = (event: PopupStateChangeParam) => void","新增API","harmonyos_api_changes/HarmonyOS_5.1.0(18).json","declare","","if (event.type === TouchType.Down) {","ArkTS","library\src\main\ets\tablefixheaders\TableFixHeaders.ets:364","declare type PopupStateChangeCallback = (event: PopupStateChangeParam) => void@library\src\main\ets\tablefixheaders\TableFixHeaders.ets:364","","5.1.0(18)","declare type PopupStateChangeCallback = (event: PopupStateChangeParam) => void"
"declare type PopupStateChangeCallback = (event: PopupStateChangeParam) => void","新增API","harmonyos_api_changes/HarmonyOS_5.1.0(18).json","declare","","} else if (event.type === TouchType.Move) {","ArkTS","library\src\main\ets\tablefixheaders\TableFixHeaders.ets:376","declare type PopupStateChangeCallback = (event: PopupStateChangeParam) => void@library\src\main\ets\tablefixheaders\TableFixHeaders.ets:376","","5.1.0(18)","declare type PopupStateChangeCallback = (event: PopupStateChangeParam) => void"
"declare type PopupStateChangeCallback = (event: PopupStateChangeParam) => void","新增API","harmonyos_api_changes/HarmonyOS_5.1.0(18).json","declare","","} else if (event.type === TouchType.Up || event.type === TouchType.Cancel) {","ArkTS","library\src\main\ets\tablefixheaders\TableFixHeaders.ets:394","declare type PopupStateChangeCallback = (event: PopupStateChangeParam) => void@library\src\main\ets\tablefixheaders\TableFixHeaders.ets:394","","5.1.0(18)","declare type PopupStateChangeCallback = (event: PopupStateChangeParam) => void"
"declare type PromptActionCommonState = import('../api/@ohos.promptAction').promptAction.CommonState","新增API","harmonyos_api_changes/HarmonyOS_6.0.0(20)_Beta1.json","declare","","if (event.type === TouchType.Down) {","ArkTS","library\src\main\ets\tablefixheaders\TableFixHeaders.ets:364","declare type PromptActionCommonState = import('../api/@ohos.promptAction').promptAction.CommonState@library\src\main\ets\tablefixheaders\TableFixHeaders.ets:364","","6.0.0(20)","declare type PromptActionCommonState = import('../api/@ohos.promptAction').promptAction.CommonState"
"declare type PromptActionCommonState = import('../api/@ohos.promptAction').promptAction.CommonState","新增API","harmonyos_api_changes/HarmonyOS_6.0.0(20)_Beta1.json","declare","","} else if (event.type === TouchType.Move) {","ArkTS","library\src\main\ets\tablefixheaders\TableFixHeaders.ets:376","declare type PromptActionCommonState = import('../api/@ohos.promptAction').promptAction.CommonState@library\src\main\ets\tablefixheaders\TableFixHeaders.ets:376","","6.0.0(20)","declare type PromptActionCommonState = import('../api/@ohos.promptAction').promptAction.CommonState"
"declare type PromptActionCommonState = import('../api/@ohos.promptAction').promptAction.CommonState","新增API","harmonyos_api_changes/HarmonyOS_6.0.0(20)_Beta1.json","declare","","} else if (event.type === TouchType.Up || event.type === TouchType.Cancel) {","ArkTS","library\src\main\ets\tablefixheaders\TableFixHeaders.ets:394","declare type PromptActionCommonState = import('../api/@ohos.promptAction').promptAction.CommonState@library\src\main\ets\tablefixheaders\TableFixHeaders.ets:394","","6.0.0(20)","declare type PromptActionCommonState = import('../api/@ohos.promptAction').promptAction.CommonState"
"declare type PromptActionDialogController = import('../api/@ohos.promptAction').promptAction.DialogController","新增API","harmonyos_api_changes/HarmonyOS_5.1.0(18).json","declare","","if (event.type === TouchType.Down) {","ArkTS","library\src\main\ets\tablefixheaders\TableFixHeaders.ets:364","declare type PromptActionDialogController = import('../api/@ohos.promptAction').promptAction.DialogController@library\src\main\ets\tablefixheaders\TableFixHeaders.ets:364","","5.1.0(18)","declare type PromptActionDialogController = import('../api/@ohos.promptAction').promptAction.DialogController"
"declare type PromptActionDialogController = import('../api/@ohos.promptAction').promptAction.DialogController","新增API","harmonyos_api_changes/HarmonyOS_5.1.0(18).json","declare","","} else if (event.type === TouchType.Move) {","ArkTS","library\src\main\ets\tablefixheaders\TableFixHeaders.ets:376","declare type PromptActionDialogController = import('../api/@ohos.promptAction').promptAction.DialogController@library\src\main\ets\tablefixheaders\TableFixHeaders.ets:376","","5.1.0(18)","declare type PromptActionDialogController = import('../api/@ohos.promptAction').promptAction.DialogController"
"declare type PromptActionDialogController = import('../api/@ohos.promptAction').promptAction.DialogController","新增API","harmonyos_api_changes/HarmonyOS_5.1.0(18).json","declare","","} else if (event.type === TouchType.Up || event.type === TouchType.Cancel) {","ArkTS","library\src\main\ets\tablefixheaders\TableFixHeaders.ets:394","declare type PromptActionDialogController = import('../api/@ohos.promptAction').promptAction.DialogController@library\src\main\ets\tablefixheaders\TableFixHeaders.ets:394","","5.1.0(18)","declare type PromptActionDialogController = import('../api/@ohos.promptAction').promptAction.DialogController"
"declare type RectHeightStyle = import('../api/@ohos.graphics.text').default.RectHeightStyle","新增API","harmonyos_api_changes/HarmonyOS_5.0.2(14).json","declare","","if (event.type === TouchType.Down) {","ArkTS","library\src\main\ets\tablefixheaders\TableFixHeaders.ets:364","declare type RectHeightStyle = import('../api/@ohos.graphics.text').default.RectHeightStyle@library\src\main\ets\tablefixheaders\TableFixHeaders.ets:364","","5.0.2(14)","declare type RectHeightStyle = import('../api/@ohos.graphics.text').default.RectHeightStyle"
"declare type RectHeightStyle = import('../api/@ohos.graphics.text').default.RectHeightStyle","新增API","harmonyos_api_changes/HarmonyOS_5.0.2(14).json","declare","","} else if (event.type === TouchType.Move) {","ArkTS","library\src\main\ets\tablefixheaders\TableFixHeaders.ets:376","declare type RectHeightStyle = import('../api/@ohos.graphics.text').default.RectHeightStyle@library\src\main\ets\tablefixheaders\TableFixHeaders.ets:376","","5.0.2(14)","declare type RectHeightStyle = import('../api/@ohos.graphics.text').default.RectHeightStyle"
"declare type RectHeightStyle = import('../api/@ohos.graphics.text').default.RectHeightStyle","新增API","harmonyos_api_changes/HarmonyOS_5.0.2(14).json","declare","","} else if (event.type === TouchType.Up || event.type === TouchType.Cancel) {","ArkTS","library\src\main\ets\tablefixheaders\TableFixHeaders.ets:394","declare type RectHeightStyle = import('../api/@ohos.graphics.text').default.RectHeightStyle@library\src\main\ets\tablefixheaders\TableFixHeaders.ets:394","","5.0.2(14)","declare type RectHeightStyle = import('../api/@ohos.graphics.text').default.RectHeightStyle"
"declare type RectWidthStyle = import('../api/@ohos.graphics.text').default.RectWidthStyle","新增API","harmonyos_api_changes/HarmonyOS_5.0.2(14).json","declare","","if (event.type === TouchType.Down) {","ArkTS","library\src\main\ets\tablefixheaders\TableFixHeaders.ets:364","declare type RectWidthStyle = import('../api/@ohos.graphics.text').default.RectWidthStyle@library\src\main\ets\tablefixheaders\TableFixHeaders.ets:364","","5.0.2(14)","declare type RectWidthStyle = import('../api/@ohos.graphics.text').default.RectWidthStyle"
"declare type RectWidthStyle = import('../api/@ohos.graphics.text').default.RectWidthStyle","新增API","harmonyos_api_changes/HarmonyOS_5.0.2(14).json","declare","","} else if (event.type === TouchType.Move) {","ArkTS","library\src\main\ets\tablefixheaders\TableFixHeaders.ets:376","declare type RectWidthStyle = import('../api/@ohos.graphics.text').default.RectWidthStyle@library\src\main\ets\tablefixheaders\TableFixHeaders.ets:376","","5.0.2(14)","declare type RectWidthStyle = import('../api/@ohos.graphics.text').default.RectWidthStyle"
"declare type RectWidthStyle = import('../api/@ohos.graphics.text').default.RectWidthStyle","新增API","harmonyos_api_changes/HarmonyOS_5.0.2(14).json","declare","","} else if (event.type === TouchType.Up || event.type === TouchType.Cancel) {","ArkTS","library\src\main\ets\tablefixheaders\TableFixHeaders.ets:394","declare type RectWidthStyle = import('../api/@ohos.graphics.text').default.RectWidthStyle@library\src\main\ets\tablefixheaders\TableFixHeaders.ets:394","","5.0.2(14)","declare type RectWidthStyle = import('../api/@ohos.graphics.text').default.RectWidthStyle"
"declare type RepeatInterface = <T>(arr: RepeatArray<T>) => RepeatAttribute<T>","新增API","harmonyos_api_changes/HarmonyOS_5.1.0(18).json","declare","","if (event.type === TouchType.Down) {","ArkTS","library\src\main\ets\tablefixheaders\TableFixHeaders.ets:364","declare type RepeatInterface = <T>(arr: RepeatArray<T>) => RepeatAttribute<T>@library\src\main\ets\tablefixheaders\TableFixHeaders.ets:364","","5.1.0(18)","declare type RepeatInterface = <T>(arr: RepeatArray<T>) => RepeatAttribute<T>"
"declare type RepeatInterface = <T>(arr: RepeatArray<T>) => RepeatAttribute<T>","新增API","harmonyos_api_changes/HarmonyOS_5.1.0(18).json","declare","","} else if (event.type === TouchType.Move) {","ArkTS","library\src\main\ets\tablefixheaders\TableFixHeaders.ets:376","declare type RepeatInterface = <T>(arr: RepeatArray<T>) => RepeatAttribute<T>@library\src\main\ets\tablefixheaders\TableFixHeaders.ets:376","","5.1.0(18)","declare type RepeatInterface = <T>(arr: RepeatArray<T>) => RepeatAttribute<T>"
"declare type RepeatInterface = <T>(arr: RepeatArray<T>) => RepeatAttribute<T>","新增API","harmonyos_api_changes/HarmonyOS_5.1.0(18).json","declare","","} else if (event.type === TouchType.Up || event.type === TouchType.Cancel) {","ArkTS","library\src\main\ets\tablefixheaders\TableFixHeaders.ets:394","declare type RepeatInterface = <T>(arr: RepeatArray<T>) => RepeatAttribute<T>@library\src\main\ets\tablefixheaders\TableFixHeaders.ets:394","","5.1.0(18)","declare type RepeatInterface = <T>(arr: RepeatArray<T>) => RepeatAttribute<T>"
"declare type RequestDownloadInfo = import('../api/@ohos.request.cacheDownload').default.DownloadInfo","新增API","harmonyos_api_changes/HarmonyOS_6.1.0(23)_Beta1.json","declare","","if (event.type === TouchType.Down) {","ArkTS","library\src\main\ets\tablefixheaders\TableFixHeaders.ets:364","declare type RequestDownloadInfo = import('../api/@ohos.request.cacheDownload').default.DownloadInfo@library\src\main\ets\tablefixheaders\TableFixHeaders.ets:364","","6.1.0(23)","declare type RequestDownloadInfo = import('../api/@ohos.request.cacheDownload').default.DownloadInfo"
"declare type RequestDownloadInfo = import('../api/@ohos.request.cacheDownload').default.DownloadInfo","新增API","harmonyos_api_changes/HarmonyOS_6.1.0(23)_Beta1.json","declare","","} else if (event.type === TouchType.Move) {","ArkTS","library\src\main\ets\tablefixheaders\TableFixHeaders.ets:376","declare type RequestDownloadInfo = import('../api/@ohos.request.cacheDownload').default.DownloadInfo@library\src\main\ets\tablefixheaders\TableFixHeaders.ets:376","","6.1.0(23)","declare type RequestDownloadInfo = import('../api/@ohos.request.cacheDownload').default.DownloadInfo"
"declare type RequestDownloadInfo = import('../api/@ohos.request.cacheDownload').default.DownloadInfo","新增API","harmonyos_api_changes/HarmonyOS_6.1.0(23)_Beta1.json","declare","","} else if (event.type === TouchType.Up || event.type === TouchType.Cancel) {","ArkTS","library\src\main\ets\tablefixheaders\TableFixHeaders.ets:394","declare type RequestDownloadInfo = import('../api/@ohos.request.cacheDownload').default.DownloadInfo@library\src\main\ets\tablefixheaders\TableFixHeaders.ets:394","","6.1.0(23)","declare type RequestDownloadInfo = import('../api/@ohos.request.cacheDownload').default.DownloadInfo"
"declare type RestoreStateCallback = (savedState: Record<string, Object> | null) => void","新增API","harmonyos_api_changes/HarmonyOS_26.0.0_Beta2.json","declare","","if (event.type === TouchType.Down) {","ArkTS","library\src\main\ets\tablefixheaders\TableFixHeaders.ets:364","declare type RestoreStateCallback = (savedState: Record<string, Object> | null) => void@library\src\main\ets\tablefixheaders\TableFixHeaders.ets:364","","26.0.0 Beta2","declare type RestoreStateCallback = (savedState: Record<string, Object> | null) => void"
"declare type RestoreStateCallback = (savedState: Record<string, Object> | null) => void","新增API","harmonyos_api_changes/HarmonyOS_26.0.0_Beta2.json","declare","","} else if (event.type === TouchType.Move) {","ArkTS","library\src\main\ets\tablefixheaders\TableFixHeaders.ets:376","declare type RestoreStateCallback = (savedState: Record<string, Object> | null) => void@library\src\main\ets\tablefixheaders\TableFixHeaders.ets:376","","26.0.0 Beta2","declare type RestoreStateCallback = (savedState: Record<string, Object> | null) => void"
"declare type RestoreStateCallback = (savedState: Record<string, Object> | null) => void","新增API","harmonyos_api_changes/HarmonyOS_26.0.0_Beta2.json","declare","","} else if (event.type === TouchType.Up || event.type === TouchType.Cancel) {","ArkTS","library\src\main\ets\tablefixheaders\TableFixHeaders.ets:394","declare type RestoreStateCallback = (savedState: Record<string, Object> | null) => void@library\src\main\ets\tablefixheaders\TableFixHeaders.ets:394","","26.0.0 Beta2","declare type RestoreStateCallback = (savedState: Record<string, Object> | null) => void"
"declare type ReuseIdCallback = () => string","新增API","harmonyos_api_changes/HarmonyOS_5.1.0(18).json","declare","","if (event.type === TouchType.Down) {","ArkTS","library\src\main\ets\tablefixheaders\TableFixHeaders.ets:364","declare type ReuseIdCallback = () => string@library\src\main\ets\tablefixheaders\TableFixHeaders.ets:364","","5.1.0(18)","declare type ReuseIdCallback = () => string"
"declare type ReuseIdCallback = () => string","新增API","harmonyos_api_changes/HarmonyOS_5.1.0(18).json","declare","","} else if (event.type === TouchType.Move) {","ArkTS","library\src\main\ets\tablefixheaders\TableFixHeaders.ets:376","declare type ReuseIdCallback = () => string@library\src\main\ets\tablefixheaders\TableFixHeaders.ets:376","","5.1.0(18)","declare type ReuseIdCallback = () => string"
"declare type ReuseIdCallback = () => string","新增API","harmonyos_api_changes/HarmonyOS_5.1.0(18).json","declare","","} else if (event.type === TouchType.Up || event.type === TouchType.Cancel) {","ArkTS","library\src\main\ets\tablefixheaders\TableFixHeaders.ets:394","declare type ReuseIdCallback = () => string@library\src\main\ets\tablefixheaders\TableFixHeaders.ets:394","","5.1.0(18)","declare type ReuseIdCallback = () => string"
"declare type SaveStateCallback = () => Record<string, Object> | null","新增API","harmonyos_api_changes/HarmonyOS_26.0.0_Beta2.json","declare","","if (event.type === TouchType.Down) {","ArkTS","library\src\main\ets\tablefixheaders\TableFixHeaders.ets:364","declare type SaveStateCallback = () => Record<string, Object> | null@library\src\main\ets\tablefixheaders\TableFixHeaders.ets:364","","26.0.0 Beta2","declare type SaveStateCallback = () => Record<string, Object> | null"
"declare type SaveStateCallback = () => Record<string, Object> | null","新增API","harmonyos_api_changes/HarmonyOS_26.0.0_Beta2.json","declare","","} else if (event.type === TouchType.Move) {","ArkTS","library\src\main\ets\tablefixheaders\TableFixHeaders.ets:376","declare type SaveStateCallback = () => Record<string, Object> | null@library\src\main\ets\tablefixheaders\TableFixHeaders.ets:376","","26.0.0 Beta2","declare type SaveStateCallback = () => Record<string, Object> | null"
"declare type SaveStateCallback = () => Record<string, Object> | null","新增API","harmonyos_api_changes/HarmonyOS_26.0.0_Beta2.json","declare","","} else if (event.type === TouchType.Up || event.type === TouchType.Cancel) {","ArkTS","library\src\main\ets\tablefixheaders\TableFixHeaders.ets:394","declare type SaveStateCallback = () => Record<string, Object> | null@library\src\main\ets\tablefixheaders\TableFixHeaders.ets:394","","26.0.0 Beta2","declare type SaveStateCallback = () => Record<string, Object> | null"
"declare type ScaleCallback = (scale: number) => void","新增API","harmonyos_api_changes/HarmonyOS_5.1.0(18).json","declare","","if (event.type === TouchType.Down) {","ArkTS","library\src\main\ets\tablefixheaders\TableFixHeaders.ets:364","declare type ScaleCallback = (scale: number) => void@library\src\main\ets\tablefixheaders\TableFixHeaders.ets:364","","5.1.0(18)","declare type ScaleCallback = (scale: number) => void"
"declare type ScaleCallback = (scale: number) => void","新增API","harmonyos_api_changes/HarmonyOS_5.1.0(18).json","declare","","} else if (event.type === TouchType.Move) {","ArkTS","library\src\main\ets\tablefixheaders\TableFixHeaders.ets:376","declare type ScaleCallback = (scale: number) => void@library\src\main\ets\tablefixheaders\TableFixHeaders.ets:376","","5.1.0(18)","declare type ScaleCallback = (scale: number) => void"
"declare type ScaleCallback = (scale: number) => void","新增API","harmonyos_api_changes/HarmonyOS_5.1.0(18).json","declare","","} else if (event.type === TouchType.Up || event.type === TouchType.Cancel) {","ArkTS","library\src\main\ets\tablefixheaders\TableFixHeaders.ets:394","declare type ScaleCallback = (scale: number) => void@library\src\main\ets\tablefixheaders\TableFixHeaders.ets:394","","5.1.0(18)","declare type ScaleCallback = (scale: number) => void"
"declare type ScrollOnDidZoomCallback = (scale: number) => void","新增API","harmonyos_api_changes/HarmonyOS_6.0.0(20)_Beta3.json","declare","","if (event.type === TouchType.Down) {","ArkTS","library\src\main\ets\tablefixheaders\TableFixHeaders.ets:364","declare type ScrollOnDidZoomCallback = (scale: number) => void@library\src\main\ets\tablefixheaders\TableFixHeaders.ets:364","","6.0.0(20)","declare type ScrollOnDidZoomCallback = (scale: number) => void"
"declare type ScrollOnDidZoomCallback = (scale: number) => void","新增API","harmonyos_api_changes/HarmonyOS_6.0.0(20)_Beta3.json","declare","","} else if (event.type === TouchType.Move) {","ArkTS","library\src\main\ets\tablefixheaders\TableFixHeaders.ets:376","declare type ScrollOnDidZoomCallback = (scale: number) => void@library\src\main\ets\tablefixheaders\TableFixHeaders.ets:376","","6.0.0(20)","declare type ScrollOnDidZoomCallback = (scale: number) => void"
"declare type ScrollOnDidZoomCallback = (scale: number) => void","新增API","harmonyos_api_changes/HarmonyOS_6.0.0(20)_Beta3.json","declare","","} else if (event.type === TouchType.Up || event.type === TouchType.Cancel) {","ArkTS","library\src\main\ets\tablefixheaders\TableFixHeaders.ets:394","declare type ScrollOnDidZoomCallback = (scale: number) => void@library\src\main\ets\tablefixheaders\TableFixHeaders.ets:394","","6.0.0(20)","declare type ScrollOnDidZoomCallback = (scale: number) => void"
"declare type SearchSubmitCallback = (searchContent: string, event?: SubmitEvent) => void","新增API","harmonyos_api_changes/HarmonyOS_5.0.2(14).json","declare","","if (event.type === TouchType.Down) {","ArkTS","library\src\main\ets\tablefixheaders\TableFixHeaders.ets:364","declare type SearchSubmitCallback = (searchContent: string, event?: SubmitEvent) => void@library\src\main\ets\tablefixheaders\TableFixHeaders.ets:364","","5.0.2(14)","declare type SearchSubmitCallback = (searchContent: string, event?: SubmitEvent) => void"
"declare type SearchSubmitCallback = (searchContent: string, event?: SubmitEvent) => void","新增API","harmonyos_api_changes/HarmonyOS_5.0.2(14).json","declare","","} else if (event.type === TouchType.Move) {","ArkTS","library\src\main\ets\tablefixheaders\TableFixHeaders.ets:376","declare type SearchSubmitCallback = (searchContent: string, event?: SubmitEvent) => void@library\src\main\ets\tablefixheaders\TableFixHeaders.ets:376","","5.0.2(14)","declare type SearchSubmitCallback = (searchContent: string, event?: SubmitEvent) => void"
"declare type SearchSubmitCallback = (searchContent: string, event?: SubmitEvent) => void","新增API","harmonyos_api_changes/HarmonyOS_5.0.2(14).json","declare","","} else if (event.type === TouchType.Up || event.type === TouchType.Cancel) {","ArkTS","library\src\main\ets\tablefixheaders\TableFixHeaders.ets:394","declare type SearchSubmitCallback = (searchContent: string, event?: SubmitEvent) => void@library\src\main\ets\tablefixheaders\TableFixHeaders.ets:394","","5.0.2(14)","declare type SearchSubmitCallback = (searchContent: string, event?: SubmitEvent) => void"
"declare type ShouldRecognizerParallelWithCallback = (current: GestureRecognizer, others: Array<GestureRecognizer>) => GestureRecognizer","新增API","harmonyos_api_changes/HarmonyOS_26.0.0_Beta2.json","declare","","if (event.type === TouchType.Down) {","ArkTS","library\src\main\ets\tablefixheaders\TableFixHeaders.ets:364","declare type ShouldRecognizerParallelWithCallback = (current: GestureRecognizer, others: Array<GestureRecognizer>) => GestureRecognizer@library\src\main\ets\tablefixheaders\TableFixHeaders.ets:364","","26.0.0 Beta2","declare type ShouldRecognizerParallelWithCallback = (current: GestureRecognizer, others: Array<GestureRecognizer>) => GestureRecognizer"
"declare type ShouldRecognizerParallelWithCallback = (current: GestureRecognizer, others: Array<GestureRecognizer>) => GestureRecognizer","新增API","harmonyos_api_changes/HarmonyOS_26.0.0_Beta2.json","declare","","} else if (event.type === TouchType.Move) {","ArkTS","library\src\main\ets\tablefixheaders\TableFixHeaders.ets:376","declare type ShouldRecognizerParallelWithCallback = (current: GestureRecognizer, others: Array<GestureRecognizer>) => GestureRecognizer@library\src\main\ets\tablefixheaders\TableFixHeaders.ets:376","","26.0.0 Beta2","declare type ShouldRecognizerParallelWithCallback = (current: GestureRecognizer, others: Array<GestureRecognizer>) => GestureRecognizer"
"declare type ShouldRecognizerParallelWithCallback = (current: GestureRecognizer, others: Array<GestureRecognizer>) => GestureRecognizer","新增API","harmonyos_api_changes/HarmonyOS_26.0.0_Beta2.json","declare","","} else if (event.type === TouchType.Up || event.type === TouchType.Cancel) {","ArkTS","library\src\main\ets\tablefixheaders\TableFixHeaders.ets:394","declare type ShouldRecognizerParallelWithCallback = (current: GestureRecognizer, others: Array<GestureRecognizer>) => GestureRecognizer@library\src\main\ets\tablefixheaders\TableFixHeaders.ets:394","","26.0.0 Beta2","declare type ShouldRecognizerParallelWithCallback = (current: GestureRecognizer, others: Array<GestureRecognizer>) => GestureRecognizer"
"declare type SpringLoadingContext = import('../api/@ohos.arkui.dragController').default.SpringLoadingContext","新增API","harmonyos_api_changes/HarmonyOS_6.0.0(20)_Beta2.json","declare","","if (event.type === TouchType.Down) {","ArkTS","library\src\main\ets\tablefixheaders\TableFixHeaders.ets:364","declare type SpringLoadingContext = import('../api/@ohos.arkui.dragController').default.SpringLoadingContext@library\src\main\ets\tablefixheaders\TableFixHeaders.ets:364","","6.0.0(20)","declare type SpringLoadingContext = import('../api/@ohos.arkui.dragController').default.SpringLoadingContext"
"declare type SpringLoadingContext = import('../api/@ohos.arkui.dragController').default.SpringLoadingContext","新增API","harmonyos_api_changes/HarmonyOS_6.0.0(20)_Beta2.json","declare","","} else if (event.type === TouchType.Move) {","ArkTS","library\src\main\ets\tablefixheaders\TableFixHeaders.ets:376","declare type SpringLoadingContext = import('../api/@ohos.arkui.dragController').default.SpringLoadingContext@library\src\main\ets\tablefixheaders\TableFixHeaders.ets:376","","6.0.0(20)","declare type SpringLoadingContext = import('../api/@ohos.arkui.dragController').default.SpringLoadingContext"
"declare type SpringLoadingContext = import('../api/@ohos.arkui.dragController').default.SpringLoadingContext","新增API","harmonyos_api_changes/HarmonyOS_6.0.0(20)_Beta2.json","declare","","} else if (event.type === TouchType.Up || event.type === TouchType.Cancel) {","ArkTS","library\src\main\ets\tablefixheaders\TableFixHeaders.ets:394","declare type SpringLoadingContext = import('../api/@ohos.arkui.dragController').default.SpringLoadingContext@library\src\main\ets\tablefixheaders\TableFixHeaders.ets:394","","6.0.0(20)","declare type SpringLoadingContext = import('../api/@ohos.arkui.dragController').default.SpringLoadingContext"
"declare type SwipeActionCallback = () => void","新增API","harmonyos_api_changes/HarmonyOS_6.0.0(20)_Beta1.json","declare","","if (event.type === TouchType.Down) {","ArkTS","library\src\main\ets\tablefixheaders\TableFixHeaders.ets:364","declare type SwipeActionCallback = () => void@library\src\main\ets\tablefixheaders\TableFixHeaders.ets:364","","6.0.0(20)","declare type SwipeActionCallback = () => void"
"declare type SwipeActionCallback = () => void","新增API","harmonyos_api_changes/HarmonyOS_6.0.0(20)_Beta1.json","declare","","} else if (event.type === TouchType.Move) {","ArkTS","library\src\main\ets\tablefixheaders\TableFixHeaders.ets:376","declare type SwipeActionCallback = () => void@library\src\main\ets\tablefixheaders\TableFixHeaders.ets:376","","6.0.0(20)","declare type SwipeActionCallback = () => void"
"declare type SwipeActionCallback = () => void","新增API","harmonyos_api_changes/HarmonyOS_6.0.0(20)_Beta1.json","declare","","} else if (event.type === TouchType.Up || event.type === TouchType.Cancel) {","ArkTS","library\src\main\ets\tablefixheaders\TableFixHeaders.ets:394","declare type SwipeActionCallback = () => void@library\src\main\ets\tablefixheaders\TableFixHeaders.ets:394","","6.0.0(20)","declare type SwipeActionCallback = () => void"
"declare type SystemUiMaterial = import('../api/@ohos.arkui.uiMaterial').default.Material","新增API","harmonyos_api_changes/HarmonyOS_26.0.0_Beta1.json","declare","","if (event.type === TouchType.Down) {","ArkTS","library\src\main\ets\tablefixheaders\TableFixHeaders.ets:364","declare type SystemUiMaterial = import('../api/@ohos.arkui.uiMaterial').default.Material@library\src\main\ets\tablefixheaders\TableFixHeaders.ets:364","","26.0.0 Beta2","declare type SystemUiMaterial = import('../api/@ohos.arkui.uiMaterial').default.Material"
"declare type SystemUiMaterial = import('../api/@ohos.arkui.uiMaterial').default.Material","新增API","harmonyos_api_changes/HarmonyOS_26.0.0_Beta1.json","declare","","} else if (event.type === TouchType.Move) {","ArkTS","library\src\main\ets\tablefixheaders\TableFixHeaders.ets:376","declare type SystemUiMaterial = import('../api/@ohos.arkui.uiMaterial').default.Material@library\src\main\ets\tablefixheaders\TableFixHeaders.ets:376","","26.0.0 Beta2","declare type SystemUiMaterial = import('../api/@ohos.arkui.uiMaterial').default.Material"
"declare type SystemUiMaterial = import('../api/@ohos.arkui.uiMaterial').default.Material","新增API","harmonyos_api_changes/HarmonyOS_26.0.0_Beta1.json","declare","","} else if (event.type === TouchType.Up || event.type === TouchType.Cancel) {","ArkTS","library\src\main\ets\tablefixheaders\TableFixHeaders.ets:394","declare type SystemUiMaterial = import('../api/@ohos.arkui.uiMaterial').default.Material@library\src\main\ets\tablefixheaders\TableFixHeaders.ets:394","","26.0.0 Beta2","declare type SystemUiMaterial = import('../api/@ohos.arkui.uiMaterial').default.Material"
"declare type TabsCustomContentTransitionCallback = (from: number, to: number) => TabContentAnimatedTransition | undefined","新增API","harmonyos_api_changes/HarmonyOS_5.1.0(18).json","declare","","if (event.type === TouchType.Down) {","ArkTS","library\src\main\ets\tablefixheaders\TableFixHeaders.ets:364","declare type TabsCustomContentTransitionCallback = (from: number, to: number) => TabContentAnimatedTransition | undefined@library\src\main\ets\tablefixheaders\TableFixHeaders.ets:364","","5.1.0(18)","declare type TabsCustomContentTransitionCallback = (from: number, to: number) => TabContentAnimatedTransition | undefined"
"declare type TabsCustomContentTransitionCallback = (from: number, to: number) => TabContentAnimatedTransition | undefined","新增API","harmonyos_api_changes/HarmonyOS_5.1.0(18).json","declare","","} else if (event.type === TouchType.Move) {","ArkTS","library\src\main\ets\tablefixheaders\TableFixHeaders.ets:376","declare type TabsCustomContentTransitionCallback = (from: number, to: number) => TabContentAnimatedTransition | undefined@library\src\main\ets\tablefixheaders\TableFixHeaders.ets:376","","5.1.0(18)","declare type TabsCustomContentTransitionCallback = (from: number, to: number) => TabContentAnimatedTransition | undefined"
"declare type TabsCustomContentTransitionCallback = (from: number, to: number) => TabContentAnimatedTransition | undefined","新增API","harmonyos_api_changes/HarmonyOS_5.1.0(18).json","declare","","} else if (event.type === TouchType.Up || event.type === TouchType.Cancel) {","ArkTS","library\src\main\ets\tablefixheaders\TableFixHeaders.ets:394","declare type TabsCustomContentTransitionCallback = (from: number, to: number) => TabContentAnimatedTransition | undefined@library\src\main\ets\tablefixheaders\TableFixHeaders.ets:394","","5.1.0(18)","declare type TabsCustomContentTransitionCallback = (from: number, to: number) => TabContentAnimatedTransition | undefined"
"declare type TaskCallback = () => T","新增API","harmonyos_api_changes/HarmonyOS_6.0.2(22).json","declare","","if (event.type === TouchType.Down) {","ArkTS","library\src\main\ets\tablefixheaders\TableFixHeaders.ets:364","declare type TaskCallback = () => T@library\src\main\ets\tablefixheaders\TableFixHeaders.ets:364","","6.0.2(22)","declare type TaskCallback = () => T"
"declare type TaskCallback = () => T","新增API","harmonyos_api_changes/HarmonyOS_6.0.2(22).json","declare","","} else if (event.type === TouchType.Move) {","ArkTS","library\src\main\ets\tablefixheaders\TableFixHeaders.ets:376","declare type TaskCallback = () => T@library\src\main\ets\tablefixheaders\TableFixHeaders.ets:376","","6.0.2(22)","declare type TaskCallback = () => T"
"declare type TaskCallback = () => T","新增API","harmonyos_api_changes/HarmonyOS_6.0.2(22).json","declare","","} else if (event.type === TouchType.Up || event.type === TouchType.Cancel) {","ArkTS","library\src\main\ets\tablefixheaders\TableFixHeaders.ets:394","declare type TaskCallback = () => T@library\src\main\ets\tablefixheaders\TableFixHeaders.ets:394","","6.0.2(22)","declare type TaskCallback = () => T"
"declare type TextAreaSubmitCallback = (enterKeyType: EnterKeyType, event?: SubmitEvent) => void","新增API","harmonyos_api_changes/HarmonyOS_5.0.2(14).json","declare","","if (event.type === TouchType.Down) {","ArkTS","library\src\main\ets\tablefixheaders\TableFixHeaders.ets:364","declare type TextAreaSubmitCallback = (enterKeyType: EnterKeyType, event?: SubmitEvent) => void@library\src\main\ets\tablefixheaders\TableFixHeaders.ets:364","","5.0.2(14)","declare type TextAreaSubmitCallback = (enterKeyType: EnterKeyType, event?: SubmitEvent) => void"
"declare type TextAreaSubmitCallback = (enterKeyType: EnterKeyType, event?: SubmitEvent) => void","新增API","harmonyos_api_changes/HarmonyOS_5.0.2(14).json","declare","","} else if (event.type === TouchType.Move) {","ArkTS","library\src\main\ets\tablefixheaders\TableFixHeaders.ets:376","declare type TextAreaSubmitCallback = (enterKeyType: EnterKeyType, event?: SubmitEvent) => void@library\src\main\ets\tablefixheaders\TableFixHeaders.ets:376","","5.0.2(14)","declare type TextAreaSubmitCallback = (enterKeyType: EnterKeyType, event?: SubmitEvent) => void"
"declare type TextAreaSubmitCallback = (enterKeyType: EnterKeyType, event?: SubmitEvent) => void","新增API","harmonyos_api_changes/HarmonyOS_5.0.2(14).json","declare","","} else if (event.type === TouchType.Up || event.type === TouchType.Cancel) {","ArkTS","library\src\main\ets\tablefixheaders\TableFixHeaders.ets:394","declare type TextAreaSubmitCallback = (enterKeyType: EnterKeyType, event?: SubmitEvent) => void@library\src\main\ets\tablefixheaders\TableFixHeaders.ets:394","","5.0.2(14)","declare type TextAreaSubmitCallback = (enterKeyType: EnterKeyType, event?: SubmitEvent) => void"
"declare type TextBox = import('../api/@ohos.graphics.text').default.TextBox","新增API","harmonyos_api_changes/HarmonyOS_5.0.2(14).json","declare","","if (event.type === TouchType.Down) {","ArkTS","library\src\main\ets\tablefixheaders\TableFixHeaders.ets:364","declare type TextBox = import('../api/@ohos.graphics.text').default.TextBox@library\src\main\ets\tablefixheaders\TableFixHeaders.ets:364","","5.0.2(14)","declare type TextBox = import('../api/@ohos.graphics.text').default.TextBox"
"declare type TextBox = import('../api/@ohos.graphics.text').default.TextBox","新增API","harmonyos_api_changes/HarmonyOS_5.0.2(14).json","declare","","} else if (event.type === TouchType.Move) {","ArkTS","library\src\main\ets\tablefixheaders\TableFixHeaders.ets:376","declare type TextBox = import('../api/@ohos.graphics.text').default.TextBox@library\src\main\ets\tablefixheaders\TableFixHeaders.ets:376","","5.0.2(14)","declare type TextBox = import('../api/@ohos.graphics.text').default.TextBox"
"declare type TextBox = import('../api/@ohos.graphics.text').default.TextBox","新增API","harmonyos_api_changes/HarmonyOS_5.0.2(14).json","declare","","} else if (event.type === TouchType.Up || event.type === TouchType.Cancel) {","ArkTS","library\src\main\ets\tablefixheaders\TableFixHeaders.ets:394","declare type TextBox = import('../api/@ohos.graphics.text').default.TextBox@library\src\main\ets\tablefixheaders\TableFixHeaders.ets:394","","5.0.2(14)","declare type TextBox = import('../api/@ohos.graphics.text').default.TextBox"
"declare type TextPickerEnterSelectedAreaCallback = (value: string | string\[\], index: number | number\[\]) => void","新增API","harmonyos_api_changes/HarmonyOS_5.1.0(18).json","declare","","if (event.type === TouchType.Down) {","ArkTS","library\src\main\ets\tablefixheaders\TableFixHeaders.ets:364","declare type TextPickerEnterSelectedAreaCallback = (value: string | string\[\], index: number | number\[\]) => void@library\src\main\ets\tablefixheaders\TableFixHeaders.ets:364","","5.1.0(18)","declare type TextPickerEnterSelectedAreaCallback = (value: string | string\[\], index: number | number\[\]) => void"
"declare type TextPickerEnterSelectedAreaCallback = (value: string | string\[\], index: number | number\[\]) => void","新增API","harmonyos_api_changes/HarmonyOS_5.1.0(18).json","declare","","} else if (event.type === TouchType.Move) {","ArkTS","library\src\main\ets\tablefixheaders\TableFixHeaders.ets:376","declare type TextPickerEnterSelectedAreaCallback = (value: string | string\[\], index: number | number\[\]) => void@library\src\main\ets\tablefixheaders\TableFixHeaders.ets:376","","5.1.0(18)","declare type TextPickerEnterSelectedAreaCallback = (value: string | string\[\], index: number | number\[\]) => void"
"declare type TextPickerEnterSelectedAreaCallback = (value: string | string\[\], index: number | number\[\]) => void","新增API","harmonyos_api_changes/HarmonyOS_5.1.0(18).json","declare","","} else if (event.type === TouchType.Up || event.type === TouchType.Cancel) {","ArkTS","library\src\main\ets\tablefixheaders\TableFixHeaders.ets:394","declare type TextPickerEnterSelectedAreaCallback = (value: string | string\[\], index: number | number\[\]) => void@library\src\main\ets\tablefixheaders\TableFixHeaders.ets:394","","5.1.0(18)","declare type TextPickerEnterSelectedAreaCallback = (value: string | string\[\], index: number | number\[\]) => void"
"declare type TextPickerScrollStopCallback = (value: string | string\[\], index: number | number\[\]) => void","新增API","harmonyos_api_changes/HarmonyOS_5.0.2(14).json","declare","","if (event.type === TouchType.Down) {","ArkTS","library\src\main\ets\tablefixheaders\TableFixHeaders.ets:364","declare type TextPickerScrollStopCallback = (value: string | string\[\], index: number | number\[\]) => void@library\src\main\ets\tablefixheaders\TableFixHeaders.ets:364","","5.0.2(14)","declare type TextPickerScrollStopCallback = (value: string | string\[\], index: number | number\[\]) => void"
"declare type TextPickerScrollStopCallback = (value: string | string\[\], index: number | number\[\]) => void","新增API","harmonyos_api_changes/HarmonyOS_5.0.2(14).json","declare","","} else if (event.type === TouchType.Move) {","ArkTS","library\src\main\ets\tablefixheaders\TableFixHeaders.ets:376","declare type TextPickerScrollStopCallback = (value: string | string\[\], index: number | number\[\]) => void@library\src\main\ets\tablefixheaders\TableFixHeaders.ets:376","","5.0.2(14)","declare type TextPickerScrollStopCallback = (value: string | string\[\], index: number | number\[\]) => void"
"declare type TextPickerScrollStopCallback = (value: string | string\[\], index: number | number\[\]) => void","新增API","harmonyos_api_changes/HarmonyOS_5.0.2(14).json","declare","","} else if (event.type === TouchType.Up || event.type === TouchType.Cancel) {","ArkTS","library\src\main\ets\tablefixheaders\TableFixHeaders.ets:394","declare type TextPickerScrollStopCallback = (value: string | string\[\], index: number | number\[\]) => void@library\src\main\ets\tablefixheaders\TableFixHeaders.ets:394","","5.0.2(14)","declare type TextPickerScrollStopCallback = (value: string | string\[\], index: number | number\[\]) => void"
"declare type TouchTestDoneCallback = (event: BaseGestureEvent, recognizers: Array<GestureRecognizer>) => void","新增API","harmonyos_api_changes/HarmonyOS_6.0.0(20)_Beta2.json","declare","","if (event.type === TouchType.Down) {","ArkTS","library\src\main\ets\tablefixheaders\TableFixHeaders.ets:364","declare type TouchTestDoneCallback = (event: BaseGestureEvent, recognizers: Array<GestureRecognizer>) => void@library\src\main\ets\tablefixheaders\TableFixHeaders.ets:364","","6.0.0(20)","declare type TouchTestDoneCallback = (event: BaseGestureEvent, recognizers: Array<GestureRecognizer>) => void"
"declare type TouchTestDoneCallback = (event: BaseGestureEvent, recognizers: Array<GestureRecognizer>) => void","新增API","harmonyos_api_changes/HarmonyOS_6.0.0(20)_Beta2.json","declare","","} else if (event.type === TouchType.Move) {","ArkTS","library\src\main\ets\tablefixheaders\TableFixHeaders.ets:376","declare type TouchTestDoneCallback = (event: BaseGestureEvent, recognizers: Array<GestureRecognizer>) => void@library\src\main\ets\tablefixheaders\TableFixHeaders.ets:376","","6.0.0(20)","declare type TouchTestDoneCallback = (event: BaseGestureEvent, recognizers: Array<GestureRecognizer>) => void"
"declare type TouchTestDoneCallback = (event: BaseGestureEvent, recognizers: Array<GestureRecognizer>) => void","新增API","harmonyos_api_changes/HarmonyOS_6.0.0(20)_Beta2.json","declare","","} else if (event.type === TouchType.Up || event.type === TouchType.Cancel) {","ArkTS","library\src\main\ets\tablefixheaders\TableFixHeaders.ets:394","declare type TouchTestDoneCallback = (event: BaseGestureEvent, recognizers: Array<GestureRecognizer>) => void@library\src\main\ets\tablefixheaders\TableFixHeaders.ets:394","","6.0.0(20)","declare type TouchTestDoneCallback = (event: BaseGestureEvent, recognizers: Array<GestureRecognizer>) => void"
"declare type UIMaterial = import('../api/@ohos.arkui.uiMaterial').uiMaterial","新增API","harmonyos_api_changes/HarmonyOS_26.0.0_Beta1.json","declare","","if (event.type === TouchType.Down) {","ArkTS","library\src\main\ets\tablefixheaders\TableFixHeaders.ets:364","declare type UIMaterial = import('../api/@ohos.arkui.uiMaterial').uiMaterial@library\src\main\ets\tablefixheaders\TableFixHeaders.ets:364","","26.0.0 Beta2","declare type UIMaterial = import('../api/@ohos.arkui.uiMaterial').uiMaterial"
"declare type UIMaterial = import('../api/@ohos.arkui.uiMaterial').uiMaterial","新增API","harmonyos_api_changes/HarmonyOS_26.0.0_Beta1.json","declare","","} else if (event.type === TouchType.Move) {","ArkTS","library\src\main\ets\tablefixheaders\TableFixHeaders.ets:376","declare type UIMaterial = import('../api/@ohos.arkui.uiMaterial').uiMaterial@library\src\main\ets\tablefixheaders\TableFixHeaders.ets:376","","26.0.0 Beta2","declare type UIMaterial = import('../api/@ohos.arkui.uiMaterial').uiMaterial"
"declare type UIMaterial = import('../api/@ohos.arkui.uiMaterial').uiMaterial","新增API","harmonyos_api_changes/HarmonyOS_26.0.0_Beta1.json","declare","","} else if (event.type === TouchType.Up || event.type === TouchType.Cancel) {","ArkTS","library\src\main\ets\tablefixheaders\TableFixHeaders.ets:394","declare type UIMaterial = import('../api/@ohos.arkui.uiMaterial').uiMaterial@library\src\main\ets\tablefixheaders\TableFixHeaders.ets:394","","26.0.0 Beta2","declare type UIMaterial = import('../api/@ohos.arkui.uiMaterial').uiMaterial"
"declare type UIStatesChangeHandler = (node: FrameNode, currentUIStates: number) => void","新增API","harmonyos_api_changes/HarmonyOS_6.0.0(20)_Beta1.json","declare","","if (event.type === TouchType.Down) {","ArkTS","library\src\main\ets\tablefixheaders\TableFixHeaders.ets:364","declare type UIStatesChangeHandler = (node: FrameNode, currentUIStates: number) => void@library\src\main\ets\tablefixheaders\TableFixHeaders.ets:364","","6.0.0(20)","declare type UIStatesChangeHandler = (node: FrameNode, currentUIStates: number) => void"
"declare type UIStatesChangeHandler = (node: FrameNode, currentUIStates: number) => void","新增API","harmonyos_api_changes/HarmonyOS_6.0.0(20)_Beta1.json","declare","","} else if (event.type === TouchType.Move) {","ArkTS","library\src\main\ets\tablefixheaders\TableFixHeaders.ets:376","declare type UIStatesChangeHandler = (node: FrameNode, currentUIStates: number) => void@library\src\main\ets\tablefixheaders\TableFixHeaders.ets:376","","6.0.0(20)","declare type UIStatesChangeHandler = (node: FrameNode, currentUIStates: number) => void"
"declare type UIStatesChangeHandler = (node: FrameNode, currentUIStates: number) => void","新增API","harmonyos_api_changes/HarmonyOS_6.0.0(20)_Beta1.json","declare","","} else if (event.type === TouchType.Up || event.type === TouchType.Cancel) {","ArkTS","library\src\main\ets\tablefixheaders\TableFixHeaders.ets:394","declare type UIStatesChangeHandler = (node: FrameNode, currentUIStates: number) => void@library\src\main\ets\tablefixheaders\TableFixHeaders.ets:394","","6.0.0(20)","declare type UIStatesChangeHandler = (node: FrameNode, currentUIStates: number) => void"
"declare type Vector2T<T> = import('../api/arkui/Graphics').Vector2T<T>","新增API","harmonyos_api_changes/HarmonyOS_6.0.2(22).json","declare","","if (event.type === TouchType.Down) {","ArkTS","library\src\main\ets\tablefixheaders\TableFixHeaders.ets:364","declare type Vector2T<T> = import('../api/arkui/Graphics').Vector2T<T>@library\src\main\ets\tablefixheaders\TableFixHeaders.ets:364","","6.0.2(22)","declare type Vector2T<T> = import('../api/arkui/Graphics').Vector2T<T>"
"declare type Vector2T<T> = import('../api/arkui/Graphics').Vector2T<T>","新增API","harmonyos_api_changes/HarmonyOS_6.0.2(22).json","declare","","} else if (event.type === TouchType.Move) {","ArkTS","library\src\main\ets\tablefixheaders\TableFixHeaders.ets:376","declare type Vector2T<T> = import('../api/arkui/Graphics').Vector2T<T>@library\src\main\ets\tablefixheaders\TableFixHeaders.ets:376","","6.0.2(22)","declare type Vector2T<T> = import('../api/arkui/Graphics').Vector2T<T>"
"declare type Vector2T<T> = import('../api/arkui/Graphics').Vector2T<T>","新增API","harmonyos_api_changes/HarmonyOS_6.0.2(22).json","declare","","} else if (event.type === TouchType.Up || event.type === TouchType.Cancel) {","ArkTS","library\src\main\ets\tablefixheaders\TableFixHeaders.ets:394","declare type Vector2T<T> = import('../api/arkui/Graphics').Vector2T<T>@library\src\main\ets\tablefixheaders\TableFixHeaders.ets:394","","6.0.2(22)","declare type Vector2T<T> = import('../api/arkui/Graphics').Vector2T<T>"
"declare type VisibleAreaChangeCallback = (isVisible: boolean, currentRatio: number) => void","自定义类型变更","harmonyos_api_changes/HarmonyOS_5.0.1(13)_Beta3.json","declare","","if (event.type === TouchType.Down) {","ArkTS","library\src\main\ets\tablefixheaders\TableFixHeaders.ets:364","declare type VisibleAreaChangeCallback = (isVisible: boolean, currentRatio: number) => void@library\src\main\ets\tablefixheaders\TableFixHeaders.ets:364","","5.0.1(13)","declare type VisibleAreaChangeCallback = (isVisible: boolean, currentRatio: number) => void"
"declare type VisibleAreaChangeCallback = (isVisible: boolean, currentRatio: number) => void","自定义类型变更","harmonyos_api_changes/HarmonyOS_5.0.1(13)_Beta3.json","declare","","} else if (event.type === TouchType.Move) {","ArkTS","library\src\main\ets\tablefixheaders\TableFixHeaders.ets:376","declare type VisibleAreaChangeCallback = (isVisible: boolean, currentRatio: number) => void@library\src\main\ets\tablefixheaders\TableFixHeaders.ets:376","","5.0.1(13)","declare type VisibleAreaChangeCallback = (isVisible: boolean, currentRatio: number) => void"
"declare type VisibleAreaChangeCallback = (isVisible: boolean, currentRatio: number) => void","自定义类型变更","harmonyos_api_changes/HarmonyOS_5.0.1(13)_Beta3.json","declare","","} else if (event.type === TouchType.Up || event.type === TouchType.Cancel) {","ArkTS","library\src\main\ets\tablefixheaders\TableFixHeaders.ets:394","declare type VisibleAreaChangeCallback = (isVisible: boolean, currentRatio: number) => void@library\src\main\ets\tablefixheaders\TableFixHeaders.ets:394","","5.0.1(13)","declare type VisibleAreaChangeCallback = (isVisible: boolean, currentRatio: number) => void"
"declare type WindowEventListener = (windowId: number, event: window.WindowEventType) => void","新增API","harmonyos_api_changes/HarmonyOS_26.0.0_Beta1.json","declare","","if (event.type === TouchType.Down) {","ArkTS","library\src\main\ets\tablefixheaders\TableFixHeaders.ets:364","declare type WindowEventListener = (windowId: number, event: window.WindowEventType) => void@library\src\main\ets\tablefixheaders\TableFixHeaders.ets:364","","26.0.0 Beta2","declare type WindowEventListener = (windowId: number, event: window.WindowEventType) => void"
"declare type WindowEventListener = (windowId: number, event: window.WindowEventType) => void","新增API","harmonyos_api_changes/HarmonyOS_26.0.0_Beta1.json","declare","","} else if (event.type === TouchType.Move) {","ArkTS","library\src\main\ets\tablefixheaders\TableFixHeaders.ets:376","declare type WindowEventListener = (windowId: number, event: window.WindowEventType) => void@library\src\main\ets\tablefixheaders\TableFixHeaders.ets:376","","26.0.0 Beta2","declare type WindowEventListener = (windowId: number, event: window.WindowEventType) => void"
"declare type WindowEventListener = (windowId: number, event: window.WindowEventType) => void","新增API","harmonyos_api_changes/HarmonyOS_26.0.0_Beta1.json","declare","","} else if (event.type === TouchType.Up || event.type === TouchType.Cancel) {","ArkTS","library\src\main\ets\tablefixheaders\TableFixHeaders.ets:394","declare type WindowEventListener = (windowId: number, event: window.WindowEventType) => void@library\src\main\ets\tablefixheaders\TableFixHeaders.ets:394","","26.0.0 Beta2","declare type WindowEventListener = (windowId: number, event: window.WindowEventType) => void"
"declare type WithThemeInterface = (options: WithThemeOptions) => WithThemeAttribute","接口行为变更","harmonyos_behavior_changes/HarmonyOS_26.0.0(26)_Beta1.json","declare","","if (event.type === TouchType.Down) {","ArkTS","library\src\main\ets\tablefixheaders\TableFixHeaders.ets:364","declare type WithThemeInterface = (options: WithThemeOptions) => WithThemeAttribute@library\src\main\ets\tablefixheaders\TableFixHeaders.ets:364","","26.0.0(26)","declare type WithThemeInterface = (options: WithThemeOptions) => WithThemeAttribute"
"declare type WithThemeInterface = (options: WithThemeOptions) => WithThemeAttribute","接口行为变更","harmonyos_behavior_changes/HarmonyOS_26.0.0(26)_Beta1.json","declare","","} else if (event.type === TouchType.Move) {","ArkTS","library\src\main\ets\tablefixheaders\TableFixHeaders.ets:376","declare type WithThemeInterface = (options: WithThemeOptions) => WithThemeAttribute@library\src\main\ets\tablefixheaders\TableFixHeaders.ets:376","","26.0.0(26)","declare type WithThemeInterface = (options: WithThemeOptions) => WithThemeAttribute"
"declare type WithThemeInterface = (options: WithThemeOptions) => WithThemeAttribute","接口行为变更","harmonyos_behavior_changes/HarmonyOS_26.0.0(26)_Beta1.json","declare","","} else if (event.type === TouchType.Up || event.type === TouchType.Cancel) {","ArkTS","library\src\main\ets\tablefixheaders\TableFixHeaders.ets:394","declare type WithThemeInterface = (options: WithThemeOptions) => WithThemeAttribute@library\src\main\ets\tablefixheaders\TableFixHeaders.ets:394","","26.0.0(26)","declare type WithThemeInterface = (options: WithThemeOptions) => WithThemeAttribute"
"devices: AudioDeviceDescriptors","新增API","harmonyos_api_changes/HarmonyOS_5.0.1(13)_Release.json","devices","","this.devices.push(device);","ArkTS","entry\src\main\ets\pages\adapters\FamilyTableAdapter.ets:114","devices: AudioDeviceDescriptors@entry\src\main\ets\pages\adapters\FamilyTableAdapter.ets:114","this","5.0.1(13)","devices: AudioDeviceDescriptors"
"duration(duration: number): SimpleAnimatorOptions","新增API","harmonyos_api_changes/HarmonyOS_5.1.0(18).json","duration","","if (elapsed >= this.duration) {","ArkTS","library\src\main\ets\tablefixheaders\Flinger.ets:104","duration(duration: number): SimpleAnimatorOptions@library\src\main\ets\tablefixheaders\Flinger.ets:104","","5.1.0(18)","duration(duration: number): SimpleAnimatorOptions"
"duration(duration: number): SimpleAnimatorOptions","新增API","harmonyos_api_changes/HarmonyOS_5.1.0(18).json","duration","","const t: number = elapsed / this.duration;","ArkTS","library\src\main\ets\tablefixheaders\Flinger.ets:111","duration(duration: number): SimpleAnimatorOptions@library\src\main\ets\tablefixheaders\Flinger.ets:111","","5.1.0(18)","duration(duration: number): SimpleAnimatorOptions"
"duration(duration: number): SimpleAnimatorOptions","新增API","harmonyos_api_changes/HarmonyOS_5.1.0(18).json","duration","","this.duration = Math.max(durationX, durationY);","ArkTS","library\src\main\ets\tablefixheaders\Flinger.ets:55","duration(duration: number): SimpleAnimatorOptions@library\src\main\ets\tablefixheaders\Flinger.ets:55","this","5.1.0(18)","duration(duration: number): SimpleAnimatorOptions"
"duration(duration: number): SimpleAnimatorOptions","新增API","harmonyos_api_changes/HarmonyOS_5.1.0(18).json","duration","","if (this.duration <= ZERO_SCROLL) {","ArkTS","library\src\main\ets\tablefixheaders\Flinger.ets:57","duration(duration: number): SimpleAnimatorOptions@library\src\main\ets\tablefixheaders\Flinger.ets:57","","5.1.0(18)","duration(duration: number): SimpleAnimatorOptions"
"enum ColorMode","API废弃版本变更","harmonyos_api_changes/HarmonyOS_6.0.0(20)_Beta1.json","ColorMode","","import { AbilityConstant, ConfigurationConstant, UIAbility, Want } from '@kit.AbilityKit';","ArkTS","entry\src\main\ets\entryability\EntryAbility.ets:1","enum ColorMode@entry\src\main\ets\entryability\EntryAbility.ets:1","","6.0.0(20)","enum ColorMode"
"enum ColorMode","API废弃版本变更","harmonyos_api_changes/HarmonyOS_6.0.0(20)_Beta1.json","ColorMode","","this.context.getApplicationContext().setColorMode(ConfigurationConstant.ColorMode.COLOR_MODE_NOT_SET);","ArkTS","entry\src\main\ets\entryability\EntryAbility.ets:10","enum ColorMode@entry\src\main\ets\entryability\EntryAbility.ets:10","this","6.0.0(20)","enum ColorMode"
"enum OutputType","新增API","harmonyos_api_changes/HarmonyOS_26.0.0_Beta2.json","OutputType","","hilog.error(DOMAIN, 'testTag', 'Failed to set colorMode. Cause: %{public}s', JSON.stringify(err));","ArkTS","entry\src\main\ets\entryability\EntryAbility.ets:12","enum OutputType@entry\src\main\ets\entryability\EntryAbility.ets:12","hilog","26.0.0 Beta2","enum OutputType"
"enum OutputType","新增API","harmonyos_api_changes/HarmonyOS_26.0.0_Beta2.json","OutputType","","hilog.info(DOMAIN, 'testTag', '%{public}s', 'Ability onCreate');","ArkTS","entry\src\main\ets\entryability\EntryAbility.ets:14","enum OutputType@entry\src\main\ets\entryability\EntryAbility.ets:14","hilog","26.0.0 Beta2","enum OutputType"
"enum OutputType","新增API","harmonyos_api_changes/HarmonyOS_26.0.0_Beta2.json","OutputType","","hilog.info(DOMAIN, 'testTag', '%{public}s', 'Ability onDestroy');","ArkTS","entry\src\main\ets\entryability\EntryAbility.ets:18","enum OutputType@entry\src\main\ets\entryability\EntryAbility.ets:18","hilog","26.0.0 Beta2","enum OutputType"
"enum OutputType","新增API","harmonyos_api_changes/HarmonyOS_26.0.0_Beta2.json","OutputType","","hilog.info(DOMAIN, 'testTag', '%{public}s', 'Ability onWindowStageCreate');","ArkTS","entry\src\main\ets\entryability\EntryAbility.ets:23","enum OutputType@entry\src\main\ets\entryability\EntryAbility.ets:23","hilog","26.0.0 Beta2","enum OutputType"
"enum OutputType","新增API","harmonyos_api_changes/HarmonyOS_26.0.0_Beta2.json","OutputType","","hilog.error(DOMAIN, 'testTag', 'Failed to load the content. Cause: %{public}s', JSON.stringify(err));","ArkTS","entry\src\main\ets\entryability\EntryAbility.ets:27","enum OutputType@entry\src\main\ets\entryability\EntryAbility.ets:27","hilog","26.0.0 Beta2","enum OutputType"
"enum OutputType","新增API","harmonyos_api_changes/HarmonyOS_26.0.0_Beta2.json","OutputType","","hilog.info(DOMAIN, 'testTag', 'Succeeded in loading the content.');","ArkTS","entry\src\main\ets\entryability\EntryAbility.ets:30","enum OutputType@entry\src\main\ets\entryability\EntryAbility.ets:30","hilog","26.0.0 Beta2","enum OutputType"
"enum OutputType","新增API","harmonyos_api_changes/HarmonyOS_26.0.0_Beta2.json","OutputType","","hilog.info(DOMAIN, 'testTag', '%{public}s', 'Ability onWindowStageDestroy');","ArkTS","entry\src\main\ets\entryability\EntryAbility.ets:36","enum OutputType@entry\src\main\ets\entryability\EntryAbility.ets:36","hilog","26.0.0 Beta2","enum OutputType"
"enum OutputType","新增API","harmonyos_api_changes/HarmonyOS_26.0.0_Beta2.json","OutputType","","hilog.info(DOMAIN, 'testTag', '%{public}s', 'Ability onForeground');","ArkTS","entry\src\main\ets\entryability\EntryAbility.ets:41","enum OutputType@entry\src\main\ets\entryability\EntryAbility.ets:41","hilog","26.0.0 Beta2","enum OutputType"
"enum OutputType","新增API","harmonyos_api_changes/HarmonyOS_26.0.0_Beta2.json","OutputType","","hilog.info(DOMAIN, 'testTag', '%{public}s', 'Ability onBackground');","ArkTS","entry\src\main\ets\entryability\EntryAbility.ets:46","enum OutputType@entry\src\main\ets\entryability\EntryAbility.ets:46","hilog","26.0.0 Beta2","enum OutputType"
"enum OutputType","新增API","harmonyos_api_changes/HarmonyOS_26.0.0_Beta2.json","OutputType","","hilog.info(DOMAIN, 'testTag', 'onRestore ok %{public}s', JSON.stringify(bundleVersion));","ArkTS","entry\src\main\ets\entrybackupability\EntryBackupAbility.ets:13","enum OutputType@entry\src\main\ets\entrybackupability\EntryBackupAbility.ets:13","hilog","26.0.0 Beta2","enum OutputType"
"enum OutputType","新增API","harmonyos_api_changes/HarmonyOS_26.0.0_Beta2.json","OutputType","","hilog.info(DOMAIN, 'testTag', 'onBackup ok');","ArkTS","entry\src\main\ets\entrybackupability\EntryBackupAbility.ets:8","enum OutputType@entry\src\main\ets\entrybackupability\EntryBackupAbility.ets:8","hilog","26.0.0 Beta2","enum OutputType"
"enum PreferStrategy","新增API","harmonyos_api_changes/HarmonyOS_6.0.1(21)_Beta1.json","PreferStrategy","","hilog.error(DOMAIN, 'testTag', 'Failed to set colorMode. Cause: %{public}s', JSON.stringify(err));","ArkTS","entry\src\main\ets\entryability\EntryAbility.ets:12","enum PreferStrategy@entry\src\main\ets\entryability\EntryAbility.ets:12","hilog","6.0.1(21)","enum PreferStrategy"
"enum PreferStrategy","新增API","harmonyos_api_changes/HarmonyOS_6.0.1(21)_Beta1.json","PreferStrategy","","hilog.info(DOMAIN, 'testTag', '%{public}s', 'Ability onCreate');","ArkTS","entry\src\main\ets\entryability\EntryAbility.ets:14","enum PreferStrategy@entry\src\main\ets\entryability\EntryAbility.ets:14","hilog","6.0.1(21)","enum PreferStrategy"
"enum PreferStrategy","新增API","harmonyos_api_changes/HarmonyOS_6.0.1(21)_Beta1.json","PreferStrategy","","hilog.info(DOMAIN, 'testTag', '%{public}s', 'Ability onDestroy');","ArkTS","entry\src\main\ets\entryability\EntryAbility.ets:18","enum PreferStrategy@entry\src\main\ets\entryability\EntryAbility.ets:18","hilog","6.0.1(21)","enum PreferStrategy"
"enum PreferStrategy","新增API","harmonyos_api_changes/HarmonyOS_6.0.1(21)_Beta1.json","PreferStrategy","","hilog.info(DOMAIN, 'testTag', '%{public}s', 'Ability onWindowStageCreate');","ArkTS","entry\src\main\ets\entryability\EntryAbility.ets:23","enum PreferStrategy@entry\src\main\ets\entryability\EntryAbility.ets:23","hilog","6.0.1(21)","enum PreferStrategy"
"enum PreferStrategy","新增API","harmonyos_api_changes/HarmonyOS_6.0.1(21)_Beta1.json","PreferStrategy","","hilog.error(DOMAIN, 'testTag', 'Failed to load the content. Cause: %{public}s', JSON.stringify(err));","ArkTS","entry\src\main\ets\entryability\EntryAbility.ets:27","enum PreferStrategy@entry\src\main\ets\entryability\EntryAbility.ets:27","hilog","6.0.1(21)","enum PreferStrategy"
"enum PreferStrategy","新增API","harmonyos_api_changes/HarmonyOS_6.0.1(21)_Beta1.json","PreferStrategy","","hilog.info(DOMAIN, 'testTag', 'Succeeded in loading the content.');","ArkTS","entry\src\main\ets\entryability\EntryAbility.ets:30","enum PreferStrategy@entry\src\main\ets\entryability\EntryAbility.ets:30","hilog","6.0.1(21)","enum PreferStrategy"
"enum PreferStrategy","新增API","harmonyos_api_changes/HarmonyOS_6.0.1(21)_Beta1.json","PreferStrategy","","hilog.info(DOMAIN, 'testTag', '%{public}s', 'Ability onWindowStageDestroy');","ArkTS","entry\src\main\ets\entryability\EntryAbility.ets:36","enum PreferStrategy@entry\src\main\ets\entryability\EntryAbility.ets:36","hilog","6.0.1(21)","enum PreferStrategy"
"enum PreferStrategy","新增API","harmonyos_api_changes/HarmonyOS_6.0.1(21)_Beta1.json","PreferStrategy","","hilog.info(DOMAIN, 'testTag', '%{public}s', 'Ability onForeground');","ArkTS","entry\src\main\ets\entryability\EntryAbility.ets:41","enum PreferStrategy@entry\src\main\ets\entryability\EntryAbility.ets:41","hilog","6.0.1(21)","enum PreferStrategy"
"enum PreferStrategy","新增API","harmonyos_api_changes/HarmonyOS_6.0.1(21)_Beta1.json","PreferStrategy","","hilog.info(DOMAIN, 'testTag', '%{public}s', 'Ability onBackground');","ArkTS","entry\src\main\ets\entryability\EntryAbility.ets:46","enum PreferStrategy@entry\src\main\ets\entryability\EntryAbility.ets:46","hilog","6.0.1(21)","enum PreferStrategy"
"enum PreferStrategy","新增API","harmonyos_api_changes/HarmonyOS_6.0.1(21)_Beta1.json","PreferStrategy","","hilog.info(DOMAIN, 'testTag', 'onRestore ok %{public}s', JSON.stringify(bundleVersion));","ArkTS","entry\src\main\ets\entrybackupability\EntryBackupAbility.ets:13","enum PreferStrategy@entry\src\main\ets\entrybackupability\EntryBackupAbility.ets:13","hilog","6.0.1(21)","enum PreferStrategy"
"enum PreferStrategy","新增API","harmonyos_api_changes/HarmonyOS_6.0.1(21)_Beta1.json","PreferStrategy","","hilog.info(DOMAIN, 'testTag', 'onBackup ok');","ArkTS","entry\src\main\ets\entrybackupability\EntryBackupAbility.ets:8","enum PreferStrategy@entry\src\main\ets\entrybackupability\EntryBackupAbility.ets:8","hilog","6.0.1(21)","enum PreferStrategy"
"export function getApplicationContext(): ApplicationContext","新增API","harmonyos_api_changes/HarmonyOS_5.0.2(14).json","export","","this.context.getApplicationContext().setColorMode(ConfigurationConstant.ColorMode.COLOR_MODE_NOT_SET);","ArkTS","entry\src\main\ets\entryability\EntryAbility.ets:10","export function getApplicationContext(): ApplicationContext@entry\src\main\ets\entryability\EntryAbility.ets:10","this","5.0.2(14)","export function getApplicationContext(): ApplicationContext"
"export type ArrayListComparatorFn<T> = (firstValue: T, secondValue: T) => number","新增API","harmonyos_api_changes/HarmonyOS_6.1.0(23)_Beta1.json","export","","if (event.type === TouchType.Down) {","ArkTS","library\src\main\ets\tablefixheaders\TableFixHeaders.ets:364","export type ArrayListComparatorFn<T> = (firstValue: T, secondValue: T) => number@library\src\main\ets\tablefixheaders\TableFixHeaders.ets:364","","6.1.0(23)","export type ArrayListComparatorFn<T> = (firstValue: T, secondValue: T) => number"
"export type ArrayListComparatorFn<T> = (firstValue: T, secondValue: T) => number","新增API","harmonyos_api_changes/HarmonyOS_6.1.0(23)_Beta1.json","export","","} else if (event.type === TouchType.Move) {","ArkTS","library\src\main\ets\tablefixheaders\TableFixHeaders.ets:376","export type ArrayListComparatorFn<T> = (firstValue: T, secondValue: T) => number@library\src\main\ets\tablefixheaders\TableFixHeaders.ets:376","","6.1.0(23)","export type ArrayListComparatorFn<T> = (firstValue: T, secondValue: T) => number"
"export type ArrayListComparatorFn<T> = (firstValue: T, secondValue: T) => number","新增API","harmonyos_api_changes/HarmonyOS_6.1.0(23)_Beta1.json","export","","} else if (event.type === TouchType.Up || event.type === TouchType.Cancel) {","ArkTS","library\src\main\ets\tablefixheaders\TableFixHeaders.ets:394","export type ArrayListComparatorFn<T> = (firstValue: T, secondValue: T) => number@library\src\main\ets\tablefixheaders\TableFixHeaders.ets:394","","6.1.0(23)","export type ArrayListComparatorFn<T> = (firstValue: T, secondValue: T) => number"
"export type ClickCallback = () => void","新增API","harmonyos_api_changes/HarmonyOS_5.1.0(18).json","export","","if (event.type === TouchType.Down) {","ArkTS","library\src\main\ets\tablefixheaders\TableFixHeaders.ets:364","export type ClickCallback = () => void@library\src\main\ets\tablefixheaders\TableFixHeaders.ets:364","","5.1.0(18)","export type ClickCallback = () => void"
"export type ClickCallback = () => void","新增API","harmonyos_api_changes/HarmonyOS_5.1.0(18).json","export","","} else if (event.type === TouchType.Move) {","ArkTS","library\src\main\ets\tablefixheaders\TableFixHeaders.ets:376","export type ClickCallback = () => void@library\src\main\ets\tablefixheaders\TableFixHeaders.ets:376","","5.1.0(18)","export type ClickCallback = () => void"
"export type ClickCallback = () => void","新增API","harmonyos_api_changes/HarmonyOS_5.1.0(18).json","export","","} else if (event.type === TouchType.Up || event.type === TouchType.Cancel) {","ArkTS","library\src\main\ets\tablefixheaders\TableFixHeaders.ets:394","export type ClickCallback = () => void@library\src\main\ets\tablefixheaders\TableFixHeaders.ets:394","","5.1.0(18)","export type ClickCallback = () => void"
"export type ClientConnectionCloseCallback = (clientConnection: WebSocketConnection, closeReason: CloseResult) => void","新增API","harmonyos_api_changes/HarmonyOS_5.1.1(19)_Beta1.json","export","","if (event.type === TouchType.Down) {","ArkTS","library\src\main\ets\tablefixheaders\TableFixHeaders.ets:364","export type ClientConnectionCloseCallback = (clientConnection: WebSocketConnection, closeReason: CloseResult) => void@library\src\main\ets\tablefixheaders\TableFixHeaders.ets:364","","5.1.1(19)","export type ClientConnectionCloseCallback = (clientConnection: WebSocketConnection, closeReason: CloseResult) => void"
"export type ClientConnectionCloseCallback = (clientConnection: WebSocketConnection, closeReason: CloseResult) => void","新增API","harmonyos_api_changes/HarmonyOS_5.1.1(19)_Beta1.json","export","","} else if (event.type === TouchType.Move) {","ArkTS","library\src\main\ets\tablefixheaders\TableFixHeaders.ets:376","export type ClientConnectionCloseCallback = (clientConnection: WebSocketConnection, closeReason: CloseResult) => void@library\src\main\ets\tablefixheaders\TableFixHeaders.ets:376","","5.1.1(19)","export type ClientConnectionCloseCallback = (clientConnection: WebSocketConnection, closeReason: CloseResult) => void"
"export type ClientConnectionCloseCallback = (clientConnection: WebSocketConnection, closeReason: CloseResult) => void","新增API","harmonyos_api_changes/HarmonyOS_5.1.1(19)_Beta1.json","export","","} else if (event.type === TouchType.Up || event.type === TouchType.Cancel) {","ArkTS","library\src\main\ets\tablefixheaders\TableFixHeaders.ets:394","export type ClientConnectionCloseCallback = (clientConnection: WebSocketConnection, closeReason: CloseResult) => void@library\src\main\ets\tablefixheaders\TableFixHeaders.ets:394","","5.1.1(19)","export type ClientConnectionCloseCallback = (clientConnection: WebSocketConnection, closeReason: CloseResult) => void"
"export type ContentCoding = 'aes128gcm' | 'br' | 'compress' | 'deflate' | 'exi' | 'gzip' | 'pack200-gzip' | 'x-compress' | 'x-gzip' | 'zstd' | (string \& NonNullable<unknown>)","API模型切换","harmonyos_api_changes/HarmonyOS_6.1.0(23)_Beta1.json","export","","if (event.type === TouchType.Down) {","ArkTS","library\src\main\ets\tablefixheaders\TableFixHeaders.ets:364","export type ContentCoding = 'aes128gcm' | 'br' | 'compress' | 'deflate' | 'exi' | 'gzip' | 'pack200-gzip' | 'x-compress' | 'x-gzip' | 'zstd' | (string \& NonNullable<unknown>)@library\src\main\ets\tablefixheaders\TableFixHeaders.ets:364","","6.1.0(23)","export type ContentCoding = 'aes128gcm' | 'br' | 'compress' | 'deflate' | 'exi' | 'gzip' | 'pack200-gzip' | 'x-compress' | 'x-gzip' | 'zstd' | (string \& NonNullable<unknown>)"
"export type ContentCoding = 'aes128gcm' | 'br' | 'compress' | 'deflate' | 'exi' | 'gzip' | 'pack200-gzip' | 'x-compress' | 'x-gzip' | 'zstd' | (string \& NonNullable<unknown>)","API模型切换","harmonyos_api_changes/HarmonyOS_6.1.0(23)_Beta1.json","export","","} else if (event.type === TouchType.Move) {","ArkTS","library\src\main\ets\tablefixheaders\TableFixHeaders.ets:376","export type ContentCoding = 'aes128gcm' | 'br' | 'compress' | 'deflate' | 'exi' | 'gzip' | 'pack200-gzip' | 'x-compress' | 'x-gzip' | 'zstd' | (string \& NonNullable<unknown>)@library\src\main\ets\tablefixheaders\TableFixHeaders.ets:376","","6.1.0(23)","export type ContentCoding = 'aes128gcm' | 'br' | 'compress' | 'deflate' | 'exi' | 'gzip' | 'pack200-gzip' | 'x-compress' | 'x-gzip' | 'zstd' | (string \& NonNullable<unknown>)"
"export type ContentCoding = 'aes128gcm' | 'br' | 'compress' | 'deflate' | 'exi' | 'gzip' | 'pack200-gzip' | 'x-compress' | 'x-gzip' | 'zstd' | (string \& NonNullable<unknown>)","API模型切换","harmonyos_api_changes/HarmonyOS_6.1.0(23)_Beta1.json","export","","} else if (event.type === TouchType.Up || event.type === TouchType.Cancel) {","ArkTS","library\src\main\ets\tablefixheaders\TableFixHeaders.ets:394","export type ContentCoding = 'aes128gcm' | 'br' | 'compress' | 'deflate' | 'exi' | 'gzip' | 'pack200-gzip' | 'x-compress' | 'x-gzip' | 'zstd' | (string \& NonNullable<unknown>)@library\src\main\ets\tablefixheaders\TableFixHeaders.ets:394","","6.1.0(23)","export type ContentCoding = 'aes128gcm' | 'br' | 'compress' | 'deflate' | 'exi' | 'gzip' | 'pack200-gzip' | 'x-compress' | 'x-gzip' | 'zstd' | (string \& NonNullable<unknown>)"
"export type ContentType = 'application/json' | 'text/plain' | 'multipart/form-data' | 'application/octet-stream' | 'application/x-www-form-urlencoded' | (string \& NonNullable<unknown>)","API模型切换","harmonyos_api_changes/HarmonyOS_6.1.0(23)_Beta1.json","export","","if (event.type === TouchType.Down) {","ArkTS","library\src\main\ets\tablefixheaders\TableFixHeaders.ets:364","export type ContentType = 'application/json' | 'text/plain' | 'multipart/form-data' | 'application/octet-stream' | 'application/x-www-form-urlencoded' | (string \& NonNullable<unknown>)@library\src\main\ets\tablefixheaders\TableFixHeaders.ets:364","","6.1.0(23)","export type ContentType = 'application/json' | 'text/plain' | 'multipart/form-data' | 'application/octet-stream' | 'application/x-www-form-urlencoded' | (string \& NonNullable<unknown>)"
"export type ContentType = 'application/json' | 'text/plain' | 'multipart/form-data' | 'application/octet-stream' | 'application/x-www-form-urlencoded' | (string \& NonNullable<unknown>)","API模型切换","harmonyos_api_changes/HarmonyOS_6.1.0(23)_Beta1.json","export","","} else if (event.type === TouchType.Move) {","ArkTS","library\src\main\ets\tablefixheaders\TableFixHeaders.ets:376","export type ContentType = 'application/json' | 'text/plain' | 'multipart/form-data' | 'application/octet-stream' | 'application/x-www-form-urlencoded' | (string \& NonNullable<unknown>)@library\src\main\ets\tablefixheaders\TableFixHeaders.ets:376","","6.1.0(23)","export type ContentType = 'application/json' | 'text/plain' | 'multipart/form-data' | 'application/octet-stream' | 'application/x-www-form-urlencoded' | (string \& NonNullable<unknown>)"
"export type ContentType = 'application/json' | 'text/plain' | 'multipart/form-data' | 'application/octet-stream' | 'application/x-www-form-urlencoded' | (string \& NonNullable<unknown>)","API模型切换","harmonyos_api_changes/HarmonyOS_6.1.0(23)_Beta1.json","export","","} else if (event.type === TouchType.Up || event.type === TouchType.Cancel) {","ArkTS","library\src\main\ets\tablefixheaders\TableFixHeaders.ets:394","export type ContentType = 'application/json' | 'text/plain' | 'multipart/form-data' | 'application/octet-stream' | 'application/x-www-form-urlencoded' | (string \& NonNullable<unknown>)@library\src\main\ets\tablefixheaders\TableFixHeaders.ets:394","","6.1.0(23)","export type ContentType = 'application/json' | 'text/plain' | 'multipart/form-data' | 'application/octet-stream' | 'application/x-www-form-urlencoded' | (string \& NonNullable<unknown>)"
"export type CurrentAlbumDeletedCallback = () => void","新增API","harmonyos_api_changes/HarmonyOS_5.0.1(13)_Beta3.json","export","","if (event.type === TouchType.Down) {","ArkTS","library\src\main\ets\tablefixheaders\TableFixHeaders.ets:364","export type CurrentAlbumDeletedCallback = () => void@library\src\main\ets\tablefixheaders\TableFixHeaders.ets:364","","5.0.1(13)","export type CurrentAlbumDeletedCallback = () => void"
"export type CurrentAlbumDeletedCallback = () => void","新增API","harmonyos_api_changes/HarmonyOS_5.0.1(13)_Beta3.json","export","","} else if (event.type === TouchType.Move) {","ArkTS","library\src\main\ets\tablefixheaders\TableFixHeaders.ets:376","export type CurrentAlbumDeletedCallback = () => void@library\src\main\ets\tablefixheaders\TableFixHeaders.ets:376","","5.0.1(13)","export type CurrentAlbumDeletedCallback = () => void"
"export type CurrentAlbumDeletedCallback = () => void","新增API","harmonyos_api_changes/HarmonyOS_5.0.1(13)_Beta3.json","export","","} else if (event.type === TouchType.Up || event.type === TouchType.Cancel) {","ArkTS","library\src\main\ets\tablefixheaders\TableFixHeaders.ets:394","export type CurrentAlbumDeletedCallback = () => void@library\src\main\ets\tablefixheaders\TableFixHeaders.ets:394","","5.0.1(13)","export type CurrentAlbumDeletedCallback = () => void"
"export type DynamicDnsRule = (host: string, port: number) => IpAddress\[\]","API模型切换","harmonyos_api_changes/HarmonyOS_6.1.0(23)_Beta1.json","export","","if (event.type === TouchType.Down) {","ArkTS","library\src\main\ets\tablefixheaders\TableFixHeaders.ets:364","export type DynamicDnsRule = (host: string, port: number) => IpAddress\[\]@library\src\main\ets\tablefixheaders\TableFixHeaders.ets:364","","6.1.0(23)","export type DynamicDnsRule = (host: string, port: number) => IpAddress\[\]"
"export type DynamicDnsRule = (host: string, port: number) => IpAddress\[\]","API模型切换","harmonyos_api_changes/HarmonyOS_6.1.0(23)_Beta1.json","export","","} else if (event.type === TouchType.Move) {","ArkTS","library\src\main\ets\tablefixheaders\TableFixHeaders.ets:376","export type DynamicDnsRule = (host: string, port: number) => IpAddress\[\]@library\src\main\ets\tablefixheaders\TableFixHeaders.ets:376","","6.1.0(23)","export type DynamicDnsRule = (host: string, port: number) => IpAddress\[\]"
"export type DynamicDnsRule = (host: string, port: number) => IpAddress\[\]","API模型切换","harmonyos_api_changes/HarmonyOS_6.1.0(23)_Beta1.json","export","","} else if (event.type === TouchType.Up || event.type === TouchType.Cancel) {","ArkTS","library\src\main\ets\tablefixheaders\TableFixHeaders.ets:394","export type DynamicDnsRule = (host: string, port: number) => IpAddress\[\]@library\src\main\ets\tablefixheaders\TableFixHeaders.ets:394","","6.1.0(23)","export type DynamicDnsRule = (host: string, port: number) => IpAddress\[\]"
"export type DynamicExclusionRule = (url: URLOrString) => boolean","API模型切换","harmonyos_api_changes/HarmonyOS_6.1.0(23)_Beta1.json","export","","if (event.type === TouchType.Down) {","ArkTS","library\src\main\ets\tablefixheaders\TableFixHeaders.ets:364","export type DynamicExclusionRule = (url: URLOrString) => boolean@library\src\main\ets\tablefixheaders\TableFixHeaders.ets:364","","6.1.0(23)","export type DynamicExclusionRule = (url: URLOrString) => boolean"
"export type DynamicExclusionRule = (url: URLOrString) => boolean","API模型切换","harmonyos_api_changes/HarmonyOS_6.1.0(23)_Beta1.json","export","","} else if (event.type === TouchType.Move) {","ArkTS","library\src\main\ets\tablefixheaders\TableFixHeaders.ets:376","export type DynamicExclusionRule = (url: URLOrString) => boolean@library\src\main\ets\tablefixheaders\TableFixHeaders.ets:376","","6.1.0(23)","export type DynamicExclusionRule = (url: URLOrString) => boolean"
"export type DynamicExclusionRule = (url: URLOrString) => boolean","API模型切换","harmonyos_api_changes/HarmonyOS_6.1.0(23)_Beta1.json","export","","} else if (event.type === TouchType.Up || event.type === TouchType.Cancel) {","ArkTS","library\src\main\ets\tablefixheaders\TableFixHeaders.ets:394","export type DynamicExclusionRule = (url: URLOrString) => boolean@library\src\main\ets\tablefixheaders\TableFixHeaders.ets:394","","6.1.0(23)","export type DynamicExclusionRule = (url: URLOrString) => boolean"
"export type EmptyAreaClickCallback = () => void","新增API","harmonyos_api_changes/HarmonyOS_5.0.1(13)_Beta3.json","export","","if (event.type === TouchType.Down) {","ArkTS","library\src\main\ets\tablefixheaders\TableFixHeaders.ets:364","export type EmptyAreaClickCallback = () => void@library\src\main\ets\tablefixheaders\TableFixHeaders.ets:364","","5.0.1(13)","export type EmptyAreaClickCallback = () => void"
"export type EmptyAreaClickCallback = () => void","新增API","harmonyos_api_changes/HarmonyOS_5.0.1(13)_Beta3.json","export","","} else if (event.type === TouchType.Move) {","ArkTS","library\src\main\ets\tablefixheaders\TableFixHeaders.ets:376","export type EmptyAreaClickCallback = () => void@library\src\main\ets\tablefixheaders\TableFixHeaders.ets:376","","5.0.1(13)","export type EmptyAreaClickCallback = () => void"
"export type EmptyAreaClickCallback = () => void","新增API","harmonyos_api_changes/HarmonyOS_5.0.1(13)_Beta3.json","export","","} else if (event.type === TouchType.Up || event.type === TouchType.Cancel) {","ArkTS","library\src\main\ets\tablefixheaders\TableFixHeaders.ets:394","export type EmptyAreaClickCallback = () => void@library\src\main\ets\tablefixheaders\TableFixHeaders.ets:394","","5.0.1(13)","export type EmptyAreaClickCallback = () => void"
"export type ErrorCallback = (pickerError: PickerError) => void","新增API","harmonyos_api_changes/HarmonyOS_6.1.0(23)_Beta1.json","export","","if (event.type === TouchType.Down) {","ArkTS","library\src\main\ets\tablefixheaders\TableFixHeaders.ets:364","export type ErrorCallback = (pickerError: PickerError) => void@library\src\main\ets\tablefixheaders\TableFixHeaders.ets:364","","6.1.0(23)","export type ErrorCallback = (pickerError: PickerError) => void"
"export type ErrorCallback = (pickerError: PickerError) => void","新增API","harmonyos_api_changes/HarmonyOS_6.1.0(23)_Beta1.json","export","","} else if (event.type === TouchType.Move) {","ArkTS","library\src\main\ets\tablefixheaders\TableFixHeaders.ets:376","export type ErrorCallback = (pickerError: PickerError) => void@library\src\main\ets\tablefixheaders\TableFixHeaders.ets:376","","6.1.0(23)","export type ErrorCallback = (pickerError: PickerError) => void"
"export type ErrorCallback = (pickerError: PickerError) => void","新增API","harmonyos_api_changes/HarmonyOS_6.1.0(23)_Beta1.json","export","","} else if (event.type === TouchType.Up || event.type === TouchType.Cancel) {","ArkTS","library\src\main\ets\tablefixheaders\TableFixHeaders.ets:394","export type ErrorCallback = (pickerError: PickerError) => void@library\src\main\ets\tablefixheaders\TableFixHeaders.ets:394","","6.1.0(23)","export type ErrorCallback = (pickerError: PickerError) => void"
"export type ErrorHandler = (errObject: Error) => void","新增API","harmonyos_api_changes/HarmonyOS_6.0.1(21)_Beta1.json","export","","if (event.type === TouchType.Down) {","ArkTS","library\src\main\ets\tablefixheaders\TableFixHeaders.ets:364","export type ErrorHandler = (errObject: Error) => void@library\src\main\ets\tablefixheaders\TableFixHeaders.ets:364","","6.0.1(21)","export type ErrorHandler = (errObject: Error) => void"
"export type ErrorHandler = (errObject: Error) => void","新增API","harmonyos_api_changes/HarmonyOS_6.0.1(21)_Beta1.json","export","","} else if (event.type === TouchType.Move) {","ArkTS","library\src\main\ets\tablefixheaders\TableFixHeaders.ets:376","export type ErrorHandler = (errObject: Error) => void@library\src\main\ets\tablefixheaders\TableFixHeaders.ets:376","","6.0.1(21)","export type ErrorHandler = (errObject: Error) => void"
"export type ErrorHandler = (errObject: Error) => void","新增API","harmonyos_api_changes/HarmonyOS_6.0.1(21)_Beta1.json","export","","} else if (event.type === TouchType.Up || event.type === TouchType.Cancel) {","ArkTS","library\src\main\ets\tablefixheaders\TableFixHeaders.ets:394","export type ErrorHandler = (errObject: Error) => void@library\src\main\ets\tablefixheaders\TableFixHeaders.ets:394","","6.0.1(21)","export type ErrorHandler = (errObject: Error) => void"
"export type ExceedMaxSelectedCallback = (exceedMaxCountType: MaxCountType) => void","新增API","harmonyos_api_changes/HarmonyOS_5.0.1(13)_Beta3.json","export","","if (event.type === TouchType.Down) {","ArkTS","library\src\main\ets\tablefixheaders\TableFixHeaders.ets:364","export type ExceedMaxSelectedCallback = (exceedMaxCountType: MaxCountType) => void@library\src\main\ets\tablefixheaders\TableFixHeaders.ets:364","","5.0.1(13)","export type ExceedMaxSelectedCallback = (exceedMaxCountType: MaxCountType) => void"
"export type ExceedMaxSelectedCallback = (exceedMaxCountType: MaxCountType) => void","新增API","harmonyos_api_changes/HarmonyOS_5.0.1(13)_Beta3.json","export","","} else if (event.type === TouchType.Move) {","ArkTS","library\src\main\ets\tablefixheaders\TableFixHeaders.ets:376","export type ExceedMaxSelectedCallback = (exceedMaxCountType: MaxCountType) => void@library\src\main\ets\tablefixheaders\TableFixHeaders.ets:376","","5.0.1(13)","export type ExceedMaxSelectedCallback = (exceedMaxCountType: MaxCountType) => void"
"export type ExceedMaxSelectedCallback = (exceedMaxCountType: MaxCountType) => void","新增API","harmonyos_api_changes/HarmonyOS_5.0.1(13)_Beta3.json","export","","} else if (event.type === TouchType.Up || event.type === TouchType.Cancel) {","ArkTS","library\src\main\ets\tablefixheaders\TableFixHeaders.ets:394","export type ExceedMaxSelectedCallback = (exceedMaxCountType: MaxCountType) => void@library\src\main\ets\tablefixheaders\TableFixHeaders.ets:394","","5.0.1(13)","export type ExceedMaxSelectedCallback = (exceedMaxCountType: MaxCountType) => void"
"export type FreezeObserver = () => void","新增API","harmonyos_api_changes/HarmonyOS_5.1.0(18).json","export","","if (event.type === TouchType.Down) {","ArkTS","library\src\main\ets\tablefixheaders\TableFixHeaders.ets:364","export type FreezeObserver = () => void@library\src\main\ets\tablefixheaders\TableFixHeaders.ets:364","","5.1.0(18)","export type FreezeObserver = () => void"
"export type FreezeObserver = () => void","新增API","harmonyos_api_changes/HarmonyOS_5.1.0(18).json","export","","} else if (event.type === TouchType.Move) {","ArkTS","library\src\main\ets\tablefixheaders\TableFixHeaders.ets:376","export type FreezeObserver = () => void@library\src\main\ets\tablefixheaders\TableFixHeaders.ets:376","","5.1.0(18)","export type FreezeObserver = () => void"
"export type FreezeObserver = () => void","新增API","harmonyos_api_changes/HarmonyOS_5.1.0(18).json","export","","} else if (event.type === TouchType.Up || event.type === TouchType.Cancel) {","ArkTS","library\src\main\ets\tablefixheaders\TableFixHeaders.ets:394","export type FreezeObserver = () => void@library\src\main\ets\tablefixheaders\TableFixHeaders.ets:394","","5.1.0(18)","export type FreezeObserver = () => void"
"export type GSTileRequestCallback = (tiles: GSTile\[\]) => void","新增API","harmonyos_api_changes/HarmonyOS_26.0.0_Beta2.json","export","","if (event.type === TouchType.Down) {","ArkTS","library\src\main\ets\tablefixheaders\TableFixHeaders.ets:364","export type GSTileRequestCallback = (tiles: GSTile\[\]) => void@library\src\main\ets\tablefixheaders\TableFixHeaders.ets:364","","26.0.0 Beta2","export type GSTileRequestCallback = (tiles: GSTile\[\]) => void"
"export type GSTileRequestCallback = (tiles: GSTile\[\]) => void","新增API","harmonyos_api_changes/HarmonyOS_26.0.0_Beta2.json","export","","} else if (event.type === TouchType.Move) {","ArkTS","library\src\main\ets\tablefixheaders\TableFixHeaders.ets:376","export type GSTileRequestCallback = (tiles: GSTile\[\]) => void@library\src\main\ets\tablefixheaders\TableFixHeaders.ets:376","","26.0.0 Beta2","export type GSTileRequestCallback = (tiles: GSTile\[\]) => void"
"export type GSTileRequestCallback = (tiles: GSTile\[\]) => void","新增API","harmonyos_api_changes/HarmonyOS_26.0.0_Beta2.json","export","","} else if (event.type === TouchType.Up || event.type === TouchType.Cancel) {","ArkTS","library\src\main\ets\tablefixheaders\TableFixHeaders.ets:394","export type GSTileRequestCallback = (tiles: GSTile\[\]) => void@library\src\main\ets\tablefixheaders\TableFixHeaders.ets:394","","26.0.0 Beta2","export type GSTileRequestCallback = (tiles: GSTile\[\]) => void"
"export type GetDataCallback = (maxSize: number) => ArrayBuffer | Promise<ArrayBuffer>","API模型切换","harmonyos_api_changes/HarmonyOS_6.1.0(23)_Beta1.json","export","","if (event.type === TouchType.Down) {","ArkTS","library\src\main\ets\tablefixheaders\TableFixHeaders.ets:364","export type GetDataCallback = (maxSize: number) => ArrayBuffer | Promise<ArrayBuffer>@library\src\main\ets\tablefixheaders\TableFixHeaders.ets:364","","6.1.0(23)","export type GetDataCallback = (maxSize: number) => ArrayBuffer | Promise<ArrayBuffer>"
"export type GetDataCallback = (maxSize: number) => ArrayBuffer | Promise<ArrayBuffer>","API模型切换","harmonyos_api_changes/HarmonyOS_6.1.0(23)_Beta1.json","export","","} else if (event.type === TouchType.Move) {","ArkTS","library\src\main\ets\tablefixheaders\TableFixHeaders.ets:376","export type GetDataCallback = (maxSize: number) => ArrayBuffer | Promise<ArrayBuffer>@library\src\main\ets\tablefixheaders\TableFixHeaders.ets:376","","6.1.0(23)","export type GetDataCallback = (maxSize: number) => ArrayBuffer | Promise<ArrayBuffer>"
"export type GetDataCallback = (maxSize: number) => ArrayBuffer | Promise<ArrayBuffer>","API模型切换","harmonyos_api_changes/HarmonyOS_6.1.0(23)_Beta1.json","export","","} else if (event.type === TouchType.Up || event.type === TouchType.Cancel) {","ArkTS","library\src\main\ets\tablefixheaders\TableFixHeaders.ets:394","export type GetDataCallback = (maxSize: number) => ArrayBuffer | Promise<ArrayBuffer>@library\src\main\ets\tablefixheaders\TableFixHeaders.ets:394","","6.1.0(23)","export type GetDataCallback = (maxSize: number) => ArrayBuffer | Promise<ArrayBuffer>"
"export type GlobalObserver = (reason: GlobalError) => void","新增API","harmonyos_api_changes/HarmonyOS_5.1.0(18).json","export","","if (event.type === TouchType.Down) {","ArkTS","library\src\main\ets\tablefixheaders\TableFixHeaders.ets:364","export type GlobalObserver = (reason: GlobalError) => void@library\src\main\ets\tablefixheaders\TableFixHeaders.ets:364","","5.1.0(18)","export type GlobalObserver = (reason: GlobalError) => void"
"export type GlobalObserver = (reason: GlobalError) => void","新增API","harmonyos_api_changes/HarmonyOS_5.1.0(18).json","export","","} else if (event.type === TouchType.Move) {","ArkTS","library\src\main\ets\tablefixheaders\TableFixHeaders.ets:376","export type GlobalObserver = (reason: GlobalError) => void@library\src\main\ets\tablefixheaders\TableFixHeaders.ets:376","","5.1.0(18)","export type GlobalObserver = (reason: GlobalError) => void"
"export type GlobalObserver = (reason: GlobalError) => void","新增API","harmonyos_api_changes/HarmonyOS_5.1.0(18).json","export","","} else if (event.type === TouchType.Up || event.type === TouchType.Cancel) {","ArkTS","library\src\main\ets\tablefixheaders\TableFixHeaders.ets:394","export type GlobalObserver = (reason: GlobalError) => void@library\src\main\ets\tablefixheaders\TableFixHeaders.ets:394","","5.1.0(18)","export type GlobalObserver = (reason: GlobalError) => void"
"export type HttpMethod = 'GET' | 'POST' | 'HEAD' | 'PUT' | 'DELETE' | 'PATCH' | 'OPTIONS' | (string \& NonNullable<unknown>)","API模型切换","harmonyos_api_changes/HarmonyOS_6.1.0(23)_Beta1.json","export","","if (event.type === TouchType.Down) {","ArkTS","library\src\main\ets\tablefixheaders\TableFixHeaders.ets:364","export type HttpMethod = 'GET' | 'POST' | 'HEAD' | 'PUT' | 'DELETE' | 'PATCH' | 'OPTIONS' | (string \& NonNullable<unknown>)@library\src\main\ets\tablefixheaders\TableFixHeaders.ets:364","","6.1.0(23)","export type HttpMethod = 'GET' | 'POST' | 'HEAD' | 'PUT' | 'DELETE' | 'PATCH' | 'OPTIONS' | (string \& NonNullable<unknown>)"
"export type HttpMethod = 'GET' | 'POST' | 'HEAD' | 'PUT' | 'DELETE' | 'PATCH' | 'OPTIONS' | (string \& NonNullable<unknown>)","API模型切换","harmonyos_api_changes/HarmonyOS_6.1.0(23)_Beta1.json","export","","} else if (event.type === TouchType.Move) {","ArkTS","library\src\main\ets\tablefixheaders\TableFixHeaders.ets:376","export type HttpMethod = 'GET' | 'POST' | 'HEAD' | 'PUT' | 'DELETE' | 'PATCH' | 'OPTIONS' | (string \& NonNullable<unknown>)@library\src\main\ets\tablefixheaders\TableFixHeaders.ets:376","","6.1.0(23)","export type HttpMethod = 'GET' | 'POST' | 'HEAD' | 'PUT' | 'DELETE' | 'PATCH' | 'OPTIONS' | (string \& NonNullable<unknown>)"
"export type HttpMethod = 'GET' | 'POST' | 'HEAD' | 'PUT' | 'DELETE' | 'PATCH' | 'OPTIONS' | (string \& NonNullable<unknown>)","API模型切换","harmonyos_api_changes/HarmonyOS_6.1.0(23)_Beta1.json","export","","} else if (event.type === TouchType.Up || event.type === TouchType.Cancel) {","ArkTS","library\src\main\ets\tablefixheaders\TableFixHeaders.ets:394","export type HttpMethod = 'GET' | 'POST' | 'HEAD' | 'PUT' | 'DELETE' | 'PATCH' | 'OPTIONS' | (string \& NonNullable<unknown>)@library\src\main\ets\tablefixheaders\TableFixHeaders.ets:394","","6.1.0(23)","export type HttpMethod = 'GET' | 'POST' | 'HEAD' | 'PUT' | 'DELETE' | 'PATCH' | 'OPTIONS' | (string \& NonNullable<unknown>)"
"export type HttpVersionSelectCallback = (url: URL) => HttpVersion","新增API","harmonyos_api_changes/HarmonyOS_26.0.0_Beta1.json","export","","if (event.type === TouchType.Down) {","ArkTS","library\src\main\ets\tablefixheaders\TableFixHeaders.ets:364","export type HttpVersionSelectCallback = (url: URL) => HttpVersion@library\src\main\ets\tablefixheaders\TableFixHeaders.ets:364","","26.0.0 Beta2","export type HttpVersionSelectCallback = (url: URL) => HttpVersion"
"export type HttpVersionSelectCallback = (url: URL) => HttpVersion","新增API","harmonyos_api_changes/HarmonyOS_26.0.0_Beta1.json","export","","} else if (event.type === TouchType.Move) {","ArkTS","library\src\main\ets\tablefixheaders\TableFixHeaders.ets:376","export type HttpVersionSelectCallback = (url: URL) => HttpVersion@library\src\main\ets\tablefixheaders\TableFixHeaders.ets:376","","26.0.0 Beta2","export type HttpVersionSelectCallback = (url: URL) => HttpVersion"
"export type HttpVersionSelectCallback = (url: URL) => HttpVersion","新增API","harmonyos_api_changes/HarmonyOS_26.0.0_Beta1.json","export","","} else if (event.type === TouchType.Up || event.type === TouchType.Cancel) {","ArkTS","library\src\main\ets\tablefixheaders\TableFixHeaders.ets:394","export type HttpVersionSelectCallback = (url: URL) => HttpVersion@library\src\main\ets\tablefixheaders\TableFixHeaders.ets:394","","26.0.0 Beta2","export type HttpVersionSelectCallback = (url: URL) => HttpVersion"
"export type IncomingDataCallback = (incomingData: ArrayBuffer) => void | Promise<void>","API模型切换","harmonyos_api_changes/HarmonyOS_6.1.0(23)_Beta1.json","export","","if (event.type === TouchType.Down) {","ArkTS","library\src\main\ets\tablefixheaders\TableFixHeaders.ets:364","export type IncomingDataCallback = (incomingData: ArrayBuffer) => void | Promise<void>@library\src\main\ets\tablefixheaders\TableFixHeaders.ets:364","","6.1.0(23)","export type IncomingDataCallback = (incomingData: ArrayBuffer) => void | Promise<void>"
"export type IncomingDataCallback = (incomingData: ArrayBuffer) => void | Promise<void>","API模型切换","harmonyos_api_changes/HarmonyOS_6.1.0(23)_Beta1.json","export","","} else if (event.type === TouchType.Move) {","ArkTS","library\src\main\ets\tablefixheaders\TableFixHeaders.ets:376","export type IncomingDataCallback = (incomingData: ArrayBuffer) => void | Promise<void>@library\src\main\ets\tablefixheaders\TableFixHeaders.ets:376","","6.1.0(23)","export type IncomingDataCallback = (incomingData: ArrayBuffer) => void | Promise<void>"
"export type IncomingDataCallback = (incomingData: ArrayBuffer) => void | Promise<void>","API模型切换","harmonyos_api_changes/HarmonyOS_6.1.0(23)_Beta1.json","export","","} else if (event.type === TouchType.Up || event.type === TouchType.Cancel) {","ArkTS","library\src\main\ets\tablefixheaders\TableFixHeaders.ets:394","export type IncomingDataCallback = (incomingData: ArrayBuffer) => void | Promise<void>@library\src\main\ets\tablefixheaders\TableFixHeaders.ets:394","","6.1.0(23)","export type IncomingDataCallback = (incomingData: ArrayBuffer) => void | Promise<void>"
"export type ItemClickedNotifyCallback = (itemInfo: ItemInfo, clickType: ClickType) => void","新增API","harmonyos_api_changes/HarmonyOS_6.1.0(23)_Beta1.json","export","","if (event.type === TouchType.Down) {","ArkTS","library\src\main\ets\tablefixheaders\TableFixHeaders.ets:364","export type ItemClickedNotifyCallback = (itemInfo: ItemInfo, clickType: ClickType) => void@library\src\main\ets\tablefixheaders\TableFixHeaders.ets:364","","6.1.0(23)","export type ItemClickedNotifyCallback = (itemInfo: ItemInfo, clickType: ClickType) => void"
"export type ItemClickedNotifyCallback = (itemInfo: ItemInfo, clickType: ClickType) => void","新增API","harmonyos_api_changes/HarmonyOS_6.1.0(23)_Beta1.json","export","","} else if (event.type === TouchType.Move) {","ArkTS","library\src\main\ets\tablefixheaders\TableFixHeaders.ets:376","export type ItemClickedNotifyCallback = (itemInfo: ItemInfo, clickType: ClickType) => void@library\src\main\ets\tablefixheaders\TableFixHeaders.ets:376","","6.1.0(23)","export type ItemClickedNotifyCallback = (itemInfo: ItemInfo, clickType: ClickType) => void"
"export type ItemClickedNotifyCallback = (itemInfo: ItemInfo, clickType: ClickType) => void","新增API","harmonyos_api_changes/HarmonyOS_6.1.0(23)_Beta1.json","export","","} else if (event.type === TouchType.Up || event.type === TouchType.Cancel) {","ArkTS","library\src\main\ets\tablefixheaders\TableFixHeaders.ets:394","export type ItemClickedNotifyCallback = (itemInfo: ItemInfo, clickType: ClickType) => void@library\src\main\ets\tablefixheaders\TableFixHeaders.ets:394","","6.1.0(23)","export type ItemClickedNotifyCallback = (itemInfo: ItemInfo, clickType: ClickType) => void"
"export type ItemsDeletedCallback = (baseItemInfos: Array<BaseItemInfo>) => void","新增API","harmonyos_api_changes/HarmonyOS_5.0.1(13)_Beta3.json","export","","if (event.type === TouchType.Down) {","ArkTS","library\src\main\ets\tablefixheaders\TableFixHeaders.ets:364","export type ItemsDeletedCallback = (baseItemInfos: Array<BaseItemInfo>) => void@library\src\main\ets\tablefixheaders\TableFixHeaders.ets:364","","5.0.1(13)","export type ItemsDeletedCallback = (baseItemInfos: Array<BaseItemInfo>) => void"
"export type ItemsDeletedCallback = (baseItemInfos: Array<BaseItemInfo>) => void","新增API","harmonyos_api_changes/HarmonyOS_5.0.1(13)_Beta3.json","export","","} else if (event.type === TouchType.Move) {","ArkTS","library\src\main\ets\tablefixheaders\TableFixHeaders.ets:376","export type ItemsDeletedCallback = (baseItemInfos: Array<BaseItemInfo>) => void@library\src\main\ets\tablefixheaders\TableFixHeaders.ets:376","","5.0.1(13)","export type ItemsDeletedCallback = (baseItemInfos: Array<BaseItemInfo>) => void"
"export type ItemsDeletedCallback = (baseItemInfos: Array<BaseItemInfo>) => void","新增API","harmonyos_api_changes/HarmonyOS_5.0.1(13)_Beta3.json","export","","} else if (event.type === TouchType.Up || event.type === TouchType.Cancel) {","ArkTS","library\src\main\ets\tablefixheaders\TableFixHeaders.ets:394","export type ItemsDeletedCallback = (baseItemInfos: Array<BaseItemInfo>) => void@library\src\main\ets\tablefixheaders\TableFixHeaders.ets:394","","5.0.1(13)","export type ItemsDeletedCallback = (baseItemInfos: Array<BaseItemInfo>) => void"
"export type ListComparatorFn<T> = (firstValue: T, secondValue: T) => number","新增API","harmonyos_api_changes/HarmonyOS_6.1.0(23)_Beta1.json","export","","if (event.type === TouchType.Down) {","ArkTS","library\src\main\ets\tablefixheaders\TableFixHeaders.ets:364","export type ListComparatorFn<T> = (firstValue: T, secondValue: T) => number@library\src\main\ets\tablefixheaders\TableFixHeaders.ets:364","","6.1.0(23)","export type ListComparatorFn<T> = (firstValue: T, secondValue: T) => number"
"export type ListComparatorFn<T> = (firstValue: T, secondValue: T) => number","新增API","harmonyos_api_changes/HarmonyOS_6.1.0(23)_Beta1.json","export","","} else if (event.type === TouchType.Move) {","ArkTS","library\src\main\ets\tablefixheaders\TableFixHeaders.ets:376","export type ListComparatorFn<T> = (firstValue: T, secondValue: T) => number@library\src\main\ets\tablefixheaders\TableFixHeaders.ets:376","","6.1.0(23)","export type ListComparatorFn<T> = (firstValue: T, secondValue: T) => number"
"export type ListComparatorFn<T> = (firstValue: T, secondValue: T) => number","新增API","harmonyos_api_changes/HarmonyOS_6.1.0(23)_Beta1.json","export","","} else if (event.type === TouchType.Up || event.type === TouchType.Cancel) {","ArkTS","library\src\main\ets\tablefixheaders\TableFixHeaders.ets:394","export type ListComparatorFn<T> = (firstValue: T, secondValue: T) => number@library\src\main\ets\tablefixheaders\TableFixHeaders.ets:394","","6.1.0(23)","export type ListComparatorFn<T> = (firstValue: T, secondValue: T) => number"
"export type MovingPhotoBadgeStateChangedCallback = (uri: string, state: photoAccessHelper.MovingPhotoBadgeStateType) => void","新增API","harmonyos_api_changes/HarmonyOS_6.0.2(22).json","export","","if (event.type === TouchType.Down) {","ArkTS","library\src\main\ets\tablefixheaders\TableFixHeaders.ets:364","export type MovingPhotoBadgeStateChangedCallback = (uri: string, state: photoAccessHelper.MovingPhotoBadgeStateType) => void@library\src\main\ets\tablefixheaders\TableFixHeaders.ets:364","","6.0.2(22)","export type MovingPhotoBadgeStateChangedCallback = (uri: string, state: photoAccessHelper.MovingPhotoBadgeStateType) => void"
"export type MovingPhotoBadgeStateChangedCallback = (uri: string, state: photoAccessHelper.MovingPhotoBadgeStateType) => void","新增API","harmonyos_api_changes/HarmonyOS_6.0.2(22).json","export","","} else if (event.type === TouchType.Move) {","ArkTS","library\src\main\ets\tablefixheaders\TableFixHeaders.ets:376","export type MovingPhotoBadgeStateChangedCallback = (uri: string, state: photoAccessHelper.MovingPhotoBadgeStateType) => void@library\src\main\ets\tablefixheaders\TableFixHeaders.ets:376","","6.0.2(22)","export type MovingPhotoBadgeStateChangedCallback = (uri: string, state: photoAccessHelper.MovingPhotoBadgeStateType) => void"
"export type MovingPhotoBadgeStateChangedCallback = (uri: string, state: photoAccessHelper.MovingPhotoBadgeStateType) => void","新增API","harmonyos_api_changes/HarmonyOS_6.0.2(22).json","export","","} else if (event.type === TouchType.Up || event.type === TouchType.Cancel) {","ArkTS","library\src\main\ets\tablefixheaders\TableFixHeaders.ets:394","export type MovingPhotoBadgeStateChangedCallback = (uri: string, state: photoAccessHelper.MovingPhotoBadgeStateType) => void@library\src\main\ets\tablefixheaders\TableFixHeaders.ets:394","","6.0.2(22)","export type MovingPhotoBadgeStateChangedCallback = (uri: string, state: photoAccessHelper.MovingPhotoBadgeStateType) => void"
"export type OnAuthenticationChallenge = (info: AuthenticationChallengeInfo\[\], response: Response, challengeCount: number) => ServerAuthentication | null","新增API","harmonyos_api_changes/HarmonyOS_6.1.0(23)_Beta1.json","export","","if (event.type === TouchType.Down) {","ArkTS","library\src\main\ets\tablefixheaders\TableFixHeaders.ets:364","export type OnAuthenticationChallenge = (info: AuthenticationChallengeInfo\[\], response: Response, challengeCount: number) => ServerAuthentication | null@library\src\main\ets\tablefixheaders\TableFixHeaders.ets:364","","6.1.0(23)","export type OnAuthenticationChallenge = (info: AuthenticationChallengeInfo\[\], response: Response, challengeCount: number) => ServerAuthentication | null"
"export type OnAuthenticationChallenge = (info: AuthenticationChallengeInfo\[\], response: Response, challengeCount: number) => ServerAuthentication | null","新增API","harmonyos_api_changes/HarmonyOS_6.1.0(23)_Beta1.json","export","","} else if (event.type === TouchType.Move) {","ArkTS","library\src\main\ets\tablefixheaders\TableFixHeaders.ets:376","export type OnAuthenticationChallenge = (info: AuthenticationChallengeInfo\[\], response: Response, challengeCount: number) => ServerAuthentication | null@library\src\main\ets\tablefixheaders\TableFixHeaders.ets:376","","6.1.0(23)","export type OnAuthenticationChallenge = (info: AuthenticationChallengeInfo\[\], response: Response, challengeCount: number) => ServerAuthentication | null"
"export type OnAuthenticationChallenge = (info: AuthenticationChallengeInfo\[\], response: Response, challengeCount: number) => ServerAuthentication | null","新增API","harmonyos_api_changes/HarmonyOS_6.1.0(23)_Beta1.json","export","","} else if (event.type === TouchType.Up || event.type === TouchType.Cancel) {","ArkTS","library\src\main\ets\tablefixheaders\TableFixHeaders.ets:394","export type OnAuthenticationChallenge = (info: AuthenticationChallengeInfo\[\], response: Response, challengeCount: number) => ServerAuthentication | null@library\src\main\ets\tablefixheaders\TableFixHeaders.ets:394","","6.1.0(23)","export type OnAuthenticationChallenge = (info: AuthenticationChallengeInfo\[\], response: Response, challengeCount: number) => ServerAuthentication | null"
"export type OnCanceled = () => void","自定义类型变更","harmonyos_api_changes/HarmonyOS_6.0.0(20)_Beta1.json","export","","if (event.type === TouchType.Down) {","ArkTS","library\src\main\ets\tablefixheaders\TableFixHeaders.ets:364","export type OnCanceled = () => void@library\src\main\ets\tablefixheaders\TableFixHeaders.ets:364","","6.0.0(20)","export type OnCanceled = () => void"
"export type OnCanceled = () => void","自定义类型变更","harmonyos_api_changes/HarmonyOS_6.0.0(20)_Beta1.json","export","","} else if (event.type === TouchType.Move) {","ArkTS","library\src\main\ets\tablefixheaders\TableFixHeaders.ets:376","export type OnCanceled = () => void@library\src\main\ets\tablefixheaders\TableFixHeaders.ets:376","","6.0.0(20)","export type OnCanceled = () => void"
"export type OnCanceled = () => void","自定义类型变更","harmonyos_api_changes/HarmonyOS_6.0.0(20)_Beta1.json","export","","} else if (event.type === TouchType.Up || event.type === TouchType.Cancel) {","ArkTS","library\src\main\ets\tablefixheaders\TableFixHeaders.ets:394","export type OnCanceled = () => void@library\src\main\ets\tablefixheaders\TableFixHeaders.ets:394","","6.0.0(20)","export type OnCanceled = () => void"
"export type OnCanceled = (request?: Request) => void","API模型切换","harmonyos_api_changes/HarmonyOS_6.1.0(23)_Beta1.json","export","","if (event.type === TouchType.Down) {","ArkTS","library\src\main\ets\tablefixheaders\TableFixHeaders.ets:364","export type OnCanceled = (request?: Request) => void@library\src\main\ets\tablefixheaders\TableFixHeaders.ets:364","","6.1.0(23)","export type OnCanceled = (request?: Request) => void"
"export type OnCanceled = (request?: Request) => void","API模型切换","harmonyos_api_changes/HarmonyOS_6.1.0(23)_Beta1.json","export","","} else if (event.type === TouchType.Move) {","ArkTS","library\src\main\ets\tablefixheaders\TableFixHeaders.ets:376","export type OnCanceled = (request?: Request) => void@library\src\main\ets\tablefixheaders\TableFixHeaders.ets:376","","6.1.0(23)","export type OnCanceled = (request?: Request) => void"
"export type OnCanceled = (request?: Request) => void","API模型切换","harmonyos_api_changes/HarmonyOS_6.1.0(23)_Beta1.json","export","","} else if (event.type === TouchType.Up || event.type === TouchType.Cancel) {","ArkTS","library\src\main\ets\tablefixheaders\TableFixHeaders.ets:394","export type OnCanceled = (request?: Request) => void@library\src\main\ets\tablefixheaders\TableFixHeaders.ets:394","","6.1.0(23)","export type OnCanceled = (request?: Request) => void"
"export type OnClosed = () => void","API模型切换","harmonyos_api_changes/HarmonyOS_6.1.0(23)_Beta1.json","export","","if (event.type === TouchType.Down) {","ArkTS","library\src\main\ets\tablefixheaders\TableFixHeaders.ets:364","export type OnClosed = () => void@library\src\main\ets\tablefixheaders\TableFixHeaders.ets:364","","6.1.0(23)","export type OnClosed = () => void"
"export type OnClosed = () => void","API模型切换","harmonyos_api_changes/HarmonyOS_6.1.0(23)_Beta1.json","export","","} else if (event.type === TouchType.Move) {","ArkTS","library\src\main\ets\tablefixheaders\TableFixHeaders.ets:376","export type OnClosed = () => void@library\src\main\ets\tablefixheaders\TableFixHeaders.ets:376","","6.1.0(23)","export type OnClosed = () => void"
"export type OnClosed = () => void","API模型切换","harmonyos_api_changes/HarmonyOS_6.1.0(23)_Beta1.json","export","","} else if (event.type === TouchType.Up || event.type === TouchType.Cancel) {","ArkTS","library\src\main\ets\tablefixheaders\TableFixHeaders.ets:394","export type OnClosed = () => void@library\src\main\ets\tablefixheaders\TableFixHeaders.ets:394","","6.1.0(23)","export type OnClosed = () => void"
"export type OnCounterV2HoverCallback = (isHover: boolean) => void","新增API","harmonyos_api_changes/HarmonyOS_26.0.0_Beta2.json","export","","if (event.type === TouchType.Down) {","ArkTS","library\src\main\ets\tablefixheaders\TableFixHeaders.ets:364","export type OnCounterV2HoverCallback = (isHover: boolean) => void@library\src\main\ets\tablefixheaders\TableFixHeaders.ets:364","","26.0.0 Beta2","export type OnCounterV2HoverCallback = (isHover: boolean) => void"
"export type OnCounterV2HoverCallback = (isHover: boolean) => void","新增API","harmonyos_api_changes/HarmonyOS_26.0.0_Beta2.json","export","","} else if (event.type === TouchType.Move) {","ArkTS","library\src\main\ets\tablefixheaders\TableFixHeaders.ets:376","export type OnCounterV2HoverCallback = (isHover: boolean) => void@library\src\main\ets\tablefixheaders\TableFixHeaders.ets:376","","26.0.0 Beta2","export type OnCounterV2HoverCallback = (isHover: boolean) => void"
"export type OnCounterV2HoverCallback = (isHover: boolean) => void","新增API","harmonyos_api_changes/HarmonyOS_26.0.0_Beta2.json","export","","} else if (event.type === TouchType.Up || event.type === TouchType.Cancel) {","ArkTS","library\src\main\ets\tablefixheaders\TableFixHeaders.ets:394","export type OnCounterV2HoverCallback = (isHover: boolean) => void@library\src\main\ets\tablefixheaders\TableFixHeaders.ets:394","","26.0.0 Beta2","export type OnCounterV2HoverCallback = (isHover: boolean) => void"
"export type OnDataCallback = (method: AgentOperation, context: RequestContext) => void","新增API","harmonyos_api_changes/HarmonyOS_26.0.0_Beta2.json","export","","if (event.type === TouchType.Down) {","ArkTS","library\src\main\ets\tablefixheaders\TableFixHeaders.ets:364","export type OnDataCallback = (method: AgentOperation, context: RequestContext) => void@library\src\main\ets\tablefixheaders\TableFixHeaders.ets:364","","26.0.0 Beta2","export type OnDataCallback = (method: AgentOperation, context: RequestContext) => void"
"export type OnDataCallback = (method: AgentOperation, context: RequestContext) => void","新增API","harmonyos_api_changes/HarmonyOS_26.0.0_Beta2.json","export","","} else if (event.type === TouchType.Move) {","ArkTS","library\src\main\ets\tablefixheaders\TableFixHeaders.ets:376","export type OnDataCallback = (method: AgentOperation, context: RequestContext) => void@library\src\main\ets\tablefixheaders\TableFixHeaders.ets:376","","26.0.0 Beta2","export type OnDataCallback = (method: AgentOperation, context: RequestContext) => void"
"export type OnDataCallback = (method: AgentOperation, context: RequestContext) => void","新增API","harmonyos_api_changes/HarmonyOS_26.0.0_Beta2.json","export","","} else if (event.type === TouchType.Up || event.type === TouchType.Cancel) {","ArkTS","library\src\main\ets\tablefixheaders\TableFixHeaders.ets:394","export type OnDataCallback = (method: AgentOperation, context: RequestContext) => void@library\src\main\ets\tablefixheaders\TableFixHeaders.ets:394","","26.0.0 Beta2","export type OnDataCallback = (method: AgentOperation, context: RequestContext) => void"
"export type OnDataEnd = () => void","自定义类型变更","harmonyos_api_changes/HarmonyOS_6.0.0(20)_Beta1.json","export","","if (event.type === TouchType.Down) {","ArkTS","library\src\main\ets\tablefixheaders\TableFixHeaders.ets:364","export type OnDataEnd = () => void@library\src\main\ets\tablefixheaders\TableFixHeaders.ets:364","","6.0.0(20)","export type OnDataEnd = () => void"
"export type OnDataEnd = () => void","自定义类型变更","harmonyos_api_changes/HarmonyOS_6.0.0(20)_Beta1.json","export","","} else if (event.type === TouchType.Move) {","ArkTS","library\src\main\ets\tablefixheaders\TableFixHeaders.ets:376","export type OnDataEnd = () => void@library\src\main\ets\tablefixheaders\TableFixHeaders.ets:376","","6.0.0(20)","export type OnDataEnd = () => void"
"export type OnDataEnd = () => void","自定义类型变更","harmonyos_api_changes/HarmonyOS_6.0.0(20)_Beta1.json","export","","} else if (event.type === TouchType.Up || event.type === TouchType.Cancel) {","ArkTS","library\src\main\ets\tablefixheaders\TableFixHeaders.ets:394","export type OnDataEnd = () => void@library\src\main\ets\tablefixheaders\TableFixHeaders.ets:394","","6.0.0(20)","export type OnDataEnd = () => void"
"export type OnDataEnd = (request?: Request) => void","API模型切换","harmonyos_api_changes/HarmonyOS_6.1.0(23)_Beta1.json","export","","if (event.type === TouchType.Down) {","ArkTS","library\src\main\ets\tablefixheaders\TableFixHeaders.ets:364","export type OnDataEnd = (request?: Request) => void@library\src\main\ets\tablefixheaders\TableFixHeaders.ets:364","","6.1.0(23)","export type OnDataEnd = (request?: Request) => void"
"export type OnDataEnd = (request?: Request) => void","API模型切换","harmonyos_api_changes/HarmonyOS_6.1.0(23)_Beta1.json","export","","} else if (event.type === TouchType.Move) {","ArkTS","library\src\main\ets\tablefixheaders\TableFixHeaders.ets:376","export type OnDataEnd = (request?: Request) => void@library\src\main\ets\tablefixheaders\TableFixHeaders.ets:376","","6.1.0(23)","export type OnDataEnd = (request?: Request) => void"
"export type OnDataEnd = (request?: Request) => void","API模型切换","harmonyos_api_changes/HarmonyOS_6.1.0(23)_Beta1.json","export","","} else if (event.type === TouchType.Up || event.type === TouchType.Cancel) {","ArkTS","library\src\main\ets\tablefixheaders\TableFixHeaders.ets:394","export type OnDataEnd = (request?: Request) => void@library\src\main\ets\tablefixheaders\TableFixHeaders.ets:394","","6.1.0(23)","export type OnDataEnd = (request?: Request) => void"
"export type OnDataReceive = (incomingData: ArrayBuffer) => number | void | Promise<void>","自定义类型变更","harmonyos_api_changes/HarmonyOS_6.0.0(20)_Beta1.json","export","","if (event.type === TouchType.Down) {","ArkTS","library\src\main\ets\tablefixheaders\TableFixHeaders.ets:364","export type OnDataReceive = (incomingData: ArrayBuffer) => number | void | Promise<void>@library\src\main\ets\tablefixheaders\TableFixHeaders.ets:364","","6.0.0(20)","export type OnDataReceive = (incomingData: ArrayBuffer) => number | void | Promise<void>"
"export type OnDataReceive = (incomingData: ArrayBuffer) => number | void | Promise<void>","自定义类型变更","harmonyos_api_changes/HarmonyOS_6.0.0(20)_Beta1.json","export","","} else if (event.type === TouchType.Move) {","ArkTS","library\src\main\ets\tablefixheaders\TableFixHeaders.ets:376","export type OnDataReceive = (incomingData: ArrayBuffer) => number | void | Promise<void>@library\src\main\ets\tablefixheaders\TableFixHeaders.ets:376","","6.0.0(20)","export type OnDataReceive = (incomingData: ArrayBuffer) => number | void | Promise<void>"
"export type OnDataReceive = (incomingData: ArrayBuffer) => number | void | Promise<void>","自定义类型变更","harmonyos_api_changes/HarmonyOS_6.0.0(20)_Beta1.json","export","","} else if (event.type === TouchType.Up || event.type === TouchType.Cancel) {","ArkTS","library\src\main\ets\tablefixheaders\TableFixHeaders.ets:394","export type OnDataReceive = (incomingData: ArrayBuffer) => number | void | Promise<void>@library\src\main\ets\tablefixheaders\TableFixHeaders.ets:394","","6.0.0(20)","export type OnDataReceive = (incomingData: ArrayBuffer) => number | void | Promise<void>"
"export type OnDataReceive = (incomingData: ArrayBuffer, request?: Request) => number | void | Promise<void>","API模型切换","harmonyos_api_changes/HarmonyOS_6.1.0(23)_Beta1.json","export","","if (event.type === TouchType.Down) {","ArkTS","library\src\main\ets\tablefixheaders\TableFixHeaders.ets:364","export type OnDataReceive = (incomingData: ArrayBuffer, request?: Request) => number | void | Promise<void>@library\src\main\ets\tablefixheaders\TableFixHeaders.ets:364","","6.1.0(23)","export type OnDataReceive = (incomingData: ArrayBuffer, request?: Request) => number | void | Promise<void>"
"export type OnDataReceive = (incomingData: ArrayBuffer, request?: Request) => number | void | Promise<void>","API模型切换","harmonyos_api_changes/HarmonyOS_6.1.0(23)_Beta1.json","export","","} else if (event.type === TouchType.Move) {","ArkTS","library\src\main\ets\tablefixheaders\TableFixHeaders.ets:376","export type OnDataReceive = (incomingData: ArrayBuffer, request?: Request) => number | void | Promise<void>@library\src\main\ets\tablefixheaders\TableFixHeaders.ets:376","","6.1.0(23)","export type OnDataReceive = (incomingData: ArrayBuffer, request?: Request) => number | void | Promise<void>"
"export type OnDataReceive = (incomingData: ArrayBuffer, request?: Request) => number | void | Promise<void>","API模型切换","harmonyos_api_changes/HarmonyOS_6.1.0(23)_Beta1.json","export","","} else if (event.type === TouchType.Up || event.type === TouchType.Cancel) {","ArkTS","library\src\main\ets\tablefixheaders\TableFixHeaders.ets:394","export type OnDataReceive = (incomingData: ArrayBuffer, request?: Request) => number | void | Promise<void>@library\src\main\ets\tablefixheaders\TableFixHeaders.ets:394","","6.1.0(23)","export type OnDataReceive = (incomingData: ArrayBuffer, request?: Request) => number | void | Promise<void>"
"export type OnDateCounterV2ChangeCallback = (date: CounterV2DateData) => void","新增API","harmonyos_api_changes/HarmonyOS_26.0.0_Beta2.json","export","","if (event.type === TouchType.Down) {","ArkTS","library\src\main\ets\tablefixheaders\TableFixHeaders.ets:364","export type OnDateCounterV2ChangeCallback = (date: CounterV2DateData) => void@library\src\main\ets\tablefixheaders\TableFixHeaders.ets:364","","26.0.0 Beta2","export type OnDateCounterV2ChangeCallback = (date: CounterV2DateData) => void"
"export type OnDateCounterV2ChangeCallback = (date: CounterV2DateData) => void","新增API","harmonyos_api_changes/HarmonyOS_26.0.0_Beta2.json","export","","} else if (event.type === TouchType.Move) {","ArkTS","library\src\main\ets\tablefixheaders\TableFixHeaders.ets:376","export type OnDateCounterV2ChangeCallback = (date: CounterV2DateData) => void@library\src\main\ets\tablefixheaders\TableFixHeaders.ets:376","","26.0.0 Beta2","export type OnDateCounterV2ChangeCallback = (date: CounterV2DateData) => void"
"export type OnDateCounterV2ChangeCallback = (date: CounterV2DateData) => void","新增API","harmonyos_api_changes/HarmonyOS_26.0.0_Beta2.json","export","","} else if (event.type === TouchType.Up || event.type === TouchType.Cancel) {","ArkTS","library\src\main\ets\tablefixheaders\TableFixHeaders.ets:394","export type OnDateCounterV2ChangeCallback = (date: CounterV2DateData) => void@library\src\main\ets\tablefixheaders\TableFixHeaders.ets:394","","26.0.0 Beta2","export type OnDateCounterV2ChangeCallback = (date: CounterV2DateData) => void"
"export type OnDownloadProgress = (totalSize: number, transferredSize: number) => void","自定义类型变更","harmonyos_api_changes/HarmonyOS_6.0.0(20)_Beta1.json","export","","if (event.type === TouchType.Down) {","ArkTS","library\src\main\ets\tablefixheaders\TableFixHeaders.ets:364","export type OnDownloadProgress = (totalSize: number, transferredSize: number) => void@library\src\main\ets\tablefixheaders\TableFixHeaders.ets:364","","6.0.0(20)","export type OnDownloadProgress = (totalSize: number, transferredSize: number) => void"
"export type OnDownloadProgress = (totalSize: number, transferredSize: number) => void","自定义类型变更","harmonyos_api_changes/HarmonyOS_6.0.0(20)_Beta1.json","export","","} else if (event.type === TouchType.Move) {","ArkTS","library\src\main\ets\tablefixheaders\TableFixHeaders.ets:376","export type OnDownloadProgress = (totalSize: number, transferredSize: number) => void@library\src\main\ets\tablefixheaders\TableFixHeaders.ets:376","","6.0.0(20)","export type OnDownloadProgress = (totalSize: number, transferredSize: number) => void"
"export type OnDownloadProgress = (totalSize: number, transferredSize: number) => void","自定义类型变更","harmonyos_api_changes/HarmonyOS_6.0.0(20)_Beta1.json","export","","} else if (event.type === TouchType.Up || event.type === TouchType.Cancel) {","ArkTS","library\src\main\ets\tablefixheaders\TableFixHeaders.ets:394","export type OnDownloadProgress = (totalSize: number, transferredSize: number) => void@library\src\main\ets\tablefixheaders\TableFixHeaders.ets:394","","6.0.0(20)","export type OnDownloadProgress = (totalSize: number, transferredSize: number) => void"
"export type OnDownloadProgress = (totalSize: number, transferredSize: number, request?: Request) => void","API模型切换","harmonyos_api_changes/HarmonyOS_6.1.0(23)_Beta1.json","export","","if (event.type === TouchType.Down) {","ArkTS","library\src\main\ets\tablefixheaders\TableFixHeaders.ets:364","export type OnDownloadProgress = (totalSize: number, transferredSize: number, request?: Request) => void@library\src\main\ets\tablefixheaders\TableFixHeaders.ets:364","","6.1.0(23)","export type OnDownloadProgress = (totalSize: number, transferredSize: number, request?: Request) => void"
"export type OnDownloadProgress = (totalSize: number, transferredSize: number, request?: Request) => void","API模型切换","harmonyos_api_changes/HarmonyOS_6.1.0(23)_Beta1.json","export","","} else if (event.type === TouchType.Move) {","ArkTS","library\src\main\ets\tablefixheaders\TableFixHeaders.ets:376","export type OnDownloadProgress = (totalSize: number, transferredSize: number, request?: Request) => void@library\src\main\ets\tablefixheaders\TableFixHeaders.ets:376","","6.1.0(23)","export type OnDownloadProgress = (totalSize: number, transferredSize: number, request?: Request) => void"
"export type OnDownloadProgress = (totalSize: number, transferredSize: number, request?: Request) => void","API模型切换","harmonyos_api_changes/HarmonyOS_6.1.0(23)_Beta1.json","export","","} else if (event.type === TouchType.Up || event.type === TouchType.Cancel) {","ArkTS","library\src\main\ets\tablefixheaders\TableFixHeaders.ets:394","export type OnDownloadProgress = (totalSize: number, transferredSize: number, request?: Request) => void@library\src\main\ets\tablefixheaders\TableFixHeaders.ets:394","","6.1.0(23)","export type OnDownloadProgress = (totalSize: number, transferredSize: number, request?: Request) => void"
"export type OnHeaderReceive = (headers: ResponseHeaders) => void","自定义类型变更","harmonyos_api_changes/HarmonyOS_6.0.0(20)_Beta1.json","export","","if (event.type === TouchType.Down) {","ArkTS","library\src\main\ets\tablefixheaders\TableFixHeaders.ets:364","export type OnHeaderReceive = (headers: ResponseHeaders) => void@library\src\main\ets\tablefixheaders\TableFixHeaders.ets:364","","6.0.0(20)","export type OnHeaderReceive = (headers: ResponseHeaders) => void"
"export type OnHeaderReceive = (headers: ResponseHeaders) => void","自定义类型变更","harmonyos_api_changes/HarmonyOS_6.0.0(20)_Beta1.json","export","","} else if (event.type === TouchType.Move) {","ArkTS","library\src\main\ets\tablefixheaders\TableFixHeaders.ets:376","export type OnHeaderReceive = (headers: ResponseHeaders) => void@library\src\main\ets\tablefixheaders\TableFixHeaders.ets:376","","6.0.0(20)","export type OnHeaderReceive = (headers: ResponseHeaders) => void"
"export type OnHeaderReceive = (headers: ResponseHeaders) => void","自定义类型变更","harmonyos_api_changes/HarmonyOS_6.0.0(20)_Beta1.json","export","","} else if (event.type === TouchType.Up || event.type === TouchType.Cancel) {","ArkTS","library\src\main\ets\tablefixheaders\TableFixHeaders.ets:394","export type OnHeaderReceive = (headers: ResponseHeaders) => void@library\src\main\ets\tablefixheaders\TableFixHeaders.ets:394","","6.0.0(20)","export type OnHeaderReceive = (headers: ResponseHeaders) => void"
"export type OnHeaderReceive = (headers: ResponseHeaders, request?: Request) => void","API模型切换","harmonyos_api_changes/HarmonyOS_6.1.0(23)_Beta1.json","export","","if (event.type === TouchType.Down) {","ArkTS","library\src\main\ets\tablefixheaders\TableFixHeaders.ets:364","export type OnHeaderReceive = (headers: ResponseHeaders, request?: Request) => void@library\src\main\ets\tablefixheaders\TableFixHeaders.ets:364","","6.1.0(23)","export type OnHeaderReceive = (headers: ResponseHeaders, request?: Request) => void"
"export type OnHeaderReceive = (headers: ResponseHeaders, request?: Request) => void","API模型切换","harmonyos_api_changes/HarmonyOS_6.1.0(23)_Beta1.json","export","","} else if (event.type === TouchType.Move) {","ArkTS","library\src\main\ets\tablefixheaders\TableFixHeaders.ets:376","export type OnHeaderReceive = (headers: ResponseHeaders, request?: Request) => void@library\src\main\ets\tablefixheaders\TableFixHeaders.ets:376","","6.1.0(23)","export type OnHeaderReceive = (headers: ResponseHeaders, request?: Request) => void"
"export type OnHeaderReceive = (headers: ResponseHeaders, request?: Request) => void","API模型切换","harmonyos_api_changes/HarmonyOS_6.1.0(23)_Beta1.json","export","","} else if (event.type === TouchType.Up || event.type === TouchType.Cancel) {","ArkTS","library\src\main\ets\tablefixheaders\TableFixHeaders.ets:394","export type OnHeaderReceive = (headers: ResponseHeaders, request?: Request) => void@library\src\main\ets\tablefixheaders\TableFixHeaders.ets:394","","6.1.0(23)","export type OnHeaderReceive = (headers: ResponseHeaders, request?: Request) => void"
"export type OnInlineCounterV2Change = (value: number) => void","新增API","harmonyos_api_changes/HarmonyOS_26.0.0_Beta2.json","export","","if (event.type === TouchType.Down) {","ArkTS","library\src\main\ets\tablefixheaders\TableFixHeaders.ets:364","export type OnInlineCounterV2Change = (value: number) => void@library\src\main\ets\tablefixheaders\TableFixHeaders.ets:364","","26.0.0 Beta2","export type OnInlineCounterV2Change = (value: number) => void"
"export type OnInlineCounterV2Change = (value: number) => void","新增API","harmonyos_api_changes/HarmonyOS_26.0.0_Beta2.json","export","","} else if (event.type === TouchType.Move) {","ArkTS","library\src\main\ets\tablefixheaders\TableFixHeaders.ets:376","export type OnInlineCounterV2Change = (value: number) => void@library\src\main\ets\tablefixheaders\TableFixHeaders.ets:376","","26.0.0 Beta2","export type OnInlineCounterV2Change = (value: number) => void"
"export type OnInlineCounterV2Change = (value: number) => void","新增API","harmonyos_api_changes/HarmonyOS_26.0.0_Beta2.json","export","","} else if (event.type === TouchType.Up || event.type === TouchType.Cancel) {","ArkTS","library\src\main\ets\tablefixheaders\TableFixHeaders.ets:394","export type OnInlineCounterV2Change = (value: number) => void@library\src\main\ets\tablefixheaders\TableFixHeaders.ets:394","","26.0.0 Beta2","export type OnInlineCounterV2Change = (value: number) => void"
"export type OnMenuItemClickWithTextCallback = (menuItem: TextMenuItem, value: string) => boolean","新增API","harmonyos_api_changes/HarmonyOS_26.0.0_Beta2.json","export","","if (event.type === TouchType.Down) {","ArkTS","library\src\main\ets\tablefixheaders\TableFixHeaders.ets:364","export type OnMenuItemClickWithTextCallback = (menuItem: TextMenuItem, value: string) => boolean@library\src\main\ets\tablefixheaders\TableFixHeaders.ets:364","","26.0.0 Beta2","export type OnMenuItemClickWithTextCallback = (menuItem: TextMenuItem, value: string) => boolean"
"export type OnMenuItemClickWithTextCallback = (menuItem: TextMenuItem, value: string) => boolean","新增API","harmonyos_api_changes/HarmonyOS_26.0.0_Beta2.json","export","","} else if (event.type === TouchType.Move) {","ArkTS","library\src\main\ets\tablefixheaders\TableFixHeaders.ets:376","export type OnMenuItemClickWithTextCallback = (menuItem: TextMenuItem, value: string) => boolean@library\src\main\ets\tablefixheaders\TableFixHeaders.ets:376","","26.0.0 Beta2","export type OnMenuItemClickWithTextCallback = (menuItem: TextMenuItem, value: string) => boolean"
"export type OnMenuItemClickWithTextCallback = (menuItem: TextMenuItem, value: string) => boolean","新增API","harmonyos_api_changes/HarmonyOS_26.0.0_Beta2.json","export","","} else if (event.type === TouchType.Up || event.type === TouchType.Cancel) {","ArkTS","library\src\main\ets\tablefixheaders\TableFixHeaders.ets:394","export type OnMenuItemClickWithTextCallback = (menuItem: TextMenuItem, value: string) => boolean@library\src\main\ets\tablefixheaders\TableFixHeaders.ets:394","","26.0.0 Beta2","export type OnMenuItemClickWithTextCallback = (menuItem: TextMenuItem, value: string) => boolean"
"export type OnPickerStateCallback = (state: AVCastPickerState) => void","新增API","harmonyos_api_changes/HarmonyOS_6.0.0(20)_Beta1.json","export","","if (event.type === TouchType.Down) {","ArkTS","library\src\main\ets\tablefixheaders\TableFixHeaders.ets:364","export type OnPickerStateCallback = (state: AVCastPickerState) => void@library\src\main\ets\tablefixheaders\TableFixHeaders.ets:364","","6.0.0(20)","export type OnPickerStateCallback = (state: AVCastPickerState) => void"
"export type OnPickerStateCallback = (state: AVCastPickerState) => void","新增API","harmonyos_api_changes/HarmonyOS_6.0.0(20)_Beta1.json","export","","} else if (event.type === TouchType.Move) {","ArkTS","library\src\main\ets\tablefixheaders\TableFixHeaders.ets:376","export type OnPickerStateCallback = (state: AVCastPickerState) => void@library\src\main\ets\tablefixheaders\TableFixHeaders.ets:376","","6.0.0(20)","export type OnPickerStateCallback = (state: AVCastPickerState) => void"
"export type OnPickerStateCallback = (state: AVCastPickerState) => void","新增API","harmonyos_api_changes/HarmonyOS_6.0.0(20)_Beta1.json","export","","} else if (event.type === TouchType.Up || event.type === TouchType.Cancel) {","ArkTS","library\src\main\ets\tablefixheaders\TableFixHeaders.ets:394","export type OnPickerStateCallback = (state: AVCastPickerState) => void@library\src\main\ets\tablefixheaders\TableFixHeaders.ets:394","","6.0.0(20)","export type OnPickerStateCallback = (state: AVCastPickerState) => void"
"export type OnRequestFailureFn = (name: string, failureCode: AbilityStartFailureCode, failureMessage: string) => void","新增API","harmonyos_api_changes/HarmonyOS_6.0.1(21)_Beta1.json","export","","if (event.type === TouchType.Down) {","ArkTS","library\src\main\ets\tablefixheaders\TableFixHeaders.ets:364","export type OnRequestFailureFn = (name: string, failureCode: AbilityStartFailureCode, failureMessage: string) => void@library\src\main\ets\tablefixheaders\TableFixHeaders.ets:364","","6.0.1(21)","export type OnRequestFailureFn = (name: string, failureCode: AbilityStartFailureCode, failureMessage: string) => void"
"export type OnRequestFailureFn = (name: string, failureCode: AbilityStartFailureCode, failureMessage: string) => void","新增API","harmonyos_api_changes/HarmonyOS_6.0.1(21)_Beta1.json","export","","} else if (event.type === TouchType.Move) {","ArkTS","library\src\main\ets\tablefixheaders\TableFixHeaders.ets:376","export type OnRequestFailureFn = (name: string, failureCode: AbilityStartFailureCode, failureMessage: string) => void@library\src\main\ets\tablefixheaders\TableFixHeaders.ets:376","","6.0.1(21)","export type OnRequestFailureFn = (name: string, failureCode: AbilityStartFailureCode, failureMessage: string) => void"
"export type OnRequestFailureFn = (name: string, failureCode: AbilityStartFailureCode, failureMessage: string) => void","新增API","harmonyos_api_changes/HarmonyOS_6.0.1(21)_Beta1.json","export","","} else if (event.type === TouchType.Up || event.type === TouchType.Cancel) {","ArkTS","library\src\main\ets\tablefixheaders\TableFixHeaders.ets:394","export type OnRequestFailureFn = (name: string, failureCode: AbilityStartFailureCode, failureMessage: string) => void@library\src\main\ets\tablefixheaders\TableFixHeaders.ets:394","","6.0.1(21)","export type OnRequestFailureFn = (name: string, failureCode: AbilityStartFailureCode, failureMessage: string) => void"
"export type OnRequestSuccessFn = (name: string) => void","新增API","harmonyos_api_changes/HarmonyOS_6.0.1(21)_Beta1.json","export","","if (event.type === TouchType.Down) {","ArkTS","library\src\main\ets\tablefixheaders\TableFixHeaders.ets:364","export type OnRequestSuccessFn = (name: string) => void@library\src\main\ets\tablefixheaders\TableFixHeaders.ets:364","","6.0.1(21)","export type OnRequestSuccessFn = (name: string) => void"
"export type OnRequestSuccessFn = (name: string) => void","新增API","harmonyos_api_changes/HarmonyOS_6.0.1(21)_Beta1.json","export","","} else if (event.type === TouchType.Move) {","ArkTS","library\src\main\ets\tablefixheaders\TableFixHeaders.ets:376","export type OnRequestSuccessFn = (name: string) => void@library\src\main\ets\tablefixheaders\TableFixHeaders.ets:376","","6.0.1(21)","export type OnRequestSuccessFn = (name: string) => void"
"export type OnRequestSuccessFn = (name: string) => void","新增API","harmonyos_api_changes/HarmonyOS_6.0.1(21)_Beta1.json","export","","} else if (event.type === TouchType.Up || event.type === TouchType.Cancel) {","ArkTS","library\src\main\ets\tablefixheaders\TableFixHeaders.ets:394","export type OnRequestSuccessFn = (name: string) => void@library\src\main\ets\tablefixheaders\TableFixHeaders.ets:394","","6.0.1(21)","export type OnRequestSuccessFn = (name: string) => void"
"export type OnSelectedIndexChange = (selectedIndex: number) => void","新增API","harmonyos_api_changes/HarmonyOS_5.1.0(18).json","export","","if (event.type === TouchType.Down) {","ArkTS","library\src\main\ets\tablefixheaders\TableFixHeaders.ets:364","export type OnSelectedIndexChange = (selectedIndex: number) => void@library\src\main\ets\tablefixheaders\TableFixHeaders.ets:364","","5.1.0(18)","export type OnSelectedIndexChange = (selectedIndex: number) => void"
"export type OnSelectedIndexChange = (selectedIndex: number) => void","新增API","harmonyos_api_changes/HarmonyOS_5.1.0(18).json","export","","} else if (event.type === TouchType.Move) {","ArkTS","library\src\main\ets\tablefixheaders\TableFixHeaders.ets:376","export type OnSelectedIndexChange = (selectedIndex: number) => void@library\src\main\ets\tablefixheaders\TableFixHeaders.ets:376","","5.1.0(18)","export type OnSelectedIndexChange = (selectedIndex: number) => void"
"export type OnSelectedIndexChange = (selectedIndex: number) => void","新增API","harmonyos_api_changes/HarmonyOS_5.1.0(18).json","export","","} else if (event.type === TouchType.Up || event.type === TouchType.Cancel) {","ArkTS","library\src\main\ets\tablefixheaders\TableFixHeaders.ets:394","export type OnSelectedIndexChange = (selectedIndex: number) => void@library\src\main\ets\tablefixheaders\TableFixHeaders.ets:394","","5.1.0(18)","export type OnSelectedIndexChange = (selectedIndex: number) => void"
"export type OnSelectedIndexesChange = (selectedIndexes: number\[\]) => void","新增API","harmonyos_api_changes/HarmonyOS_5.1.0(18).json","export","","if (event.type === TouchType.Down) {","ArkTS","library\src\main\ets\tablefixheaders\TableFixHeaders.ets:364","export type OnSelectedIndexesChange = (selectedIndexes: number\[\]) => void@library\src\main\ets\tablefixheaders\TableFixHeaders.ets:364","","5.1.0(18)","export type OnSelectedIndexesChange = (selectedIndexes: number\[\]) => void"
"export type OnSelectedIndexesChange = (selectedIndexes: number\[\]) => void","新增API","harmonyos_api_changes/HarmonyOS_5.1.0(18).json","export","","} else if (event.type === TouchType.Move) {","ArkTS","library\src\main\ets\tablefixheaders\TableFixHeaders.ets:376","export type OnSelectedIndexesChange = (selectedIndexes: number\[\]) => void@library\src\main\ets\tablefixheaders\TableFixHeaders.ets:376","","5.1.0(18)","export type OnSelectedIndexesChange = (selectedIndexes: number\[\]) => void"
"export type OnSelectedIndexesChange = (selectedIndexes: number\[\]) => void","新增API","harmonyos_api_changes/HarmonyOS_5.1.0(18).json","export","","} else if (event.type === TouchType.Up || event.type === TouchType.Cancel) {","ArkTS","library\src\main\ets\tablefixheaders\TableFixHeaders.ets:394","export type OnSelectedIndexesChange = (selectedIndexes: number\[\]) => void@library\src\main\ets\tablefixheaders\TableFixHeaders.ets:394","","5.1.0(18)","export type OnSelectedIndexesChange = (selectedIndexes: number\[\]) => void"
"export type OnStatusCodeReceive = (statusCode: number, request?: Request) => void","新增API","harmonyos_api_changes/HarmonyOS_6.0.0(20)_Beta1.json","export","","if (event.type === TouchType.Down) {","ArkTS","library\src\main\ets\tablefixheaders\TableFixHeaders.ets:364","export type OnStatusCodeReceive = (statusCode: number, request?: Request) => void@library\src\main\ets\tablefixheaders\TableFixHeaders.ets:364","","6.0.0(20)","export type OnStatusCodeReceive = (statusCode: number, request?: Request) => void"
"export type OnStatusCodeReceive = (statusCode: number, request?: Request) => void","新增API","harmonyos_api_changes/HarmonyOS_6.0.0(20)_Beta1.json","export","","} else if (event.type === TouchType.Move) {","ArkTS","library\src\main\ets\tablefixheaders\TableFixHeaders.ets:376","export type OnStatusCodeReceive = (statusCode: number, request?: Request) => void@library\src\main\ets\tablefixheaders\TableFixHeaders.ets:376","","6.0.0(20)","export type OnStatusCodeReceive = (statusCode: number, request?: Request) => void"
"export type OnStatusCodeReceive = (statusCode: number, request?: Request) => void","新增API","harmonyos_api_changes/HarmonyOS_6.0.0(20)_Beta1.json","export","","} else if (event.type === TouchType.Up || event.type === TouchType.Cancel) {","ArkTS","library\src\main\ets\tablefixheaders\TableFixHeaders.ets:394","export type OnStatusCodeReceive = (statusCode: number, request?: Request) => void@library\src\main\ets\tablefixheaders\TableFixHeaders.ets:394","","6.0.0(20)","export type OnStatusCodeReceive = (statusCode: number, request?: Request) => void"
"export type OnTimeInfo = (timeInfo: TimeInfo) => void","新增API","harmonyos_api_changes/HarmonyOS_5.0.3(15)_Beta2.json","export","","if (event.type === TouchType.Down) {","ArkTS","library\src\main\ets\tablefixheaders\TableFixHeaders.ets:364","export type OnTimeInfo = (timeInfo: TimeInfo) => void@library\src\main\ets\tablefixheaders\TableFixHeaders.ets:364","","5.0.3(15)","export type OnTimeInfo = (timeInfo: TimeInfo) => void"
"export type OnTimeInfo = (timeInfo: TimeInfo) => void","新增API","harmonyos_api_changes/HarmonyOS_5.0.3(15)_Beta2.json","export","","} else if (event.type === TouchType.Move) {","ArkTS","library\src\main\ets\tablefixheaders\TableFixHeaders.ets:376","export type OnTimeInfo = (timeInfo: TimeInfo) => void@library\src\main\ets\tablefixheaders\TableFixHeaders.ets:376","","5.0.3(15)","export type OnTimeInfo = (timeInfo: TimeInfo) => void"
"export type OnTimeInfo = (timeInfo: TimeInfo) => void","新增API","harmonyos_api_changes/HarmonyOS_5.0.3(15)_Beta2.json","export","","} else if (event.type === TouchType.Up || event.type === TouchType.Cancel) {","ArkTS","library\src\main\ets\tablefixheaders\TableFixHeaders.ets:394","export type OnTimeInfo = (timeInfo: TimeInfo) => void@library\src\main\ets\tablefixheaders\TableFixHeaders.ets:394","","5.0.3(15)","export type OnTimeInfo = (timeInfo: TimeInfo) => void"
"export type OnTimeInfo = (timeInfo: TimeInfo, request?: Request) => void","API模型切换","harmonyos_api_changes/HarmonyOS_6.1.0(23)_Beta1.json","export","","if (event.type === TouchType.Down) {","ArkTS","library\src\main\ets\tablefixheaders\TableFixHeaders.ets:364","export type OnTimeInfo = (timeInfo: TimeInfo, request?: Request) => void@library\src\main\ets\tablefixheaders\TableFixHeaders.ets:364","","6.1.0(23)","export type OnTimeInfo = (timeInfo: TimeInfo, request?: Request) => void"
"export type OnTimeInfo = (timeInfo: TimeInfo, request?: Request) => void","API模型切换","harmonyos_api_changes/HarmonyOS_6.1.0(23)_Beta1.json","export","","} else if (event.type === TouchType.Move) {","ArkTS","library\src\main\ets\tablefixheaders\TableFixHeaders.ets:376","export type OnTimeInfo = (timeInfo: TimeInfo, request?: Request) => void@library\src\main\ets\tablefixheaders\TableFixHeaders.ets:376","","6.1.0(23)","export type OnTimeInfo = (timeInfo: TimeInfo, request?: Request) => void"
"export type OnTimeInfo = (timeInfo: TimeInfo, request?: Request) => void","API模型切换","harmonyos_api_changes/HarmonyOS_6.1.0(23)_Beta1.json","export","","} else if (event.type === TouchType.Up || event.type === TouchType.Cancel) {","ArkTS","library\src\main\ets\tablefixheaders\TableFixHeaders.ets:394","export type OnTimeInfo = (timeInfo: TimeInfo, request?: Request) => void@library\src\main\ets\tablefixheaders\TableFixHeaders.ets:394","","6.1.0(23)","export type OnTimeInfo = (timeInfo: TimeInfo, request?: Request) => void"
"export type OnUploadProgress = (totalSize: number, transferredSize: number) => void","自定义类型变更","harmonyos_api_changes/HarmonyOS_6.0.0(20)_Beta1.json","export","","if (event.type === TouchType.Down) {","ArkTS","library\src\main\ets\tablefixheaders\TableFixHeaders.ets:364","export type OnUploadProgress = (totalSize: number, transferredSize: number) => void@library\src\main\ets\tablefixheaders\TableFixHeaders.ets:364","","6.0.0(20)","export type OnUploadProgress = (totalSize: number, transferredSize: number) => void"
"export type OnUploadProgress = (totalSize: number, transferredSize: number) => void","自定义类型变更","harmonyos_api_changes/HarmonyOS_6.0.0(20)_Beta1.json","export","","} else if (event.type === TouchType.Move) {","ArkTS","library\src\main\ets\tablefixheaders\TableFixHeaders.ets:376","export type OnUploadProgress = (totalSize: number, transferredSize: number) => void@library\src\main\ets\tablefixheaders\TableFixHeaders.ets:376","","6.0.0(20)","export type OnUploadProgress = (totalSize: number, transferredSize: number) => void"
"export type OnUploadProgress = (totalSize: number, transferredSize: number) => void","自定义类型变更","harmonyos_api_changes/HarmonyOS_6.0.0(20)_Beta1.json","export","","} else if (event.type === TouchType.Up || event.type === TouchType.Cancel) {","ArkTS","library\src\main\ets\tablefixheaders\TableFixHeaders.ets:394","export type OnUploadProgress = (totalSize: number, transferredSize: number) => void@library\src\main\ets\tablefixheaders\TableFixHeaders.ets:394","","6.0.0(20)","export type OnUploadProgress = (totalSize: number, transferredSize: number) => void"
"export type OnUploadProgress = (totalSize: number, transferredSize: number, request?: Request) => void","API模型切换","harmonyos_api_changes/HarmonyOS_6.1.0(23)_Beta1.json","export","","if (event.type === TouchType.Down) {","ArkTS","library\src\main\ets\tablefixheaders\TableFixHeaders.ets:364","export type OnUploadProgress = (totalSize: number, transferredSize: number, request?: Request) => void@library\src\main\ets\tablefixheaders\TableFixHeaders.ets:364","","6.1.0(23)","export type OnUploadProgress = (totalSize: number, transferredSize: number, request?: Request) => void"
"export type OnUploadProgress = (totalSize: number, transferredSize: number, request?: Request) => void","API模型切换","harmonyos_api_changes/HarmonyOS_6.1.0(23)_Beta1.json","export","","} else if (event.type === TouchType.Move) {","ArkTS","library\src\main\ets\tablefixheaders\TableFixHeaders.ets:376","export type OnUploadProgress = (totalSize: number, transferredSize: number, request?: Request) => void@library\src\main\ets\tablefixheaders\TableFixHeaders.ets:376","","6.1.0(23)","export type OnUploadProgress = (totalSize: number, transferredSize: number, request?: Request) => void"
"export type OnUploadProgress = (totalSize: number, transferredSize: number, request?: Request) => void","API模型切换","harmonyos_api_changes/HarmonyOS_6.1.0(23)_Beta1.json","export","","} else if (event.type === TouchType.Up || event.type === TouchType.Cancel) {","ArkTS","library\src\main\ets\tablefixheaders\TableFixHeaders.ets:394","export type OnUploadProgress = (totalSize: number, transferredSize: number, request?: Request) => void@library\src\main\ets\tablefixheaders\TableFixHeaders.ets:394","","6.1.0(23)","export type OnUploadProgress = (totalSize: number, transferredSize: number, request?: Request) => void"
"export type PhotoBrowserChangeStartCallback = (targetPhotoInfo: BaseItemInfo) => void","新增API","harmonyos_api_changes/HarmonyOS_6.1.0(23)_Beta1.json","export","","if (event.type === TouchType.Down) {","ArkTS","library\src\main\ets\tablefixheaders\TableFixHeaders.ets:364","export type PhotoBrowserChangeStartCallback = (targetPhotoInfo: BaseItemInfo) => void@library\src\main\ets\tablefixheaders\TableFixHeaders.ets:364","","6.1.0(23)","export type PhotoBrowserChangeStartCallback = (targetPhotoInfo: BaseItemInfo) => void"
"export type PhotoBrowserChangeStartCallback = (targetPhotoInfo: BaseItemInfo) => void","新增API","harmonyos_api_changes/HarmonyOS_6.1.0(23)_Beta1.json","export","","} else if (event.type === TouchType.Move) {","ArkTS","library\src\main\ets\tablefixheaders\TableFixHeaders.ets:376","export type PhotoBrowserChangeStartCallback = (targetPhotoInfo: BaseItemInfo) => void@library\src\main\ets\tablefixheaders\TableFixHeaders.ets:376","","6.1.0(23)","export type PhotoBrowserChangeStartCallback = (targetPhotoInfo: BaseItemInfo) => void"
"export type PhotoBrowserChangeStartCallback = (targetPhotoInfo: BaseItemInfo) => void","新增API","harmonyos_api_changes/HarmonyOS_6.1.0(23)_Beta1.json","export","","} else if (event.type === TouchType.Up || event.type === TouchType.Cancel) {","ArkTS","library\src\main\ets\tablefixheaders\TableFixHeaders.ets:394","export type PhotoBrowserChangeStartCallback = (targetPhotoInfo: BaseItemInfo) => void@library\src\main\ets\tablefixheaders\TableFixHeaders.ets:394","","6.1.0(23)","export type PhotoBrowserChangeStartCallback = (targetPhotoInfo: BaseItemInfo) => void"
"export type PhotoBrowserZoomCallback = (scale: number) => void","新增API","harmonyos_api_changes/HarmonyOS_26.0.0_Beta2.json","export","","if (event.type === TouchType.Down) {","ArkTS","library\src\main\ets\tablefixheaders\TableFixHeaders.ets:364","export type PhotoBrowserZoomCallback = (scale: number) => void@library\src\main\ets\tablefixheaders\TableFixHeaders.ets:364","","26.0.0 Beta2","export type PhotoBrowserZoomCallback = (scale: number) => void"
"export type PhotoBrowserZoomCallback = (scale: number) => void","新增API","harmonyos_api_changes/HarmonyOS_26.0.0_Beta2.json","export","","} else if (event.type === TouchType.Move) {","ArkTS","library\src\main\ets\tablefixheaders\TableFixHeaders.ets:376","export type PhotoBrowserZoomCallback = (scale: number) => void@library\src\main\ets\tablefixheaders\TableFixHeaders.ets:376","","26.0.0 Beta2","export type PhotoBrowserZoomCallback = (scale: number) => void"
"export type PhotoBrowserZoomCallback = (scale: number) => void","新增API","harmonyos_api_changes/HarmonyOS_26.0.0_Beta2.json","export","","} else if (event.type === TouchType.Up || event.type === TouchType.Cancel) {","ArkTS","library\src\main\ets\tablefixheaders\TableFixHeaders.ets:394","export type PhotoBrowserZoomCallback = (scale: number) => void@library\src\main\ets\tablefixheaders\TableFixHeaders.ets:394","","26.0.0 Beta2","export type PhotoBrowserZoomCallback = (scale: number) => void"
"export type PinchGridSwitchedCallback = (gridLevel: photoAccessHelper.GridLevel) => void","新增API","harmonyos_api_changes/HarmonyOS_6.1.0(23)_Beta1.json","export","","if (event.type === TouchType.Down) {","ArkTS","library\src\main\ets\tablefixheaders\TableFixHeaders.ets:364","export type PinchGridSwitchedCallback = (gridLevel: photoAccessHelper.GridLevel) => void@library\src\main\ets\tablefixheaders\TableFixHeaders.ets:364","","6.1.0(23)","export type PinchGridSwitchedCallback = (gridLevel: photoAccessHelper.GridLevel) => void"
"export type PinchGridSwitchedCallback = (gridLevel: photoAccessHelper.GridLevel) => void","新增API","harmonyos_api_changes/HarmonyOS_6.1.0(23)_Beta1.json","export","","} else if (event.type === TouchType.Move) {","ArkTS","library\src\main\ets\tablefixheaders\TableFixHeaders.ets:376","export type PinchGridSwitchedCallback = (gridLevel: photoAccessHelper.GridLevel) => void@library\src\main\ets\tablefixheaders\TableFixHeaders.ets:376","","6.1.0(23)","export type PinchGridSwitchedCallback = (gridLevel: photoAccessHelper.GridLevel) => void"
"export type PinchGridSwitchedCallback = (gridLevel: photoAccessHelper.GridLevel) => void","新增API","harmonyos_api_changes/HarmonyOS_6.1.0(23)_Beta1.json","export","","} else if (event.type === TouchType.Up || event.type === TouchType.Cancel) {","ArkTS","library\src\main\ets\tablefixheaders\TableFixHeaders.ets:394","export type PinchGridSwitchedCallback = (gridLevel: photoAccessHelper.GridLevel) => void@library\src\main\ets\tablefixheaders\TableFixHeaders.ets:394","","6.1.0(23)","export type PinchGridSwitchedCallback = (gridLevel: photoAccessHelper.GridLevel) => void"
"export type ProxySender = (data: string) => void","新增API","harmonyos_api_changes/HarmonyOS_26.0.0_Beta2.json","export","","if (event.type === TouchType.Down) {","ArkTS","library\src\main\ets\tablefixheaders\TableFixHeaders.ets:364","export type ProxySender = (data: string) => void@library\src\main\ets\tablefixheaders\TableFixHeaders.ets:364","","26.0.0 Beta2","export type ProxySender = (data: string) => void"
"export type ProxySender = (data: string) => void","新增API","harmonyos_api_changes/HarmonyOS_26.0.0_Beta2.json","export","","} else if (event.type === TouchType.Move) {","ArkTS","library\src\main\ets\tablefixheaders\TableFixHeaders.ets:376","export type ProxySender = (data: string) => void@library\src\main\ets\tablefixheaders\TableFixHeaders.ets:376","","26.0.0 Beta2","export type ProxySender = (data: string) => void"
"export type ProxySender = (data: string) => void","新增API","harmonyos_api_changes/HarmonyOS_26.0.0_Beta2.json","export","","} else if (event.type === TouchType.Up || event.type === TouchType.Cancel) {","ArkTS","library\src\main\ets\tablefixheaders\TableFixHeaders.ets:394","export type ProxySender = (data: string) => void@library\src\main\ets\tablefixheaders\TableFixHeaders.ets:394","","26.0.0 Beta2","export type ProxySender = (data: string) => void"
"export type RecentPhotoCheckInfoCallback = (recentPhotoExists: boolean, info: RecentPhotoInfo) => void","新增API","harmonyos_api_changes/HarmonyOS_5.0.1(13)_Beta3.json","export","","if (event.type === TouchType.Down) {","ArkTS","library\src\main\ets\tablefixheaders\TableFixHeaders.ets:364","export type RecentPhotoCheckInfoCallback = (recentPhotoExists: boolean, info: RecentPhotoInfo) => void@library\src\main\ets\tablefixheaders\TableFixHeaders.ets:364","","5.0.1(13)","export type RecentPhotoCheckInfoCallback = (recentPhotoExists: boolean, info: RecentPhotoInfo) => void"
"export type RecentPhotoCheckInfoCallback = (recentPhotoExists: boolean, info: RecentPhotoInfo) => void","新增API","harmonyos_api_changes/HarmonyOS_5.0.1(13)_Beta3.json","export","","} else if (event.type === TouchType.Move) {","ArkTS","library\src\main\ets\tablefixheaders\TableFixHeaders.ets:376","export type RecentPhotoCheckInfoCallback = (recentPhotoExists: boolean, info: RecentPhotoInfo) => void@library\src\main\ets\tablefixheaders\TableFixHeaders.ets:376","","5.0.1(13)","export type RecentPhotoCheckInfoCallback = (recentPhotoExists: boolean, info: RecentPhotoInfo) => void"
"export type RecentPhotoCheckInfoCallback = (recentPhotoExists: boolean, info: RecentPhotoInfo) => void","新增API","harmonyos_api_changes/HarmonyOS_5.0.1(13)_Beta3.json","export","","} else if (event.type === TouchType.Up || event.type === TouchType.Cancel) {","ArkTS","library\src\main\ets\tablefixheaders\TableFixHeaders.ets:394","export type RecentPhotoCheckInfoCallback = (recentPhotoExists: boolean, info: RecentPhotoInfo) => void@library\src\main\ets\tablefixheaders\TableFixHeaders.ets:394","","5.0.1(13)","export type RecentPhotoCheckInfoCallback = (recentPhotoExists: boolean, info: RecentPhotoInfo) => void"
"export type ResourceUsageObserver = (resourceType: ResourceType, resourceSize: number, detailInfo?: Record<string, number>) => void","新增API","harmonyos_api_changes/HarmonyOS_6.1.1(24)_Beta1.json","export","","if (event.type === TouchType.Down) {","ArkTS","library\src\main\ets\tablefixheaders\TableFixHeaders.ets:364","export type ResourceUsageObserver = (resourceType: ResourceType, resourceSize: number, detailInfo?: Record<string, number>) => void@library\src\main\ets\tablefixheaders\TableFixHeaders.ets:364","","6.1.1(24)","export type ResourceUsageObserver = (resourceType: ResourceType, resourceSize: number, detailInfo?: Record<string, number>) => void"
"export type ResourceUsageObserver = (resourceType: ResourceType, resourceSize: number, detailInfo?: Record<string, number>) => void","新增API","harmonyos_api_changes/HarmonyOS_6.1.1(24)_Beta1.json","export","","} else if (event.type === TouchType.Move) {","ArkTS","library\src\main\ets\tablefixheaders\TableFixHeaders.ets:376","export type ResourceUsageObserver = (resourceType: ResourceType, resourceSize: number, detailInfo?: Record<string, number>) => void@library\src\main\ets\tablefixheaders\TableFixHeaders.ets:376","","6.1.1(24)","export type ResourceUsageObserver = (resourceType: ResourceType, resourceSize: number, detailInfo?: Record<string, number>) => void"
"export type ResourceUsageObserver = (resourceType: ResourceType, resourceSize: number, detailInfo?: Record<string, number>) => void","新增API","harmonyos_api_changes/HarmonyOS_6.1.1(24)_Beta1.json","export","","} else if (event.type === TouchType.Up || event.type === TouchType.Cancel) {","ArkTS","library\src\main\ets\tablefixheaders\TableFixHeaders.ets:394","export type ResourceUsageObserver = (resourceType: ResourceType, resourceSize: number, detailInfo?: Record<string, number>) => void@library\src\main\ets\tablefixheaders\TableFixHeaders.ets:394","","6.1.1(24)","export type ResourceUsageObserver = (resourceType: ResourceType, resourceSize: number, detailInfo?: Record<string, number>) => void"
"export type ResponseHeaders = { \[k: string\]: string | string\[\] | undefined; 'accept-ranges'?: 'none' | 'bytes' | (string \& NonNullable<unknown>); 'allow'?: HttpMethod | HttpMethod\[\]; 'cache-control'?: string | string\[\]; 'content-encoding'?: ContentCoding; 'content-range'?: string; 'content-type'?: ContentType; 'date'?: string; 'etag'?: string; 'expires'?: string; 'location'?: string; 'retry-after'?: string; 'set-cookie'?: string | string\[\]; 'server'?: string; 'www-authenticate'?: string | string\[\]; }","API模型切换","harmonyos_api_changes/HarmonyOS_6.1.0(23)_Beta1.json","export","","if (event.type === TouchType.Down) {","ArkTS","library\src\main\ets\tablefixheaders\TableFixHeaders.ets:364","export type ResponseHeaders = { \[k: string\]: string | string\[\] | undefined; 'accept-ranges'?: 'none' | 'bytes' | (string \& NonNullable<unknown>); 'allow'?: HttpMethod | HttpMethod\[\]; 'cache-control'?: string | string\[\]; 'content-encoding'?: ContentCoding; 'content-range'?: string; 'content-type'?: ContentType; 'date'?: string; 'etag'?: string; 'expires'?: string; 'location'?: string; 'retry-after'?: string; 'set-cookie'?: string | string\[\]; 'server'?: string; 'www-authenticate'?: string | string\[\]; }@library\src\main\ets\tablefixheaders\TableFixHeaders.ets:364","","6.1.0(23)","export type ResponseHeaders = { \[k: string\]: string | string\[\] | undefined; 'accept-ranges'?: 'none' | 'bytes' | (string \& NonNullable<unknown>); 'allow'?: HttpMethod | HttpMethod\[\]; 'cache-control'?: string | string\[\]; 'content-encoding'?: ContentCoding; 'content-range'?: string; 'content-type'?: ContentType; 'date'?: string; 'etag'?: string; 'expires'?: string; 'location'?: string; 'retry-after'?: string; 'set-cookie'?: string | string\[\]; 'server'?: string; 'www-authenticate'?: string | string\[\]; }"
"export type ResponseHeaders = { \[k: string\]: string | string\[\] | undefined; 'accept-ranges'?: 'none' | 'bytes' | (string \& NonNullable<unknown>); 'allow'?: HttpMethod | HttpMethod\[\]; 'cache-control'?: string | string\[\]; 'content-encoding'?: ContentCoding; 'content-range'?: string; 'content-type'?: ContentType; 'date'?: string; 'etag'?: string; 'expires'?: string; 'location'?: string; 'retry-after'?: string; 'set-cookie'?: string | string\[\]; 'server'?: string; 'www-authenticate'?: string | string\[\]; }","API模型切换","harmonyos_api_changes/HarmonyOS_6.1.0(23)_Beta1.json","export","","} else if (event.type === TouchType.Move) {","ArkTS","library\src\main\ets\tablefixheaders\TableFixHeaders.ets:376","export type ResponseHeaders = { \[k: string\]: string | string\[\] | undefined; 'accept-ranges'?: 'none' | 'bytes' | (string \& NonNullable<unknown>); 'allow'?: HttpMethod | HttpMethod\[\]; 'cache-control'?: string | string\[\]; 'content-encoding'?: ContentCoding; 'content-range'?: string; 'content-type'?: ContentType; 'date'?: string; 'etag'?: string; 'expires'?: string; 'location'?: string; 'retry-after'?: string; 'set-cookie'?: string | string\[\]; 'server'?: string; 'www-authenticate'?: string | string\[\]; }@library\src\main\ets\tablefixheaders\TableFixHeaders.ets:376","","6.1.0(23)","export type ResponseHeaders = { \[k: string\]: string | string\[\] | undefined; 'accept-ranges'?: 'none' | 'bytes' | (string \& NonNullable<unknown>); 'allow'?: HttpMethod | HttpMethod\[\]; 'cache-control'?: string | string\[\]; 'content-encoding'?: ContentCoding; 'content-range'?: string; 'content-type'?: ContentType; 'date'?: string; 'etag'?: string; 'expires'?: string; 'location'?: string; 'retry-after'?: string; 'set-cookie'?: string | string\[\]; 'server'?: string; 'www-authenticate'?: string | string\[\]; }"
"export type ResponseHeaders = { \[k: string\]: string | string\[\] | undefined; 'accept-ranges'?: 'none' | 'bytes' | (string \& NonNullable<unknown>); 'allow'?: HttpMethod | HttpMethod\[\]; 'cache-control'?: string | string\[\]; 'content-encoding'?: ContentCoding; 'content-range'?: string; 'content-type'?: ContentType; 'date'?: string; 'etag'?: string; 'expires'?: string; 'location'?: string; 'retry-after'?: string; 'set-cookie'?: string | string\[\]; 'server'?: string; 'www-authenticate'?: string | string\[\]; }","API模型切换","harmonyos_api_changes/HarmonyOS_6.1.0(23)_Beta1.json","export","","} else if (event.type === TouchType.Up || event.type === TouchType.Cancel) {","ArkTS","library\src\main\ets\tablefixheaders\TableFixHeaders.ets:394","export type ResponseHeaders = { \[k: string\]: string | string\[\] | undefined; 'accept-ranges'?: 'none' | 'bytes' | (string \& NonNullable<unknown>); 'allow'?: HttpMethod | HttpMethod\[\]; 'cache-control'?: string | string\[\]; 'content-encoding'?: ContentCoding; 'content-range'?: string; 'content-type'?: ContentType; 'date'?: string; 'etag'?: string; 'expires'?: string; 'location'?: string; 'retry-after'?: string; 'set-cookie'?: string | string\[\]; 'server'?: string; 'www-authenticate'?: string | string\[\]; }@library\src\main\ets\tablefixheaders\TableFixHeaders.ets:394","","6.1.0(23)","export type ResponseHeaders = { \[k: string\]: string | string\[\] | undefined; 'accept-ranges'?: 'none' | 'bytes' | (string \& NonNullable<unknown>); 'allow'?: HttpMethod | HttpMethod\[\]; 'cache-control'?: string | string\[\]; 'content-encoding'?: ContentCoding; 'content-range'?: string; 'content-type'?: ContentType; 'date'?: string; 'etag'?: string; 'expires'?: string; 'location'?: string; 'retry-after'?: string; 'set-cookie'?: string | string\[\]; 'server'?: string; 'www-authenticate'?: string | string\[\]; }"
"export type ResponseValidationCallback = (response: Response) => boolean | Promise<boolean>","API模型切换","harmonyos_api_changes/HarmonyOS_6.1.0(23)_Beta1.json","export","","if (event.type === TouchType.Down) {","ArkTS","library\src\main\ets\tablefixheaders\TableFixHeaders.ets:364","export type ResponseValidationCallback = (response: Response) => boolean | Promise<boolean>@library\src\main\ets\tablefixheaders\TableFixHeaders.ets:364","","6.1.0(23)","export type ResponseValidationCallback = (response: Response) => boolean | Promise<boolean>"
"export type ResponseValidationCallback = (response: Response) => boolean | Promise<boolean>","API模型切换","harmonyos_api_changes/HarmonyOS_6.1.0(23)_Beta1.json","export","","} else if (event.type === TouchType.Move) {","ArkTS","library\src\main\ets\tablefixheaders\TableFixHeaders.ets:376","export type ResponseValidationCallback = (response: Response) => boolean | Promise<boolean>@library\src\main\ets\tablefixheaders\TableFixHeaders.ets:376","","6.1.0(23)","export type ResponseValidationCallback = (response: Response) => boolean | Promise<boolean>"
"export type ResponseValidationCallback = (response: Response) => boolean | Promise<boolean>","API模型切换","harmonyos_api_changes/HarmonyOS_6.1.0(23)_Beta1.json","export","","} else if (event.type === TouchType.Up || event.type === TouchType.Cancel) {","ArkTS","library\src\main\ets\tablefixheaders\TableFixHeaders.ets:394","export type ResponseValidationCallback = (response: Response) => boolean | Promise<boolean>@library\src\main\ets\tablefixheaders\TableFixHeaders.ets:394","","6.1.0(23)","export type ResponseValidationCallback = (response: Response) => boolean | Promise<boolean>"
"export type ScrollStopAtEndCallback = () => void","新增API","harmonyos_api_changes/HarmonyOS_6.1.0(23)_Beta1.json","export","","if (event.type === TouchType.Down) {","ArkTS","library\src\main\ets\tablefixheaders\TableFixHeaders.ets:364","export type ScrollStopAtEndCallback = () => void@library\src\main\ets\tablefixheaders\TableFixHeaders.ets:364","","6.1.0(23)","export type ScrollStopAtEndCallback = () => void"
"export type ScrollStopAtEndCallback = () => void","新增API","harmonyos_api_changes/HarmonyOS_6.1.0(23)_Beta1.json","export","","} else if (event.type === TouchType.Move) {","ArkTS","library\src\main\ets\tablefixheaders\TableFixHeaders.ets:376","export type ScrollStopAtEndCallback = () => void@library\src\main\ets\tablefixheaders\TableFixHeaders.ets:376","","6.1.0(23)","export type ScrollStopAtEndCallback = () => void"
"export type ScrollStopAtEndCallback = () => void","新增API","harmonyos_api_changes/HarmonyOS_6.1.0(23)_Beta1.json","export","","} else if (event.type === TouchType.Up || event.type === TouchType.Cancel) {","ArkTS","library\src\main\ets\tablefixheaders\TableFixHeaders.ets:394","export type ScrollStopAtEndCallback = () => void@library\src\main\ets\tablefixheaders\TableFixHeaders.ets:394","","6.1.0(23)","export type ScrollStopAtEndCallback = () => void"
"export type ScrollStopAtStartCallback = () => void","新增API","harmonyos_api_changes/HarmonyOS_6.1.0(23)_Beta1.json","export","","if (event.type === TouchType.Down) {","ArkTS","library\src\main\ets\tablefixheaders\TableFixHeaders.ets:364","export type ScrollStopAtStartCallback = () => void@library\src\main\ets\tablefixheaders\TableFixHeaders.ets:364","","6.1.0(23)","export type ScrollStopAtStartCallback = () => void"
"export type ScrollStopAtStartCallback = () => void","新增API","harmonyos_api_changes/HarmonyOS_6.1.0(23)_Beta1.json","export","","} else if (event.type === TouchType.Move) {","ArkTS","library\src\main\ets\tablefixheaders\TableFixHeaders.ets:376","export type ScrollStopAtStartCallback = () => void@library\src\main\ets\tablefixheaders\TableFixHeaders.ets:376","","6.1.0(23)","export type ScrollStopAtStartCallback = () => void"
"export type ScrollStopAtStartCallback = () => void","新增API","harmonyos_api_changes/HarmonyOS_6.1.0(23)_Beta1.json","export","","} else if (event.type === TouchType.Up || event.type === TouchType.Cancel) {","ArkTS","library\src\main\ets\tablefixheaders\TableFixHeaders.ets:394","export type ScrollStopAtStartCallback = () => void@library\src\main\ets\tablefixheaders\TableFixHeaders.ets:394","","6.1.0(23)","export type ScrollStopAtStartCallback = () => void"
"export type SearchKeyCallback = (results: SearchResultData\[\]) => boolean","新增API","harmonyos_api_changes/HarmonyOS_6.0.1(21)_Beta1.json","export","","if (event.type === TouchType.Down) {","ArkTS","library\src\main\ets\tablefixheaders\TableFixHeaders.ets:364","export type SearchKeyCallback = (results: SearchResultData\[\]) => boolean@library\src\main\ets\tablefixheaders\TableFixHeaders.ets:364","","6.0.1(21)","export type SearchKeyCallback = (results: SearchResultData\[\]) => boolean"
"export type SearchKeyCallback = (results: SearchResultData\[\]) => boolean","新增API","harmonyos_api_changes/HarmonyOS_6.0.1(21)_Beta1.json","export","","} else if (event.type === TouchType.Move) {","ArkTS","library\src\main\ets\tablefixheaders\TableFixHeaders.ets:376","export type SearchKeyCallback = (results: SearchResultData\[\]) => boolean@library\src\main\ets\tablefixheaders\TableFixHeaders.ets:376","","6.0.1(21)","export type SearchKeyCallback = (results: SearchResultData\[\]) => boolean"
"export type SearchKeyCallback = (results: SearchResultData\[\]) => boolean","新增API","harmonyos_api_changes/HarmonyOS_6.0.1(21)_Beta1.json","export","","} else if (event.type === TouchType.Up || event.type === TouchType.Cancel) {","ArkTS","library\src\main\ets\tablefixheaders\TableFixHeaders.ets:394","export type SearchKeyCallback = (results: SearchResultData\[\]) => boolean@library\src\main\ets\tablefixheaders\TableFixHeaders.ets:394","","6.0.1(21)","export type SearchKeyCallback = (results: SearchResultData\[\]) => boolean"
"export type SetPreviewTextCallback = (text: string, range: Range) => void","新增API","harmonyos_api_changes/HarmonyOS_5.0.5(17).json","export","","if (event.type === TouchType.Down) {","ArkTS","library\src\main\ets\tablefixheaders\TableFixHeaders.ets:364","export type SetPreviewTextCallback = (text: string, range: Range) => void@library\src\main\ets\tablefixheaders\TableFixHeaders.ets:364","","5.0.5(17)","export type SetPreviewTextCallback = (text: string, range: Range) => void"
"export type SetPreviewTextCallback = (text: string, range: Range) => void","新增API","harmonyos_api_changes/HarmonyOS_5.0.5(17).json","export","","} else if (event.type === TouchType.Move) {","ArkTS","library\src\main\ets\tablefixheaders\TableFixHeaders.ets:376","export type SetPreviewTextCallback = (text: string, range: Range) => void@library\src\main\ets\tablefixheaders\TableFixHeaders.ets:376","","5.0.5(17)","export type SetPreviewTextCallback = (text: string, range: Range) => void"
"export type SetPreviewTextCallback = (text: string, range: Range) => void","新增API","harmonyos_api_changes/HarmonyOS_5.0.5(17).json","export","","} else if (event.type === TouchType.Up || event.type === TouchType.Cancel) {","ArkTS","library\src\main\ets\tablefixheaders\TableFixHeaders.ets:394","export type SetPreviewTextCallback = (text: string, range: Range) => void@library\src\main\ets\tablefixheaders\TableFixHeaders.ets:394","","5.0.5(17)","export type SetPreviewTextCallback = (text: string, range: Range) => void"
"export type SizeChangeCallback = (size: window.Size, keyboardArea?: KeyboardArea) => void","新增API","harmonyos_api_changes/HarmonyOS_5.0.3(15)_Beta2.json","export","","if (event.type === TouchType.Down) {","ArkTS","library\src\main\ets\tablefixheaders\TableFixHeaders.ets:364","export type SizeChangeCallback = (size: window.Size, keyboardArea?: KeyboardArea) => void@library\src\main\ets\tablefixheaders\TableFixHeaders.ets:364","","5.0.3(15)","export type SizeChangeCallback = (size: window.Size, keyboardArea?: KeyboardArea) => void"
"export type SizeChangeCallback = (size: window.Size, keyboardArea?: KeyboardArea) => void","新增API","harmonyos_api_changes/HarmonyOS_5.0.3(15)_Beta2.json","export","","} else if (event.type === TouchType.Move) {","ArkTS","library\src\main\ets\tablefixheaders\TableFixHeaders.ets:376","export type SizeChangeCallback = (size: window.Size, keyboardArea?: KeyboardArea) => void@library\src\main\ets\tablefixheaders\TableFixHeaders.ets:376","","5.0.3(15)","export type SizeChangeCallback = (size: window.Size, keyboardArea?: KeyboardArea) => void"
"export type SizeChangeCallback = (size: window.Size, keyboardArea?: KeyboardArea) => void","新增API","harmonyos_api_changes/HarmonyOS_5.0.3(15)_Beta2.json","export","","} else if (event.type === TouchType.Up || event.type === TouchType.Cancel) {","ArkTS","library\src\main\ets\tablefixheaders\TableFixHeaders.ets:394","export type SizeChangeCallback = (size: window.Size, keyboardArea?: KeyboardArea) => void@library\src\main\ets\tablefixheaders\TableFixHeaders.ets:394","","5.0.3(15)","export type SizeChangeCallback = (size: window.Size, keyboardArea?: KeyboardArea) => void"
"export type SubHeaderV2OperationItemAction = () => void","新增API","harmonyos_api_changes/HarmonyOS_5.1.0(18).json","export","","if (event.type === TouchType.Down) {","ArkTS","library\src\main\ets\tablefixheaders\TableFixHeaders.ets:364","export type SubHeaderV2OperationItemAction = () => void@library\src\main\ets\tablefixheaders\TableFixHeaders.ets:364","","5.1.0(18)","export type SubHeaderV2OperationItemAction = () => void"
"export type SubHeaderV2OperationItemAction = () => void","新增API","harmonyos_api_changes/HarmonyOS_5.1.0(18).json","export","","} else if (event.type === TouchType.Move) {","ArkTS","library\src\main\ets\tablefixheaders\TableFixHeaders.ets:376","export type SubHeaderV2OperationItemAction = () => void@library\src\main\ets\tablefixheaders\TableFixHeaders.ets:376","","5.1.0(18)","export type SubHeaderV2OperationItemAction = () => void"
"export type SubHeaderV2OperationItemAction = () => void","新增API","harmonyos_api_changes/HarmonyOS_5.1.0(18).json","export","","} else if (event.type === TouchType.Up || event.type === TouchType.Cancel) {","ArkTS","library\src\main\ets\tablefixheaders\TableFixHeaders.ets:394","export type SubHeaderV2OperationItemAction = () => void@library\src\main\ets\tablefixheaders\TableFixHeaders.ets:394","","5.1.0(18)","export type SubHeaderV2OperationItemAction = () => void"
"export type SubHeaderV2SelectOnSelect = (selectedIndex: number, selectedContent?: string) => void","新增API","harmonyos_api_changes/HarmonyOS_5.1.0(18).json","export","","if (event.type === TouchType.Down) {","ArkTS","library\src\main\ets\tablefixheaders\TableFixHeaders.ets:364","export type SubHeaderV2SelectOnSelect = (selectedIndex: number, selectedContent?: string) => void@library\src\main\ets\tablefixheaders\TableFixHeaders.ets:364","","5.1.0(18)","export type SubHeaderV2SelectOnSelect = (selectedIndex: number, selectedContent?: string) => void"
"export type SubHeaderV2SelectOnSelect = (selectedIndex: number, selectedContent?: string) => void","新增API","harmonyos_api_changes/HarmonyOS_5.1.0(18).json","export","","} else if (event.type === TouchType.Move) {","ArkTS","library\src\main\ets\tablefixheaders\TableFixHeaders.ets:376","export type SubHeaderV2SelectOnSelect = (selectedIndex: number, selectedContent?: string) => void@library\src\main\ets\tablefixheaders\TableFixHeaders.ets:376","","5.1.0(18)","export type SubHeaderV2SelectOnSelect = (selectedIndex: number, selectedContent?: string) => void"
"export type SubHeaderV2SelectOnSelect = (selectedIndex: number, selectedContent?: string) => void","新增API","harmonyos_api_changes/HarmonyOS_5.1.0(18).json","export","","} else if (event.type === TouchType.Up || event.type === TouchType.Cancel) {","ArkTS","library\src\main\ets\tablefixheaders\TableFixHeaders.ets:394","export type SubHeaderV2SelectOnSelect = (selectedIndex: number, selectedContent?: string) => void@library\src\main\ets\tablefixheaders\TableFixHeaders.ets:394","","5.1.0(18)","export type SubHeaderV2SelectOnSelect = (selectedIndex: number, selectedContent?: string) => void"
"export type SubHeaderV2TitleBuilder = () => void","新增API","harmonyos_api_changes/HarmonyOS_5.1.0(18).json","export","","if (event.type === TouchType.Down) {","ArkTS","library\src\main\ets\tablefixheaders\TableFixHeaders.ets:364","export type SubHeaderV2TitleBuilder = () => void@library\src\main\ets\tablefixheaders\TableFixHeaders.ets:364","","5.1.0(18)","export type SubHeaderV2TitleBuilder = () => void"
"export type SubHeaderV2TitleBuilder = () => void","新增API","harmonyos_api_changes/HarmonyOS_5.1.0(18).json","export","","} else if (event.type === TouchType.Move) {","ArkTS","library\src\main\ets\tablefixheaders\TableFixHeaders.ets:376","export type SubHeaderV2TitleBuilder = () => void@library\src\main\ets\tablefixheaders\TableFixHeaders.ets:376","","5.1.0(18)","export type SubHeaderV2TitleBuilder = () => void"
"export type SubHeaderV2TitleBuilder = () => void","新增API","harmonyos_api_changes/HarmonyOS_5.1.0(18).json","export","","} else if (event.type === TouchType.Up || event.type === TouchType.Cancel) {","ArkTS","library\src\main\ets\tablefixheaders\TableFixHeaders.ets:394","export type SubHeaderV2TitleBuilder = () => void@library\src\main\ets\tablefixheaders\TableFixHeaders.ets:394","","5.1.0(18)","export type SubHeaderV2TitleBuilder = () => void"
"export type TargetFileCallback = (request: Request, suggestedPath: Path) => TargetFile | Promise<TargetFile>","API模型切换","harmonyos_api_changes/HarmonyOS_6.1.0(23)_Beta1.json","export","","if (event.type === TouchType.Down) {","ArkTS","library\src\main\ets\tablefixheaders\TableFixHeaders.ets:364","export type TargetFileCallback = (request: Request, suggestedPath: Path) => TargetFile | Promise<TargetFile>@library\src\main\ets\tablefixheaders\TableFixHeaders.ets:364","","6.1.0(23)","export type TargetFileCallback = (request: Request, suggestedPath: Path) => TargetFile | Promise<TargetFile>"
"export type TargetFileCallback = (request: Request, suggestedPath: Path) => TargetFile | Promise<TargetFile>","API模型切换","harmonyos_api_changes/HarmonyOS_6.1.0(23)_Beta1.json","export","","} else if (event.type === TouchType.Move) {","ArkTS","library\src\main\ets\tablefixheaders\TableFixHeaders.ets:376","export type TargetFileCallback = (request: Request, suggestedPath: Path) => TargetFile | Promise<TargetFile>@library\src\main\ets\tablefixheaders\TableFixHeaders.ets:376","","6.1.0(23)","export type TargetFileCallback = (request: Request, suggestedPath: Path) => TargetFile | Promise<TargetFile>"
"export type TargetFileCallback = (request: Request, suggestedPath: Path) => TargetFile | Promise<TargetFile>","API模型切换","harmonyos_api_changes/HarmonyOS_6.1.0(23)_Beta1.json","export","","} else if (event.type === TouchType.Up || event.type === TouchType.Cancel) {","ArkTS","library\src\main\ets\tablefixheaders\TableFixHeaders.ets:394","export type TargetFileCallback = (request: Request, suggestedPath: Path) => TargetFile | Promise<TargetFile>@library\src\main\ets\tablefixheaders\TableFixHeaders.ets:394","","6.1.0(23)","export type TargetFileCallback = (request: Request, suggestedPath: Path) => TargetFile | Promise<TargetFile>"
"export type ToolBarV2ItemAction = (index: number) => void","新增API","harmonyos_api_changes/HarmonyOS_5.1.0(18).json","export","","if (event.type === TouchType.Down) {","ArkTS","library\src\main\ets\tablefixheaders\TableFixHeaders.ets:364","export type ToolBarV2ItemAction = (index: number) => void@library\src\main\ets\tablefixheaders\TableFixHeaders.ets:364","","5.1.0(18)","export type ToolBarV2ItemAction = (index: number) => void"
"export type ToolBarV2ItemAction = (index: number) => void","新增API","harmonyos_api_changes/HarmonyOS_5.1.0(18).json","export","","} else if (event.type === TouchType.Move) {","ArkTS","library\src\main\ets\tablefixheaders\TableFixHeaders.ets:376","export type ToolBarV2ItemAction = (index: number) => void@library\src\main\ets\tablefixheaders\TableFixHeaders.ets:376","","5.1.0(18)","export type ToolBarV2ItemAction = (index: number) => void"
"export type ToolBarV2ItemAction = (index: number) => void","新增API","harmonyos_api_changes/HarmonyOS_5.1.0(18).json","export","","} else if (event.type === TouchType.Up || event.type === TouchType.Cancel) {","ArkTS","library\src\main\ets\tablefixheaders\TableFixHeaders.ets:394","export type ToolBarV2ItemAction = (index: number) => void@library\src\main\ets\tablefixheaders\TableFixHeaders.ets:394","","5.1.0(18)","export type ToolBarV2ItemAction = (index: number) => void"
"export type UpReadState = (readState: ReadStateCode) => void","新增API","harmonyos_api_changes/HarmonyOS_6.1.1(24)_Beta1.json","export","","if (event.type === TouchType.Down) {","ArkTS","library\src\main\ets\tablefixheaders\TableFixHeaders.ets:364","export type UpReadState = (readState: ReadStateCode) => void@library\src\main\ets\tablefixheaders\TableFixHeaders.ets:364","","6.1.1(24)","export type UpReadState = (readState: ReadStateCode) => void"
"export type UpReadState = (readState: ReadStateCode) => void","新增API","harmonyos_api_changes/HarmonyOS_6.1.1(24)_Beta1.json","export","","} else if (event.type === TouchType.Move) {","ArkTS","library\src\main\ets\tablefixheaders\TableFixHeaders.ets:376","export type UpReadState = (readState: ReadStateCode) => void@library\src\main\ets\tablefixheaders\TableFixHeaders.ets:376","","6.1.1(24)","export type UpReadState = (readState: ReadStateCode) => void"
"export type UpReadState = (readState: ReadStateCode) => void","新增API","harmonyos_api_changes/HarmonyOS_6.1.1(24)_Beta1.json","export","","} else if (event.type === TouchType.Up || event.type === TouchType.Cancel) {","ArkTS","library\src\main\ets\tablefixheaders\TableFixHeaders.ets:394","export type UpReadState = (readState: ReadStateCode) => void@library\src\main\ets\tablefixheaders\TableFixHeaders.ets:394","","6.1.1(24)","export type UpReadState = (readState: ReadStateCode) => void"
"export type ValidationCallback = (context: ValidationContext) => boolean | Promise<boolean>","API模型切换","harmonyos_api_changes/HarmonyOS_6.1.0(23)_Beta1.json","export","","if (event.type === TouchType.Down) {","ArkTS","library\src\main\ets\tablefixheaders\TableFixHeaders.ets:364","export type ValidationCallback = (context: ValidationContext) => boolean | Promise<boolean>@library\src\main\ets\tablefixheaders\TableFixHeaders.ets:364","","6.1.0(23)","export type ValidationCallback = (context: ValidationContext) => boolean | Promise<boolean>"
"export type ValidationCallback = (context: ValidationContext) => boolean | Promise<boolean>","API模型切换","harmonyos_api_changes/HarmonyOS_6.1.0(23)_Beta1.json","export","","} else if (event.type === TouchType.Move) {","ArkTS","library\src\main\ets\tablefixheaders\TableFixHeaders.ets:376","export type ValidationCallback = (context: ValidationContext) => boolean | Promise<boolean>@library\src\main\ets\tablefixheaders\TableFixHeaders.ets:376","","6.1.0(23)","export type ValidationCallback = (context: ValidationContext) => boolean | Promise<boolean>"
"export type ValidationCallback = (context: ValidationContext) => boolean | Promise<boolean>","API模型切换","harmonyos_api_changes/HarmonyOS_6.1.0(23)_Beta1.json","export","","} else if (event.type === TouchType.Up || event.type === TouchType.Cancel) {","ArkTS","library\src\main\ets\tablefixheaders\TableFixHeaders.ets:394","export type ValidationCallback = (context: ValidationContext) => boolean | Promise<boolean>@library\src\main\ets\tablefixheaders\TableFixHeaders.ets:394","","6.1.0(23)","export type ValidationCallback = (context: ValidationContext) => boolean | Promise<boolean>"
"export type customInfoWindowCallback = (markerDelegate: map.MarkerDelegate) => void","修改导出符号","harmonyos_api_changes/HarmonyOS_26.0.0_Beta2.json","export","","if (event.type === TouchType.Down) {","ArkTS","library\src\main\ets\tablefixheaders\TableFixHeaders.ets:364","export type customInfoWindowCallback = (markerDelegate: map.MarkerDelegate) => void@library\src\main\ets\tablefixheaders\TableFixHeaders.ets:364","","26.0.0 Beta2","export type customInfoWindowCallback = (markerDelegate: map.MarkerDelegate) => void"
"export type customInfoWindowCallback = (markerDelegate: map.MarkerDelegate) => void","修改导出符号","harmonyos_api_changes/HarmonyOS_26.0.0_Beta2.json","export","","} else if (event.type === TouchType.Move) {","ArkTS","library\src\main\ets\tablefixheaders\TableFixHeaders.ets:376","export type customInfoWindowCallback = (markerDelegate: map.MarkerDelegate) => void@library\src\main\ets\tablefixheaders\TableFixHeaders.ets:376","","26.0.0 Beta2","export type customInfoWindowCallback = (markerDelegate: map.MarkerDelegate) => void"
"export type customInfoWindowCallback = (markerDelegate: map.MarkerDelegate) => void","修改导出符号","harmonyos_api_changes/HarmonyOS_26.0.0_Beta2.json","export","","} else if (event.type === TouchType.Up || event.type === TouchType.Cancel) {","ArkTS","library\src\main\ets\tablefixheaders\TableFixHeaders.ets:394","export type customInfoWindowCallback = (markerDelegate: map.MarkerDelegate) => void@library\src\main\ets\tablefixheaders\TableFixHeaders.ets:394","","26.0.0 Beta2","export type customInfoWindowCallback = (markerDelegate: map.MarkerDelegate) => void"
"export type videoPlayStateChangedCallback = (state: VideoPlayerState) => void","新增API","harmonyos_api_changes/HarmonyOS_5.0.2(14).json","export","","if (event.type === TouchType.Down) {","ArkTS","library\src\main\ets\tablefixheaders\TableFixHeaders.ets:364","export type videoPlayStateChangedCallback = (state: VideoPlayerState) => void@library\src\main\ets\tablefixheaders\TableFixHeaders.ets:364","","5.0.2(14)","export type videoPlayStateChangedCallback = (state: VideoPlayerState) => void"
"export type videoPlayStateChangedCallback = (state: VideoPlayerState) => void","新增API","harmonyos_api_changes/HarmonyOS_5.0.2(14).json","export","","} else if (event.type === TouchType.Move) {","ArkTS","library\src\main\ets\tablefixheaders\TableFixHeaders.ets:376","export type videoPlayStateChangedCallback = (state: VideoPlayerState) => void@library\src\main\ets\tablefixheaders\TableFixHeaders.ets:376","","5.0.2(14)","export type videoPlayStateChangedCallback = (state: VideoPlayerState) => void"
"export type videoPlayStateChangedCallback = (state: VideoPlayerState) => void","新增API","harmonyos_api_changes/HarmonyOS_5.0.2(14).json","export","","} else if (event.type === TouchType.Up || event.type === TouchType.Cancel) {","ArkTS","library\src\main\ets\tablefixheaders\TableFixHeaders.ets:394","export type videoPlayStateChangedCallback = (state: VideoPlayerState) => void@library\src\main\ets\tablefixheaders\TableFixHeaders.ets:394","","5.0.2(14)","export type videoPlayStateChangedCallback = (state: VideoPlayerState) => void"
"fontWeight(value: number | FontWeight | string): T","函数变更","harmonyos_api_changes/HarmonyOS_6.0.0(20)_Beta2.json","fontWeight","",".fontWeight(FontWeight.Bold)","ArkTS","entry\src\main\ets\pages\FamilyTablePage.ets:48","fontWeight(value: number | FontWeight | string): T@entry\src\main\ets\pages\FamilyTablePage.ets:48","","6.0.0(20)","fontWeight(value: number | FontWeight | string): T"
"fontWeight(value: number | FontWeight | string): T","函数变更","harmonyos_api_changes/HarmonyOS_6.0.0(20)_Beta2.json","fontWeight","",".fontWeight(FontWeight.Medium)","ArkTS","entry\src\main\ets\pages\FamilyTablePage.ets:85","fontWeight(value: number | FontWeight | string): T@entry\src\main\ets\pages\FamilyTablePage.ets:85","","6.0.0(20)","fontWeight(value: number | FontWeight | string): T"
"fontWeight(value: number | FontWeight | string): T","函数变更","harmonyos_api_changes/HarmonyOS_6.0.0(20)_Beta2.json","fontWeight","",".fontWeight(FontWeight.Bold)","ArkTS","entry\src\main\ets\pages\Index.ets:41","fontWeight(value: number | FontWeight | string): T@entry\src\main\ets\pages\Index.ets:41","","6.0.0(20)","fontWeight(value: number | FontWeight | string): T"
"fontWeight(value: number | FontWeight | string): T","函数变更","harmonyos_api_changes/HarmonyOS_6.0.0(20)_Beta2.json","fontWeight","",".fontWeight(FontWeight.Bold)","ArkTS","entry\src\main\ets\pages\Index.ets:77","fontWeight(value: number | FontWeight | string): T@entry\src\main\ets\pages\Index.ets:77","","6.0.0(20)","fontWeight(value: number | FontWeight | string): T"
"fontWeight(value: number | FontWeight | string): T","函数变更","harmonyos_api_changes/HarmonyOS_6.0.0(20)_Beta2.json","fontWeight","",".fontWeight(FontWeight.Medium)","ArkTS","entry\src\main\ets\pages\Index.ets:85","fontWeight(value: number | FontWeight | string): T@entry\src\main\ets\pages\Index.ets:85","","6.0.0(20)","fontWeight(value: number | FontWeight | string): T"
"fontWeight(value: number | FontWeight | string): T","函数变更","harmonyos_api_changes/HarmonyOS_6.0.0(20)_Beta2.json","fontWeight","",".fontWeight(FontWeight.Medium)","ArkTS","entry\src\main\ets\pages\SimpleTablePage.ets:101","fontWeight(value: number | FontWeight | string): T@entry\src\main\ets\pages\SimpleTablePage.ets:101","","6.0.0(20)","fontWeight(value: number | FontWeight | string): T"
"fontWeight(value: number | FontWeight | string): T","函数变更","harmonyos_api_changes/HarmonyOS_6.0.0(20)_Beta2.json","fontWeight","",".fontWeight(FontWeight.Bold)","ArkTS","entry\src\main\ets\pages\SimpleTablePage.ets:63","fontWeight(value: number | FontWeight | string): T@entry\src\main\ets\pages\SimpleTablePage.ets:63","","6.0.0(20)","fontWeight(value: number | FontWeight | string): T"
"fontWeight(value: number | FontWeight | string): T","函数变更","harmonyos_api_changes/HarmonyOS_6.0.0(20)_Beta2.json","fontWeight","",".fontWeight(FontWeight.Bold)","ArkTS","entry\src\main\ets\pages\StyleTablePage.ets:49","fontWeight(value: number | FontWeight | string): T@entry\src\main\ets\pages\StyleTablePage.ets:49","","6.0.0(20)","fontWeight(value: number | FontWeight | string): T"
"fontWeight(value: number | FontWeight | string): T","函数变更","harmonyos_api_changes/HarmonyOS_6.0.0(20)_Beta2.json","fontWeight","",".fontWeight(FontWeight.Medium)","ArkTS","entry\src\main\ets\pages\StyleTablePage.ets:86","fontWeight(value: number | FontWeight | string): T@entry\src\main\ets\pages\StyleTablePage.ets:86","","6.0.0(20)","fontWeight(value: number | FontWeight | string): T"
"fontWeight(value: number | FontWeight | string): T","函数变更","harmonyos_api_changes/HarmonyOS_6.0.0(20)_Beta2.json","fontWeight","",".fontWeight(FontWeight.Bold)","ArkTS","library\src\main\ets\components\MainPage.ets:10","fontWeight(value: number | FontWeight | string): T@library\src\main\ets\components\MainPage.ets:10","","6.0.0(20)","fontWeight(value: number | FontWeight | string): T"
"fontWeight(value: number | FontWeight | string): TextAttribute","函数变更","harmonyos_api_changes/HarmonyOS_6.0.0(20)_Beta1.json","fontWeight","",".fontWeight(FontWeight.Bold)","ArkTS","entry\src\main\ets\pages\FamilyTablePage.ets:48","fontWeight(value: number | FontWeight | string): TextAttribute@entry\src\main\ets\pages\FamilyTablePage.ets:48","","6.0.0(20)","fontWeight(value: number | FontWeight | string): TextAttribute"
"fontWeight(value: number | FontWeight | string): TextAttribute","函数变更","harmonyos_api_changes/HarmonyOS_6.0.0(20)_Beta1.json","fontWeight","",".fontWeight(FontWeight.Medium)","ArkTS","entry\src\main\ets\pages\FamilyTablePage.ets:85","fontWeight(value: number | FontWeight | string): TextAttribute@entry\src\main\ets\pages\FamilyTablePage.ets:85","","6.0.0(20)","fontWeight(value: number | FontWeight | string): TextAttribute"
"fontWeight(value: number | FontWeight | string): TextAttribute","函数变更","harmonyos_api_changes/HarmonyOS_6.0.0(20)_Beta1.json","fontWeight","",".fontWeight(FontWeight.Bold)","ArkTS","entry\src\main\ets\pages\Index.ets:41","fontWeight(value: number | FontWeight | string): TextAttribute@entry\src\main\ets\pages\Index.ets:41","","6.0.0(20)","fontWeight(value: number | FontWeight | string): TextAttribute"
"fontWeight(value: number | FontWeight | string): TextAttribute","函数变更","harmonyos_api_changes/HarmonyOS_6.0.0(20)_Beta1.json","fontWeight","",".fontWeight(FontWeight.Bold)","ArkTS","entry\src\main\ets\pages\Index.ets:77","fontWeight(value: number | FontWeight | string): TextAttribute@entry\src\main\ets\pages\Index.ets:77","","6.0.0(20)","fontWeight(value: number | FontWeight | string): TextAttribute"
"fontWeight(value: number | FontWeight | string): TextAttribute","函数变更","harmonyos_api_changes/HarmonyOS_6.0.0(20)_Beta1.json","fontWeight","",".fontWeight(FontWeight.Medium)","ArkTS","entry\src\main\ets\pages\Index.ets:85","fontWeight(value: number | FontWeight | string): TextAttribute@entry\src\main\ets\pages\Index.ets:85","","6.0.0(20)","fontWeight(value: number | FontWeight | string): TextAttribute"
"fontWeight(value: number | FontWeight | string): TextAttribute","函数变更","harmonyos_api_changes/HarmonyOS_6.0.0(20)_Beta1.json","fontWeight","",".fontWeight(FontWeight.Medium)","ArkTS","entry\src\main\ets\pages\SimpleTablePage.ets:101","fontWeight(value: number | FontWeight | string): TextAttribute@entry\src\main\ets\pages\SimpleTablePage.ets:101","","6.0.0(20)","fontWeight(value: number | FontWeight | string): TextAttribute"
"fontWeight(value: number | FontWeight | string): TextAttribute","函数变更","harmonyos_api_changes/HarmonyOS_6.0.0(20)_Beta1.json","fontWeight","",".fontWeight(FontWeight.Bold)","ArkTS","entry\src\main\ets\pages\SimpleTablePage.ets:63","fontWeight(value: number | FontWeight | string): TextAttribute@entry\src\main\ets\pages\SimpleTablePage.ets:63","","6.0.0(20)","fontWeight(value: number | FontWeight | string): TextAttribute"
"fontWeight(value: number | FontWeight | string): TextAttribute","函数变更","harmonyos_api_changes/HarmonyOS_6.0.0(20)_Beta1.json","fontWeight","",".fontWeight(FontWeight.Bold)","ArkTS","entry\src\main\ets\pages\StyleTablePage.ets:49","fontWeight(value: number | FontWeight | string): TextAttribute@entry\src\main\ets\pages\StyleTablePage.ets:49","","6.0.0(20)","fontWeight(value: number | FontWeight | string): TextAttribute"
"fontWeight(value: number | FontWeight | string): TextAttribute","函数变更","harmonyos_api_changes/HarmonyOS_6.0.0(20)_Beta1.json","fontWeight","",".fontWeight(FontWeight.Medium)","ArkTS","entry\src\main\ets\pages\StyleTablePage.ets:86","fontWeight(value: number | FontWeight | string): TextAttribute@entry\src\main\ets\pages\StyleTablePage.ets:86","","6.0.0(20)","fontWeight(value: number | FontWeight | string): TextAttribute"
"fontWeight(value: number | FontWeight | string): TextAttribute","函数变更","harmonyos_api_changes/HarmonyOS_6.0.0(20)_Beta1.json","fontWeight","",".fontWeight(FontWeight.Bold)","ArkTS","library\src\main\ets\components\MainPage.ets:10","fontWeight(value: number | FontWeight | string): TextAttribute@library\src\main\ets\components\MainPage.ets:10","","6.0.0(20)","fontWeight(value: number | FontWeight | string): TextAttribute"
"fontWeight(weight: number | FontWeight | string, options?: FontSettingOptions): TextAttribute","函数变更","harmonyos_api_changes/HarmonyOS_6.0.0(20)_Beta1.json","fontWeight","",".fontWeight(FontWeight.Bold)","ArkTS","entry\src\main\ets\pages\FamilyTablePage.ets:48","fontWeight(weight: number | FontWeight | string, options?: FontSettingOptions): TextAttribute@entry\src\main\ets\pages\FamilyTablePage.ets:48","","6.0.0(20)","fontWeight(weight: number | FontWeight | string, options?: FontSettingOptions): TextAttribute"
"fontWeight(weight: number | FontWeight | string, options?: FontSettingOptions): TextAttribute","函数变更","harmonyos_api_changes/HarmonyOS_6.0.0(20)_Beta1.json","fontWeight","",".fontWeight(FontWeight.Medium)","ArkTS","entry\src\main\ets\pages\FamilyTablePage.ets:85","fontWeight(weight: number | FontWeight | string, options?: FontSettingOptions): TextAttribute@entry\src\main\ets\pages\FamilyTablePage.ets:85","","6.0.0(20)","fontWeight(weight: number | FontWeight | string, options?: FontSettingOptions): TextAttribute"
"fontWeight(weight: number | FontWeight | string, options?: FontSettingOptions): TextAttribute","函数变更","harmonyos_api_changes/HarmonyOS_6.0.0(20)_Beta1.json","fontWeight","",".fontWeight(FontWeight.Bold)","ArkTS","entry\src\main\ets\pages\Index.ets:41","fontWeight(weight: number | FontWeight | string, options?: FontSettingOptions): TextAttribute@entry\src\main\ets\pages\Index.ets:41","","6.0.0(20)","fontWeight(weight: number | FontWeight | string, options?: FontSettingOptions): TextAttribute"
"fontWeight(weight: number | FontWeight | string, options?: FontSettingOptions): TextAttribute","函数变更","harmonyos_api_changes/HarmonyOS_6.0.0(20)_Beta1.json","fontWeight","",".fontWeight(FontWeight.Bold)","ArkTS","entry\src\main\ets\pages\Index.ets:77","fontWeight(weight: number | FontWeight | string, options?: FontSettingOptions): TextAttribute@entry\src\main\ets\pages\Index.ets:77","","6.0.0(20)","fontWeight(weight: number | FontWeight | string, options?: FontSettingOptions): TextAttribute"
"fontWeight(weight: number | FontWeight | string, options?: FontSettingOptions): TextAttribute","函数变更","harmonyos_api_changes/HarmonyOS_6.0.0(20)_Beta1.json","fontWeight","",".fontWeight(FontWeight.Medium)","ArkTS","entry\src\main\ets\pages\Index.ets:85","fontWeight(weight: number | FontWeight | string, options?: FontSettingOptions): TextAttribute@entry\src\main\ets\pages\Index.ets:85","","6.0.0(20)","fontWeight(weight: number | FontWeight | string, options?: FontSettingOptions): TextAttribute"
"fontWeight(weight: number | FontWeight | string, options?: FontSettingOptions): TextAttribute","函数变更","harmonyos_api_changes/HarmonyOS_6.0.0(20)_Beta1.json","fontWeight","",".fontWeight(FontWeight.Medium)","ArkTS","entry\src\main\ets\pages\SimpleTablePage.ets:101","fontWeight(weight: number | FontWeight | string, options?: FontSettingOptions): TextAttribute@entry\src\main\ets\pages\SimpleTablePage.ets:101","","6.0.0(20)","fontWeight(weight: number | FontWeight | string, options?: FontSettingOptions): TextAttribute"
"fontWeight(weight: number | FontWeight | string, options?: FontSettingOptions): TextAttribute","函数变更","harmonyos_api_changes/HarmonyOS_6.0.0(20)_Beta1.json","fontWeight","",".fontWeight(FontWeight.Bold)","ArkTS","entry\src\main\ets\pages\SimpleTablePage.ets:63","fontWeight(weight: number | FontWeight | string, options?: FontSettingOptions): TextAttribute@entry\src\main\ets\pages\SimpleTablePage.ets:63","","6.0.0(20)","fontWeight(weight: number | FontWeight | string, options?: FontSettingOptions): TextAttribute"
"fontWeight(weight: number | FontWeight | string, options?: FontSettingOptions): TextAttribute","函数变更","harmonyos_api_changes/HarmonyOS_6.0.0(20)_Beta1.json","fontWeight","",".fontWeight(FontWeight.Bold)","ArkTS","entry\src\main\ets\pages\StyleTablePage.ets:49","fontWeight(weight: number | FontWeight | string, options?: FontSettingOptions): TextAttribute@entry\src\main\ets\pages\StyleTablePage.ets:49","","6.0.0(20)","fontWeight(weight: number | FontWeight | string, options?: FontSettingOptions): TextAttribute"
"fontWeight(weight: number | FontWeight | string, options?: FontSettingOptions): TextAttribute","函数变更","harmonyos_api_changes/HarmonyOS_6.0.0(20)_Beta1.json","fontWeight","",".fontWeight(FontWeight.Medium)","ArkTS","entry\src\main\ets\pages\StyleTablePage.ets:86","fontWeight(weight: number | FontWeight | string, options?: FontSettingOptions): TextAttribute@entry\src\main\ets\pages\StyleTablePage.ets:86","","6.0.0(20)","fontWeight(weight: number | FontWeight | string, options?: FontSettingOptions): TextAttribute"
"fontWeight(weight: number | FontWeight | string, options?: FontSettingOptions): TextAttribute","函数变更","harmonyos_api_changes/HarmonyOS_6.0.0(20)_Beta1.json","fontWeight","",".fontWeight(FontWeight.Bold)","ArkTS","library\src\main\ets\components\MainPage.ets:10","fontWeight(weight: number | FontWeight | string, options?: FontSettingOptions): TextAttribute@library\src\main\ets\components\MainPage.ets:10","","6.0.0(20)","fontWeight(weight: number | FontWeight | string, options?: FontSettingOptions): TextAttribute"
"fontWeight: number","新增API","harmonyos_api_changes/HarmonyOS_5.0.4(16).json","fontWeight","",".fontWeight(FontWeight.Bold)","ArkTS","entry\src\main\ets\pages\FamilyTablePage.ets:48","fontWeight: number@entry\src\main\ets\pages\FamilyTablePage.ets:48","","5.0.4(16)","fontWeight: number"
"fontWeight: number","新增API","harmonyos_api_changes/HarmonyOS_5.0.4(16).json","fontWeight","",".fontWeight(FontWeight.Medium)","ArkTS","entry\src\main\ets\pages\FamilyTablePage.ets:85","fontWeight: number@entry\src\main\ets\pages\FamilyTablePage.ets:85","","5.0.4(16)","fontWeight: number"
"fontWeight: number","新增API","harmonyos_api_changes/HarmonyOS_5.0.4(16).json","fontWeight","",".fontWeight(FontWeight.Bold)","ArkTS","entry\src\main\ets\pages\Index.ets:41","fontWeight: number@entry\src\main\ets\pages\Index.ets:41","","5.0.4(16)","fontWeight: number"
"fontWeight: number","新增API","harmonyos_api_changes/HarmonyOS_5.0.4(16).json","fontWeight","",".fontWeight(FontWeight.Bold)","ArkTS","entry\src\main\ets\pages\Index.ets:77","fontWeight: number@entry\src\main\ets\pages\Index.ets:77","","5.0.4(16)","fontWeight: number"
"fontWeight: number","新增API","harmonyos_api_changes/HarmonyOS_5.0.4(16).json","fontWeight","",".fontWeight(FontWeight.Medium)","ArkTS","entry\src\main\ets\pages\Index.ets:85","fontWeight: number@entry\src\main\ets\pages\Index.ets:85","","5.0.4(16)","fontWeight: number"
"fontWeight: number","新增API","harmonyos_api_changes/HarmonyOS_5.0.4(16).json","fontWeight","",".fontWeight(FontWeight.Medium)","ArkTS","entry\src\main\ets\pages\SimpleTablePage.ets:101","fontWeight: number@entry\src\main\ets\pages\SimpleTablePage.ets:101","","5.0.4(16)","fontWeight: number"
"fontWeight: number","新增API","harmonyos_api_changes/HarmonyOS_5.0.4(16).json","fontWeight","",".fontWeight(FontWeight.Bold)","ArkTS","entry\src\main\ets\pages\SimpleTablePage.ets:63","fontWeight: number@entry\src\main\ets\pages\SimpleTablePage.ets:63","","5.0.4(16)","fontWeight: number"
"fontWeight: number","新增API","harmonyos_api_changes/HarmonyOS_5.0.4(16).json","fontWeight","",".fontWeight(FontWeight.Bold)","ArkTS","entry\src\main\ets\pages\StyleTablePage.ets:49","fontWeight: number@entry\src\main\ets\pages\StyleTablePage.ets:49","","5.0.4(16)","fontWeight: number"
"fontWeight: number","新增API","harmonyos_api_changes/HarmonyOS_5.0.4(16).json","fontWeight","",".fontWeight(FontWeight.Medium)","ArkTS","entry\src\main\ets\pages\StyleTablePage.ets:86","fontWeight: number@entry\src\main\ets\pages\StyleTablePage.ets:86","","5.0.4(16)","fontWeight: number"
"fontWeight: number","新增API","harmonyos_api_changes/HarmonyOS_5.0.4(16).json","fontWeight","",".fontWeight(FontWeight.Bold)","ArkTS","library\src\main\ets\components\MainPage.ets:10","fontWeight: number@library\src\main\ets\components\MainPage.ets:10","","5.0.4(16)","fontWeight: number"
"fontWeight?: FontWeight","API从不支持元服务到支持元服务","harmonyos_api_changes/HarmonyOS_6.0.2(22).json","fontWeight","",".fontWeight(FontWeight.Bold)","ArkTS","entry\src\main\ets\pages\FamilyTablePage.ets:48","fontWeight?: FontWeight@entry\src\main\ets\pages\FamilyTablePage.ets:48","","6.0.2(22)","fontWeight?: FontWeight"
"fontWeight?: FontWeight","API从不支持元服务到支持元服务","harmonyos_api_changes/HarmonyOS_6.0.2(22).json","fontWeight","",".fontWeight(FontWeight.Medium)","ArkTS","entry\src\main\ets\pages\FamilyTablePage.ets:85","fontWeight?: FontWeight@entry\src\main\ets\pages\FamilyTablePage.ets:85","","6.0.2(22)","fontWeight?: FontWeight"
"fontWeight?: FontWeight","API从不支持元服务到支持元服务","harmonyos_api_changes/HarmonyOS_6.0.2(22).json","fontWeight","",".fontWeight(FontWeight.Bold)","ArkTS","entry\src\main\ets\pages\Index.ets:41","fontWeight?: FontWeight@entry\src\main\ets\pages\Index.ets:41","","6.0.2(22)","fontWeight?: FontWeight"
"fontWeight?: FontWeight","API从不支持元服务到支持元服务","harmonyos_api_changes/HarmonyOS_6.0.2(22).json","fontWeight","",".fontWeight(FontWeight.Bold)","ArkTS","entry\src\main\ets\pages\Index.ets:77","fontWeight?: FontWeight@entry\src\main\ets\pages\Index.ets:77","","6.0.2(22)","fontWeight?: FontWeight"
"fontWeight?: FontWeight","API从不支持元服务到支持元服务","harmonyos_api_changes/HarmonyOS_6.0.2(22).json","fontWeight","",".fontWeight(FontWeight.Medium)","ArkTS","entry\src\main\ets\pages\Index.ets:85","fontWeight?: FontWeight@entry\src\main\ets\pages\Index.ets:85","","6.0.2(22)","fontWeight?: FontWeight"
"fontWeight?: FontWeight","API从不支持元服务到支持元服务","harmonyos_api_changes/HarmonyOS_6.0.2(22).json","fontWeight","",".fontWeight(FontWeight.Medium)","ArkTS","entry\src\main\ets\pages\SimpleTablePage.ets:101","fontWeight?: FontWeight@entry\src\main\ets\pages\SimpleTablePage.ets:101","","6.0.2(22)","fontWeight?: FontWeight"
"fontWeight?: FontWeight","API从不支持元服务到支持元服务","harmonyos_api_changes/HarmonyOS_6.0.2(22).json","fontWeight","",".fontWeight(FontWeight.Bold)","ArkTS","entry\src\main\ets\pages\SimpleTablePage.ets:63","fontWeight?: FontWeight@entry\src\main\ets\pages\SimpleTablePage.ets:63","","6.0.2(22)","fontWeight?: FontWeight"
"fontWeight?: FontWeight","API从不支持元服务到支持元服务","harmonyos_api_changes/HarmonyOS_6.0.2(22).json","fontWeight","",".fontWeight(FontWeight.Bold)","ArkTS","entry\src\main\ets\pages\StyleTablePage.ets:49","fontWeight?: FontWeight@entry\src\main\ets\pages\StyleTablePage.ets:49","","6.0.2(22)","fontWeight?: FontWeight"
"fontWeight?: FontWeight","API从不支持元服务到支持元服务","harmonyos_api_changes/HarmonyOS_6.0.2(22).json","fontWeight","",".fontWeight(FontWeight.Medium)","ArkTS","entry\src\main\ets\pages\StyleTablePage.ets:86","fontWeight?: FontWeight@entry\src\main\ets\pages\StyleTablePage.ets:86","","6.0.2(22)","fontWeight?: FontWeight"
"fontWeight?: FontWeight","API从不支持元服务到支持元服务","harmonyos_api_changes/HarmonyOS_6.0.2(22).json","fontWeight","",".fontWeight(FontWeight.Bold)","ArkTS","library\src\main\ets\components\MainPage.ets:10","fontWeight?: FontWeight@library\src\main\ets\components\MainPage.ets:10","","6.0.2(22)","fontWeight?: FontWeight"
"fontWeight?: number | FontWeight | string","属性变更","harmonyos_api_changes/HarmonyOS_6.0.0(20)_Beta1.json","fontWeight","",".fontWeight(FontWeight.Bold)","ArkTS","entry\src\main\ets\pages\FamilyTablePage.ets:48","fontWeight?: number | FontWeight | string@entry\src\main\ets\pages\FamilyTablePage.ets:48","","6.0.0(20)","fontWeight?: number | FontWeight | string"
"fontWeight?: number | FontWeight | string","属性变更","harmonyos_api_changes/HarmonyOS_6.0.0(20)_Beta1.json","fontWeight","",".fontWeight(FontWeight.Medium)","ArkTS","entry\src\main\ets\pages\FamilyTablePage.ets:85","fontWeight?: number | FontWeight | string@entry\src\main\ets\pages\FamilyTablePage.ets:85","","6.0.0(20)","fontWeight?: number | FontWeight | string"
"fontWeight?: number | FontWeight | string","属性变更","harmonyos_api_changes/HarmonyOS_6.0.0(20)_Beta1.json","fontWeight","",".fontWeight(FontWeight.Bold)","ArkTS","entry\src\main\ets\pages\Index.ets:41","fontWeight?: number | FontWeight | string@entry\src\main\ets\pages\Index.ets:41","","6.0.0(20)","fontWeight?: number | FontWeight | string"
"fontWeight?: number | FontWeight | string","属性变更","harmonyos_api_changes/HarmonyOS_6.0.0(20)_Beta1.json","fontWeight","",".fontWeight(FontWeight.Bold)","ArkTS","entry\src\main\ets\pages\Index.ets:77","fontWeight?: number | FontWeight | string@entry\src\main\ets\pages\Index.ets:77","","6.0.0(20)","fontWeight?: number | FontWeight | string"
"fontWeight?: number | FontWeight | string","属性变更","harmonyos_api_changes/HarmonyOS_6.0.0(20)_Beta1.json","fontWeight","",".fontWeight(FontWeight.Medium)","ArkTS","entry\src\main\ets\pages\Index.ets:85","fontWeight?: number | FontWeight | string@entry\src\main\ets\pages\Index.ets:85","","6.0.0(20)","fontWeight?: number | FontWeight | string"
"fontWeight?: number | FontWeight | string","属性变更","harmonyos_api_changes/HarmonyOS_6.0.0(20)_Beta1.json","fontWeight","",".fontWeight(FontWeight.Medium)","ArkTS","entry\src\main\ets\pages\SimpleTablePage.ets:101","fontWeight?: number | FontWeight | string@entry\src\main\ets\pages\SimpleTablePage.ets:101","","6.0.0(20)","fontWeight?: number | FontWeight | string"
"fontWeight?: number | FontWeight | string","属性变更","harmonyos_api_changes/HarmonyOS_6.0.0(20)_Beta1.json","fontWeight","",".fontWeight(FontWeight.Bold)","ArkTS","entry\src\main\ets\pages\SimpleTablePage.ets:63","fontWeight?: number | FontWeight | string@entry\src\main\ets\pages\SimpleTablePage.ets:63","","6.0.0(20)","fontWeight?: number | FontWeight | string"
"fontWeight?: number | FontWeight | string","属性变更","harmonyos_api_changes/HarmonyOS_6.0.0(20)_Beta1.json","fontWeight","",".fontWeight(FontWeight.Bold)","ArkTS","entry\src\main\ets\pages\StyleTablePage.ets:49","fontWeight?: number | FontWeight | string@entry\src\main\ets\pages\StyleTablePage.ets:49","","6.0.0(20)","fontWeight?: number | FontWeight | string"
"fontWeight?: number | FontWeight | string","属性变更","harmonyos_api_changes/HarmonyOS_6.0.0(20)_Beta1.json","fontWeight","",".fontWeight(FontWeight.Medium)","ArkTS","entry\src\main\ets\pages\StyleTablePage.ets:86","fontWeight?: number | FontWeight | string@entry\src\main\ets\pages\StyleTablePage.ets:86","","6.0.0(20)","fontWeight?: number | FontWeight | string"
"fontWeight?: number | FontWeight | string","属性变更","harmonyos_api_changes/HarmonyOS_6.0.0(20)_Beta1.json","fontWeight","",".fontWeight(FontWeight.Bold)","ArkTS","library\src\main\ets\components\MainPage.ets:10","fontWeight?: number | FontWeight | string@library\src\main\ets\components\MainPage.ets:10","","6.0.0(20)","fontWeight?: number | FontWeight | string"
"function back(index: number, params?: Object): void","API废弃版本变更","harmonyos_api_changes/HarmonyOS_5.1.0(18).json","back","","router.back();","ArkTS","entry\src\main\ets\pages\FamilyTablePage.ets:43","function back(index: number, params?: Object): void@entry\src\main\ets\pages\FamilyTablePage.ets:43","router","5.1.0(18)","function back(index: number, params?: Object): void"
"function back(index: number, params?: Object): void","API废弃版本变更","harmonyos_api_changes/HarmonyOS_5.1.0(18).json","back","","router.back();","ArkTS","entry\src\main\ets\pages\SimpleTablePage.ets:58","function back(index: number, params?: Object): void@entry\src\main\ets\pages\SimpleTablePage.ets:58","router","5.1.0(18)","function back(index: number, params?: Object): void"
"function back(index: number, params?: Object): void","API废弃版本变更","harmonyos_api_changes/HarmonyOS_5.1.0(18).json","back","","router.back();","ArkTS","entry\src\main\ets\pages\StyleTablePage.ets:44","function back(index: number, params?: Object): void@entry\src\main\ets\pages\StyleTablePage.ets:44","router","5.1.0(18)","function back(index: number, params?: Object): void"
"function back(options?: RouterOptions): void","API废弃版本变更","harmonyos_api_changes/HarmonyOS_5.1.0(18).json","back","","router.back();","ArkTS","entry\src\main\ets\pages\FamilyTablePage.ets:43","function back(options?: RouterOptions): void@entry\src\main\ets\pages\FamilyTablePage.ets:43","router","5.1.0(18)","function back(options?: RouterOptions): void"
"function back(options?: RouterOptions): void","API废弃版本变更","harmonyos_api_changes/HarmonyOS_5.1.0(18).json","back","","router.back();","ArkTS","entry\src\main\ets\pages\SimpleTablePage.ets:58","function back(options?: RouterOptions): void@entry\src\main\ets\pages\SimpleTablePage.ets:58","router","5.1.0(18)","function back(options?: RouterOptions): void"
"function back(options?: RouterOptions): void","API废弃版本变更","harmonyos_api_changes/HarmonyOS_5.1.0(18).json","back","","router.back();","ArkTS","entry\src\main\ets\pages\StyleTablePage.ets:44","function back(options?: RouterOptions): void@entry\src\main\ets\pages\StyleTablePage.ets:44","router","5.1.0(18)","function back(options?: RouterOptions): void"
"function pushUrl(options: RouterOptions): Promise<void>","API废弃版本变更","harmonyos_api_changes/HarmonyOS_5.1.0(18).json","pushUrl","","router.pushUrl({","ArkTS","entry\src\main\ets\pages\Index.ets:129","function pushUrl(options: RouterOptions): Promise<void>@entry\src\main\ets\pages\Index.ets:129","router","5.1.0(18)","function pushUrl(options: RouterOptions): Promise<void>"
"function pushUrl(options: RouterOptions, callback: AsyncCallback<void>): void","API废弃版本变更","harmonyos_api_changes/HarmonyOS_5.1.0(18).json","pushUrl","","router.pushUrl({","ArkTS","entry\src\main\ets\pages\Index.ets:129","function pushUrl(options: RouterOptions, callback: AsyncCallback<void>): void@entry\src\main\ets\pages\Index.ets:129","router","5.1.0(18)","function pushUrl(options: RouterOptions, callback: AsyncCallback<void>): void"
"function pushUrl(options: RouterOptions, mode: RouterMode): Promise<void>","API废弃版本变更","harmonyos_api_changes/HarmonyOS_5.1.0(18).json","pushUrl","","router.pushUrl({","ArkTS","entry\src\main\ets\pages\Index.ets:129","function pushUrl(options: RouterOptions, mode: RouterMode): Promise<void>@entry\src\main\ets\pages\Index.ets:129","router","5.1.0(18)","function pushUrl(options: RouterOptions, mode: RouterMode): Promise<void>"
"function pushUrl(options: RouterOptions, mode: RouterMode, callback: AsyncCallback<void>): void","API废弃版本变更","harmonyos_api_changes/HarmonyOS_5.1.0(18).json","pushUrl","","router.pushUrl({","ArkTS","entry\src\main\ets\pages\Index.ets:129","function pushUrl(options: RouterOptions, mode: RouterMode, callback: AsyncCallback<void>): void@entry\src\main\ets\pages\Index.ets:129","router","5.1.0(18)","function pushUrl(options: RouterOptions, mode: RouterMode, callback: AsyncCallback<void>): void"
"function sign(context: common.Context, signRequest: SignRequest): Promise<SignResponse>","新增API","harmonyos_api_changes/HarmonyOS_26.0.0_Beta1.json","sign","","Math.min(initX - Math.sign(initialVelocityX) * distX, this.maxX));","ArkTS","library\src\main\ets\tablefixheaders\Flinger.ets:66","function sign(context: common.Context, signRequest: SignRequest): Promise<SignResponse>@library\src\main\ets\tablefixheaders\Flinger.ets:66","Math","26.0.0 Beta2","function sign(context: common.Context, signRequest: SignRequest): Promise<SignResponse>"
"function sign(context: common.Context, signRequest: SignRequest): Promise<SignResponse>","新增API","harmonyos_api_changes/HarmonyOS_26.0.0_Beta1.json","sign","","Math.min(initY - Math.sign(initialVelocityY) * distY, this.maxY));","ArkTS","library\src\main\ets\tablefixheaders\Flinger.ets:68","function sign(context: common.Context, signRequest: SignRequest): Promise<SignResponse>@library\src\main\ets\tablefixheaders\Flinger.ets:68","Math","26.0.0 Beta2","function sign(context: common.Context, signRequest: SignRequest): Promise<SignResponse>"
"get(field: string): number","接口行为变更","harmonyos_behavior_changes/HarmonyOS_6.0.0(20)_Beta2.json","get","","const list = this.views.get(type);","ArkTS","library\src\main\ets\tablefixheaders\Recycler.ets:38","get(field: string): number@library\src\main\ets\tablefixheaders\Recycler.ets:38","","6.0.0(20)","get(field: string): number"
"get(field: string): number","接口行为变更","harmonyos_behavior_changes/HarmonyOS_6.0.0(20)_Beta2.json","get","","const list = this.views.get(typeView);","ArkTS","library\src\main\ets\tablefixheaders\Recycler.ets:49","get(field: string): number@library\src\main\ets\tablefixheaders\Recycler.ets:49","","6.0.0(20)","get(field: string): number"
"getData(): ArrayBuffer","新增API","harmonyos_api_changes/HarmonyOS_6.1.0(23)_Beta1.json","getData","","return new CellItem(device.getData(DEVICE_NAME_INDEX));","ArkTS","entry\src\main\ets\pages\adapters\FamilyTableAdapter.ets:187","getData(): ArrayBuffer@entry\src\main\ets\pages\adapters\FamilyTableAdapter.ets:187","","6.1.0(23)","getData(): ArrayBuffer"
"getData(): ArrayBuffer","新增API","harmonyos_api_changes/HarmonyOS_6.1.0(23)_Beta1.json","getData","","return new CellItem(device.getData(column + DATA_OFFSET));","ArkTS","entry\src\main\ets\pages\adapters\FamilyTableAdapter.ets:189","getData(): ArrayBuffer@entry\src\main\ets\pages\adapters\FamilyTableAdapter.ets:189","","6.1.0(23)","getData(): ArrayBuffer"
"getData(): Promise<PasteData>","错误码变更","harmonyos_api_changes/HarmonyOS_5.1.0(18).json","getData","","return new CellItem(device.getData(DEVICE_NAME_INDEX));","ArkTS","entry\src\main\ets\pages\adapters\FamilyTableAdapter.ets:187","getData(): Promise<PasteData>@entry\src\main\ets\pages\adapters\FamilyTableAdapter.ets:187","","5.1.0(18)","getData(): Promise<PasteData>"
"getData(): Promise<PasteData>","错误码变更","harmonyos_api_changes/HarmonyOS_5.1.0(18).json","getData","","return new CellItem(device.getData(column + DATA_OFFSET));","ArkTS","entry\src\main\ets\pages\adapters\FamilyTableAdapter.ets:189","getData(): Promise<PasteData>@entry\src\main\ets\pages\adapters\FamilyTableAdapter.ets:189","","5.1.0(18)","getData(): Promise<PasteData>"
"getData(): mapCommon.WeightedLatLng\[\]","新增API","harmonyos_api_changes/HarmonyOS_6.0.0(20)_Beta3.json","getData","","return new CellItem(device.getData(DEVICE_NAME_INDEX));","ArkTS","entry\src\main\ets\pages\adapters\FamilyTableAdapter.ets:187","getData(): mapCommon.WeightedLatLng\[\]@entry\src\main\ets\pages\adapters\FamilyTableAdapter.ets:187","","6.0.0(20)","getData(): mapCommon.WeightedLatLng\[\]"
"getData(): mapCommon.WeightedLatLng\[\]","新增API","harmonyos_api_changes/HarmonyOS_6.0.0(20)_Beta3.json","getData","","return new CellItem(device.getData(column + DATA_OFFSET));","ArkTS","entry\src\main\ets\pages\adapters\FamilyTableAdapter.ets:189","getData(): mapCommon.WeightedLatLng\[\]@entry\src\main\ets\pages\adapters\FamilyTableAdapter.ets:189","","6.0.0(20)","getData(): mapCommon.WeightedLatLng\[\]"
"getData(callback: AsyncCallback<PasteData>): void","错误码变更","harmonyos_api_changes/HarmonyOS_5.1.0(18).json","getData","","return new CellItem(device.getData(DEVICE_NAME_INDEX));","ArkTS","entry\src\main\ets\pages\adapters\FamilyTableAdapter.ets:187","getData(callback: AsyncCallback<PasteData>): void@entry\src\main\ets\pages\adapters\FamilyTableAdapter.ets:187","","5.1.0(18)","getData(callback: AsyncCallback<PasteData>): void"
"getData(callback: AsyncCallback<PasteData>): void","错误码变更","harmonyos_api_changes/HarmonyOS_5.1.0(18).json","getData","","return new CellItem(device.getData(column + DATA_OFFSET));","ArkTS","entry\src\main\ets\pages\adapters\FamilyTableAdapter.ets:189","getData(callback: AsyncCallback<PasteData>): void@entry\src\main\ets\pages\adapters\FamilyTableAdapter.ets:189","","5.1.0(18)","getData(callback: AsyncCallback<PasteData>): void"
"getData(type: string): Promise<ValueType>","新增API","harmonyos_api_changes/HarmonyOS_5.0.2(14).json","getData","","return new CellItem(device.getData(DEVICE_NAME_INDEX));","ArkTS","entry\src\main\ets\pages\adapters\FamilyTableAdapter.ets:187","getData(type: string): Promise<ValueType>@entry\src\main\ets\pages\adapters\FamilyTableAdapter.ets:187","","5.0.2(14)","getData(type: string): Promise<ValueType>"
"getData(type: string): Promise<ValueType>","新增API","harmonyos_api_changes/HarmonyOS_5.0.2(14).json","getData","","return new CellItem(device.getData(column + DATA_OFFSET));","ArkTS","entry\src\main\ets\pages\adapters\FamilyTableAdapter.ets:189","getData(type: string): Promise<ValueType>@entry\src\main\ets\pages\adapters\FamilyTableAdapter.ets:189","","5.0.2(14)","getData(type: string): Promise<ValueType>"
"getFamilyName(): string","API跨平台权限变更","harmonyos_api_changes/HarmonyOS_6.0.0(20)_Beta3.json","getFamilyName","","return new CellItem(this.getFamilyName(row));","ArkTS","entry\src\main\ets\pages\adapters\FamilyTableAdapter.ets:180","getFamilyName(): string@entry\src\main\ets\pages\adapters\FamilyTableAdapter.ets:180","","6.0.0(20)","getFamilyName(): string"
"getHeight(): number","API跨平台权限变更","harmonyos_api_changes/HarmonyOS_6.0.0(20)_Beta3.json","getHeight","","newHeights.push(adapter.getHeight(i));","ArkTS","library\src\main\ets\tablefixheaders\TableFixHeaders.ets:263","getHeight(): number@library\src\main\ets\tablefixheaders\TableFixHeaders.ets:263","newHeights","6.0.0(20)","getHeight(): number"
"getHeight(): number","API跨平台权限变更","harmonyos_api_changes/HarmonyOS_6.0.0(20)_Beta3.json","getHeight","","abstract getHeight(row: number): number;","ArkTS","library\src\main\ets\tablefixheaders\adapters\BaseTableAdapter.ets:70","getHeight(): number@library\src\main\ets\tablefixheaders\adapters\BaseTableAdapter.ets:70","","6.0.0(20)","getHeight(): number"
"getHeight(): number","API跨平台权限变更","harmonyos_api_changes/HarmonyOS_6.0.0(20)_Beta3.json","getHeight","","getHeight(row: number): number;","ArkTS","library\src\main\ets\tablefixheaders\adapters\TableAdapter.ets:61","getHeight(): number@library\src\main\ets\tablefixheaders\adapters\TableAdapter.ets:61","","6.0.0(20)","getHeight(): number"
"getWidth(): number","API跨平台权限变更","harmonyos_api_changes/HarmonyOS_6.0.0(20)_Beta3.json","getWidth","","newWidths.push(adapter.getWidth(i));","ArkTS","library\src\main\ets\tablefixheaders\TableFixHeaders.ets:257","getWidth(): number@library\src\main\ets\tablefixheaders\TableFixHeaders.ets:257","newWidths","6.0.0(20)","getWidth(): number"
"getWidth(): number","API跨平台权限变更","harmonyos_api_changes/HarmonyOS_6.0.0(20)_Beta3.json","getWidth","","abstract getWidth(column: number): number;","ArkTS","library\src\main\ets\tablefixheaders\adapters\BaseTableAdapter.ets:69","getWidth(): number@library\src\main\ets\tablefixheaders\adapters\BaseTableAdapter.ets:69","","6.0.0(20)","getWidth(): number"
"getWidth(): number","API跨平台权限变更","harmonyos_api_changes/HarmonyOS_6.0.0(20)_Beta3.json","getWidth","","getWidth(column: number): number;","ArkTS","library\src\main\ets\tablefixheaders\adapters\TableAdapter.ets:55","getWidth(): number@library\src\main\ets\tablefixheaders\adapters\TableAdapter.ets:55","","6.0.0(20)","getWidth(): number"
"hitTestBehavior(value: HitTestMode): T","API卡片权限变更","harmonyos_api_changes/HarmonyOS_26.0.0_Beta2.json","hitTestBehavior","",".hitTestBehavior(HitTestMode.None)","ArkTS","library\src\main\ets\tablefixheaders\TableFixHeaders.ets:635","hitTestBehavior(value: HitTestMode): T@library\src\main\ets\tablefixheaders\TableFixHeaders.ets:635","","26.0.0 Beta2","hitTestBehavior(value: HitTestMode): T"
"hitTestBehavior(value: HitTestMode): T","API卡片权限变更","harmonyos_api_changes/HarmonyOS_26.0.0_Beta2.json","hitTestBehavior","",".hitTestBehavior(HitTestMode.None)","ArkTS","library\src\main\ets\tablefixheaders\TableFixHeaders.ets:649","hitTestBehavior(value: HitTestMode): T@library\src\main\ets\tablefixheaders\TableFixHeaders.ets:649","","26.0.0 Beta2","hitTestBehavior(value: HitTestMode): T"
"hitTestBehavior(value: HitTestMode): T","API卡片权限变更","harmonyos_api_changes/HarmonyOS_26.0.0_Beta2.json","hitTestBehavior","",".hitTestBehavior(HitTestMode.None)","ArkTS","library\src\main\ets\tablefixheaders\TableFixHeaders.ets:663","hitTestBehavior(value: HitTestMode): T@library\src\main\ets\tablefixheaders\TableFixHeaders.ets:663","","26.0.0 Beta2","hitTestBehavior(value: HitTestMode): T"
"hitTestBehavior(value: HitTestMode): T","API卡片权限变更","harmonyos_api_changes/HarmonyOS_26.0.0_Beta2.json","hitTestBehavior","",".hitTestBehavior(HitTestMode.None)","ArkTS","library\src\main\ets\tablefixheaders\TableFixHeaders.ets:677","hitTestBehavior(value: HitTestMode): T@library\src\main\ets\tablefixheaders\TableFixHeaders.ets:677","","26.0.0 Beta2","hitTestBehavior(value: HitTestMode): T"
"hitTestBehavior(value: HitTestMode): T","API卡片权限变更","harmonyos_api_changes/HarmonyOS_26.0.0_Beta2.json","hitTestBehavior","",".hitTestBehavior(HitTestMode.Block)","ArkTS","library\src\main\ets\tablefixheaders\TableFixHeaders.ets:685","hitTestBehavior(value: HitTestMode): T@library\src\main\ets\tablefixheaders\TableFixHeaders.ets:685","","26.0.0 Beta2","hitTestBehavior(value: HitTestMode): T"
"initialIndex?: number","接口行为变更","harmonyos_behavior_changes/HarmonyOS_5.0.2(14)_Beta1.json","initialIndex","","List({ space: 12 }) {","ArkTS","entry\src\main\ets\pages\Index.ets:55","initialIndex?: number@entry\src\main\ets\pages\Index.ets:55","","5.0.2(14)","initialIndex?: number"
"isFinished: boolean","新增API","harmonyos_api_changes/HarmonyOS_6.0.0(20)_Beta1.json","isFinished","","if (this.flinger.isFinished()) {","ArkTS","library\src\main\ets\tablefixheaders\TableFixHeaders.ets:417","isFinished: boolean@library\src\main\ets\tablefixheaders\TableFixHeaders.ets:417","","6.0.0(20)","isFinished: boolean"
"linearGradient(options: Optional<LinearGradientOptions>): T","类新增必选属性或非同名方法","harmonyos_api_changes/HarmonyOS_5.1.0(18).json","linearGradient","",".linearGradient({","ArkTS","library\src\main\ets\tablefixheaders\TableFixHeaders.ets:636","linearGradient(options: Optional<LinearGradientOptions>): T@library\src\main\ets\tablefixheaders\TableFixHeaders.ets:636","","5.1.0(18)","linearGradient(options: Optional<LinearGradientOptions>): T"
"linearGradient(options: Optional<LinearGradientOptions>): T","类新增必选属性或非同名方法","harmonyos_api_changes/HarmonyOS_5.1.0(18).json","linearGradient","",".linearGradient({","ArkTS","library\src\main\ets\tablefixheaders\TableFixHeaders.ets:650","linearGradient(options: Optional<LinearGradientOptions>): T@library\src\main\ets\tablefixheaders\TableFixHeaders.ets:650","","5.1.0(18)","linearGradient(options: Optional<LinearGradientOptions>): T"
"linearGradient(options: Optional<LinearGradientOptions>): T","类新增必选属性或非同名方法","harmonyos_api_changes/HarmonyOS_5.1.0(18).json","linearGradient","",".linearGradient({","ArkTS","library\src\main\ets\tablefixheaders\TableFixHeaders.ets:664","linearGradient(options: Optional<LinearGradientOptions>): T@library\src\main\ets\tablefixheaders\TableFixHeaders.ets:664","","5.1.0(18)","linearGradient(options: Optional<LinearGradientOptions>): T"
"linearGradient(options: Optional<LinearGradientOptions>): T","类新增必选属性或非同名方法","harmonyos_api_changes/HarmonyOS_5.1.0(18).json","linearGradient","",".linearGradient({","ArkTS","library\src\main\ets\tablefixheaders\TableFixHeaders.ets:678","linearGradient(options: Optional<LinearGradientOptions>): T@library\src\main\ets\tablefixheaders\TableFixHeaders.ets:678","","5.1.0(18)","linearGradient(options: Optional<LinearGradientOptions>): T"
"linearGradient(value: { angle?: number | string; direction?: GradientDirection; colors: Array<\[ ResourceColor, number \]>; repeating?: boolean; }): T","函数变更","harmonyos_api_changes/HarmonyOS_5.1.0(18).json","linearGradient","",".linearGradient({","ArkTS","library\src\main\ets\tablefixheaders\TableFixHeaders.ets:636","linearGradient(value: { angle?: number | string; direction?: GradientDirection; colors: Array<\[ ResourceColor, number \]>; repeating?: boolean; }): T@library\src\main\ets\tablefixheaders\TableFixHeaders.ets:636","","5.1.0(18)","linearGradient(value: { angle?: number | string; direction?: GradientDirection; colors: Array<\[ ResourceColor, number \]>; repeating?: boolean; }): T"
"linearGradient(value: { angle?: number | string; direction?: GradientDirection; colors: Array<\[ ResourceColor, number \]>; repeating?: boolean; }): T","函数变更","harmonyos_api_changes/HarmonyOS_5.1.0(18).json","linearGradient","",".linearGradient({","ArkTS","library\src\main\ets\tablefixheaders\TableFixHeaders.ets:650","linearGradient(value: { angle?: number | string; direction?: GradientDirection; colors: Array<\[ ResourceColor, number \]>; repeating?: boolean; }): T@library\src\main\ets\tablefixheaders\TableFixHeaders.ets:650","","5.1.0(18)","linearGradient(value: { angle?: number | string; direction?: GradientDirection; colors: Array<\[ ResourceColor, number \]>; repeating?: boolean; }): T"
"linearGradient(value: { angle?: number | string; direction?: GradientDirection; colors: Array<\[ ResourceColor, number \]>; repeating?: boolean; }): T","函数变更","harmonyos_api_changes/HarmonyOS_5.1.0(18).json","linearGradient","",".linearGradient({","ArkTS","library\src\main\ets\tablefixheaders\TableFixHeaders.ets:664","linearGradient(value: { angle?: number | string; direction?: GradientDirection; colors: Array<\[ ResourceColor, number \]>; repeating?: boolean; }): T@library\src\main\ets\tablefixheaders\TableFixHeaders.ets:664","","5.1.0(18)","linearGradient(value: { angle?: number | string; direction?: GradientDirection; colors: Array<\[ ResourceColor, number \]>; repeating?: boolean; }): T"
"linearGradient(value: { angle?: number | string; direction?: GradientDirection; colors: Array<\[ ResourceColor, number \]>; repeating?: boolean; }): T","函数变更","harmonyos_api_changes/HarmonyOS_5.1.0(18).json","linearGradient","",".linearGradient({","ArkTS","library\src\main\ets\tablefixheaders\TableFixHeaders.ets:678","linearGradient(value: { angle?: number | string; direction?: GradientDirection; colors: Array<\[ ResourceColor, number \]>; repeating?: boolean; }): T@library\src\main\ets\tablefixheaders\TableFixHeaders.ets:678","","5.1.0(18)","linearGradient(value: { angle?: number | string; direction?: GradientDirection; colors: Array<\[ ResourceColor, number \]>; repeating?: boolean; }): T"
"loadContent(path: string, callback: AsyncCallback<void>): void","删除错误码","harmonyos_api_changes/HarmonyOS_5.1.1(19)_Release.json","loadContent","","windowStage.loadContent('pages/Index', (err) => {","ArkTS","entry\src\main\ets\entryability\EntryAbility.ets:25","loadContent(path: string, callback: AsyncCallback<void>): void@entry\src\main\ets\entryability\EntryAbility.ets:25","windowStage","5.1.1(19)","loadContent(path: string, callback: AsyncCallback<void>): void"
"loadContent(path: string, storage: LocalStorage): Promise<void>","删除错误码","harmonyos_api_changes/HarmonyOS_5.1.1(19)_Release.json","loadContent","","windowStage.loadContent('pages/Index', (err) => {","ArkTS","entry\src\main\ets\entryability\EntryAbility.ets:25","loadContent(path: string, storage: LocalStorage): Promise<void>@entry\src\main\ets\entryability\EntryAbility.ets:25","windowStage","5.1.1(19)","loadContent(path: string, storage: LocalStorage): Promise<void>"
"loadContent(path: string, storage: LocalStorage, callback: AsyncCallback<void>): void","删除错误码","harmonyos_api_changes/HarmonyOS_5.1.1(19)_Release.json","loadContent","","windowStage.loadContent('pages/Index', (err) => {","ArkTS","entry\src\main\ets\entryability\EntryAbility.ets:25","loadContent(path: string, storage: LocalStorage, callback: AsyncCallback<void>): void@entry\src\main\ets\entryability\EntryAbility.ets:25","windowStage","5.1.1(19)","loadContent(path: string, storage: LocalStorage, callback: AsyncCallback<void>): void"
"loadContent(path: string, storage?: LocalStorage): Promise<void>","删除错误码","harmonyos_api_changes/HarmonyOS_5.1.1(19)_Release.json","loadContent","","windowStage.loadContent('pages/Index', (err) => {","ArkTS","entry\src\main\ets\entryability\EntryAbility.ets:25","loadContent(path: string, storage?: LocalStorage): Promise<void>@entry\src\main\ets\entryability\EntryAbility.ets:25","windowStage","5.1.1(19)","loadContent(path: string, storage?: LocalStorage): Promise<void>"
"offset(): OffsetResult | undefined","新增API","harmonyos_api_changes/HarmonyOS_6.1.0(23)_Beta1.json","offset","",".offset({ x: -this.scrollX })","ArkTS","library\src\main\ets\tablefixheaders\TableFixHeaders.ets:577","offset(): OffsetResult | undefined@library\src\main\ets\tablefixheaders\TableFixHeaders.ets:577","","6.1.0(23)","offset(): OffsetResult | undefined"
"offset(): OffsetResult | undefined","新增API","harmonyos_api_changes/HarmonyOS_6.1.0(23)_Beta1.json","offset","",".offset({ y: -this.scrollY })","ArkTS","library\src\main\ets\tablefixheaders\TableFixHeaders.ets:595","offset(): OffsetResult | undefined@library\src\main\ets\tablefixheaders\TableFixHeaders.ets:595","","6.1.0(23)","offset(): OffsetResult | undefined"
"offset(): OffsetResult | undefined","新增API","harmonyos_api_changes/HarmonyOS_6.1.0(23)_Beta1.json","offset","",".offset({ x: -this.scrollX })","ArkTS","library\src\main\ets\tablefixheaders\TableFixHeaders.ets:616","offset(): OffsetResult | undefined@library\src\main\ets\tablefixheaders\TableFixHeaders.ets:616","","6.1.0(23)","offset(): OffsetResult | undefined"
"offset(): OffsetResult | undefined","新增API","harmonyos_api_changes/HarmonyOS_6.1.0(23)_Beta1.json","offset","",".offset({ y: -this.scrollY })","ArkTS","library\src\main\ets\tablefixheaders\TableFixHeaders.ets:619","offset(): OffsetResult | undefined@library\src\main\ets\tablefixheaders\TableFixHeaders.ets:619","","6.1.0(23)","offset(): OffsetResult | undefined"
"offset(dx: number, dy: number): Path","API跨平台权限变更","harmonyos_api_changes/HarmonyOS_6.0.0(20)_Beta3.json","offset","",".offset({ x: -this.scrollX })","ArkTS","library\src\main\ets\tablefixheaders\TableFixHeaders.ets:577","offset(dx: number, dy: number): Path@library\src\main\ets\tablefixheaders\TableFixHeaders.ets:577","","6.0.0(20)","offset(dx: number, dy: number): Path"
"offset(dx: number, dy: number): Path","API跨平台权限变更","harmonyos_api_changes/HarmonyOS_6.0.0(20)_Beta3.json","offset","",".offset({ y: -this.scrollY })","ArkTS","library\src\main\ets\tablefixheaders\TableFixHeaders.ets:595","offset(dx: number, dy: number): Path@library\src\main\ets\tablefixheaders\TableFixHeaders.ets:595","","6.0.0(20)","offset(dx: number, dy: number): Path"
"offset(dx: number, dy: number): Path","API跨平台权限变更","harmonyos_api_changes/HarmonyOS_6.0.0(20)_Beta3.json","offset","",".offset({ x: -this.scrollX })","ArkTS","library\src\main\ets\tablefixheaders\TableFixHeaders.ets:616","offset(dx: number, dy: number): Path@library\src\main\ets\tablefixheaders\TableFixHeaders.ets:616","","6.0.0(20)","offset(dx: number, dy: number): Path"
"offset(dx: number, dy: number): Path","API跨平台权限变更","harmonyos_api_changes/HarmonyOS_6.0.0(20)_Beta3.json","offset","",".offset({ y: -this.scrollY })","ArkTS","library\src\main\ets\tablefixheaders\TableFixHeaders.ets:619","offset(dx: number, dy: number): Path@library\src\main\ets\tablefixheaders\TableFixHeaders.ets:619","","6.0.0(20)","offset(dx: number, dy: number): Path"
"offset(dx: number, dy: number): void","类新增必选属性或非同名方法","harmonyos_api_changes/HarmonyOS_6.0.0(20)_Beta1.json","offset","",".offset({ x: -this.scrollX })","ArkTS","library\src\main\ets\tablefixheaders\TableFixHeaders.ets:577","offset(dx: number, dy: number): void@library\src\main\ets\tablefixheaders\TableFixHeaders.ets:577","","6.0.0(20)","offset(dx: number, dy: number): void"
"offset(dx: number, dy: number): void","类新增必选属性或非同名方法","harmonyos_api_changes/HarmonyOS_6.0.0(20)_Beta1.json","offset","",".offset({ y: -this.scrollY })","ArkTS","library\src\main\ets\tablefixheaders\TableFixHeaders.ets:595","offset(dx: number, dy: number): void@library\src\main\ets\tablefixheaders\TableFixHeaders.ets:595","","6.0.0(20)","offset(dx: number, dy: number): void"
"offset(dx: number, dy: number): void","类新增必选属性或非同名方法","harmonyos_api_changes/HarmonyOS_6.0.0(20)_Beta1.json","offset","",".offset({ x: -this.scrollX })","ArkTS","library\src\main\ets\tablefixheaders\TableFixHeaders.ets:616","offset(dx: number, dy: number): void@library\src\main\ets\tablefixheaders\TableFixHeaders.ets:616","","6.0.0(20)","offset(dx: number, dy: number): void"
"offset(dx: number, dy: number): void","类新增必选属性或非同名方法","harmonyos_api_changes/HarmonyOS_6.0.0(20)_Beta1.json","offset","",".offset({ y: -this.scrollY })","ArkTS","library\src\main\ets\tablefixheaders\TableFixHeaders.ets:619","offset(dx: number, dy: number): void@library\src\main\ets\tablefixheaders\TableFixHeaders.ets:619","","6.0.0(20)","offset(dx: number, dy: number): void"
"onAreaChange(event: (oldValue: Area, newValue: Area) => void): T","类新增同名方法且参数类型与已有的参数类型范围是包含关系","harmonyos_api_changes/HarmonyOS_26.0.0_Beta1.json","onAreaChange","",".onAreaChange((oldValue: Area, newValue: Area) => {","ArkTS","library\src\main\ets\tablefixheaders\TableFixHeaders.ets:691","onAreaChange(event: (oldValue: Area, newValue: Area) => void): T@library\src\main\ets\tablefixheaders\TableFixHeaders.ets:691","","26.0.0 Beta2","onAreaChange(event: (oldValue: Area, newValue: Area) => void): T"
"readonly headers: Map<string, Array<string>>","API跨平台权限变更","harmonyos_api_changes/HarmonyOS_6.0.0(20)_Beta3.json","readonly","","return new CellItem(this.headers[DEVICE_NAME_INDEX]);","ArkTS","entry\src\main\ets\pages\adapters\FamilyTableAdapter.ets:173","readonly headers: Map<string, Array<string>>@entry\src\main\ets\pages\adapters\FamilyTableAdapter.ets:173","","6.0.0(20)","readonly headers: Map<string, Array<string>>"
"readonly headers: Map<string, Array<string>>","API跨平台权限变更","harmonyos_api_changes/HarmonyOS_6.0.0(20)_Beta3.json","readonly","","return new CellItem(this.headers[column + DATA_OFFSET]);","ArkTS","entry\src\main\ets\pages\adapters\FamilyTableAdapter.ets:176","readonly headers: Map<string, Array<string>>@entry\src\main\ets\pages\adapters\FamilyTableAdapter.ets:176","","6.0.0(20)","readonly headers: Map<string, Array<string>>"
"readonly headers: ResponseHeaders","新增API","harmonyos_api_changes/HarmonyOS_6.0.0(20)_Beta2.json","readonly","","return new CellItem(this.headers[DEVICE_NAME_INDEX]);","ArkTS","entry\src\main\ets\pages\adapters\FamilyTableAdapter.ets:173","readonly headers: ResponseHeaders@entry\src\main\ets\pages\adapters\FamilyTableAdapter.ets:173","","6.0.0(20)","readonly headers: ResponseHeaders"
"readonly headers: ResponseHeaders","新增API","harmonyos_api_changes/HarmonyOS_6.0.0(20)_Beta2.json","readonly","","return new CellItem(this.headers[column + DATA_OFFSET]);","ArkTS","entry\src\main\ets\pages\adapters\FamilyTableAdapter.ets:176","readonly headers: ResponseHeaders@entry\src\main\ets\pages\adapters\FamilyTableAdapter.ets:176","","6.0.0(20)","readonly headers: ResponseHeaders"
"scrollBy(deltaX: number, deltaY: number): void","函数变更","harmonyos_api_changes/HarmonyOS_5.0.2(14).json","scrollBy","","this.controller.setScrollBy((dx: number, dy: number) => { this.scrollBy(dx, dy); });","ArkTS","library\src\main\ets\tablefixheaders\TableFixHeaders.ets:180","scrollBy(deltaX: number, deltaY: number): void@library\src\main\ets\tablefixheaders\TableFixHeaders.ets:180","this","5.0.2(14)","scrollBy(deltaX: number, deltaY: number): void"
"scrollTo(value: { /\*\* \* The X-axis offset. \* \* @type { number | string } \* @syscap SystemCapability.ArkUI.ArkUI.Full \* @crossplatform \* @since 10 \*/ /\*\* \* The X-axis offset. \* \* @type { number | string } \* @syscap SystemCapability.ArkUI.ArkUI.Full \* @crossplatform \* @atomicservice \* @since 11 \*/ xOffset: number | string; /\*\* \* The Y-axis offset. \* \* @type { number | string } \* @syscap SystemCapability.ArkUI.ArkUI.Full \* @crossplatform \* @since 10 \*/ /\*\* \* The Y-axis offset. \* \* @type { number | string } \* @syscap SystemCapability.ArkUI.ArkUI.Full \* @crossplatform \* @atomicservice \* @since 11 \*/ yOffset: number | string; /\*\* \* Descriptive animation. \* \* @type { ?({ duration?: number; curve?: Curve | ICurve } | boolean) } The object type provides custom animation parameters \* and the boolean type enables default spring animation. \* @syscap SystemCapability.ArkUI.ArkUI.Full \* @crossplatform \* @since 10 \*/ /\*\* \* Descriptive animation. \* \* @type { ?({ duration?: number; curve?: Curve | ICurve } | boolean) } The object type provides custom animation parameters \* and the boolean type enables default spring animation. \* @syscap SystemCapability.ArkUI.ArkUI.Full \* @crossplatform \* @atomicservice \* @since 11 \*/ /\*\* \* Descriptive animation. \* \* @type { ?( ScrollAnimationOptions | boolean) } The ScrollAnimationOptions type provides custom animation parameters \* and the boolean type enables default spring animation. \* @syscap SystemCapability.ArkUI.ArkUI.Full \* @crossplatform \* @atomicservice \* @since 12 \*/ animation?: ScrollAnimationOptions | boolean; })","函数变更","harmonyos_api_changes/HarmonyOS_5.1.0(18).json","scrollTo","","this.controller.setScrollTo((x: number, y: number) => { this.scrollTo(x, y); });","ArkTS","library\src\main\ets\tablefixheaders\TableFixHeaders.ets:179","scrollTo(value: { /\*\* \* The X-axis offset. \* \* @type { number | string } \* @syscap SystemCapability.ArkUI.ArkUI.Full \* @crossplatform \* @since 10 \*/ /\*\* \* The X-axis offset. \* \* @type { number | string } \* @syscap SystemCapability.ArkUI.ArkUI.Full \* @crossplatform \* @atomicservice \* @since 11 \*/ xOffset: number | string; /\*\* \* The Y-axis offset. \* \* @type { number | string } \* @syscap SystemCapability.ArkUI.ArkUI.Full \* @crossplatform \* @since 10 \*/ /\*\* \* The Y-axis offset. \* \* @type { number | string } \* @syscap SystemCapability.ArkUI.ArkUI.Full \* @crossplatform \* @atomicservice \* @since 11 \*/ yOffset: number | string; /\*\* \* Descriptive animation. \* \* @type { ?({ duration?: number; curve?: Curve | ICurve } | boolean) } The object type provides custom animation parameters \* and the boolean type enables default spring animation. \* @syscap SystemCapability.ArkUI.ArkUI.Full \* @crossplatform \* @since 10 \*/ /\*\* \* Descriptive animation. \* \* @type { ?({ duration?: number; curve?: Curve | ICurve } | boolean) } The object type provides custom animation parameters \* and the boolean type enables default spring animation. \* @syscap SystemCapability.ArkUI.ArkUI.Full \* @crossplatform \* @atomicservice \* @since 11 \*/ /\*\* \* Descriptive animation. \* \* @type { ?( ScrollAnimationOptions | boolean) } The ScrollAnimationOptions type provides custom animation parameters \* and the boolean type enables default spring animation. \* @syscap SystemCapability.ArkUI.ArkUI.Full \* @crossplatform \* @atomicservice \* @since 12 \*/ animation?: ScrollAnimationOptions | boolean; })@library\src\main\ets\tablefixheaders\TableFixHeaders.ets:179","this","5.1.0(18)","scrollTo(value: { /\*\* \* The X-axis offset. \* \* @type { number | string } \* @syscap SystemCapability.ArkUI.ArkUI.Full \* @crossplatform \* @since 10 \*/ /\*\* \* The X-axis offset. \* \* @type { number | string } \* @syscap SystemCapability.ArkUI.ArkUI.Full \* @crossplatform \* @atomicservice \* @since 11 \*/ xOffset: number | string; /\*\* \* The Y-axis offset. \* \* @type { number | string } \* @syscap SystemCapability.ArkUI.ArkUI.Full \* @crossplatform \* @since 10 \*/ /\*\* \* The Y-axis offset. \* \* @type { number | string } \* @syscap SystemCapability.ArkUI.ArkUI.Full \* @crossplatform \* @atomicservice \* @since 11 \*/ yOffset: number | string; /\*\* \* Descriptive animation. \* \* @type { ?({ duration?: number; curve?: Curve | ICurve } | boolean) } The object type provides custom animation parameters \* and the boolean type enables default spring animation. \* @syscap SystemCapability.ArkUI.ArkUI.Full \* @crossplatform \* @since 10 \*/ /\*\* \* Descriptive animation. \* \* @type { ?({ duration?: number; curve?: Curve | ICurve } | boolean) } The object type provides custom animation parameters \* and the boolean type enables default spring animation. \* @syscap SystemCapability.ArkUI.ArkUI.Full \* @crossplatform \* @atomicservice \* @since 11 \*/ /\*\* \* Descriptive animation. \* \* @type { ?( ScrollAnimationOptions | boolean) } The ScrollAnimationOptions type provides custom animation parameters \* and the boolean type enables default spring animation. \* @syscap SystemCapability.ArkUI.ArkUI.Full \* @crossplatform \* @atomicservice \* @since 12 \*/ animation?: ScrollAnimationOptions | boolean; })"
"scrollTo(x: number, y: number): void","函数变更","harmonyos_api_changes/HarmonyOS_5.0.2(14).json","scrollTo","","this.controller.setScrollTo((x: number, y: number) => { this.scrollTo(x, y); });","ArkTS","library\src\main\ets\tablefixheaders\TableFixHeaders.ets:179","scrollTo(x: number, y: number): void@library\src\main\ets\tablefixheaders\TableFixHeaders.ets:179","this","5.0.2(14)","scrollTo(x: number, y: number): void"
"scrollTo(yOffset: number): void","新增API","harmonyos_api_changes/HarmonyOS_6.1.0(23)_Beta1.json","scrollTo","","this.controller.setScrollTo((x: number, y: number) => { this.scrollTo(x, y); });","ArkTS","library\src\main\ets\tablefixheaders\TableFixHeaders.ets:179","scrollTo(yOffset: number): void@library\src\main\ets\tablefixheaders\TableFixHeaders.ets:179","this","6.1.0(23)","scrollTo(yOffset: number): void"
"setColorMode(colorMode: ConfigurationConstant.ColorMode): void","类新增必选属性或非同名方法","harmonyos_api_changes/HarmonyOS_5.1.0(18).json","setColorMode","","this.context.getApplicationContext().setColorMode(ConfigurationConstant.ColorMode.COLOR_MODE_NOT_SET);","ArkTS","entry\src\main\ets\entryability\EntryAbility.ets:10","setColorMode(colorMode: ConfigurationConstant.ColorMode): void@entry\src\main\ets\entryability\EntryAbility.ets:10","this","5.1.0(18)","setColorMode(colorMode: ConfigurationConstant.ColorMode): void"
"shadow(value: ShadowOptions | ShadowStyle): T","类新增同名方法且参数类型与已有的参数类型范围不是包含关系","harmonyos_api_changes/HarmonyOS_5.1.0(18).json","shadow","",".shadow({","ArkTS","entry\src\main\ets\pages\Index.ets:65","shadow(value: ShadowOptions | ShadowStyle): T@entry\src\main\ets\pages\Index.ets:65","","5.1.0(18)","shadow(value: ShadowOptions | ShadowStyle): T"
"sign(data: DataBlob | null): Promise<DataBlob>","新增错误码","harmonyos_api_changes/HarmonyOS_26.0.0_Beta1.json","sign","","Math.min(initX - Math.sign(initialVelocityX) * distX, this.maxX));","ArkTS","library\src\main\ets\tablefixheaders\Flinger.ets:66","sign(data: DataBlob | null): Promise<DataBlob>@library\src\main\ets\tablefixheaders\Flinger.ets:66","Math","26.0.0 Beta2","sign(data: DataBlob | null): Promise<DataBlob>"
"sign(data: DataBlob | null): Promise<DataBlob>","新增错误码","harmonyos_api_changes/HarmonyOS_26.0.0_Beta1.json","sign","","Math.min(initY - Math.sign(initialVelocityY) * distY, this.maxY));","ArkTS","library\src\main\ets\tablefixheaders\Flinger.ets:68","sign(data: DataBlob | null): Promise<DataBlob>@library\src\main\ets\tablefixheaders\Flinger.ets:68","Math","26.0.0 Beta2","sign(data: DataBlob | null): Promise<DataBlob>"
"sign(data: DataBlob | null, callback: AsyncCallback<DataBlob>): void","新增错误码","harmonyos_api_changes/HarmonyOS_26.0.0_Beta1.json","sign","","Math.min(initX - Math.sign(initialVelocityX) * distX, this.maxX));","ArkTS","library\src\main\ets\tablefixheaders\Flinger.ets:66","sign(data: DataBlob | null, callback: AsyncCallback<DataBlob>): void@library\src\main\ets\tablefixheaders\Flinger.ets:66","Math","26.0.0 Beta2","sign(data: DataBlob | null, callback: AsyncCallback<DataBlob>): void"
"sign(data: DataBlob | null, callback: AsyncCallback<DataBlob>): void","新增错误码","harmonyos_api_changes/HarmonyOS_26.0.0_Beta1.json","sign","","Math.min(initY - Math.sign(initialVelocityY) * distY, this.maxY));","ArkTS","library\src\main\ets\tablefixheaders\Flinger.ets:68","sign(data: DataBlob | null, callback: AsyncCallback<DataBlob>): void@library\src\main\ets\tablefixheaders\Flinger.ets:68","Math","26.0.0 Beta2","sign(data: DataBlob | null, callback: AsyncCallback<DataBlob>): void"
"sign(data: DataBlob): Promise<DataBlob>","新增错误码","harmonyos_api_changes/HarmonyOS_26.0.0_Beta1.json","sign","","Math.min(initX - Math.sign(initialVelocityX) * distX, this.maxX));","ArkTS","library\src\main\ets\tablefixheaders\Flinger.ets:66","sign(data: DataBlob): Promise<DataBlob>@library\src\main\ets\tablefixheaders\Flinger.ets:66","Math","26.0.0 Beta2","sign(data: DataBlob): Promise<DataBlob>"
"sign(data: DataBlob): Promise<DataBlob>","新增错误码","harmonyos_api_changes/HarmonyOS_26.0.0_Beta1.json","sign","","Math.min(initY - Math.sign(initialVelocityY) * distY, this.maxY));","ArkTS","library\src\main\ets\tablefixheaders\Flinger.ets:68","sign(data: DataBlob): Promise<DataBlob>@library\src\main\ets\tablefixheaders\Flinger.ets:68","Math","26.0.0 Beta2","sign(data: DataBlob): Promise<DataBlob>"
"sign(data: DataBlob, callback: AsyncCallback<DataBlob>): void","新增错误码","harmonyos_api_changes/HarmonyOS_26.0.0_Beta1.json","sign","","Math.min(initX - Math.sign(initialVelocityX) * distX, this.maxX));","ArkTS","library\src\main\ets\tablefixheaders\Flinger.ets:66","sign(data: DataBlob, callback: AsyncCallback<DataBlob>): void@library\src\main\ets\tablefixheaders\Flinger.ets:66","Math","26.0.0 Beta2","sign(data: DataBlob, callback: AsyncCallback<DataBlob>): void"
"sign(data: DataBlob, callback: AsyncCallback<DataBlob>): void","新增错误码","harmonyos_api_changes/HarmonyOS_26.0.0_Beta1.json","sign","","Math.min(initY - Math.sign(initialVelocityY) * distY, this.maxY));","ArkTS","library\src\main\ets\tablefixheaders\Flinger.ets:68","sign(data: DataBlob, callback: AsyncCallback<DataBlob>): void@library\src\main\ets\tablefixheaders\Flinger.ets:68","Math","26.0.0 Beta2","sign(data: DataBlob, callback: AsyncCallback<DataBlob>): void"
"sign: string","新增API","harmonyos_api_changes/HarmonyOS_6.1.0(23)_Beta1.json","sign","","Math.min(initX - Math.sign(initialVelocityX) * distX, this.maxX));","ArkTS","library\src\main\ets\tablefixheaders\Flinger.ets:66","sign: string@library\src\main\ets\tablefixheaders\Flinger.ets:66","Math","6.1.0(23)","sign: string"
"sign: string","新增API","harmonyos_api_changes/HarmonyOS_6.1.0(23)_Beta1.json","sign","","Math.min(initY - Math.sign(initialVelocityY) * distY, this.maxY));","ArkTS","library\src\main\ets\tablefixheaders\Flinger.ets:68","sign: string@library\src\main\ets\tablefixheaders\Flinger.ets:68","Math","6.1.0(23)","sign: string"
"start(): void","接口行为变更","harmonyos_behavior_changes/HarmonyOS_6.0.0(20)_Beta1.json","start","","this.flinger.start(this.actualScrollX, this.actualScrollY, velocityX, velocityY, maxX, maxY);","ArkTS","library\src\main\ets\tablefixheaders\TableFixHeaders.ets:413","start(): void@library\src\main\ets\tablefixheaders\TableFixHeaders.ets:413","this","6.0.0(20)","start(): void"
"static getHeight(rect: common2D.Rect): number","新增API","harmonyos_api_changes/HarmonyOS_6.0.0(20)_Beta1.json","static","","newHeights.push(adapter.getHeight(i));","ArkTS","library\src\main\ets\tablefixheaders\TableFixHeaders.ets:263","static getHeight(rect: common2D.Rect): number@library\src\main\ets\tablefixheaders\TableFixHeaders.ets:263","newHeights","6.0.0(20)","static getHeight(rect: common2D.Rect): number"
"static getHeight(rect: common2D.Rect): number","新增API","harmonyos_api_changes/HarmonyOS_6.0.0(20)_Beta1.json","static","","abstract getHeight(row: number): number;","ArkTS","library\src\main\ets\tablefixheaders\adapters\BaseTableAdapter.ets:70","static getHeight(rect: common2D.Rect): number@library\src\main\ets\tablefixheaders\adapters\BaseTableAdapter.ets:70","","6.0.0(20)","static getHeight(rect: common2D.Rect): number"
"static getHeight(rect: common2D.Rect): number","新增API","harmonyos_api_changes/HarmonyOS_6.0.0(20)_Beta1.json","static","","getHeight(row: number): number;","ArkTS","library\src\main\ets\tablefixheaders\adapters\TableAdapter.ets:61","static getHeight(rect: common2D.Rect): number@library\src\main\ets\tablefixheaders\adapters\TableAdapter.ets:61","","6.0.0(20)","static getHeight(rect: common2D.Rect): number"
"static getWidth(rect: common2D.Rect): number","新增API","harmonyos_api_changes/HarmonyOS_6.0.0(20)_Beta1.json","static","","newWidths.push(adapter.getWidth(i));","ArkTS","library\src\main\ets\tablefixheaders\TableFixHeaders.ets:257","static getWidth(rect: common2D.Rect): number@library\src\main\ets\tablefixheaders\TableFixHeaders.ets:257","newWidths","6.0.0(20)","static getWidth(rect: common2D.Rect): number"
"static getWidth(rect: common2D.Rect): number","新增API","harmonyos_api_changes/HarmonyOS_6.0.0(20)_Beta1.json","static","","abstract getWidth(column: number): number;","ArkTS","library\src\main\ets\tablefixheaders\adapters\BaseTableAdapter.ets:69","static getWidth(rect: common2D.Rect): number@library\src\main\ets\tablefixheaders\adapters\BaseTableAdapter.ets:69","","6.0.0(20)","static getWidth(rect: common2D.Rect): number"
"static getWidth(rect: common2D.Rect): number","新增API","harmonyos_api_changes/HarmonyOS_6.0.0(20)_Beta1.json","static","","getWidth(column: number): number;","ArkTS","library\src\main\ets\tablefixheaders\adapters\TableAdapter.ets:55","static getWidth(rect: common2D.Rect): number@library\src\main\ets\tablefixheaders\adapters\TableAdapter.ets:55","","6.0.0(20)","static getWidth(rect: common2D.Rect): number"
"static offset(point: common2D.Point, dx: number, dy: number): void","新增API","harmonyos_api_changes/HarmonyOS_26.0.0_Beta1.json","static","",".offset({ x: -this.scrollX })","ArkTS","library\src\main\ets\tablefixheaders\TableFixHeaders.ets:577","static offset(point: common2D.Point, dx: number, dy: number): void@library\src\main\ets\tablefixheaders\TableFixHeaders.ets:577","","26.0.0 Beta2","static offset(point: common2D.Point, dx: number, dy: number): void"
"static offset(point: common2D.Point, dx: number, dy: number): void","新增API","harmonyos_api_changes/HarmonyOS_26.0.0_Beta1.json","static","",".offset({ y: -this.scrollY })","ArkTS","library\src\main\ets\tablefixheaders\TableFixHeaders.ets:595","static offset(point: common2D.Point, dx: number, dy: number): void@library\src\main\ets\tablefixheaders\TableFixHeaders.ets:595","","26.0.0 Beta2","static offset(point: common2D.Point, dx: number, dy: number): void"
"static offset(point: common2D.Point, dx: number, dy: number): void","新增API","harmonyos_api_changes/HarmonyOS_26.0.0_Beta1.json","static","",".offset({ x: -this.scrollX })","ArkTS","library\src\main\ets\tablefixheaders\TableFixHeaders.ets:616","static offset(point: common2D.Point, dx: number, dy: number): void@library\src\main\ets\tablefixheaders\TableFixHeaders.ets:616","","26.0.0 Beta2","static offset(point: common2D.Point, dx: number, dy: number): void"
"static offset(point: common2D.Point, dx: number, dy: number): void","新增API","harmonyos_api_changes/HarmonyOS_26.0.0_Beta1.json","static","",".offset({ y: -this.scrollY })","ArkTS","library\src\main\ets\tablefixheaders\TableFixHeaders.ets:619","static offset(point: common2D.Point, dx: number, dy: number): void@library\src\main\ets\tablefixheaders\TableFixHeaders.ets:619","","26.0.0 Beta2","static offset(point: common2D.Point, dx: number, dy: number): void"
"static offset(rect: common2D.Rect, dx: number, dy: number): void","新增API","harmonyos_api_changes/HarmonyOS_6.0.0(20)_Beta1.json","static","",".offset({ x: -this.scrollX })","ArkTS","library\src\main\ets\tablefixheaders\TableFixHeaders.ets:577","static offset(rect: common2D.Rect, dx: number, dy: number): void@library\src\main\ets\tablefixheaders\TableFixHeaders.ets:577","","6.0.0(20)","static offset(rect: common2D.Rect, dx: number, dy: number): void"
"static offset(rect: common2D.Rect, dx: number, dy: number): void","新增API","harmonyos_api_changes/HarmonyOS_6.0.0(20)_Beta1.json","static","",".offset({ y: -this.scrollY })","ArkTS","library\src\main\ets\tablefixheaders\TableFixHeaders.ets:595","static offset(rect: common2D.Rect, dx: number, dy: number): void@library\src\main\ets\tablefixheaders\TableFixHeaders.ets:595","","6.0.0(20)","static offset(rect: common2D.Rect, dx: number, dy: number): void"
"static offset(rect: common2D.Rect, dx: number, dy: number): void","新增API","harmonyos_api_changes/HarmonyOS_6.0.0(20)_Beta1.json","static","",".offset({ x: -this.scrollX })","ArkTS","library\src\main\ets\tablefixheaders\TableFixHeaders.ets:616","static offset(rect: common2D.Rect, dx: number, dy: number): void@library\src\main\ets\tablefixheaders\TableFixHeaders.ets:616","","6.0.0(20)","static offset(rect: common2D.Rect, dx: number, dy: number): void"
"static offset(rect: common2D.Rect, dx: number, dy: number): void","新增API","harmonyos_api_changes/HarmonyOS_6.0.0(20)_Beta1.json","static","",".offset({ y: -this.scrollY })","ArkTS","library\src\main\ets\tablefixheaders\TableFixHeaders.ets:619","static offset(rect: common2D.Rect, dx: number, dy: number): void@library\src\main\ets\tablefixheaders\TableFixHeaders.ets:619","","6.0.0(20)","static offset(rect: common2D.Rect, dx: number, dy: number): void"
"text?: LocationDescription","接口废弃变更","harmonyos_behavior_changes/HarmonyOS_6.0.0(20)_Beta2.json","text","","this.text = text;","ArkTS","entry\src\main\ets\pages\adapters\CellItem.ets:24","text?: LocationDescription@entry\src\main\ets\pages\adapters\CellItem.ets:24","this","6.0.0(20)","text?: LocationDescription"
"text?: PasteDescription","UX视觉布局变更","harmonyos_behavior_changes/HarmonyOS_26.0.0(26)_Beta1.json","text","","this.text = text;","ArkTS","entry\src\main\ets\pages\adapters\CellItem.ets:24","text?: PasteDescription@entry\src\main\ets\pages\adapters\CellItem.ets:24","this","26.0.0(26)","text?: PasteDescription"
"text?: SaveDescription","UX视觉布局变更","harmonyos_behavior_changes/HarmonyOS_26.0.0(26)_Beta1.json","text","","this.text = text;","ArkTS","entry\src\main\ets\pages\adapters\CellItem.ets:24","text?: SaveDescription@entry\src\main\ets\pages\adapters\CellItem.ets:24","this","26.0.0(26)","text?: SaveDescription"
"type LocationButtonCallback = (event: ClickEvent, result: LocationButtonOnClickResult, error?: BusinessError<void>) => void","接口废弃变更","harmonyos_behavior_changes/HarmonyOS_6.0.0(20)_Beta2.json","type","","if (event.type === TouchType.Down) {","ArkTS","library\src\main\ets\tablefixheaders\TableFixHeaders.ets:364","type LocationButtonCallback = (event: ClickEvent, result: LocationButtonOnClickResult, error?: BusinessError<void>) => void@library\src\main\ets\tablefixheaders\TableFixHeaders.ets:364","","6.0.0(20)","type LocationButtonCallback = (event: ClickEvent, result: LocationButtonOnClickResult, error?: BusinessError<void>) => void"
"type LocationButtonCallback = (event: ClickEvent, result: LocationButtonOnClickResult, error?: BusinessError<void>) => void","接口废弃变更","harmonyos_behavior_changes/HarmonyOS_6.0.0(20)_Beta2.json","type","","} else if (event.type === TouchType.Move) {","ArkTS","library\src\main\ets\tablefixheaders\TableFixHeaders.ets:376","type LocationButtonCallback = (event: ClickEvent, result: LocationButtonOnClickResult, error?: BusinessError<void>) => void@library\src\main\ets\tablefixheaders\TableFixHeaders.ets:376","","6.0.0(20)","type LocationButtonCallback = (event: ClickEvent, result: LocationButtonOnClickResult, error?: BusinessError<void>) => void"
"type LocationButtonCallback = (event: ClickEvent, result: LocationButtonOnClickResult, error?: BusinessError<void>) => void","接口废弃变更","harmonyos_behavior_changes/HarmonyOS_6.0.0(20)_Beta2.json","type","","} else if (event.type === TouchType.Up || event.type === TouchType.Cancel) {","ArkTS","library\src\main\ets\tablefixheaders\TableFixHeaders.ets:394","type LocationButtonCallback = (event: ClickEvent, result: LocationButtonOnClickResult, error?: BusinessError<void>) => void@library\src\main\ets\tablefixheaders\TableFixHeaders.ets:394","","6.0.0(20)","type LocationButtonCallback = (event: ClickEvent, result: LocationButtonOnClickResult, error?: BusinessError<void>) => void"
"windowStage: window.WindowStage","API跨平台权限变更","harmonyos_api_changes/HarmonyOS_6.0.1(21)_Release.json","windowStage","","windowStage.loadContent('pages/Index', (err) => {","ArkTS","entry\src\main\ets\entryability\EntryAbility.ets:25","windowStage: window.WindowStage@entry\src\main\ets\entryability\EntryAbility.ets:25","windowStage","6.0.1(21)","windowStage: window.WindowStage"
"windowStage?: window.WindowStage","新增API","harmonyos_api_changes/HarmonyOS_6.0.0(20)_Beta1.json","windowStage","","windowStage.loadContent('pages/Index', (err) => {","ArkTS","entry\src\main\ets\entryability\EntryAbility.ets:25","windowStage?: window.WindowStage@entry\src\main\ets\entryability\EntryAbility.ets:25","windowStage","6.0.0(20)","windowStage?: window.WindowStage"
