Api Name,Api Type,Api File Path,Api Prefix,Api Params,API Args,Invoke Method,Invoke Location,Api Key,Invoke Instance,ChangeId,MethodDefinition
"Error","枚举赋值发生改变","harmonyos_api_changes/HarmonyOS_26.0.0_Beta2.json","Error","","throw new Error('CheckerboardDrawable: size must be > 0, got ' + this.sizeVal);","ArkTS","ohos_library\src\main\ets\CheckerboardDrawable.ets:170","Error@ohos_library\src\main\ets\CheckerboardDrawable.ets:170","","26.0.0 Beta2","Error"
"MODE_AUTO = -1","API废弃版本变更","harmonyos_api_changes/HarmonyOS_6.0.0(20)_Beta1.json","MODE_AUTO","","import { AbilityConstant, ConfigurationConstant, UIAbility, Want } from '@kit.AbilityKit';","ArkTS","entry\src\main\ets\entryability\EntryAbility.ets:1","MODE_AUTO = -1@entry\src\main\ets\entryability\EntryAbility.ets:1","","6.0.0(20)","MODE_AUTO = -1"
"MODE_AUTO = -1","API废弃版本变更","harmonyos_api_changes/HarmonyOS_6.0.0(20)_Beta1.json","MODE_AUTO","","this.context.getApplicationContext().setColorMode(ConfigurationConstant.ColorMode.COLOR_MODE_NOT_SET);","ArkTS","entry\src\main\ets\entryability\EntryAbility.ets:10","MODE_AUTO = -1@entry\src\main\ets\entryability\EntryAbility.ets:10","this","6.0.0(20)","MODE_AUTO = -1"
"MODE_DARK = 0","API废弃版本变更","harmonyos_api_changes/HarmonyOS_6.0.0(20)_Beta1.json","MODE_DARK","","import { AbilityConstant, ConfigurationConstant, UIAbility, Want } from '@kit.AbilityKit';","ArkTS","entry\src\main\ets\entryability\EntryAbility.ets:1","MODE_DARK = 0@entry\src\main\ets\entryability\EntryAbility.ets:1","","6.0.0(20)","MODE_DARK = 0"
"MODE_DARK = 0","API废弃版本变更","harmonyos_api_changes/HarmonyOS_6.0.0(20)_Beta1.json","MODE_DARK","","this.context.getApplicationContext().setColorMode(ConfigurationConstant.ColorMode.COLOR_MODE_NOT_SET);","ArkTS","entry\src\main\ets\entryability\EntryAbility.ets:10","MODE_DARK = 0@entry\src\main\ets\entryability\EntryAbility.ets:10","this","6.0.0(20)","MODE_DARK = 0"
"MODE_LIGHT = 1","API废弃版本变更","harmonyos_api_changes/HarmonyOS_6.0.0(20)_Beta1.json","MODE_LIGHT","","import { AbilityConstant, ConfigurationConstant, UIAbility, Want } from '@kit.AbilityKit';","ArkTS","entry\src\main\ets\entryability\EntryAbility.ets:1","MODE_LIGHT = 1@entry\src\main\ets\entryability\EntryAbility.ets:1","","6.0.0(20)","MODE_LIGHT = 1"
"MODE_LIGHT = 1","API废弃版本变更","harmonyos_api_changes/HarmonyOS_6.0.0(20)_Beta1.json","MODE_LIGHT","","this.context.getApplicationContext().setColorMode(ConfigurationConstant.ColorMode.COLOR_MODE_NOT_SET);","ArkTS","entry\src\main\ets\entryability\EntryAbility.ets:10","MODE_LIGHT = 1@entry\src\main\ets\entryability\EntryAbility.ets:10","this","6.0.0(20)","MODE_LIGHT = 1"
"backgroundColor(color: Optional<ResourceColor>): ArcDotIndicator","新增API","harmonyos_api_changes/HarmonyOS_5.1.0(18).json","backgroundColor","",".backgroundColor(item.value)","ArkTS","entry\src\main\ets\pages\Index.ets:234","backgroundColor(color: Optional<ResourceColor>): ArcDotIndicator@entry\src\main\ets\pages\Index.ets:234","","5.1.0(18)","backgroundColor(color: Optional<ResourceColor>): ArcDotIndicator"
"backgroundColor(color: Optional<ResourceColor>): ArcDotIndicator","新增API","harmonyos_api_changes/HarmonyOS_5.1.0(18).json","backgroundColor","",".backgroundColor(item.value)","ArkTS","entry\src\main\ets\pages\Index.ets:261","backgroundColor(color: Optional<ResourceColor>): ArcDotIndicator@entry\src\main\ets\pages\Index.ets:261","","5.1.0(18)","backgroundColor(color: Optional<ResourceColor>): ArcDotIndicator"
"backgroundColor(color: Optional<ResourceColor>): ArcDotIndicator","新增API","harmonyos_api_changes/HarmonyOS_5.1.0(18).json","backgroundColor","",".backgroundColor(this.filterStr === item.value ? '#3F51B5' : '#EEEEEE')","ArkTS","entry\src\main\ets\pages\Index.ets:287","backgroundColor(color: Optional<ResourceColor>): ArcDotIndicator@entry\src\main\ets\pages\Index.ets:287","","5.1.0(18)","backgroundColor(color: Optional<ResourceColor>): ArcDotIndicator"
"backgroundColor(color: Optional<ResourceColor>): ArcDotIndicator","新增API","harmonyos_api_changes/HarmonyOS_5.1.0(18).json","backgroundColor","",".backgroundColor($r('app.color.button_bg'))","ArkTS","entry\src\main\ets\pages\Index.ets:328","backgroundColor(color: Optional<ResourceColor>): ArcDotIndicator@entry\src\main\ets\pages\Index.ets:328","","5.1.0(18)","backgroundColor(color: Optional<ResourceColor>): ArcDotIndicator"
"backgroundColor(color: Optional<ResourceColor>): ArcDotIndicator","新增API","harmonyos_api_changes/HarmonyOS_5.1.0(18).json","backgroundColor","",".backgroundColor('#FF4081')","ArkTS","entry\src\main\ets\pages\Index.ets:340","backgroundColor(color: Optional<ResourceColor>): ArcDotIndicator@entry\src\main\ets\pages\Index.ets:340","","5.1.0(18)","backgroundColor(color: Optional<ResourceColor>): ArcDotIndicator"
"backgroundColor(color: Optional<ResourceColor>): ArcDotIndicator","新增API","harmonyos_api_changes/HarmonyOS_5.1.0(18).json","backgroundColor","",".backgroundColor($r('app.color.log_background'))","ArkTS","entry\src\main\ets\pages\Index.ets:363","backgroundColor(color: Optional<ResourceColor>): ArcDotIndicator@entry\src\main\ets\pages\Index.ets:363","","5.1.0(18)","backgroundColor(color: Optional<ResourceColor>): ArcDotIndicator"
"backgroundColor(color: Optional<ResourceColor>): ArcDotIndicator","新增API","harmonyos_api_changes/HarmonyOS_5.1.0(18).json","backgroundColor","",".backgroundColor($r('app.color.panel_background'))","ArkTS","entry\src\main\ets\pages\Index.ets:371","backgroundColor(color: Optional<ResourceColor>): ArcDotIndicator@entry\src\main\ets\pages\Index.ets:371","","5.1.0(18)","backgroundColor(color: Optional<ResourceColor>): ArcDotIndicator"
"backgroundColor(color: Optional<ResourceColor>): T","类新增同名方法且参数类型与已有的参数类型范围是包含关系","harmonyos_api_changes/HarmonyOS_6.0.0(20)_Beta2.json","backgroundColor","",".backgroundColor(item.value)","ArkTS","entry\src\main\ets\pages\Index.ets:234","backgroundColor(color: Optional<ResourceColor>): T@entry\src\main\ets\pages\Index.ets:234","","6.0.0(20)","backgroundColor(color: Optional<ResourceColor>): T"
"backgroundColor(color: Optional<ResourceColor>): T","类新增同名方法且参数类型与已有的参数类型范围是包含关系","harmonyos_api_changes/HarmonyOS_6.0.0(20)_Beta2.json","backgroundColor","",".backgroundColor(item.value)","ArkTS","entry\src\main\ets\pages\Index.ets:261","backgroundColor(color: Optional<ResourceColor>): T@entry\src\main\ets\pages\Index.ets:261","","6.0.0(20)","backgroundColor(color: Optional<ResourceColor>): T"
"backgroundColor(color: Optional<ResourceColor>): T","类新增同名方法且参数类型与已有的参数类型范围是包含关系","harmonyos_api_changes/HarmonyOS_6.0.0(20)_Beta2.json","backgroundColor","",".backgroundColor(this.filterStr === item.value ? '#3F51B5' : '#EEEEEE')","ArkTS","entry\src\main\ets\pages\Index.ets:287","backgroundColor(color: Optional<ResourceColor>): T@entry\src\main\ets\pages\Index.ets:287","","6.0.0(20)","backgroundColor(color: Optional<ResourceColor>): T"
"backgroundColor(color: Optional<ResourceColor>): T","类新增同名方法且参数类型与已有的参数类型范围是包含关系","harmonyos_api_changes/HarmonyOS_6.0.0(20)_Beta2.json","backgroundColor","",".backgroundColor($r('app.color.button_bg'))","ArkTS","entry\src\main\ets\pages\Index.ets:328","backgroundColor(color: Optional<ResourceColor>): T@entry\src\main\ets\pages\Index.ets:328","","6.0.0(20)","backgroundColor(color: Optional<ResourceColor>): T"
"backgroundColor(color: Optional<ResourceColor>): T","类新增同名方法且参数类型与已有的参数类型范围是包含关系","harmonyos_api_changes/HarmonyOS_6.0.0(20)_Beta2.json","backgroundColor","",".backgroundColor('#FF4081')","ArkTS","entry\src\main\ets\pages\Index.ets:340","backgroundColor(color: Optional<ResourceColor>): T@entry\src\main\ets\pages\Index.ets:340","","6.0.0(20)","backgroundColor(color: Optional<ResourceColor>): T"
"backgroundColor(color: Optional<ResourceColor>): T","类新增同名方法且参数类型与已有的参数类型范围是包含关系","harmonyos_api_changes/HarmonyOS_6.0.0(20)_Beta2.json","backgroundColor","",".backgroundColor($r('app.color.log_background'))","ArkTS","entry\src\main\ets\pages\Index.ets:363","backgroundColor(color: Optional<ResourceColor>): T@entry\src\main\ets\pages\Index.ets:363","","6.0.0(20)","backgroundColor(color: Optional<ResourceColor>): T"
"backgroundColor(color: Optional<ResourceColor>): T","类新增同名方法且参数类型与已有的参数类型范围是包含关系","harmonyos_api_changes/HarmonyOS_6.0.0(20)_Beta2.json","backgroundColor","",".backgroundColor($r('app.color.panel_background'))","ArkTS","entry\src\main\ets\pages\Index.ets:371","backgroundColor(color: Optional<ResourceColor>): T@entry\src\main\ets\pages\Index.ets:371","","6.0.0(20)","backgroundColor(color: Optional<ResourceColor>): T"
"backgroundColor(value: ResourceColor): T","类新增同名方法且参数类型与已有的参数类型范围不是包含关系","harmonyos_api_changes/HarmonyOS_5.1.0(18).json","backgroundColor","",".backgroundColor(item.value)","ArkTS","entry\src\main\ets\pages\Index.ets:234","backgroundColor(value: ResourceColor): T@entry\src\main\ets\pages\Index.ets:234","","5.1.0(18)","backgroundColor(value: ResourceColor): T"
"backgroundColor(value: ResourceColor): T","类新增同名方法且参数类型与已有的参数类型范围不是包含关系","harmonyos_api_changes/HarmonyOS_5.1.0(18).json","backgroundColor","",".backgroundColor(item.value)","ArkTS","entry\src\main\ets\pages\Index.ets:261","backgroundColor(value: ResourceColor): T@entry\src\main\ets\pages\Index.ets:261","","5.1.0(18)","backgroundColor(value: ResourceColor): T"
"backgroundColor(value: ResourceColor): T","类新增同名方法且参数类型与已有的参数类型范围不是包含关系","harmonyos_api_changes/HarmonyOS_5.1.0(18).json","backgroundColor","",".backgroundColor(this.filterStr === item.value ? '#3F51B5' : '#EEEEEE')","ArkTS","entry\src\main\ets\pages\Index.ets:287","backgroundColor(value: ResourceColor): T@entry\src\main\ets\pages\Index.ets:287","","5.1.0(18)","backgroundColor(value: ResourceColor): T"
"backgroundColor(value: ResourceColor): T","类新增同名方法且参数类型与已有的参数类型范围不是包含关系","harmonyos_api_changes/HarmonyOS_5.1.0(18).json","backgroundColor","",".backgroundColor($r('app.color.button_bg'))","ArkTS","entry\src\main\ets\pages\Index.ets:328","backgroundColor(value: ResourceColor): T@entry\src\main\ets\pages\Index.ets:328","","5.1.0(18)","backgroundColor(value: ResourceColor): T"
"backgroundColor(value: ResourceColor): T","类新增同名方法且参数类型与已有的参数类型范围不是包含关系","harmonyos_api_changes/HarmonyOS_5.1.0(18).json","backgroundColor","",".backgroundColor('#FF4081')","ArkTS","entry\src\main\ets\pages\Index.ets:340","backgroundColor(value: ResourceColor): T@entry\src\main\ets\pages\Index.ets:340","","5.1.0(18)","backgroundColor(value: ResourceColor): T"
"backgroundColor(value: ResourceColor): T","类新增同名方法且参数类型与已有的参数类型范围不是包含关系","harmonyos_api_changes/HarmonyOS_5.1.0(18).json","backgroundColor","",".backgroundColor($r('app.color.log_background'))","ArkTS","entry\src\main\ets\pages\Index.ets:363","backgroundColor(value: ResourceColor): T@entry\src\main\ets\pages\Index.ets:363","","5.1.0(18)","backgroundColor(value: ResourceColor): T"
"backgroundColor(value: ResourceColor): T","类新增同名方法且参数类型与已有的参数类型范围不是包含关系","harmonyos_api_changes/HarmonyOS_5.1.0(18).json","backgroundColor","",".backgroundColor($r('app.color.panel_background'))","ArkTS","entry\src\main\ets\pages\Index.ets:371","backgroundColor(value: ResourceColor): T@entry\src\main\ets\pages\Index.ets:371","","5.1.0(18)","backgroundColor(value: ResourceColor): T"
"borderRadius(radius: Dimension | BorderRadiuses): T","新增API","harmonyos_api_changes/HarmonyOS_5.0.3(15)_Beta1.json","borderRadius","",".borderRadius(8)","ArkTS","entry\src\main\ets\pages\Index.ets:235","borderRadius(radius: Dimension | BorderRadiuses): T@entry\src\main\ets\pages\Index.ets:235","","5.0.3(15)","borderRadius(radius: Dimension | BorderRadiuses): T"
"borderRadius(radius: Dimension | BorderRadiuses): T","新增API","harmonyos_api_changes/HarmonyOS_5.0.3(15)_Beta1.json","borderRadius","",".borderRadius(8)","ArkTS","entry\src\main\ets\pages\Index.ets:262","borderRadius(radius: Dimension | BorderRadiuses): T@entry\src\main\ets\pages\Index.ets:262","","5.0.3(15)","borderRadius(radius: Dimension | BorderRadiuses): T"
"borderRadius(radius: Dimension | BorderRadiuses): T","新增API","harmonyos_api_changes/HarmonyOS_5.0.3(15)_Beta1.json","borderRadius","",".borderRadius(8)","ArkTS","entry\src\main\ets\pages\Index.ets:288","borderRadius(radius: Dimension | BorderRadiuses): T@entry\src\main\ets\pages\Index.ets:288","","5.0.3(15)","borderRadius(radius: Dimension | BorderRadiuses): T"
"borderRadius(radius: Dimension | BorderRadiuses): T","新增API","harmonyos_api_changes/HarmonyOS_5.0.3(15)_Beta1.json","borderRadius","",".borderRadius(8)","ArkTS","entry\src\main\ets\pages\Index.ets:320","borderRadius(radius: Dimension | BorderRadiuses): T@entry\src\main\ets\pages\Index.ets:320","","5.0.3(15)","borderRadius(radius: Dimension | BorderRadiuses): T"
"borderRadius(radius: Dimension | BorderRadiuses): T","新增API","harmonyos_api_changes/HarmonyOS_5.0.3(15)_Beta1.json","borderRadius","",".borderRadius(8)","ArkTS","entry\src\main\ets\pages\Index.ets:332","borderRadius(radius: Dimension | BorderRadiuses): T@entry\src\main\ets\pages\Index.ets:332","","5.0.3(15)","borderRadius(radius: Dimension | BorderRadiuses): T"
"borderRadius(radius: Dimension | BorderRadiuses): T","新增API","harmonyos_api_changes/HarmonyOS_5.0.3(15)_Beta1.json","borderRadius","",".borderRadius(8)","ArkTS","entry\src\main\ets\pages\Index.ets:344","borderRadius(radius: Dimension | BorderRadiuses): T@entry\src\main\ets\pages\Index.ets:344","","5.0.3(15)","borderRadius(radius: Dimension | BorderRadiuses): T"
"borderRadius(radius: Dimension | BorderRadiuses): T","新增API","harmonyos_api_changes/HarmonyOS_5.0.3(15)_Beta1.json","borderRadius","",".borderRadius(8)","ArkTS","entry\src\main\ets\pages\Index.ets:364","borderRadius(radius: Dimension | BorderRadiuses): T@entry\src\main\ets\pages\Index.ets:364","","5.0.3(15)","borderRadius(radius: Dimension | BorderRadiuses): T"
"borderRadius(radius: Dimension | BorderRadiuses): T","新增API","harmonyos_api_changes/HarmonyOS_5.0.3(15)_Beta1.json","borderRadius","",".borderRadius({ topLeft: $r('app.float.panel_radius'), topRight: $r('app.float.panel_radius') })","ArkTS","entry\src\main\ets\pages\Index.ets:372","borderRadius(radius: Dimension | BorderRadiuses): T@entry\src\main\ets\pages\Index.ets:372","","5.0.3(15)","borderRadius(radius: Dimension | BorderRadiuses): T"
"borderRadius(value: Length | BorderRadiuses | LocalizedBorderRadiuses): T","类新增同名方法且参数类型与已有的参数类型范围是包含关系","harmonyos_api_changes/HarmonyOS_6.0.2(22).json","borderRadius","",".borderRadius(8)","ArkTS","entry\src\main\ets\pages\Index.ets:235","borderRadius(value: Length | BorderRadiuses | LocalizedBorderRadiuses): T@entry\src\main\ets\pages\Index.ets:235","","6.0.2(22)","borderRadius(value: Length | BorderRadiuses | LocalizedBorderRadiuses): T"
"borderRadius(value: Length | BorderRadiuses | LocalizedBorderRadiuses): T","类新增同名方法且参数类型与已有的参数类型范围是包含关系","harmonyos_api_changes/HarmonyOS_6.0.2(22).json","borderRadius","",".borderRadius(8)","ArkTS","entry\src\main\ets\pages\Index.ets:262","borderRadius(value: Length | BorderRadiuses | LocalizedBorderRadiuses): T@entry\src\main\ets\pages\Index.ets:262","","6.0.2(22)","borderRadius(value: Length | BorderRadiuses | LocalizedBorderRadiuses): T"
"borderRadius(value: Length | BorderRadiuses | LocalizedBorderRadiuses): T","类新增同名方法且参数类型与已有的参数类型范围是包含关系","harmonyos_api_changes/HarmonyOS_6.0.2(22).json","borderRadius","",".borderRadius(8)","ArkTS","entry\src\main\ets\pages\Index.ets:288","borderRadius(value: Length | BorderRadiuses | LocalizedBorderRadiuses): T@entry\src\main\ets\pages\Index.ets:288","","6.0.2(22)","borderRadius(value: Length | BorderRadiuses | LocalizedBorderRadiuses): T"
"borderRadius(value: Length | BorderRadiuses | LocalizedBorderRadiuses): T","类新增同名方法且参数类型与已有的参数类型范围是包含关系","harmonyos_api_changes/HarmonyOS_6.0.2(22).json","borderRadius","",".borderRadius(8)","ArkTS","entry\src\main\ets\pages\Index.ets:320","borderRadius(value: Length | BorderRadiuses | LocalizedBorderRadiuses): T@entry\src\main\ets\pages\Index.ets:320","","6.0.2(22)","borderRadius(value: Length | BorderRadiuses | LocalizedBorderRadiuses): T"
"borderRadius(value: Length | BorderRadiuses | LocalizedBorderRadiuses): T","类新增同名方法且参数类型与已有的参数类型范围是包含关系","harmonyos_api_changes/HarmonyOS_6.0.2(22).json","borderRadius","",".borderRadius(8)","ArkTS","entry\src\main\ets\pages\Index.ets:332","borderRadius(value: Length | BorderRadiuses | LocalizedBorderRadiuses): T@entry\src\main\ets\pages\Index.ets:332","","6.0.2(22)","borderRadius(value: Length | BorderRadiuses | LocalizedBorderRadiuses): T"
"borderRadius(value: Length | BorderRadiuses | LocalizedBorderRadiuses): T","类新增同名方法且参数类型与已有的参数类型范围是包含关系","harmonyos_api_changes/HarmonyOS_6.0.2(22).json","borderRadius","",".borderRadius(8)","ArkTS","entry\src\main\ets\pages\Index.ets:344","borderRadius(value: Length | BorderRadiuses | LocalizedBorderRadiuses): T@entry\src\main\ets\pages\Index.ets:344","","6.0.2(22)","borderRadius(value: Length | BorderRadiuses | LocalizedBorderRadiuses): T"
"borderRadius(value: Length | BorderRadiuses | LocalizedBorderRadiuses): T","类新增同名方法且参数类型与已有的参数类型范围是包含关系","harmonyos_api_changes/HarmonyOS_6.0.2(22).json","borderRadius","",".borderRadius(8)","ArkTS","entry\src\main\ets\pages\Index.ets:364","borderRadius(value: Length | BorderRadiuses | LocalizedBorderRadiuses): T@entry\src\main\ets\pages\Index.ets:364","","6.0.2(22)","borderRadius(value: Length | BorderRadiuses | LocalizedBorderRadiuses): T"
"borderRadius(value: Length | BorderRadiuses | LocalizedBorderRadiuses): T","类新增同名方法且参数类型与已有的参数类型范围是包含关系","harmonyos_api_changes/HarmonyOS_6.0.2(22).json","borderRadius","",".borderRadius({ topLeft: $r('app.float.panel_radius'), topRight: $r('app.float.panel_radius') })","ArkTS","entry\src\main\ets\pages\Index.ets:372","borderRadius(value: Length | BorderRadiuses | LocalizedBorderRadiuses): T@entry\src\main\ets\pages\Index.ets:372","","6.0.2(22)","borderRadius(value: Length | BorderRadiuses | LocalizedBorderRadiuses): T"
"borderRadius: number","新增API","harmonyos_api_changes/HarmonyOS_6.0.0(20)_Beta1.json","borderRadius","",".borderRadius(8)","ArkTS","entry\src\main\ets\pages\Index.ets:235","borderRadius: number@entry\src\main\ets\pages\Index.ets:235","","6.0.0(20)","borderRadius: number"
"borderRadius: number","新增API","harmonyos_api_changes/HarmonyOS_6.0.0(20)_Beta1.json","borderRadius","",".borderRadius(8)","ArkTS","entry\src\main\ets\pages\Index.ets:262","borderRadius: number@entry\src\main\ets\pages\Index.ets:262","","6.0.0(20)","borderRadius: number"
"borderRadius: number","新增API","harmonyos_api_changes/HarmonyOS_6.0.0(20)_Beta1.json","borderRadius","",".borderRadius(8)","ArkTS","entry\src\main\ets\pages\Index.ets:288","borderRadius: number@entry\src\main\ets\pages\Index.ets:288","","6.0.0(20)","borderRadius: number"
"borderRadius: number","新增API","harmonyos_api_changes/HarmonyOS_6.0.0(20)_Beta1.json","borderRadius","",".borderRadius(8)","ArkTS","entry\src\main\ets\pages\Index.ets:320","borderRadius: number@entry\src\main\ets\pages\Index.ets:320","","6.0.0(20)","borderRadius: number"
"borderRadius: number","新增API","harmonyos_api_changes/HarmonyOS_6.0.0(20)_Beta1.json","borderRadius","",".borderRadius(8)","ArkTS","entry\src\main\ets\pages\Index.ets:332","borderRadius: number@entry\src\main\ets\pages\Index.ets:332","","6.0.0(20)","borderRadius: number"
"borderRadius: number","新增API","harmonyos_api_changes/HarmonyOS_6.0.0(20)_Beta1.json","borderRadius","",".borderRadius(8)","ArkTS","entry\src\main\ets\pages\Index.ets:344","borderRadius: number@entry\src\main\ets\pages\Index.ets:344","","6.0.0(20)","borderRadius: number"
"borderRadius: number","新增API","harmonyos_api_changes/HarmonyOS_6.0.0(20)_Beta1.json","borderRadius","",".borderRadius(8)","ArkTS","entry\src\main\ets\pages\Index.ets:364","borderRadius: number@entry\src\main\ets\pages\Index.ets:364","","6.0.0(20)","borderRadius: number"
"borderRadius: number","新增API","harmonyos_api_changes/HarmonyOS_6.0.0(20)_Beta1.json","borderRadius","",".borderRadius({ topLeft: $r('app.float.panel_radius'), topRight: $r('app.float.panel_radius') })","ArkTS","entry\src\main\ets\pages\Index.ets:372","borderRadius: number@entry\src\main\ets\pages\Index.ets:372","","6.0.0(20)","borderRadius: number"
"borderRadius?: Length","新增API","harmonyos_api_changes/HarmonyOS_6.0.2(22).json","borderRadius","",".borderRadius(8)","ArkTS","entry\src\main\ets\pages\Index.ets:235","borderRadius?: Length@entry\src\main\ets\pages\Index.ets:235","","6.0.2(22)","borderRadius?: Length"
"borderRadius?: Length","新增API","harmonyos_api_changes/HarmonyOS_6.0.2(22).json","borderRadius","",".borderRadius(8)","ArkTS","entry\src\main\ets\pages\Index.ets:262","borderRadius?: Length@entry\src\main\ets\pages\Index.ets:262","","6.0.2(22)","borderRadius?: Length"
"borderRadius?: Length","新增API","harmonyos_api_changes/HarmonyOS_6.0.2(22).json","borderRadius","",".borderRadius(8)","ArkTS","entry\src\main\ets\pages\Index.ets:288","borderRadius?: Length@entry\src\main\ets\pages\Index.ets:288","","6.0.2(22)","borderRadius?: Length"
"borderRadius?: Length","新增API","harmonyos_api_changes/HarmonyOS_6.0.2(22).json","borderRadius","",".borderRadius(8)","ArkTS","entry\src\main\ets\pages\Index.ets:320","borderRadius?: Length@entry\src\main\ets\pages\Index.ets:320","","6.0.2(22)","borderRadius?: Length"
"borderRadius?: Length","新增API","harmonyos_api_changes/HarmonyOS_6.0.2(22).json","borderRadius","",".borderRadius(8)","ArkTS","entry\src\main\ets\pages\Index.ets:332","borderRadius?: Length@entry\src\main\ets\pages\Index.ets:332","","6.0.2(22)","borderRadius?: Length"
"borderRadius?: Length","新增API","harmonyos_api_changes/HarmonyOS_6.0.2(22).json","borderRadius","",".borderRadius(8)","ArkTS","entry\src\main\ets\pages\Index.ets:344","borderRadius?: Length@entry\src\main\ets\pages\Index.ets:344","","6.0.2(22)","borderRadius?: Length"
"borderRadius?: Length","新增API","harmonyos_api_changes/HarmonyOS_6.0.2(22).json","borderRadius","",".borderRadius(8)","ArkTS","entry\src\main\ets\pages\Index.ets:364","borderRadius?: Length@entry\src\main\ets\pages\Index.ets:364","","6.0.2(22)","borderRadius?: Length"
"borderRadius?: Length","新增API","harmonyos_api_changes/HarmonyOS_6.0.2(22).json","borderRadius","",".borderRadius({ topLeft: $r('app.float.panel_radius'), topRight: $r('app.float.panel_radius') })","ArkTS","entry\src\main\ets\pages\Index.ets:372","borderRadius?: Length@entry\src\main\ets\pages\Index.ets:372","","6.0.2(22)","borderRadius?: Length"
"borderRadius?: LengthMetrics","接口新增可选属性","harmonyos_api_changes/HarmonyOS_5.1.0(18).json","borderRadius","",".borderRadius(8)","ArkTS","entry\src\main\ets\pages\Index.ets:235","borderRadius?: LengthMetrics@entry\src\main\ets\pages\Index.ets:235","","5.1.0(18)","borderRadius?: LengthMetrics"
"borderRadius?: LengthMetrics","接口新增可选属性","harmonyos_api_changes/HarmonyOS_5.1.0(18).json","borderRadius","",".borderRadius(8)","ArkTS","entry\src\main\ets\pages\Index.ets:262","borderRadius?: LengthMetrics@entry\src\main\ets\pages\Index.ets:262","","5.1.0(18)","borderRadius?: LengthMetrics"
"borderRadius?: LengthMetrics","接口新增可选属性","harmonyos_api_changes/HarmonyOS_5.1.0(18).json","borderRadius","",".borderRadius(8)","ArkTS","entry\src\main\ets\pages\Index.ets:288","borderRadius?: LengthMetrics@entry\src\main\ets\pages\Index.ets:288","","5.1.0(18)","borderRadius?: LengthMetrics"
"borderRadius?: LengthMetrics","接口新增可选属性","harmonyos_api_changes/HarmonyOS_5.1.0(18).json","borderRadius","",".borderRadius(8)","ArkTS","entry\src\main\ets\pages\Index.ets:320","borderRadius?: LengthMetrics@entry\src\main\ets\pages\Index.ets:320","","5.1.0(18)","borderRadius?: LengthMetrics"
"borderRadius?: LengthMetrics","接口新增可选属性","harmonyos_api_changes/HarmonyOS_5.1.0(18).json","borderRadius","",".borderRadius(8)","ArkTS","entry\src\main\ets\pages\Index.ets:332","borderRadius?: LengthMetrics@entry\src\main\ets\pages\Index.ets:332","","5.1.0(18)","borderRadius?: LengthMetrics"
"borderRadius?: LengthMetrics","接口新增可选属性","harmonyos_api_changes/HarmonyOS_5.1.0(18).json","borderRadius","",".borderRadius(8)","ArkTS","entry\src\main\ets\pages\Index.ets:344","borderRadius?: LengthMetrics@entry\src\main\ets\pages\Index.ets:344","","5.1.0(18)","borderRadius?: LengthMetrics"
"borderRadius?: LengthMetrics","接口新增可选属性","harmonyos_api_changes/HarmonyOS_5.1.0(18).json","borderRadius","",".borderRadius(8)","ArkTS","entry\src\main\ets\pages\Index.ets:364","borderRadius?: LengthMetrics@entry\src\main\ets\pages\Index.ets:364","","5.1.0(18)","borderRadius?: LengthMetrics"
"borderRadius?: LengthMetrics","接口新增可选属性","harmonyos_api_changes/HarmonyOS_5.1.0(18).json","borderRadius","",".borderRadius({ topLeft: $r('app.float.panel_radius'), topRight: $r('app.float.panel_radius') })","ArkTS","entry\src\main\ets\pages\Index.ets:372","borderRadius?: LengthMetrics@entry\src\main\ets\pages\Index.ets:372","","5.1.0(18)","borderRadius?: LengthMetrics"
"borderRadius?: LengthMetrics | BorderRadiuses | LocalizedBorderRadiuses","新增API","harmonyos_api_changes/HarmonyOS_6.0.0(20)_Beta1.json","borderRadius","",".borderRadius(8)","ArkTS","entry\src\main\ets\pages\Index.ets:235","borderRadius?: LengthMetrics | BorderRadiuses | LocalizedBorderRadiuses@entry\src\main\ets\pages\Index.ets:235","","6.0.0(20)","borderRadius?: LengthMetrics | BorderRadiuses | LocalizedBorderRadiuses"
"borderRadius?: LengthMetrics | BorderRadiuses | LocalizedBorderRadiuses","新增API","harmonyos_api_changes/HarmonyOS_6.0.0(20)_Beta1.json","borderRadius","",".borderRadius(8)","ArkTS","entry\src\main\ets\pages\Index.ets:262","borderRadius?: LengthMetrics | BorderRadiuses | LocalizedBorderRadiuses@entry\src\main\ets\pages\Index.ets:262","","6.0.0(20)","borderRadius?: LengthMetrics | BorderRadiuses | LocalizedBorderRadiuses"
"borderRadius?: LengthMetrics | BorderRadiuses | LocalizedBorderRadiuses","新增API","harmonyos_api_changes/HarmonyOS_6.0.0(20)_Beta1.json","borderRadius","",".borderRadius(8)","ArkTS","entry\src\main\ets\pages\Index.ets:288","borderRadius?: LengthMetrics | BorderRadiuses | LocalizedBorderRadiuses@entry\src\main\ets\pages\Index.ets:288","","6.0.0(20)","borderRadius?: LengthMetrics | BorderRadiuses | LocalizedBorderRadiuses"
"borderRadius?: LengthMetrics | BorderRadiuses | LocalizedBorderRadiuses","新增API","harmonyos_api_changes/HarmonyOS_6.0.0(20)_Beta1.json","borderRadius","",".borderRadius(8)","ArkTS","entry\src\main\ets\pages\Index.ets:320","borderRadius?: LengthMetrics | BorderRadiuses | LocalizedBorderRadiuses@entry\src\main\ets\pages\Index.ets:320","","6.0.0(20)","borderRadius?: LengthMetrics | BorderRadiuses | LocalizedBorderRadiuses"
"borderRadius?: LengthMetrics | BorderRadiuses | LocalizedBorderRadiuses","新增API","harmonyos_api_changes/HarmonyOS_6.0.0(20)_Beta1.json","borderRadius","",".borderRadius(8)","ArkTS","entry\src\main\ets\pages\Index.ets:332","borderRadius?: LengthMetrics | BorderRadiuses | LocalizedBorderRadiuses@entry\src\main\ets\pages\Index.ets:332","","6.0.0(20)","borderRadius?: LengthMetrics | BorderRadiuses | LocalizedBorderRadiuses"
"borderRadius?: LengthMetrics | BorderRadiuses | LocalizedBorderRadiuses","新增API","harmonyos_api_changes/HarmonyOS_6.0.0(20)_Beta1.json","borderRadius","",".borderRadius(8)","ArkTS","entry\src\main\ets\pages\Index.ets:344","borderRadius?: LengthMetrics | BorderRadiuses | LocalizedBorderRadiuses@entry\src\main\ets\pages\Index.ets:344","","6.0.0(20)","borderRadius?: LengthMetrics | BorderRadiuses | LocalizedBorderRadiuses"
"borderRadius?: LengthMetrics | BorderRadiuses | LocalizedBorderRadiuses","新增API","harmonyos_api_changes/HarmonyOS_6.0.0(20)_Beta1.json","borderRadius","",".borderRadius(8)","ArkTS","entry\src\main\ets\pages\Index.ets:364","borderRadius?: LengthMetrics | BorderRadiuses | LocalizedBorderRadiuses@entry\src\main\ets\pages\Index.ets:364","","6.0.0(20)","borderRadius?: LengthMetrics | BorderRadiuses | LocalizedBorderRadiuses"
"borderRadius?: LengthMetrics | BorderRadiuses | LocalizedBorderRadiuses","新增API","harmonyos_api_changes/HarmonyOS_6.0.0(20)_Beta1.json","borderRadius","",".borderRadius({ topLeft: $r('app.float.panel_radius'), topRight: $r('app.float.panel_radius') })","ArkTS","entry\src\main\ets\pages\Index.ets:372","borderRadius?: LengthMetrics | BorderRadiuses | LocalizedBorderRadiuses@entry\src\main\ets\pages\Index.ets:372","","6.0.0(20)","borderRadius?: LengthMetrics | BorderRadiuses | LocalizedBorderRadiuses"
"build(): Paragraph","API从不支持元服务到支持元服务","harmonyos_api_changes/HarmonyOS_6.0.2(22).json","build","",".build();","ArkTS","entry\src\main\ets\pages\Index.ets:79","build(): Paragraph@entry\src\main\ets\pages\Index.ets:79","","6.0.2(22)","build(): Paragraph"
"build(): Paragraph","API从不支持元服务到支持元服务","harmonyos_api_changes/HarmonyOS_6.0.2(22).json","build","","return new CheckerboardDrawableBuilder().build();","ArkTS","ohos_library\src\main\ets\CheckerboardDrawable.ets:179","build(): Paragraph@ohos_library\src\main\ets\CheckerboardDrawable.ets:179","","6.0.2(22)","build(): Paragraph"
"build(): Paragraph","API从不支持元服务到支持元服务","harmonyos_api_changes/HarmonyOS_6.0.2(22).json","build","",".build();","ArkTS","ohos_library\src\main\ets\components\CheckerboardBackground.ets:67","build(): Paragraph@ohos_library\src\main\ets\components\CheckerboardBackground.ets:67","","6.0.2(22)","build(): Paragraph"
"build(): VibratorPattern","新增API","harmonyos_api_changes/HarmonyOS_5.1.0(18).json","build","",".build();","ArkTS","entry\src\main\ets\pages\Index.ets:79","build(): VibratorPattern@entry\src\main\ets\pages\Index.ets:79","","5.1.0(18)","build(): VibratorPattern"
"build(): VibratorPattern","新增API","harmonyos_api_changes/HarmonyOS_5.1.0(18).json","build","","return new CheckerboardDrawableBuilder().build();","ArkTS","ohos_library\src\main\ets\CheckerboardDrawable.ets:179","build(): VibratorPattern@ohos_library\src\main\ets\CheckerboardDrawable.ets:179","","5.1.0(18)","build(): VibratorPattern"
"build(): VibratorPattern","新增API","harmonyos_api_changes/HarmonyOS_5.1.0(18).json","build","",".build();","ArkTS","ohos_library\src\main\ets\components\CheckerboardBackground.ets:67","build(): VibratorPattern@ohos_library\src\main\ets\components\CheckerboardBackground.ets:67","","5.1.0(18)","build(): VibratorPattern"
"build(): void","新增API","harmonyos_api_changes/HarmonyOS_5.0.4(16).json","build","",".build();","ArkTS","entry\src\main\ets\pages\Index.ets:79","build(): void@entry\src\main\ets\pages\Index.ets:79","","5.0.4(16)","build(): void"
"build(): void","新增API","harmonyos_api_changes/HarmonyOS_5.0.4(16).json","build","","return new CheckerboardDrawableBuilder().build();","ArkTS","ohos_library\src\main\ets\CheckerboardDrawable.ets:179","build(): void@ohos_library\src\main\ets\CheckerboardDrawable.ets:179","","5.0.4(16)","build(): void"
"build(): void","新增API","harmonyos_api_changes/HarmonyOS_5.0.4(16).json","build","",".build();","ArkTS","ohos_library\src\main\ets\components\CheckerboardBackground.ets:67","build(): void@ohos_library\src\main\ets\components\CheckerboardBackground.ets:67","","5.0.4(16)","build(): void"
"build(builder: WrappedBuilder<Args>, config: BuildOptions, ...args: Args): void","新增API","harmonyos_api_changes/HarmonyOS_6.0.2(22).json","build","",".build();","ArkTS","entry\src\main\ets\pages\Index.ets:79","build(builder: WrappedBuilder<Args>, config: BuildOptions, ...args: Args): void@entry\src\main\ets\pages\Index.ets:79","","6.0.2(22)","build(builder: WrappedBuilder<Args>, config: BuildOptions, ...args: Args): void"
"build(builder: WrappedBuilder<Args>, config: BuildOptions, ...args: Args): void","新增API","harmonyos_api_changes/HarmonyOS_6.0.2(22).json","build","","return new CheckerboardDrawableBuilder().build();","ArkTS","ohos_library\src\main\ets\CheckerboardDrawable.ets:179","build(builder: WrappedBuilder<Args>, config: BuildOptions, ...args: Args): void@ohos_library\src\main\ets\CheckerboardDrawable.ets:179","","6.0.2(22)","build(builder: WrappedBuilder<Args>, config: BuildOptions, ...args: Args): void"
"build(builder: WrappedBuilder<Args>, config: BuildOptions, ...args: Args): void","新增API","harmonyos_api_changes/HarmonyOS_6.0.2(22).json","build","",".build();","ArkTS","ohos_library\src\main\ets\components\CheckerboardBackground.ets:67","build(builder: WrappedBuilder<Args>, config: BuildOptions, ...args: Args): void@ohos_library\src\main\ets\components\CheckerboardBackground.ets:67","","6.0.2(22)","build(builder: WrappedBuilder<Args>, config: BuildOptions, ...args: Args): void"
"builder: CustomBuilder","新增API","harmonyos_api_changes/HarmonyOS_6.0.0(20)_Beta1.json","builder","","this.sizeVal = builder.getSize();","ArkTS","ohos_library\src\main\ets\CheckerboardDrawable.ets:165","builder: CustomBuilder@ohos_library\src\main\ets\CheckerboardDrawable.ets:165","this","6.0.0(20)","builder: CustomBuilder"
"builder: CustomBuilder","新增API","harmonyos_api_changes/HarmonyOS_6.0.0(20)_Beta1.json","builder","","this.colorOddVal = builder.getColorOdd();","ArkTS","ohos_library\src\main\ets\CheckerboardDrawable.ets:166","builder: CustomBuilder@ohos_library\src\main\ets\CheckerboardDrawable.ets:166","this","6.0.0(20)","builder: CustomBuilder"
"builder: CustomBuilder","新增API","harmonyos_api_changes/HarmonyOS_6.0.0(20)_Beta1.json","builder","","this.colorEvenVal = builder.getColorEven();","ArkTS","ohos_library\src\main\ets\CheckerboardDrawable.ets:167","builder: CustomBuilder@ohos_library\src\main\ets\CheckerboardDrawable.ets:167","this","6.0.0(20)","builder: CustomBuilder"
"builder?: CustomBuilder","新增API","harmonyos_api_changes/HarmonyOS_26.0.0_Beta1.json","builder","","this.sizeVal = builder.getSize();","ArkTS","ohos_library\src\main\ets\CheckerboardDrawable.ets:165","builder?: CustomBuilder@ohos_library\src\main\ets\CheckerboardDrawable.ets:165","this","26.0.0 Beta2","builder?: CustomBuilder"
"builder?: CustomBuilder","新增API","harmonyos_api_changes/HarmonyOS_26.0.0_Beta1.json","builder","","this.colorOddVal = builder.getColorOdd();","ArkTS","ohos_library\src\main\ets\CheckerboardDrawable.ets:166","builder?: CustomBuilder@ohos_library\src\main\ets\CheckerboardDrawable.ets:166","this","26.0.0 Beta2","builder?: CustomBuilder"
"builder?: CustomBuilder","新增API","harmonyos_api_changes/HarmonyOS_26.0.0_Beta1.json","builder","","this.colorEvenVal = builder.getColorEven();","ArkTS","ohos_library\src\main\ets\CheckerboardDrawable.ets:167","builder?: CustomBuilder@ohos_library\src\main\ets\CheckerboardDrawable.ets:167","this","26.0.0 Beta2","builder?: CustomBuilder"
"clip(value: boolean | CircleAttribute | EllipseAttribute | PathAttribute | RectAttribute): T","类新增同名方法且参数类型与已有的参数类型范围不是包含关系","harmonyos_api_changes/HarmonyOS_5.1.0(18).json","clip","",".clip(true)","ArkTS","entry\src\main\ets\pages\Index.ets:321","clip(value: boolean | CircleAttribute | EllipseAttribute | PathAttribute | RectAttribute): T@entry\src\main\ets\pages\Index.ets:321","","5.1.0(18)","clip(value: boolean | CircleAttribute | EllipseAttribute | PathAttribute | RectAttribute): T"
"declare class CommonMethod<T>","接口定义变更","harmonyos_behavior_changes/HarmonyOS_26.0.0(26)_Beta1.json","CommonMethod","","this.context.getApplicationContext().setColorMode(ConfigurationConstant.ColorMode.COLOR_MODE_NOT_SET);","ArkTS","entry\src\main\ets\entryability\EntryAbility.ets:10","declare class CommonMethod<T>@entry\src\main\ets\entryability\EntryAbility.ets:10","this","26.0.0(26)","declare class CommonMethod<T>"
"declare class CommonMethod<T>","接口定义变更","harmonyos_behavior_changes/HarmonyOS_26.0.0(26)_Beta1.json","CommonMethod","",".width('100%')","ArkTS","entry\src\main\ets\pages\Index.ets:149","declare class CommonMethod<T>@entry\src\main\ets\pages\Index.ets:149","","26.0.0(26)","declare class CommonMethod<T>"
"declare class CommonMethod<T>","接口定义变更","harmonyos_behavior_changes/HarmonyOS_26.0.0(26)_Beta1.json","CommonMethod","",".height('100%')","ArkTS","entry\src\main\ets\pages\Index.ets:150","declare class CommonMethod<T>@entry\src\main\ets\pages\Index.ets:150","","26.0.0(26)","declare class CommonMethod<T>"
"declare class CommonMethod<T>","接口定义变更","harmonyos_behavior_changes/HarmonyOS_26.0.0(26)_Beta1.json","CommonMethod","",".onReady(() => {","ArkTS","entry\src\main\ets\pages\Index.ets:151","declare class CommonMethod<T>@entry\src\main\ets\pages\Index.ets:151","","26.0.0(26)","declare class CommonMethod<T>"
"declare class CommonMethod<T>","接口定义变更","harmonyos_behavior_changes/HarmonyOS_26.0.0(26)_Beta1.json","CommonMethod","",".fontSize($r('app.float.page_text_font_size'))","ArkTS","entry\src\main\ets\pages\Index.ets:161","declare class CommonMethod<T>@entry\src\main\ets\pages\Index.ets:161","","26.0.0(26)","declare class CommonMethod<T>"
"declare class CommonMethod<T>","接口定义变更","harmonyos_behavior_changes/HarmonyOS_26.0.0(26)_Beta1.json","CommonMethod","",".fontWeight(FontWeight.Bold)","ArkTS","entry\src\main\ets\pages\Index.ets:162","declare class CommonMethod<T>@entry\src\main\ets\pages\Index.ets:162","","26.0.0(26)","declare class CommonMethod<T>"
"declare class CommonMethod<T>","接口定义变更","harmonyos_behavior_changes/HarmonyOS_26.0.0(26)_Beta1.json","CommonMethod","",".fontColor($r('app.color.hello_text'))","ArkTS","entry\src\main\ets\pages\Index.ets:163","declare class CommonMethod<T>@entry\src\main\ets\pages\Index.ets:163","","26.0.0(26)","declare class CommonMethod<T>"
"declare class CommonMethod<T>","接口定义变更","harmonyos_behavior_changes/HarmonyOS_26.0.0(26)_Beta1.json","CommonMethod","",".layoutWeight(1)","ArkTS","entry\src\main\ets\pages\Index.ets:165","declare class CommonMethod<T>@entry\src\main\ets\pages\Index.ets:165","","26.0.0(26)","declare class CommonMethod<T>"
"declare class CommonMethod<T>","接口定义变更","harmonyos_behavior_changes/HarmonyOS_26.0.0(26)_Beta1.json","CommonMethod","",".width('100%')","ArkTS","entry\src\main\ets\pages\Index.ets:166","declare class CommonMethod<T>@entry\src\main\ets\pages\Index.ets:166","","26.0.0(26)","declare class CommonMethod<T>"
"declare class CommonMethod<T>","接口定义变更","harmonyos_behavior_changes/HarmonyOS_26.0.0(26)_Beta1.json","CommonMethod","",".justifyContent(FlexAlign.Center)","ArkTS","entry\src\main\ets\pages\Index.ets:167","declare class CommonMethod<T>@entry\src\main\ets\pages\Index.ets:167","","26.0.0(26)","declare class CommonMethod<T>"
"declare class CommonMethod<T>","接口定义变更","harmonyos_behavior_changes/HarmonyOS_26.0.0(26)_Beta1.json","CommonMethod","",".alignItems(HorizontalAlign.Center)","ArkTS","entry\src\main\ets\pages\Index.ets:168","declare class CommonMethod<T>@entry\src\main\ets\pages\Index.ets:168","","26.0.0(26)","declare class CommonMethod<T>"
"declare class CommonMethod<T>","接口定义变更","harmonyos_behavior_changes/HarmonyOS_26.0.0(26)_Beta1.json","CommonMethod","",".fontSize($r('app.float.title_font_size'))","ArkTS","entry\src\main\ets\pages\Index.ets:175","declare class CommonMethod<T>@entry\src\main\ets\pages\Index.ets:175","","26.0.0(26)","declare class CommonMethod<T>"
"declare class CommonMethod<T>","接口定义变更","harmonyos_behavior_changes/HarmonyOS_26.0.0(26)_Beta1.json","CommonMethod","",".fontWeight(FontWeight.Bold)","ArkTS","entry\src\main\ets\pages\Index.ets:176","declare class CommonMethod<T>@entry\src\main\ets\pages\Index.ets:176","","26.0.0(26)","declare class CommonMethod<T>"
"declare class CommonMethod<T>","接口定义变更","harmonyos_behavior_changes/HarmonyOS_26.0.0(26)_Beta1.json","CommonMethod","",".fontColor($r('app.color.panel_title_text'))","ArkTS","entry\src\main\ets\pages\Index.ets:177","declare class CommonMethod<T>@entry\src\main\ets\pages\Index.ets:177","","26.0.0(26)","declare class CommonMethod<T>"
"declare class CommonMethod<T>","接口定义变更","harmonyos_behavior_changes/HarmonyOS_26.0.0(26)_Beta1.json","CommonMethod","",".margin({ bottom: 4 })","ArkTS","entry\src\main\ets\pages\Index.ets:178","declare class CommonMethod<T>@entry\src\main\ets\pages\Index.ets:178","","26.0.0(26)","declare class CommonMethod<T>"
"declare class CommonMethod<T>","接口定义变更","harmonyos_behavior_changes/HarmonyOS_26.0.0(26)_Beta1.json","CommonMethod","",".fontSize($r('app.float.small_font_size'))","ArkTS","entry\src\main\ets\pages\Index.ets:180","declare class CommonMethod<T>@entry\src\main\ets\pages\Index.ets:180","","26.0.0(26)","declare class CommonMethod<T>"
"declare class CommonMethod<T>","接口定义变更","harmonyos_behavior_changes/HarmonyOS_26.0.0(26)_Beta1.json","CommonMethod","",".fontColor($r('app.color.panel_body_text'))","ArkTS","entry\src\main\ets\pages\Index.ets:181","declare class CommonMethod<T>@entry\src\main\ets\pages\Index.ets:181","","26.0.0(26)","declare class CommonMethod<T>"
"declare class CommonMethod<T>","接口定义变更","harmonyos_behavior_changes/HarmonyOS_26.0.0(26)_Beta1.json","CommonMethod","",".margin({ bottom: 16 })","ArkTS","entry\src\main\ets\pages\Index.ets:182","declare class CommonMethod<T>@entry\src\main\ets\pages\Index.ets:182","","26.0.0(26)","declare class CommonMethod<T>"
"declare class CommonMethod<T>","接口定义变更","harmonyos_behavior_changes/HarmonyOS_26.0.0(26)_Beta1.json","CommonMethod","",".fontSize($r('app.float.body_font_size'))","ArkTS","entry\src\main\ets\pages\Index.ets:187","declare class CommonMethod<T>@entry\src\main\ets\pages\Index.ets:187","","26.0.0(26)","declare class CommonMethod<T>"
"declare class CommonMethod<T>","接口定义变更","harmonyos_behavior_changes/HarmonyOS_26.0.0(26)_Beta1.json","CommonMethod","",".fontColor($r('app.color.panel_body_text'))","ArkTS","entry\src\main\ets\pages\Index.ets:188","declare class CommonMethod<T>@entry\src\main\ets\pages\Index.ets:188","","26.0.0(26)","declare class CommonMethod<T>"
"declare class CommonMethod<T>","接口定义变更","harmonyos_behavior_changes/HarmonyOS_26.0.0(26)_Beta1.json","CommonMethod","",".fontSize($r('app.float.body_font_size'))","ArkTS","entry\src\main\ets\pages\Index.ets:190","declare class CommonMethod<T>@entry\src\main\ets\pages\Index.ets:190","","26.0.0(26)","declare class CommonMethod<T>"
"declare class CommonMethod<T>","接口定义变更","harmonyos_behavior_changes/HarmonyOS_26.0.0(26)_Beta1.json","CommonMethod","",".fontColor($r('app.color.panel_title_text'))","ArkTS","entry\src\main\ets\pages\Index.ets:191","declare class CommonMethod<T>@entry\src\main\ets\pages\Index.ets:191","","26.0.0(26)","declare class CommonMethod<T>"
"declare class CommonMethod<T>","接口定义变更","harmonyos_behavior_changes/HarmonyOS_26.0.0(26)_Beta1.json","CommonMethod","",".width('100%')","ArkTS","entry\src\main\ets\pages\Index.ets:193","declare class CommonMethod<T>@entry\src\main\ets\pages\Index.ets:193","","26.0.0(26)","declare class CommonMethod<T>"
"declare class CommonMethod<T>","接口定义变更","harmonyos_behavior_changes/HarmonyOS_26.0.0(26)_Beta1.json","CommonMethod","",".justifyContent(FlexAlign.SpaceBetween)","ArkTS","entry\src\main\ets\pages\Index.ets:194","declare class CommonMethod<T>@entry\src\main\ets\pages\Index.ets:194","","26.0.0(26)","declare class CommonMethod<T>"
"declare class CommonMethod<T>","接口定义变更","harmonyos_behavior_changes/HarmonyOS_26.0.0(26)_Beta1.json","CommonMethod","",".margin({ bottom: 4 })","ArkTS","entry\src\main\ets\pages\Index.ets:195","declare class CommonMethod<T>@entry\src\main\ets\pages\Index.ets:195","","26.0.0(26)","declare class CommonMethod<T>"
"declare class CommonMethod<T>","接口定义变更","harmonyos_behavior_changes/HarmonyOS_26.0.0(26)_Beta1.json","CommonMethod","",".width('100%')","ArkTS","entry\src\main\ets\pages\Index.ets:198","declare class CommonMethod<T>@entry\src\main\ets\pages\Index.ets:198","","26.0.0(26)","declare class CommonMethod<T>"
"declare class CommonMethod<T>","接口定义变更","harmonyos_behavior_changes/HarmonyOS_26.0.0(26)_Beta1.json","CommonMethod","",".onChange((value: number, mode: SliderChangeMode) => {","ArkTS","entry\src\main\ets\pages\Index.ets:199","declare class CommonMethod<T>@entry\src\main\ets\pages\Index.ets:199","","26.0.0(26)","declare class CommonMethod<T>"
"declare class CommonMethod<T>","接口定义变更","harmonyos_behavior_changes/HarmonyOS_26.0.0(26)_Beta1.json","CommonMethod","",".fontSize($r('app.float.body_font_size'))","ArkTS","entry\src\main\ets\pages\Index.ets:206","declare class CommonMethod<T>@entry\src\main\ets\pages\Index.ets:206","","26.0.0(26)","declare class CommonMethod<T>"
"declare class CommonMethod<T>","接口定义变更","harmonyos_behavior_changes/HarmonyOS_26.0.0(26)_Beta1.json","CommonMethod","",".fontColor($r('app.color.panel_body_text'))","ArkTS","entry\src\main\ets\pages\Index.ets:207","declare class CommonMethod<T>@entry\src\main\ets\pages\Index.ets:207","","26.0.0(26)","declare class CommonMethod<T>"
"declare class CommonMethod<T>","接口定义变更","harmonyos_behavior_changes/HarmonyOS_26.0.0(26)_Beta1.json","CommonMethod","",".fontSize($r('app.float.body_font_size'))","ArkTS","entry\src\main\ets\pages\Index.ets:209","declare class CommonMethod<T>@entry\src\main\ets\pages\Index.ets:209","","26.0.0(26)","declare class CommonMethod<T>"
"declare class CommonMethod<T>","接口定义变更","harmonyos_behavior_changes/HarmonyOS_26.0.0(26)_Beta1.json","CommonMethod","",".fontColor($r('app.color.panel_title_text'))","ArkTS","entry\src\main\ets\pages\Index.ets:210","declare class CommonMethod<T>@entry\src\main\ets\pages\Index.ets:210","","26.0.0(26)","declare class CommonMethod<T>"
"declare class CommonMethod<T>","接口定义变更","harmonyos_behavior_changes/HarmonyOS_26.0.0(26)_Beta1.json","CommonMethod","",".width('100%')","ArkTS","entry\src\main\ets\pages\Index.ets:212","declare class CommonMethod<T>@entry\src\main\ets\pages\Index.ets:212","","26.0.0(26)","declare class CommonMethod<T>"
"declare class CommonMethod<T>","接口定义变更","harmonyos_behavior_changes/HarmonyOS_26.0.0(26)_Beta1.json","CommonMethod","",".justifyContent(FlexAlign.SpaceBetween)","ArkTS","entry\src\main\ets\pages\Index.ets:213","declare class CommonMethod<T>@entry\src\main\ets\pages\Index.ets:213","","26.0.0(26)","declare class CommonMethod<T>"
"declare class CommonMethod<T>","接口定义变更","harmonyos_behavior_changes/HarmonyOS_26.0.0(26)_Beta1.json","CommonMethod","",".margin({ top: 8, bottom: 4 })","ArkTS","entry\src\main\ets\pages\Index.ets:214","declare class CommonMethod<T>@entry\src\main\ets\pages\Index.ets:214","","26.0.0(26)","declare class CommonMethod<T>"
"declare class CommonMethod<T>","接口定义变更","harmonyos_behavior_changes/HarmonyOS_26.0.0(26)_Beta1.json","CommonMethod","",".width('100%')","ArkTS","entry\src\main\ets\pages\Index.ets:217","declare class CommonMethod<T>@entry\src\main\ets\pages\Index.ets:217","","26.0.0(26)","declare class CommonMethod<T>"
"declare class CommonMethod<T>","接口定义变更","harmonyos_behavior_changes/HarmonyOS_26.0.0(26)_Beta1.json","CommonMethod","",".onChange((value: number, mode: SliderChangeMode) => {","ArkTS","entry\src\main\ets\pages\Index.ets:218","declare class CommonMethod<T>@entry\src\main\ets\pages\Index.ets:218","","26.0.0(26)","declare class CommonMethod<T>"
"declare class CommonMethod<T>","接口定义变更","harmonyos_behavior_changes/HarmonyOS_26.0.0(26)_Beta1.json","CommonMethod","",".fontSize($r('app.float.body_font_size'))","ArkTS","entry\src\main\ets\pages\Index.ets:224","declare class CommonMethod<T>@entry\src\main\ets\pages\Index.ets:224","","26.0.0(26)","declare class CommonMethod<T>"
"declare class CommonMethod<T>","接口定义变更","harmonyos_behavior_changes/HarmonyOS_26.0.0(26)_Beta1.json","CommonMethod","",".fontColor($r('app.color.panel_body_text'))","ArkTS","entry\src\main\ets\pages\Index.ets:225","declare class CommonMethod<T>@entry\src\main\ets\pages\Index.ets:225","","26.0.0(26)","declare class CommonMethod<T>"
"declare class CommonMethod<T>","接口定义变更","harmonyos_behavior_changes/HarmonyOS_26.0.0(26)_Beta1.json","CommonMethod","",".margin({ top: 12, bottom: 8 })","ArkTS","entry\src\main\ets\pages\Index.ets:226","declare class CommonMethod<T>@entry\src\main\ets\pages\Index.ets:226","","26.0.0(26)","declare class CommonMethod<T>"
"declare class CommonMethod<T>","接口定义变更","harmonyos_behavior_changes/HarmonyOS_26.0.0(26)_Beta1.json","CommonMethod","",".width(32)","ArkTS","entry\src\main\ets\pages\Index.ets:232","declare class CommonMethod<T>@entry\src\main\ets\pages\Index.ets:232","","26.0.0(26)","declare class CommonMethod<T>"
"declare class CommonMethod<T>","接口定义变更","harmonyos_behavior_changes/HarmonyOS_26.0.0(26)_Beta1.json","CommonMethod","",".height(32)","ArkTS","entry\src\main\ets\pages\Index.ets:233","declare class CommonMethod<T>@entry\src\main\ets\pages\Index.ets:233","","26.0.0(26)","declare class CommonMethod<T>"
"declare class CommonMethod<T>","接口定义变更","harmonyos_behavior_changes/HarmonyOS_26.0.0(26)_Beta1.json","CommonMethod","",".backgroundColor(item.value)","ArkTS","entry\src\main\ets\pages\Index.ets:234","declare class CommonMethod<T>@entry\src\main\ets\pages\Index.ets:234","","26.0.0(26)","declare class CommonMethod<T>"
"declare class CommonMethod<T>","接口定义变更","harmonyos_behavior_changes/HarmonyOS_26.0.0(26)_Beta1.json","CommonMethod","",".borderRadius(8)","ArkTS","entry\src\main\ets\pages\Index.ets:235","declare class CommonMethod<T>@entry\src\main\ets\pages\Index.ets:235","","26.0.0(26)","declare class CommonMethod<T>"
"declare class CommonMethod<T>","接口定义变更","harmonyos_behavior_changes/HarmonyOS_26.0.0(26)_Beta1.json","CommonMethod","",".border({","ArkTS","entry\src\main\ets\pages\Index.ets:236","declare class CommonMethod<T>@entry\src\main\ets\pages\Index.ets:236","","26.0.0(26)","declare class CommonMethod<T>"
"declare class CommonMethod<T>","接口定义变更","harmonyos_behavior_changes/HarmonyOS_26.0.0(26)_Beta1.json","CommonMethod","",".margin({ right: 8, bottom: 8 })","ArkTS","entry\src\main\ets\pages\Index.ets:241","declare class CommonMethod<T>@entry\src\main\ets\pages\Index.ets:241","","26.0.0(26)","declare class CommonMethod<T>"
"declare class CommonMethod<T>","接口定义变更","harmonyos_behavior_changes/HarmonyOS_26.0.0(26)_Beta1.json","CommonMethod","",".onClick(() => {","ArkTS","entry\src\main\ets\pages\Index.ets:242","declare class CommonMethod<T>@entry\src\main\ets\pages\Index.ets:242","","26.0.0(26)","declare class CommonMethod<T>"
"declare class CommonMethod<T>","接口定义变更","harmonyos_behavior_changes/HarmonyOS_26.0.0(26)_Beta1.json","CommonMethod","",".width('100%')","ArkTS","entry\src\main\ets\pages\Index.ets:247","declare class CommonMethod<T>@entry\src\main\ets\pages\Index.ets:247","","26.0.0(26)","declare class CommonMethod<T>"
"declare class CommonMethod<T>","接口定义变更","harmonyos_behavior_changes/HarmonyOS_26.0.0(26)_Beta1.json","CommonMethod","",".fontSize($r('app.float.body_font_size'))","ArkTS","entry\src\main\ets\pages\Index.ets:251","declare class CommonMethod<T>@entry\src\main\ets\pages\Index.ets:251","","26.0.0(26)","declare class CommonMethod<T>"
"declare class CommonMethod<T>","接口定义变更","harmonyos_behavior_changes/HarmonyOS_26.0.0(26)_Beta1.json","CommonMethod","",".fontColor($r('app.color.panel_body_text'))","ArkTS","entry\src\main\ets\pages\Index.ets:252","declare class CommonMethod<T>@entry\src\main\ets\pages\Index.ets:252","","26.0.0(26)","declare class CommonMethod<T>"
"declare class CommonMethod<T>","接口定义变更","harmonyos_behavior_changes/HarmonyOS_26.0.0(26)_Beta1.json","CommonMethod","",".margin({ top: 4, bottom: 8 })","ArkTS","entry\src\main\ets\pages\Index.ets:253","declare class CommonMethod<T>@entry\src\main\ets\pages\Index.ets:253","","26.0.0(26)","declare class CommonMethod<T>"
"declare class CommonMethod<T>","接口定义变更","harmonyos_behavior_changes/HarmonyOS_26.0.0(26)_Beta1.json","CommonMethod","",".width(32)","ArkTS","entry\src\main\ets\pages\Index.ets:259","declare class CommonMethod<T>@entry\src\main\ets\pages\Index.ets:259","","26.0.0(26)","declare class CommonMethod<T>"
"declare class CommonMethod<T>","接口定义变更","harmonyos_behavior_changes/HarmonyOS_26.0.0(26)_Beta1.json","CommonMethod","",".height(32)","ArkTS","entry\src\main\ets\pages\Index.ets:260","declare class CommonMethod<T>@entry\src\main\ets\pages\Index.ets:260","","26.0.0(26)","declare class CommonMethod<T>"
"declare class CommonMethod<T>","接口定义变更","harmonyos_behavior_changes/HarmonyOS_26.0.0(26)_Beta1.json","CommonMethod","",".backgroundColor(item.value)","ArkTS","entry\src\main\ets\pages\Index.ets:261","declare class CommonMethod<T>@entry\src\main\ets\pages\Index.ets:261","","26.0.0(26)","declare class CommonMethod<T>"
"declare class CommonMethod<T>","接口定义变更","harmonyos_behavior_changes/HarmonyOS_26.0.0(26)_Beta1.json","CommonMethod","",".borderRadius(8)","ArkTS","entry\src\main\ets\pages\Index.ets:262","declare class CommonMethod<T>@entry\src\main\ets\pages\Index.ets:262","","26.0.0(26)","declare class CommonMethod<T>"
"declare class CommonMethod<T>","接口定义变更","harmonyos_behavior_changes/HarmonyOS_26.0.0(26)_Beta1.json","CommonMethod","",".border({","ArkTS","entry\src\main\ets\pages\Index.ets:263","declare class CommonMethod<T>@entry\src\main\ets\pages\Index.ets:263","","26.0.0(26)","declare class CommonMethod<T>"
"declare class CommonMethod<T>","接口定义变更","harmonyos_behavior_changes/HarmonyOS_26.0.0(26)_Beta1.json","CommonMethod","",".margin({ right: 8, bottom: 8 })","ArkTS","entry\src\main\ets\pages\Index.ets:268","declare class CommonMethod<T>@entry\src\main\ets\pages\Index.ets:268","","26.0.0(26)","declare class CommonMethod<T>"
"declare class CommonMethod<T>","接口定义变更","harmonyos_behavior_changes/HarmonyOS_26.0.0(26)_Beta1.json","CommonMethod","",".onClick(() => {","ArkTS","entry\src\main\ets\pages\Index.ets:269","declare class CommonMethod<T>@entry\src\main\ets\pages\Index.ets:269","","26.0.0(26)","declare class CommonMethod<T>"
"declare class CommonMethod<T>","接口定义变更","harmonyos_behavior_changes/HarmonyOS_26.0.0(26)_Beta1.json","CommonMethod","",".width('100%')","ArkTS","entry\src\main\ets\pages\Index.ets:274","declare class CommonMethod<T>@entry\src\main\ets\pages\Index.ets:274","","26.0.0(26)","declare class CommonMethod<T>"
"declare class CommonMethod<T>","接口定义变更","harmonyos_behavior_changes/HarmonyOS_26.0.0(26)_Beta1.json","CommonMethod","",".fontSize($r('app.float.body_font_size'))","ArkTS","entry\src\main\ets\pages\Index.ets:278","declare class CommonMethod<T>@entry\src\main\ets\pages\Index.ets:278","","26.0.0(26)","declare class CommonMethod<T>"
"declare class CommonMethod<T>","接口定义变更","harmonyos_behavior_changes/HarmonyOS_26.0.0(26)_Beta1.json","CommonMethod","",".fontColor($r('app.color.panel_body_text'))","ArkTS","entry\src\main\ets\pages\Index.ets:279","declare class CommonMethod<T>@entry\src\main\ets\pages\Index.ets:279","","26.0.0(26)","declare class CommonMethod<T>"
"declare class CommonMethod<T>","接口定义变更","harmonyos_behavior_changes/HarmonyOS_26.0.0(26)_Beta1.json","CommonMethod","",".margin({ top: 4, bottom: 8 })","ArkTS","entry\src\main\ets\pages\Index.ets:280","declare class CommonMethod<T>@entry\src\main\ets\pages\Index.ets:280","","26.0.0(26)","declare class CommonMethod<T>"
"declare class CommonMethod<T>","接口定义变更","harmonyos_behavior_changes/HarmonyOS_26.0.0(26)_Beta1.json","CommonMethod","",".fontSize($r('app.float.small_font_size'))","ArkTS","entry\src\main\ets\pages\Index.ets:285","declare class CommonMethod<T>@entry\src\main\ets\pages\Index.ets:285","","26.0.0(26)","declare class CommonMethod<T>"
"declare class CommonMethod<T>","接口定义变更","harmonyos_behavior_changes/HarmonyOS_26.0.0(26)_Beta1.json","CommonMethod","",".fontColor(this.filterStr === item.value ? '#FFFFFF' : '#333333')","ArkTS","entry\src\main\ets\pages\Index.ets:286","declare class CommonMethod<T>@entry\src\main\ets\pages\Index.ets:286","","26.0.0(26)","declare class CommonMethod<T>"
"declare class CommonMethod<T>","接口定义变更","harmonyos_behavior_changes/HarmonyOS_26.0.0(26)_Beta1.json","CommonMethod","",".backgroundColor(this.filterStr === item.value ? '#3F51B5' : '#EEEEEE')","ArkTS","entry\src\main\ets\pages\Index.ets:287","declare class CommonMethod<T>@entry\src\main\ets\pages\Index.ets:287","","26.0.0(26)","declare class CommonMethod<T>"
"declare class CommonMethod<T>","接口定义变更","harmonyos_behavior_changes/HarmonyOS_26.0.0(26)_Beta1.json","CommonMethod","",".borderRadius(8)","ArkTS","entry\src\main\ets\pages\Index.ets:288","declare class CommonMethod<T>@entry\src\main\ets\pages\Index.ets:288","","26.0.0(26)","declare class CommonMethod<T>"
"declare class CommonMethod<T>","接口定义变更","harmonyos_behavior_changes/HarmonyOS_26.0.0(26)_Beta1.json","CommonMethod","",".padding({ left: 12, right: 12, top: 6, bottom: 6 })","ArkTS","entry\src\main\ets\pages\Index.ets:289","declare class CommonMethod<T>@entry\src\main\ets\pages\Index.ets:289","","26.0.0(26)","declare class CommonMethod<T>"
"declare class CommonMethod<T>","接口定义变更","harmonyos_behavior_changes/HarmonyOS_26.0.0(26)_Beta1.json","CommonMethod","",".margin({ right: 8, bottom: 8 })","ArkTS","entry\src\main\ets\pages\Index.ets:290","declare class CommonMethod<T>@entry\src\main\ets\pages\Index.ets:290","","26.0.0(26)","declare class CommonMethod<T>"
"declare class CommonMethod<T>","接口定义变更","harmonyos_behavior_changes/HarmonyOS_26.0.0(26)_Beta1.json","CommonMethod","",".onClick(() => {","ArkTS","entry\src\main\ets\pages\Index.ets:291","declare class CommonMethod<T>@entry\src\main\ets\pages\Index.ets:291","","26.0.0(26)","declare class CommonMethod<T>"
"declare class CommonMethod<T>","接口定义变更","harmonyos_behavior_changes/HarmonyOS_26.0.0(26)_Beta1.json","CommonMethod","",".width('100%')","ArkTS","entry\src\main\ets\pages\Index.ets:303","declare class CommonMethod<T>@entry\src\main\ets\pages\Index.ets:303","","26.0.0(26)","declare class CommonMethod<T>"
"declare class CommonMethod<T>","接口定义变更","harmonyos_behavior_changes/HarmonyOS_26.0.0(26)_Beta1.json","CommonMethod","",".fontSize($r('app.float.body_font_size'))","ArkTS","entry\src\main\ets\pages\Index.ets:307","declare class CommonMethod<T>@entry\src\main\ets\pages\Index.ets:307","","26.0.0(26)","declare class CommonMethod<T>"
"declare class CommonMethod<T>","接口定义变更","harmonyos_behavior_changes/HarmonyOS_26.0.0(26)_Beta1.json","CommonMethod","",".fontColor($r('app.color.panel_body_text'))","ArkTS","entry\src\main\ets\pages\Index.ets:308","declare class CommonMethod<T>@entry\src\main\ets\pages\Index.ets:308","","26.0.0(26)","declare class CommonMethod<T>"
"declare class CommonMethod<T>","接口定义变更","harmonyos_behavior_changes/HarmonyOS_26.0.0(26)_Beta1.json","CommonMethod","",".margin({ top: 4, bottom: 8 })","ArkTS","entry\src\main\ets\pages\Index.ets:309","declare class CommonMethod<T>@entry\src\main\ets\pages\Index.ets:309","","26.0.0(26)","declare class CommonMethod<T>"
"declare class CommonMethod<T>","接口定义变更","harmonyos_behavior_changes/HarmonyOS_26.0.0(26)_Beta1.json","CommonMethod","",".width('100%')","ArkTS","entry\src\main\ets\pages\Index.ets:318","declare class CommonMethod<T>@entry\src\main\ets\pages\Index.ets:318","","26.0.0(26)","declare class CommonMethod<T>"
"declare class CommonMethod<T>","接口定义变更","harmonyos_behavior_changes/HarmonyOS_26.0.0(26)_Beta1.json","CommonMethod","",".height(80)","ArkTS","entry\src\main\ets\pages\Index.ets:319","declare class CommonMethod<T>@entry\src\main\ets\pages\Index.ets:319","","26.0.0(26)","declare class CommonMethod<T>"
"declare class CommonMethod<T>","接口定义变更","harmonyos_behavior_changes/HarmonyOS_26.0.0(26)_Beta1.json","CommonMethod","",".borderRadius(8)","ArkTS","entry\src\main\ets\pages\Index.ets:320","declare class CommonMethod<T>@entry\src\main\ets\pages\Index.ets:320","","26.0.0(26)","declare class CommonMethod<T>"
"declare class CommonMethod<T>","接口定义变更","harmonyos_behavior_changes/HarmonyOS_26.0.0(26)_Beta1.json","CommonMethod","",".clip(true)","ArkTS","entry\src\main\ets\pages\Index.ets:321","declare class CommonMethod<T>@entry\src\main\ets\pages\Index.ets:321","","26.0.0(26)","declare class CommonMethod<T>"
"declare class CommonMethod<T>","接口定义变更","harmonyos_behavior_changes/HarmonyOS_26.0.0(26)_Beta1.json","CommonMethod","",".layoutWeight(1)","ArkTS","entry\src\main\ets\pages\Index.ets:326","declare class CommonMethod<T>@entry\src\main\ets\pages\Index.ets:326","","26.0.0(26)","declare class CommonMethod<T>"
"declare class CommonMethod<T>","接口定义变更","harmonyos_behavior_changes/HarmonyOS_26.0.0(26)_Beta1.json","CommonMethod","",".height(40)","ArkTS","entry\src\main\ets\pages\Index.ets:327","declare class CommonMethod<T>@entry\src\main\ets\pages\Index.ets:327","","26.0.0(26)","declare class CommonMethod<T>"
"declare class CommonMethod<T>","接口定义变更","harmonyos_behavior_changes/HarmonyOS_26.0.0(26)_Beta1.json","CommonMethod","",".backgroundColor($r('app.color.button_bg'))","ArkTS","entry\src\main\ets\pages\Index.ets:328","declare class CommonMethod<T>@entry\src\main\ets\pages\Index.ets:328","","26.0.0(26)","declare class CommonMethod<T>"
"declare class CommonMethod<T>","接口定义变更","harmonyos_behavior_changes/HarmonyOS_26.0.0(26)_Beta1.json","CommonMethod","",".fontColor($r('app.color.button_text'))","ArkTS","entry\src\main\ets\pages\Index.ets:329","declare class CommonMethod<T>@entry\src\main\ets\pages\Index.ets:329","","26.0.0(26)","declare class CommonMethod<T>"
"declare class CommonMethod<T>","接口定义变更","harmonyos_behavior_changes/HarmonyOS_26.0.0(26)_Beta1.json","CommonMethod","",".fontSize($r('app.float.body_font_size'))","ArkTS","entry\src\main\ets\pages\Index.ets:330","declare class CommonMethod<T>@entry\src\main\ets\pages\Index.ets:330","","26.0.0(26)","declare class CommonMethod<T>"
"declare class CommonMethod<T>","接口定义变更","harmonyos_behavior_changes/HarmonyOS_26.0.0(26)_Beta1.json","CommonMethod","",".textAlign(TextAlign.Center)","ArkTS","entry\src\main\ets\pages\Index.ets:331","declare class CommonMethod<T>@entry\src\main\ets\pages\Index.ets:331","","26.0.0(26)","declare class CommonMethod<T>"
"declare class CommonMethod<T>","接口定义变更","harmonyos_behavior_changes/HarmonyOS_26.0.0(26)_Beta1.json","CommonMethod","",".borderRadius(8)","ArkTS","entry\src\main\ets\pages\Index.ets:332","declare class CommonMethod<T>@entry\src\main\ets\pages\Index.ets:332","","26.0.0(26)","declare class CommonMethod<T>"
"declare class CommonMethod<T>","接口定义变更","harmonyos_behavior_changes/HarmonyOS_26.0.0(26)_Beta1.json","CommonMethod","",".onClick(() => {","ArkTS","entry\src\main\ets\pages\Index.ets:333","declare class CommonMethod<T>@entry\src\main\ets\pages\Index.ets:333","","26.0.0(26)","declare class CommonMethod<T>"
"declare class CommonMethod<T>","接口定义变更","harmonyos_behavior_changes/HarmonyOS_26.0.0(26)_Beta1.json","CommonMethod","",".layoutWeight(1)","ArkTS","entry\src\main\ets\pages\Index.ets:338","declare class CommonMethod<T>@entry\src\main\ets\pages\Index.ets:338","","26.0.0(26)","declare class CommonMethod<T>"
"declare class CommonMethod<T>","接口定义变更","harmonyos_behavior_changes/HarmonyOS_26.0.0(26)_Beta1.json","CommonMethod","",".height(40)","ArkTS","entry\src\main\ets\pages\Index.ets:339","declare class CommonMethod<T>@entry\src\main\ets\pages\Index.ets:339","","26.0.0(26)","declare class CommonMethod<T>"
"declare class CommonMethod<T>","接口定义变更","harmonyos_behavior_changes/HarmonyOS_26.0.0(26)_Beta1.json","CommonMethod","",".backgroundColor('#FF4081')","ArkTS","entry\src\main\ets\pages\Index.ets:340","declare class CommonMethod<T>@entry\src\main\ets\pages\Index.ets:340","","26.0.0(26)","declare class CommonMethod<T>"
"declare class CommonMethod<T>","接口定义变更","harmonyos_behavior_changes/HarmonyOS_26.0.0(26)_Beta1.json","CommonMethod","",".fontColor('#FFFFFF')","ArkTS","entry\src\main\ets\pages\Index.ets:341","declare class CommonMethod<T>@entry\src\main\ets\pages\Index.ets:341","","26.0.0(26)","declare class CommonMethod<T>"
"declare class CommonMethod<T>","接口定义变更","harmonyos_behavior_changes/HarmonyOS_26.0.0(26)_Beta1.json","CommonMethod","",".fontSize($r('app.float.body_font_size'))","ArkTS","entry\src\main\ets\pages\Index.ets:342","declare class CommonMethod<T>@entry\src\main\ets\pages\Index.ets:342","","26.0.0(26)","declare class CommonMethod<T>"
"declare class CommonMethod<T>","接口定义变更","harmonyos_behavior_changes/HarmonyOS_26.0.0(26)_Beta1.json","CommonMethod","",".textAlign(TextAlign.Center)","ArkTS","entry\src\main\ets\pages\Index.ets:343","declare class CommonMethod<T>@entry\src\main\ets\pages\Index.ets:343","","26.0.0(26)","declare class CommonMethod<T>"
"declare class CommonMethod<T>","接口定义变更","harmonyos_behavior_changes/HarmonyOS_26.0.0(26)_Beta1.json","CommonMethod","",".borderRadius(8)","ArkTS","entry\src\main\ets\pages\Index.ets:344","declare class CommonMethod<T>@entry\src\main\ets\pages\Index.ets:344","","26.0.0(26)","declare class CommonMethod<T>"
"declare class CommonMethod<T>","接口定义变更","harmonyos_behavior_changes/HarmonyOS_26.0.0(26)_Beta1.json","CommonMethod","",".margin({ left: 8 })","ArkTS","entry\src\main\ets\pages\Index.ets:345","declare class CommonMethod<T>@entry\src\main\ets\pages\Index.ets:345","","26.0.0(26)","declare class CommonMethod<T>"
"declare class CommonMethod<T>","接口定义变更","harmonyos_behavior_changes/HarmonyOS_26.0.0(26)_Beta1.json","CommonMethod","",".onClick(() => {","ArkTS","entry\src\main\ets\pages\Index.ets:346","declare class CommonMethod<T>@entry\src\main\ets\pages\Index.ets:346","","26.0.0(26)","declare class CommonMethod<T>"
"declare class CommonMethod<T>","接口定义变更","harmonyos_behavior_changes/HarmonyOS_26.0.0(26)_Beta1.json","CommonMethod","",".width('100%')","ArkTS","entry\src\main\ets\pages\Index.ets:350","declare class CommonMethod<T>@entry\src\main\ets\pages\Index.ets:350","","26.0.0(26)","declare class CommonMethod<T>"
"declare class CommonMethod<T>","接口定义变更","harmonyos_behavior_changes/HarmonyOS_26.0.0(26)_Beta1.json","CommonMethod","",".margin({ top: 12 })","ArkTS","entry\src\main\ets\pages\Index.ets:351","declare class CommonMethod<T>@entry\src\main\ets\pages\Index.ets:351","","26.0.0(26)","declare class CommonMethod<T>"
"declare class CommonMethod<T>","接口定义变更","harmonyos_behavior_changes/HarmonyOS_26.0.0(26)_Beta1.json","CommonMethod","",".fontSize($r('app.float.body_font_size'))","ArkTS","entry\src\main\ets\pages\Index.ets:355","declare class CommonMethod<T>@entry\src\main\ets\pages\Index.ets:355","","26.0.0(26)","declare class CommonMethod<T>"
"declare class CommonMethod<T>","接口定义变更","harmonyos_behavior_changes/HarmonyOS_26.0.0(26)_Beta1.json","CommonMethod","",".fontColor($r('app.color.panel_body_text'))","ArkTS","entry\src\main\ets\pages\Index.ets:356","declare class CommonMethod<T>@entry\src\main\ets\pages\Index.ets:356","","26.0.0(26)","declare class CommonMethod<T>"
"declare class CommonMethod<T>","接口定义变更","harmonyos_behavior_changes/HarmonyOS_26.0.0(26)_Beta1.json","CommonMethod","",".margin({ top: 16, bottom: 8 })","ArkTS","entry\src\main\ets\pages\Index.ets:357","declare class CommonMethod<T>@entry\src\main\ets\pages\Index.ets:357","","26.0.0(26)","declare class CommonMethod<T>"
"declare class CommonMethod<T>","接口定义变更","harmonyos_behavior_changes/HarmonyOS_26.0.0(26)_Beta1.json","CommonMethod","",".width('100%')","ArkTS","entry\src\main\ets\pages\Index.ets:360","declare class CommonMethod<T>@entry\src\main\ets\pages\Index.ets:360","","26.0.0(26)","declare class CommonMethod<T>"
"declare class CommonMethod<T>","接口定义变更","harmonyos_behavior_changes/HarmonyOS_26.0.0(26)_Beta1.json","CommonMethod","",".fontSize($r('app.float.small_font_size'))","ArkTS","entry\src\main\ets\pages\Index.ets:361","declare class CommonMethod<T>@entry\src\main\ets\pages\Index.ets:361","","26.0.0(26)","declare class CommonMethod<T>"
"declare class CommonMethod<T>","接口定义变更","harmonyos_behavior_changes/HarmonyOS_26.0.0(26)_Beta1.json","CommonMethod","",".fontColor($r('app.color.log_text'))","ArkTS","entry\src\main\ets\pages\Index.ets:362","declare class CommonMethod<T>@entry\src\main\ets\pages\Index.ets:362","","26.0.0(26)","declare class CommonMethod<T>"
"declare class CommonMethod<T>","接口定义变更","harmonyos_behavior_changes/HarmonyOS_26.0.0(26)_Beta1.json","CommonMethod","",".backgroundColor($r('app.color.log_background'))","ArkTS","entry\src\main\ets\pages\Index.ets:363","declare class CommonMethod<T>@entry\src\main\ets\pages\Index.ets:363","","26.0.0(26)","declare class CommonMethod<T>"
"declare class CommonMethod<T>","接口定义变更","harmonyos_behavior_changes/HarmonyOS_26.0.0(26)_Beta1.json","CommonMethod","",".borderRadius(8)","ArkTS","entry\src\main\ets\pages\Index.ets:364","declare class CommonMethod<T>@entry\src\main\ets\pages\Index.ets:364","","26.0.0(26)","declare class CommonMethod<T>"
"declare class CommonMethod<T>","接口定义变更","harmonyos_behavior_changes/HarmonyOS_26.0.0(26)_Beta1.json","CommonMethod","",".padding(8)","ArkTS","entry\src\main\ets\pages\Index.ets:365","declare class CommonMethod<T>@entry\src\main\ets\pages\Index.ets:365","","26.0.0(26)","declare class CommonMethod<T>"
"declare class CommonMethod<T>","接口定义变更","harmonyos_behavior_changes/HarmonyOS_26.0.0(26)_Beta1.json","CommonMethod","",".maxLines(12)","ArkTS","entry\src\main\ets\pages\Index.ets:366","declare class CommonMethod<T>@entry\src\main\ets\pages\Index.ets:366","","26.0.0(26)","declare class CommonMethod<T>"
"declare class CommonMethod<T>","接口定义变更","harmonyos_behavior_changes/HarmonyOS_26.0.0(26)_Beta1.json","CommonMethod","",".width('100%')","ArkTS","entry\src\main\ets\pages\Index.ets:368","declare class CommonMethod<T>@entry\src\main\ets\pages\Index.ets:368","","26.0.0(26)","declare class CommonMethod<T>"
"declare class CommonMethod<T>","接口定义变更","harmonyos_behavior_changes/HarmonyOS_26.0.0(26)_Beta1.json","CommonMethod","",".padding($r('app.float.panel_padding'))","ArkTS","entry\src\main\ets\pages\Index.ets:369","declare class CommonMethod<T>@entry\src\main\ets\pages\Index.ets:369","","26.0.0(26)","declare class CommonMethod<T>"
"declare class CommonMethod<T>","接口定义变更","harmonyos_behavior_changes/HarmonyOS_26.0.0(26)_Beta1.json","CommonMethod","",".backgroundColor($r('app.color.panel_background'))","ArkTS","entry\src\main\ets\pages\Index.ets:371","declare class CommonMethod<T>@entry\src\main\ets\pages\Index.ets:371","","26.0.0(26)","declare class CommonMethod<T>"
"declare class CommonMethod<T>","接口定义变更","harmonyos_behavior_changes/HarmonyOS_26.0.0(26)_Beta1.json","CommonMethod","",".borderRadius({ topLeft: $r('app.float.panel_radius'), topRight: $r('app.float.panel_radius') })","ArkTS","entry\src\main\ets\pages\Index.ets:372","declare class CommonMethod<T>@entry\src\main\ets\pages\Index.ets:372","","26.0.0(26)","declare class CommonMethod<T>"
"declare class CommonMethod<T>","接口定义变更","harmonyos_behavior_changes/HarmonyOS_26.0.0(26)_Beta1.json","CommonMethod","",".height('56%')","ArkTS","entry\src\main\ets\pages\Index.ets:373","declare class CommonMethod<T>@entry\src\main\ets\pages\Index.ets:373","","26.0.0(26)","declare class CommonMethod<T>"
"declare class CommonMethod<T>","接口定义变更","harmonyos_behavior_changes/HarmonyOS_26.0.0(26)_Beta1.json","CommonMethod","",".edgeEffect(EdgeEffect.Spring)","ArkTS","entry\src\main\ets\pages\Index.ets:374","declare class CommonMethod<T>@entry\src\main\ets\pages\Index.ets:374","","26.0.0(26)","declare class CommonMethod<T>"
"declare class CommonMethod<T>","接口定义变更","harmonyos_behavior_changes/HarmonyOS_26.0.0(26)_Beta1.json","CommonMethod","",".width('100%')","ArkTS","entry\src\main\ets\pages\Index.ets:376","declare class CommonMethod<T>@entry\src\main\ets\pages\Index.ets:376","","26.0.0(26)","declare class CommonMethod<T>"
"declare class CommonMethod<T>","接口定义变更","harmonyos_behavior_changes/HarmonyOS_26.0.0(26)_Beta1.json","CommonMethod","",".height('100%')","ArkTS","entry\src\main\ets\pages\Index.ets:377","declare class CommonMethod<T>@entry\src\main\ets\pages\Index.ets:377","","26.0.0(26)","declare class CommonMethod<T>"
"declare class CommonMethod<T>","接口定义变更","harmonyos_behavior_changes/HarmonyOS_26.0.0(26)_Beta1.json","CommonMethod","",".width('100%')","ArkTS","entry\src\main\ets\pages\Index.ets:379","declare class CommonMethod<T>@entry\src\main\ets\pages\Index.ets:379","","26.0.0(26)","declare class CommonMethod<T>"
"declare class CommonMethod<T>","接口定义变更","harmonyos_behavior_changes/HarmonyOS_26.0.0(26)_Beta1.json","CommonMethod","",".height('100%')","ArkTS","entry\src\main\ets\pages\Index.ets:380","declare class CommonMethod<T>@entry\src\main\ets\pages\Index.ets:380","","26.0.0(26)","declare class CommonMethod<T>"
"declare class CommonMethod<T>","接口定义变更","harmonyos_behavior_changes/HarmonyOS_26.0.0(26)_Beta1.json","CommonMethod","",".colorOdd(this.colorOddStr)","ArkTS","entry\src\main\ets\pages\Index.ets:76","declare class CommonMethod<T>@entry\src\main\ets\pages\Index.ets:76","","26.0.0(26)","declare class CommonMethod<T>"
"declare class CommonMethod<T>","接口定义变更","harmonyos_behavior_changes/HarmonyOS_26.0.0(26)_Beta1.json","CommonMethod","",".colorEven(this.colorEvenStr)","ArkTS","entry\src\main\ets\pages\Index.ets:77","declare class CommonMethod<T>@entry\src\main\ets\pages\Index.ets:77","","26.0.0(26)","declare class CommonMethod<T>"
"declare class CommonMethod<T>","接口定义变更","harmonyos_behavior_changes/HarmonyOS_26.0.0(26)_Beta1.json","CommonMethod","",".size(this.cellSize)","ArkTS","entry\src\main\ets\pages\Index.ets:78","declare class CommonMethod<T>@entry\src\main\ets\pages\Index.ets:78","","26.0.0(26)","declare class CommonMethod<T>"
"declare class CommonMethod<T>","接口定义变更","harmonyos_behavior_changes/HarmonyOS_26.0.0(26)_Beta1.json","CommonMethod","",".build();","ArkTS","entry\src\main\ets\pages\Index.ets:79","declare class CommonMethod<T>@entry\src\main\ets\pages\Index.ets:79","","26.0.0(26)","declare class CommonMethod<T>"
"declare class CommonMethod<T>","接口定义变更","harmonyos_behavior_changes/HarmonyOS_26.0.0(26)_Beta1.json","CommonMethod","","let w: number = this.context.width;","ArkTS","entry\src\main\ets\pages\Index.ets:89","declare class CommonMethod<T>@entry\src\main\ets\pages\Index.ets:89","","26.0.0(26)","declare class CommonMethod<T>"
"declare class CommonMethod<T>","接口定义变更","harmonyos_behavior_changes/HarmonyOS_26.0.0(26)_Beta1.json","CommonMethod","","let h: number = this.context.height;","ArkTS","entry\src\main\ets\pages\Index.ets:90","declare class CommonMethod<T>@entry\src\main\ets\pages\Index.ets:90","","26.0.0(26)","declare class CommonMethod<T>"
"declare class CommonMethod<T>","接口定义变更","harmonyos_behavior_changes/HarmonyOS_26.0.0(26)_Beta1.json","CommonMethod","","return new CheckerboardDrawableBuilder().build();","ArkTS","ohos_library\src\main\ets\CheckerboardDrawable.ets:179","declare class CommonMethod<T>@ohos_library\src\main\ets\CheckerboardDrawable.ets:179","","26.0.0(26)","declare class CommonMethod<T>"
"declare class CommonMethod<T>","接口定义变更","harmonyos_behavior_changes/HarmonyOS_26.0.0(26)_Beta1.json","CommonMethod","","let s: string = n.toString(16).toUpperCase();","ArkTS","ohos_library\src\main\ets\CheckerboardDrawable.ets:29","declare class CommonMethod<T>@ohos_library\src\main\ets\CheckerboardDrawable.ets:29","","26.0.0(26)","declare class CommonMethod<T>"
"declare class CommonMethod<T>","接口定义变更","harmonyos_behavior_changes/HarmonyOS_26.0.0(26)_Beta1.json","CommonMethod","",".width('100%')","ArkTS","ohos_library\src\main\ets\components\CheckerboardBackground.ets:44","declare class CommonMethod<T>@ohos_library\src\main\ets\components\CheckerboardBackground.ets:44","","26.0.0(26)","declare class CommonMethod<T>"
"declare class CommonMethod<T>","接口定义变更","harmonyos_behavior_changes/HarmonyOS_26.0.0(26)_Beta1.json","CommonMethod","",".height('100%')","ArkTS","ohos_library\src\main\ets\components\CheckerboardBackground.ets:45","declare class CommonMethod<T>@ohos_library\src\main\ets\components\CheckerboardBackground.ets:45","","26.0.0(26)","declare class CommonMethod<T>"
"declare class CommonMethod<T>","接口定义变更","harmonyos_behavior_changes/HarmonyOS_26.0.0(26)_Beta1.json","CommonMethod","",".onReady(() => {","ArkTS","ohos_library\src\main\ets\components\CheckerboardBackground.ets:46","declare class CommonMethod<T>@ohos_library\src\main\ets\components\CheckerboardBackground.ets:46","","26.0.0(26)","declare class CommonMethod<T>"
"declare class CommonMethod<T>","接口定义变更","harmonyos_behavior_changes/HarmonyOS_26.0.0(26)_Beta1.json","CommonMethod","",".onAreaChange(() => {","ArkTS","ohos_library\src\main\ets\components\CheckerboardBackground.ets:49","declare class CommonMethod<T>@ohos_library\src\main\ets\components\CheckerboardBackground.ets:49","","26.0.0(26)","declare class CommonMethod<T>"
"declare class CommonMethod<T>","接口定义变更","harmonyos_behavior_changes/HarmonyOS_26.0.0(26)_Beta1.json","CommonMethod","","let w: number = this.context.width;","ArkTS","ohos_library\src\main\ets\components\CheckerboardBackground.ets:60","declare class CommonMethod<T>@ohos_library\src\main\ets\components\CheckerboardBackground.ets:60","","26.0.0(26)","declare class CommonMethod<T>"
"declare class CommonMethod<T>","接口定义变更","harmonyos_behavior_changes/HarmonyOS_26.0.0(26)_Beta1.json","CommonMethod","","let h: number = this.context.height;","ArkTS","ohos_library\src\main\ets\components\CheckerboardBackground.ets:61","declare class CommonMethod<T>@ohos_library\src\main\ets\components\CheckerboardBackground.ets:61","","26.0.0(26)","declare class CommonMethod<T>"
"declare class CommonMethod<T>","接口定义变更","harmonyos_behavior_changes/HarmonyOS_26.0.0(26)_Beta1.json","CommonMethod","",".size(this.cellSize)","ArkTS","ohos_library\src\main\ets\components\CheckerboardBackground.ets:64","declare class CommonMethod<T>@ohos_library\src\main\ets\components\CheckerboardBackground.ets:64","","26.0.0(26)","declare class CommonMethod<T>"
"declare class CommonMethod<T>","接口定义变更","harmonyos_behavior_changes/HarmonyOS_26.0.0(26)_Beta1.json","CommonMethod","",".colorOdd(this.colorOdd)","ArkTS","ohos_library\src\main\ets\components\CheckerboardBackground.ets:65","declare class CommonMethod<T>@ohos_library\src\main\ets\components\CheckerboardBackground.ets:65","","26.0.0(26)","declare class CommonMethod<T>"
"declare class CommonMethod<T>","接口定义变更","harmonyos_behavior_changes/HarmonyOS_26.0.0(26)_Beta1.json","CommonMethod","",".colorEven(this.colorEven)","ArkTS","ohos_library\src\main\ets\components\CheckerboardBackground.ets:66","declare class CommonMethod<T>@ohos_library\src\main\ets\components\CheckerboardBackground.ets:66","","26.0.0(26)","declare class CommonMethod<T>"
"declare class CommonMethod<T>","接口定义变更","harmonyos_behavior_changes/HarmonyOS_26.0.0(26)_Beta1.json","CommonMethod","",".build();","ArkTS","ohos_library\src\main\ets\components\CheckerboardBackground.ets:67","declare class CommonMethod<T>@ohos_library\src\main\ets\components\CheckerboardBackground.ets:67","","26.0.0(26)","declare class CommonMethod<T>"
"declare const Slider: SliderInterface","UX视觉布局变更","harmonyos_behavior_changes/HarmonyOS_26.0.0(26)_Beta1.json","Slider","","Slider({ value: this.cellSize, min: 10, max: 80, step: 1, style: SliderStyle.OutSet })","ArkTS","entry\src\main\ets\pages\Index.ets:197","declare const Slider: SliderInterface@entry\src\main\ets\pages\Index.ets:197","","26.0.0(26)","declare const Slider: SliderInterface"
"declare const Slider: SliderInterface","UX视觉布局变更","harmonyos_behavior_changes/HarmonyOS_26.0.0(26)_Beta1.json","Slider","","Slider({ value: this.alphaVal, min: 0, max: 255, step: 1, style: SliderStyle.OutSet })","ArkTS","entry\src\main\ets\pages\Index.ets:216","declare const Slider: SliderInterface@entry\src\main\ets\pages\Index.ets:216","","26.0.0(26)","declare const Slider: SliderInterface"
"declare const Text: TextInterface","UX视觉布局变更","harmonyos_behavior_changes/HarmonyOS_26.0.0(26)_Beta1.json","Text","","Text('Hello World!')","ArkTS","entry\src\main\ets\pages\Index.ets:160","declare const Text: TextInterface@entry\src\main\ets\pages\Index.ets:160","","26.0.0(26)","declare const Text: TextInterface"
"declare const Text: TextInterface","UX视觉布局变更","harmonyos_behavior_changes/HarmonyOS_26.0.0(26)_Beta1.json","Text","","Text('CheckerboardDrawable')","ArkTS","entry\src\main\ets\pages\Index.ets:174","declare const Text: TextInterface@entry\src\main\ets\pages\Index.ets:174","","26.0.0(26)","declare const Text: TextInterface"
"declare const Text: TextInterface","UX视觉布局变更","harmonyos_behavior_changes/HarmonyOS_26.0.0(26)_Beta1.json","Text","","Text('棋盘格背景绘制器 · API 交互演示')","ArkTS","entry\src\main\ets\pages\Index.ets:179","declare const Text: TextInterface@entry\src\main\ets\pages\Index.ets:179","","26.0.0(26)","declare const Text: TextInterface"
"declare const Text: TextInterface","UX视觉布局变更","harmonyos_behavior_changes/HarmonyOS_26.0.0(26)_Beta1.json","Text","","Text('格子大小 (size)')","ArkTS","entry\src\main\ets\pages\Index.ets:186","declare const Text: TextInterface@entry\src\main\ets\pages\Index.ets:186","","26.0.0(26)","declare const Text: TextInterface"
"declare const Text: TextInterface","UX视觉布局变更","harmonyos_behavior_changes/HarmonyOS_26.0.0(26)_Beta1.json","Text","","Text(this.cellSize + ' vp')","ArkTS","entry\src\main\ets\pages\Index.ets:189","declare const Text: TextInterface@entry\src\main\ets\pages\Index.ets:189","","26.0.0(26)","declare const Text: TextInterface"
"declare const Text: TextInterface","UX视觉布局变更","harmonyos_behavior_changes/HarmonyOS_26.0.0(26)_Beta1.json","Text","","Text('透明度 (setAlpha)')","ArkTS","entry\src\main\ets\pages\Index.ets:205","declare const Text: TextInterface@entry\src\main\ets\pages\Index.ets:205","","26.0.0(26)","declare const Text: TextInterface"
"declare const Text: TextInterface","UX视觉布局变更","harmonyos_behavior_changes/HarmonyOS_26.0.0(26)_Beta1.json","Text","","Text(this.alphaVal + ' / 255')","ArkTS","entry\src\main\ets\pages\Index.ets:208","declare const Text: TextInterface@entry\src\main\ets\pages\Index.ets:208","","26.0.0(26)","declare const Text: TextInterface"
"declare const Text: TextInterface","UX视觉布局变更","harmonyos_behavior_changes/HarmonyOS_26.0.0(26)_Beta1.json","Text","","Text('奇数格颜色 (colorOdd)')","ArkTS","entry\src\main\ets\pages\Index.ets:223","declare const Text: TextInterface@entry\src\main\ets\pages\Index.ets:223","","26.0.0(26)","declare const Text: TextInterface"
"declare const Text: TextInterface","UX视觉布局变更","harmonyos_behavior_changes/HarmonyOS_26.0.0(26)_Beta1.json","Text","","Text('')","ArkTS","entry\src\main\ets\pages\Index.ets:231","declare const Text: TextInterface@entry\src\main\ets\pages\Index.ets:231","","26.0.0(26)","declare const Text: TextInterface"
"declare const Text: TextInterface","UX视觉布局变更","harmonyos_behavior_changes/HarmonyOS_26.0.0(26)_Beta1.json","Text","","Text('偶数格颜色 (colorEven)')","ArkTS","entry\src\main\ets\pages\Index.ets:250","declare const Text: TextInterface@entry\src\main\ets\pages\Index.ets:250","","26.0.0(26)","declare const Text: TextInterface"
"declare const Text: TextInterface","UX视觉布局变更","harmonyos_behavior_changes/HarmonyOS_26.0.0(26)_Beta1.json","Text","","Text('')","ArkTS","entry\src\main\ets\pages\Index.ets:258","declare const Text: TextInterface@entry\src\main\ets\pages\Index.ets:258","","26.0.0(26)","declare const Text: TextInterface"
"declare const Text: TextInterface","UX视觉布局变更","harmonyos_behavior_changes/HarmonyOS_26.0.0(26)_Beta1.json","Text","","Text('颜色滤镜 (setColorFilter)')","ArkTS","entry\src\main\ets\pages\Index.ets:277","declare const Text: TextInterface@entry\src\main\ets\pages\Index.ets:277","","26.0.0(26)","declare const Text: TextInterface"
"declare const Text: TextInterface","UX视觉布局变更","harmonyos_behavior_changes/HarmonyOS_26.0.0(26)_Beta1.json","Text","","Text(item.label)","ArkTS","entry\src\main\ets\pages\Index.ets:284","declare const Text: TextInterface@entry\src\main\ets\pages\Index.ets:284","","26.0.0(26)","declare const Text: TextInterface"
"declare const Text: TextInterface","UX视觉布局变更","harmonyos_behavior_changes/HarmonyOS_26.0.0(26)_Beta1.json","Text","","Text('CheckerboardBackground 组件预览')","ArkTS","entry\src\main\ets\pages\Index.ets:306","declare const Text: TextInterface@entry\src\main\ets\pages\Index.ets:306","","26.0.0(26)","declare const Text: TextInterface"
"declare const Text: TextInterface","UX视觉布局变更","harmonyos_behavior_changes/HarmonyOS_26.0.0(26)_Beta1.json","Text","","Text('默认配置')","ArkTS","entry\src\main\ets\pages\Index.ets:325","declare const Text: TextInterface@entry\src\main\ets\pages\Index.ets:325","","26.0.0(26)","declare const Text: TextInterface"
"declare const Text: TextInterface","UX视觉布局变更","harmonyos_behavior_changes/HarmonyOS_26.0.0(26)_Beta1.json","Text","","Text('Demo 配置')","ArkTS","entry\src\main\ets\pages\Index.ets:337","declare const Text: TextInterface@entry\src\main\ets\pages\Index.ets:337","","26.0.0(26)","declare const Text: TextInterface"
"declare const Text: TextInterface","UX视觉布局变更","harmonyos_behavior_changes/HarmonyOS_26.0.0(26)_Beta1.json","Text","","Text('API 调用日志')","ArkTS","entry\src\main\ets\pages\Index.ets:354","declare const Text: TextInterface@entry\src\main\ets\pages\Index.ets:354","","26.0.0(26)","declare const Text: TextInterface"
"declare const Text: TextInterface","UX视觉布局变更","harmonyos_behavior_changes/HarmonyOS_26.0.0(26)_Beta1.json","Text","","Text(this.logText)","ArkTS","entry\src\main\ets\pages\Index.ets:359","declare const Text: TextInterface@entry\src\main\ets\pages\Index.ets:359","","26.0.0(26)","declare const Text: TextInterface"
"drawable?: DrawableDescriptor","新增API","harmonyos_api_changes/HarmonyOS_6.0.2(22).json","drawable","","drawable.setAlpha(this.alpha);","ArkTS","ohos_library\src\main\ets\components\CheckerboardBackground.ets:68","drawable?: DrawableDescriptor@ohos_library\src\main\ets\components\CheckerboardBackground.ets:68","drawable","6.0.2(22)","drawable?: DrawableDescriptor"
"drawable?: DrawableDescriptor","新增API","harmonyos_api_changes/HarmonyOS_6.0.2(22).json","drawable","","drawable.setColorFilter(new SimpleColorFilter(this.filterString));","ArkTS","ohos_library\src\main\ets\components\CheckerboardBackground.ets:70","drawable?: DrawableDescriptor@ohos_library\src\main\ets\components\CheckerboardBackground.ets:70","drawable","6.0.2(22)","drawable?: DrawableDescriptor"
"drawable?: DrawableDescriptor","新增API","harmonyos_api_changes/HarmonyOS_6.0.2(22).json","drawable","","drawable.draw(this.context, w, h);","ArkTS","ohos_library\src\main\ets\components\CheckerboardBackground.ets:72","drawable?: DrawableDescriptor@ohos_library\src\main\ets\components\CheckerboardBackground.ets:72","drawable","6.0.2(22)","drawable?: DrawableDescriptor"
"enum ColorMode","API废弃版本变更","harmonyos_api_changes/HarmonyOS_6.0.0(20)_Beta1.json","ColorMode","","import { AbilityConstant, ConfigurationConstant, UIAbility, Want } from '@kit.AbilityKit';","ArkTS","entry\src\main\ets\entryability\EntryAbility.ets:1","enum ColorMode@entry\src\main\ets\entryability\EntryAbility.ets:1","","6.0.0(20)","enum ColorMode"
"enum ColorMode","API废弃版本变更","harmonyos_api_changes/HarmonyOS_6.0.0(20)_Beta1.json","ColorMode","","this.context.getApplicationContext().setColorMode(ConfigurationConstant.ColorMode.COLOR_MODE_NOT_SET);","ArkTS","entry\src\main\ets\entryability\EntryAbility.ets:10","enum ColorMode@entry\src\main\ets\entryability\EntryAbility.ets:10","this","6.0.0(20)","enum ColorMode"
"enum OutputType","新增API","harmonyos_api_changes/HarmonyOS_26.0.0_Beta2.json","OutputType","","hilog.error(DOMAIN, 'testTag', 'Failed to set colorMode. Cause: %{public}s', JSON.stringify(err));","ArkTS","entry\src\main\ets\entryability\EntryAbility.ets:12","enum OutputType@entry\src\main\ets\entryability\EntryAbility.ets:12","hilog","26.0.0 Beta2","enum OutputType"
"enum OutputType","新增API","harmonyos_api_changes/HarmonyOS_26.0.0_Beta2.json","OutputType","","hilog.info(DOMAIN, 'testTag', '%{public}s', 'Ability onCreate');","ArkTS","entry\src\main\ets\entryability\EntryAbility.ets:14","enum OutputType@entry\src\main\ets\entryability\EntryAbility.ets:14","hilog","26.0.0 Beta2","enum OutputType"
"enum OutputType","新增API","harmonyos_api_changes/HarmonyOS_26.0.0_Beta2.json","OutputType","","hilog.info(DOMAIN, 'testTag', '%{public}s', 'Ability onDestroy');","ArkTS","entry\src\main\ets\entryability\EntryAbility.ets:18","enum OutputType@entry\src\main\ets\entryability\EntryAbility.ets:18","hilog","26.0.0 Beta2","enum OutputType"
"enum OutputType","新增API","harmonyos_api_changes/HarmonyOS_26.0.0_Beta2.json","OutputType","","hilog.info(DOMAIN, 'testTag', '%{public}s', 'Ability onWindowStageCreate');","ArkTS","entry\src\main\ets\entryability\EntryAbility.ets:23","enum OutputType@entry\src\main\ets\entryability\EntryAbility.ets:23","hilog","26.0.0 Beta2","enum OutputType"
"enum OutputType","新增API","harmonyos_api_changes/HarmonyOS_26.0.0_Beta2.json","OutputType","","hilog.error(DOMAIN, 'testTag', 'Failed to load the content. Cause: %{public}s', JSON.stringify(err));","ArkTS","entry\src\main\ets\entryability\EntryAbility.ets:27","enum OutputType@entry\src\main\ets\entryability\EntryAbility.ets:27","hilog","26.0.0 Beta2","enum OutputType"
"enum OutputType","新增API","harmonyos_api_changes/HarmonyOS_26.0.0_Beta2.json","OutputType","","hilog.info(DOMAIN, 'testTag', 'Succeeded in loading the content.');","ArkTS","entry\src\main\ets\entryability\EntryAbility.ets:30","enum OutputType@entry\src\main\ets\entryability\EntryAbility.ets:30","hilog","26.0.0 Beta2","enum OutputType"
"enum OutputType","新增API","harmonyos_api_changes/HarmonyOS_26.0.0_Beta2.json","OutputType","","hilog.info(DOMAIN, 'testTag', '%{public}s', 'Ability onWindowStageDestroy');","ArkTS","entry\src\main\ets\entryability\EntryAbility.ets:36","enum OutputType@entry\src\main\ets\entryability\EntryAbility.ets:36","hilog","26.0.0 Beta2","enum OutputType"
"enum OutputType","新增API","harmonyos_api_changes/HarmonyOS_26.0.0_Beta2.json","OutputType","","hilog.info(DOMAIN, 'testTag', '%{public}s', 'Ability onForeground');","ArkTS","entry\src\main\ets\entryability\EntryAbility.ets:41","enum OutputType@entry\src\main\ets\entryability\EntryAbility.ets:41","hilog","26.0.0 Beta2","enum OutputType"
"enum OutputType","新增API","harmonyos_api_changes/HarmonyOS_26.0.0_Beta2.json","OutputType","","hilog.info(DOMAIN, 'testTag', '%{public}s', 'Ability onBackground');","ArkTS","entry\src\main\ets\entryability\EntryAbility.ets:46","enum OutputType@entry\src\main\ets\entryability\EntryAbility.ets:46","hilog","26.0.0 Beta2","enum OutputType"
"enum OutputType","新增API","harmonyos_api_changes/HarmonyOS_26.0.0_Beta2.json","OutputType","","hilog.info(DOMAIN, 'testTag', 'onRestore ok %{public}s', JSON.stringify(bundleVersion));","ArkTS","entry\src\main\ets\entrybackupability\EntryBackupAbility.ets:13","enum OutputType@entry\src\main\ets\entrybackupability\EntryBackupAbility.ets:13","hilog","26.0.0 Beta2","enum OutputType"
"enum OutputType","新增API","harmonyos_api_changes/HarmonyOS_26.0.0_Beta2.json","OutputType","","hilog.info(DOMAIN, 'testTag', 'onBackup ok');","ArkTS","entry\src\main\ets\entrybackupability\EntryBackupAbility.ets:8","enum OutputType@entry\src\main\ets\entrybackupability\EntryBackupAbility.ets:8","hilog","26.0.0 Beta2","enum OutputType"
"enum PreferStrategy","新增API","harmonyos_api_changes/HarmonyOS_6.0.1(21)_Beta1.json","PreferStrategy","","hilog.error(DOMAIN, 'testTag', 'Failed to set colorMode. Cause: %{public}s', JSON.stringify(err));","ArkTS","entry\src\main\ets\entryability\EntryAbility.ets:12","enum PreferStrategy@entry\src\main\ets\entryability\EntryAbility.ets:12","hilog","6.0.1(21)","enum PreferStrategy"
"enum PreferStrategy","新增API","harmonyos_api_changes/HarmonyOS_6.0.1(21)_Beta1.json","PreferStrategy","","hilog.info(DOMAIN, 'testTag', '%{public}s', 'Ability onCreate');","ArkTS","entry\src\main\ets\entryability\EntryAbility.ets:14","enum PreferStrategy@entry\src\main\ets\entryability\EntryAbility.ets:14","hilog","6.0.1(21)","enum PreferStrategy"
"enum PreferStrategy","新增API","harmonyos_api_changes/HarmonyOS_6.0.1(21)_Beta1.json","PreferStrategy","","hilog.info(DOMAIN, 'testTag', '%{public}s', 'Ability onDestroy');","ArkTS","entry\src\main\ets\entryability\EntryAbility.ets:18","enum PreferStrategy@entry\src\main\ets\entryability\EntryAbility.ets:18","hilog","6.0.1(21)","enum PreferStrategy"
"enum PreferStrategy","新增API","harmonyos_api_changes/HarmonyOS_6.0.1(21)_Beta1.json","PreferStrategy","","hilog.info(DOMAIN, 'testTag', '%{public}s', 'Ability onWindowStageCreate');","ArkTS","entry\src\main\ets\entryability\EntryAbility.ets:23","enum PreferStrategy@entry\src\main\ets\entryability\EntryAbility.ets:23","hilog","6.0.1(21)","enum PreferStrategy"
"enum PreferStrategy","新增API","harmonyos_api_changes/HarmonyOS_6.0.1(21)_Beta1.json","PreferStrategy","","hilog.error(DOMAIN, 'testTag', 'Failed to load the content. Cause: %{public}s', JSON.stringify(err));","ArkTS","entry\src\main\ets\entryability\EntryAbility.ets:27","enum PreferStrategy@entry\src\main\ets\entryability\EntryAbility.ets:27","hilog","6.0.1(21)","enum PreferStrategy"
"enum PreferStrategy","新增API","harmonyos_api_changes/HarmonyOS_6.0.1(21)_Beta1.json","PreferStrategy","","hilog.info(DOMAIN, 'testTag', 'Succeeded in loading the content.');","ArkTS","entry\src\main\ets\entryability\EntryAbility.ets:30","enum PreferStrategy@entry\src\main\ets\entryability\EntryAbility.ets:30","hilog","6.0.1(21)","enum PreferStrategy"
"enum PreferStrategy","新增API","harmonyos_api_changes/HarmonyOS_6.0.1(21)_Beta1.json","PreferStrategy","","hilog.info(DOMAIN, 'testTag', '%{public}s', 'Ability onWindowStageDestroy');","ArkTS","entry\src\main\ets\entryability\EntryAbility.ets:36","enum PreferStrategy@entry\src\main\ets\entryability\EntryAbility.ets:36","hilog","6.0.1(21)","enum PreferStrategy"
"enum PreferStrategy","新增API","harmonyos_api_changes/HarmonyOS_6.0.1(21)_Beta1.json","PreferStrategy","","hilog.info(DOMAIN, 'testTag', '%{public}s', 'Ability onForeground');","ArkTS","entry\src\main\ets\entryability\EntryAbility.ets:41","enum PreferStrategy@entry\src\main\ets\entryability\EntryAbility.ets:41","hilog","6.0.1(21)","enum PreferStrategy"
"enum PreferStrategy","新增API","harmonyos_api_changes/HarmonyOS_6.0.1(21)_Beta1.json","PreferStrategy","","hilog.info(DOMAIN, 'testTag', '%{public}s', 'Ability onBackground');","ArkTS","entry\src\main\ets\entryability\EntryAbility.ets:46","enum PreferStrategy@entry\src\main\ets\entryability\EntryAbility.ets:46","hilog","6.0.1(21)","enum PreferStrategy"
"enum PreferStrategy","新增API","harmonyos_api_changes/HarmonyOS_6.0.1(21)_Beta1.json","PreferStrategy","","hilog.info(DOMAIN, 'testTag', 'onRestore ok %{public}s', JSON.stringify(bundleVersion));","ArkTS","entry\src\main\ets\entrybackupability\EntryBackupAbility.ets:13","enum PreferStrategy@entry\src\main\ets\entrybackupability\EntryBackupAbility.ets:13","hilog","6.0.1(21)","enum PreferStrategy"
"enum PreferStrategy","新增API","harmonyos_api_changes/HarmonyOS_6.0.1(21)_Beta1.json","PreferStrategy","","hilog.info(DOMAIN, 'testTag', 'onBackup ok');","ArkTS","entry\src\main\ets\entrybackupability\EntryBackupAbility.ets:8","enum PreferStrategy@entry\src\main\ets\entrybackupability\EntryBackupAbility.ets:8","hilog","6.0.1(21)","enum PreferStrategy"
"export function getApplicationContext(): ApplicationContext","新增API","harmonyos_api_changes/HarmonyOS_5.0.2(14).json","export","","this.context.getApplicationContext().setColorMode(ConfigurationConstant.ColorMode.COLOR_MODE_NOT_SET);","ArkTS","entry\src\main\ets\entryability\EntryAbility.ets:10","export function getApplicationContext(): ApplicationContext@entry\src\main\ets\entryability\EntryAbility.ets:10","this","5.0.2(14)","export function getApplicationContext(): ApplicationContext"
"fontWeight(value: number | FontWeight | string): T","函数变更","harmonyos_api_changes/HarmonyOS_6.0.0(20)_Beta2.json","fontWeight","",".fontWeight(FontWeight.Bold)","ArkTS","entry\src\main\ets\pages\Index.ets:162","fontWeight(value: number | FontWeight | string): T@entry\src\main\ets\pages\Index.ets:162","","6.0.0(20)","fontWeight(value: number | FontWeight | string): T"
"fontWeight(value: number | FontWeight | string): T","函数变更","harmonyos_api_changes/HarmonyOS_6.0.0(20)_Beta2.json","fontWeight","",".fontWeight(FontWeight.Bold)","ArkTS","entry\src\main\ets\pages\Index.ets:176","fontWeight(value: number | FontWeight | string): T@entry\src\main\ets\pages\Index.ets:176","","6.0.0(20)","fontWeight(value: number | FontWeight | string): T"
"fontWeight(value: number | FontWeight | string): TextAttribute","函数变更","harmonyos_api_changes/HarmonyOS_6.0.0(20)_Beta1.json","fontWeight","",".fontWeight(FontWeight.Bold)","ArkTS","entry\src\main\ets\pages\Index.ets:162","fontWeight(value: number | FontWeight | string): TextAttribute@entry\src\main\ets\pages\Index.ets:162","","6.0.0(20)","fontWeight(value: number | FontWeight | string): TextAttribute"
"fontWeight(value: number | FontWeight | string): TextAttribute","函数变更","harmonyos_api_changes/HarmonyOS_6.0.0(20)_Beta1.json","fontWeight","",".fontWeight(FontWeight.Bold)","ArkTS","entry\src\main\ets\pages\Index.ets:176","fontWeight(value: number | FontWeight | string): TextAttribute@entry\src\main\ets\pages\Index.ets:176","","6.0.0(20)","fontWeight(value: number | FontWeight | string): TextAttribute"
"fontWeight(weight: number | FontWeight | string, options?: FontSettingOptions): TextAttribute","函数变更","harmonyos_api_changes/HarmonyOS_6.0.0(20)_Beta1.json","fontWeight","",".fontWeight(FontWeight.Bold)","ArkTS","entry\src\main\ets\pages\Index.ets:162","fontWeight(weight: number | FontWeight | string, options?: FontSettingOptions): TextAttribute@entry\src\main\ets\pages\Index.ets:162","","6.0.0(20)","fontWeight(weight: number | FontWeight | string, options?: FontSettingOptions): TextAttribute"
"fontWeight(weight: number | FontWeight | string, options?: FontSettingOptions): TextAttribute","函数变更","harmonyos_api_changes/HarmonyOS_6.0.0(20)_Beta1.json","fontWeight","",".fontWeight(FontWeight.Bold)","ArkTS","entry\src\main\ets\pages\Index.ets:176","fontWeight(weight: number | FontWeight | string, options?: FontSettingOptions): TextAttribute@entry\src\main\ets\pages\Index.ets:176","","6.0.0(20)","fontWeight(weight: number | FontWeight | string, options?: FontSettingOptions): TextAttribute"
"fontWeight: number","新增API","harmonyos_api_changes/HarmonyOS_5.0.4(16).json","fontWeight","",".fontWeight(FontWeight.Bold)","ArkTS","entry\src\main\ets\pages\Index.ets:162","fontWeight: number@entry\src\main\ets\pages\Index.ets:162","","5.0.4(16)","fontWeight: number"
"fontWeight: number","新增API","harmonyos_api_changes/HarmonyOS_5.0.4(16).json","fontWeight","",".fontWeight(FontWeight.Bold)","ArkTS","entry\src\main\ets\pages\Index.ets:176","fontWeight: number@entry\src\main\ets\pages\Index.ets:176","","5.0.4(16)","fontWeight: number"
"fontWeight?: FontWeight","API从不支持元服务到支持元服务","harmonyos_api_changes/HarmonyOS_6.0.2(22).json","fontWeight","",".fontWeight(FontWeight.Bold)","ArkTS","entry\src\main\ets\pages\Index.ets:162","fontWeight?: FontWeight@entry\src\main\ets\pages\Index.ets:162","","6.0.2(22)","fontWeight?: FontWeight"
"fontWeight?: FontWeight","API从不支持元服务到支持元服务","harmonyos_api_changes/HarmonyOS_6.0.2(22).json","fontWeight","",".fontWeight(FontWeight.Bold)","ArkTS","entry\src\main\ets\pages\Index.ets:176","fontWeight?: FontWeight@entry\src\main\ets\pages\Index.ets:176","","6.0.2(22)","fontWeight?: FontWeight"
"fontWeight?: number | FontWeight | string","属性变更","harmonyos_api_changes/HarmonyOS_6.0.0(20)_Beta1.json","fontWeight","",".fontWeight(FontWeight.Bold)","ArkTS","entry\src\main\ets\pages\Index.ets:162","fontWeight?: number | FontWeight | string@entry\src\main\ets\pages\Index.ets:162","","6.0.0(20)","fontWeight?: number | FontWeight | string"
"fontWeight?: number | FontWeight | string","属性变更","harmonyos_api_changes/HarmonyOS_6.0.0(20)_Beta1.json","fontWeight","",".fontWeight(FontWeight.Bold)","ArkTS","entry\src\main\ets\pages\Index.ets:176","fontWeight?: number | FontWeight | string@entry\src\main\ets\pages\Index.ets:176","","6.0.0(20)","fontWeight?: number | FontWeight | string"
"function create(): ImageProcessor","新增API","harmonyos_api_changes/HarmonyOS_5.1.0(18).json","create","","let d: CheckerboardDrawable = CheckerboardDrawable.create();","ArkTS","entry\src\main\ets\pages\Index.ets:122","function create(): ImageProcessor@entry\src\main\ets\pages\Index.ets:122","","5.1.0(18)","function create(): ImageProcessor"
"function create(config: FloatViewConfiguration): Promise<FloatViewController>","新增API","harmonyos_api_changes/HarmonyOS_26.0.0_Beta1.json","create","","let d: CheckerboardDrawable = CheckerboardDrawable.create();","ArkTS","entry\src\main\ets\pages\Index.ets:122","function create(config: FloatViewConfiguration): Promise<FloatViewController>@entry\src\main\ets\pages\Index.ets:122","","26.0.0 Beta2","function create(config: FloatViewConfiguration): Promise<FloatViewController>"
"function create(config: FloatingBallConfiguration): Promise<FloatingBallController>","新增API","harmonyos_api_changes/HarmonyOS_6.0.0(20)_Beta3.json","create","","let d: CheckerboardDrawable = CheckerboardDrawable.create();","ArkTS","entry\src\main\ets\pages\Index.ets:122","function create(config: FloatingBallConfiguration): Promise<FloatingBallController>@entry\src\main\ets\pages\Index.ets:122","","6.0.0(20)","function create(config: FloatingBallConfiguration): Promise<FloatingBallController>"
"function create(createParameters: CreateParameters): Promise<CreateResult>","新增API","harmonyos_api_changes/HarmonyOS_5.1.0(18).json","create","","let d: CheckerboardDrawable = CheckerboardDrawable.create();","ArkTS","entry\src\main\ets\pages\Index.ets:122","function create(createParameters: CreateParameters): Promise<CreateResult>@entry\src\main\ets\pages\Index.ets:122","","5.1.0(18)","function create(createParameters: CreateParameters): Promise<CreateResult>"
"getAlpha(): number","API跨平台权限变更","harmonyos_api_changes/HarmonyOS_6.0.0(20)_Beta3.json","getAlpha","","+ ', colorEven=' + d.getColorEven() + ', alpha=' + d.getAlpha()","ArkTS","entry\src\main\ets\pages\Index.ets:100","getAlpha(): number@entry\src\main\ets\pages\Index.ets:100","","6.0.0(20)","getAlpha(): number"
"getAlpha(): number","API跨平台权限变更","harmonyos_api_changes/HarmonyOS_6.0.0(20)_Beta3.json","getAlpha","","this.alphaVal = d.getAlpha();","ArkTS","entry\src\main\ets\pages\Index.ets:126","getAlpha(): number@entry\src\main\ets\pages\Index.ets:126","this","6.0.0(20)","getAlpha(): number"
"getColorFilter(): ColorFilter","API跨平台权限变更","harmonyos_api_changes/HarmonyOS_6.0.0(20)_Beta3.json","getColorFilter","","let cf: ColorFilter | null = d.getColorFilter();","ArkTS","entry\src\main\ets\pages\Index.ets:294","getColorFilter(): ColorFilter@entry\src\main\ets\pages\Index.ets:294","","6.0.0(20)","getColorFilter(): ColorFilter"
"getColorFilter(): ColorFilter","API跨平台权限变更","harmonyos_api_changes/HarmonyOS_6.0.0(20)_Beta3.json","getColorFilter","","let cf: ColorFilter | null = d.getColorFilter();","ArkTS","entry\src\main\ets\pages\Index.ets:95","getColorFilter(): ColorFilter@entry\src\main\ets\pages\Index.ets:95","","6.0.0(20)","getColorFilter(): ColorFilter"
"getOpacity(): number | Record<number, number>","新增API","harmonyos_api_changes/HarmonyOS_6.0.0(20)_Beta3.json","getOpacity","","+ ', colorEven=' + d.getColorEven() + ', getOpacity()=' + d.getOpacity());","ArkTS","entry\src\main\ets\pages\Index.ets:129","getOpacity(): number | Record<number, number>@entry\src\main\ets\pages\Index.ets:129","","6.0.0(20)","getOpacity(): number | Record<number, number>"
"getSize(): number","API跨平台权限变更","harmonyos_api_changes/HarmonyOS_6.0.0(20)_Beta3.json","getSize","","this.cellSize = d.getSize();","ArkTS","entry\src\main\ets\pages\Index.ets:123","getSize(): number@entry\src\main\ets\pages\Index.ets:123","this","6.0.0(20)","getSize(): number"
"getSize(): number","API跨平台权限变更","harmonyos_api_changes/HarmonyOS_6.0.0(20)_Beta3.json","getSize","","this.appendLog('create() → size=' + d.getSize() + ', colorOdd=' + d.getColorOdd()","ArkTS","entry\src\main\ets\pages\Index.ets:128","getSize(): number@entry\src\main\ets\pages\Index.ets:128","this","6.0.0(20)","getSize(): number"
"getSize(): number","API跨平台权限变更","harmonyos_api_changes/HarmonyOS_6.0.0(20)_Beta3.json","getSize","","this.appendLog('draw() → size=' + d.getSize() + 'vp, colorOdd=' + d.getColorOdd()","ArkTS","entry\src\main\ets\pages\Index.ets:99","getSize(): number@entry\src\main\ets\pages\Index.ets:99","this","6.0.0(20)","getSize(): number"
"getSize(): number","API跨平台权限变更","harmonyos_api_changes/HarmonyOS_6.0.0(20)_Beta3.json","getSize","","this.sizeVal = builder.getSize();","ArkTS","ohos_library\src\main\ets\CheckerboardDrawable.ets:165","getSize(): number@ohos_library\src\main\ets\CheckerboardDrawable.ets:165","this","6.0.0(20)","getSize(): number"
"globalAlpha: number","接口行为变更","harmonyos_behavior_changes/HarmonyOS_5.1.0(18)_Release.json","globalAlpha","","context.globalAlpha = alphaNormalized;","ArkTS","ohos_library\src\main\ets\CheckerboardDrawable.ets:278","globalAlpha: number@ohos_library\src\main\ets\CheckerboardDrawable.ets:278","context","5.1.0(18)","globalAlpha: number"
"globalAlpha: number","接口行为变更","harmonyos_behavior_changes/HarmonyOS_5.1.0(18)_Release.json","globalAlpha","","context.globalAlpha = 1.0;","ArkTS","ohos_library\src\main\ets\CheckerboardDrawable.ets:297","globalAlpha: number@ohos_library\src\main\ets\CheckerboardDrawable.ets:297","context","5.1.0(18)","globalAlpha: number"
"loadContent(path: string, callback: AsyncCallback<void>): void","删除错误码","harmonyos_api_changes/HarmonyOS_5.1.1(19)_Release.json","loadContent","","windowStage.loadContent('pages/Index', (err) => {","ArkTS","entry\src\main\ets\entryability\EntryAbility.ets:25","loadContent(path: string, callback: AsyncCallback<void>): void@entry\src\main\ets\entryability\EntryAbility.ets:25","windowStage","5.1.1(19)","loadContent(path: string, callback: AsyncCallback<void>): void"
"loadContent(path: string, storage: LocalStorage): Promise<void>","删除错误码","harmonyos_api_changes/HarmonyOS_5.1.1(19)_Release.json","loadContent","","windowStage.loadContent('pages/Index', (err) => {","ArkTS","entry\src\main\ets\entryability\EntryAbility.ets:25","loadContent(path: string, storage: LocalStorage): Promise<void>@entry\src\main\ets\entryability\EntryAbility.ets:25","windowStage","5.1.1(19)","loadContent(path: string, storage: LocalStorage): Promise<void>"
"loadContent(path: string, storage: LocalStorage, callback: AsyncCallback<void>): void","删除错误码","harmonyos_api_changes/HarmonyOS_5.1.1(19)_Release.json","loadContent","","windowStage.loadContent('pages/Index', (err) => {","ArkTS","entry\src\main\ets\entryability\EntryAbility.ets:25","loadContent(path: string, storage: LocalStorage, callback: AsyncCallback<void>): void@entry\src\main\ets\entryability\EntryAbility.ets:25","windowStage","5.1.1(19)","loadContent(path: string, storage: LocalStorage, callback: AsyncCallback<void>): void"
"loadContent(path: string, storage?: LocalStorage): Promise<void>","删除错误码","harmonyos_api_changes/HarmonyOS_5.1.1(19)_Release.json","loadContent","","windowStage.loadContent('pages/Index', (err) => {","ArkTS","entry\src\main\ets\entryability\EntryAbility.ets:25","loadContent(path: string, storage?: LocalStorage): Promise<void>@entry\src\main\ets\entryability\EntryAbility.ets:25","windowStage","5.1.1(19)","loadContent(path: string, storage?: LocalStorage): Promise<void>"
"maxLines(line: number): T","类新增必选属性或非同名方法","harmonyos_api_changes/HarmonyOS_5.1.0(18).json","maxLines","",".maxLines(12)","ArkTS","entry\src\main\ets\pages\Index.ets:366","maxLines(line: number): T@entry\src\main\ets\pages\Index.ets:366","","5.1.0(18)","maxLines(line: number): T"
"onAreaChange(event: (oldValue: Area, newValue: Area) => void): T","类新增同名方法且参数类型与已有的参数类型范围是包含关系","harmonyos_api_changes/HarmonyOS_26.0.0_Beta1.json","onAreaChange","",".onAreaChange(() => {","ArkTS","ohos_library\src\main\ets\components\CheckerboardBackground.ets:49","onAreaChange(event: (oldValue: Area, newValue: Area) => void): T@ohos_library\src\main\ets\components\CheckerboardBackground.ets:49","","26.0.0 Beta2","onAreaChange(event: (oldValue: Area, newValue: Area) => void): T"
"onChange?: (value: Date) => void","函数变更","harmonyos_api_changes/HarmonyOS_5.1.0(18).json","onChange","",".onChange((value: number, mode: SliderChangeMode) => {","ArkTS","entry\src\main\ets\pages\Index.ets:199","onChange?: (value: Date) => void@entry\src\main\ets\pages\Index.ets:199","","5.1.0(18)","onChange?: (value: Date) => void"
"onChange?: (value: Date) => void","函数变更","harmonyos_api_changes/HarmonyOS_5.1.0(18).json","onChange","",".onChange((value: number, mode: SliderChangeMode) => {","ArkTS","entry\src\main\ets\pages\Index.ets:218","onChange?: (value: Date) => void@entry\src\main\ets\pages\Index.ets:218","","5.1.0(18)","onChange?: (value: Date) => void"
"setAlpha(alpha: number): void","API跨平台权限变更","harmonyos_api_changes/HarmonyOS_6.0.0(20)_Beta3.json","setAlpha","","d.setAlpha(this.alphaVal);","ArkTS","entry\src\main\ets\pages\Index.ets:80","setAlpha(alpha: number): void@entry\src\main\ets\pages\Index.ets:80","d","6.0.0(20)","setAlpha(alpha: number): void"
"setAlpha(alpha: number): void","API跨平台权限变更","harmonyos_api_changes/HarmonyOS_6.0.0(20)_Beta3.json","setAlpha","","drawable.setAlpha(this.alpha);","ArkTS","ohos_library\src\main\ets\components\CheckerboardBackground.ets:68","setAlpha(alpha: number): void@ohos_library\src\main\ets\components\CheckerboardBackground.ets:68","drawable","6.0.0(20)","setAlpha(alpha: number): void"
"setColorFilter(filter: ColorFilter): void","API跨平台权限变更","harmonyos_api_changes/HarmonyOS_6.0.0(20)_Beta3.json","setColorFilter","","d.setColorFilter(new SimpleColorFilter(this.filterStr));","ArkTS","entry\src\main\ets\pages\Index.ets:82","setColorFilter(filter: ColorFilter): void@entry\src\main\ets\pages\Index.ets:82","d","6.0.0(20)","setColorFilter(filter: ColorFilter): void"
"setColorFilter(filter: ColorFilter): void","API跨平台权限变更","harmonyos_api_changes/HarmonyOS_6.0.0(20)_Beta3.json","setColorFilter","","drawable.setColorFilter(new SimpleColorFilter(this.filterString));","ArkTS","ohos_library\src\main\ets\components\CheckerboardBackground.ets:70","setColorFilter(filter: ColorFilter): void@ohos_library\src\main\ets\components\CheckerboardBackground.ets:70","drawable","6.0.0(20)","setColorFilter(filter: ColorFilter): void"
"setColorMode(colorMode: ConfigurationConstant.ColorMode): void","类新增必选属性或非同名方法","harmonyos_api_changes/HarmonyOS_5.1.0(18).json","setColorMode","","this.context.getApplicationContext().setColorMode(ConfigurationConstant.ColorMode.COLOR_MODE_NOT_SET);","ArkTS","entry\src\main\ets\entryability\EntryAbility.ets:10","setColorMode(colorMode: ConfigurationConstant.ColorMode): void@entry\src\main\ets\entryability\EntryAbility.ets:10","this","5.1.0(18)","setColorMode(colorMode: ConfigurationConstant.ColorMode): void"
"static create(blurRadius: number, x: number, y: number, color: common2D.Color | number): ShadowLayer","API跨平台权限变更","harmonyos_api_changes/HarmonyOS_6.0.0(20)_Beta3.json","static","","let d: CheckerboardDrawable = CheckerboardDrawable.create();","ArkTS","entry\src\main\ets\pages\Index.ets:122","static create(blurRadius: number, x: number, y: number, color: common2D.Color | number): ShadowLayer@entry\src\main\ets\pages\Index.ets:122","","6.0.0(20)","static create(blurRadius: number, x: number, y: number, color: common2D.Color | number): ShadowLayer"
"static create(blurRadius: number, x: number, y: number, color: common2D.Color): ShadowLayer","类新增同名方法且参数类型与已有的参数类型范围是包含关系","harmonyos_api_changes/HarmonyOS_5.1.0(18).json","static","","let d: CheckerboardDrawable = CheckerboardDrawable.create();","ArkTS","entry\src\main\ets\pages\Index.ets:122","static create(blurRadius: number, x: number, y: number, color: common2D.Color): ShadowLayer@entry\src\main\ets\pages\Index.ets:122","","5.1.0(18)","static create(blurRadius: number, x: number, y: number, color: common2D.Color): ShadowLayer"
"static create(encoding?: string): TextEncoder","删除错误码","harmonyos_api_changes/HarmonyOS_26.0.0_Beta1.json","static","","let d: CheckerboardDrawable = CheckerboardDrawable.create();","ArkTS","entry\src\main\ets\pages\Index.ets:122","static create(encoding?: string): TextEncoder@entry\src\main\ets\pages\Index.ets:122","","26.0.0 Beta2","static create(encoding?: string): TextEncoder"
"static create(encoding?: string, options?: TextDecoderOptions): TextDecoder","删除错误码","harmonyos_api_changes/HarmonyOS_26.0.0_Beta1.json","static","","let d: CheckerboardDrawable = CheckerboardDrawable.create();","ArkTS","entry\src\main\ets\pages\Index.ets:122","static create(encoding?: string, options?: TextDecoderOptions): TextDecoder@entry\src\main\ets\pages\Index.ets:122","","26.0.0 Beta2","static create(encoding?: string, options?: TextDecoderOptions): TextDecoder"
"static create(options: AnimatorOptions): AnimatorResult","API废弃版本变更","harmonyos_api_changes/HarmonyOS_5.1.0(18).json","static","","let d: CheckerboardDrawable = CheckerboardDrawable.create();","ArkTS","entry\src\main\ets\pages\Index.ets:122","static create(options: AnimatorOptions): AnimatorResult@entry\src\main\ets\pages\Index.ets:122","","5.1.0(18)","static create(options: AnimatorOptions): AnimatorResult"
"static create(strategy: PerfTestStrategy): PerfTest","新增API","harmonyos_api_changes/HarmonyOS_6.0.0(20)_Beta1.json","static","","let d: CheckerboardDrawable = CheckerboardDrawable.create();","ArkTS","entry\src\main\ets\pages\Index.ets:122","static create(strategy: PerfTestStrategy): PerfTest@entry\src\main\ets\pages\Index.ets:122","","6.0.0(20)","static create(strategy: PerfTestStrategy): PerfTest"
"static create<T>(): CustomEnvKey<T>","新增API","harmonyos_api_changes/HarmonyOS_26.0.0_Beta2.json","static","","let d: CheckerboardDrawable = CheckerboardDrawable.create();","ArkTS","entry\src\main\ets\pages\Index.ets:122","static create<T>(): CustomEnvKey<T>@entry\src\main\ets\pages\Index.ets:122","","26.0.0 Beta2","static create<T>(): CustomEnvKey<T>"
"static create<T>(arrayLength: number, initialValue: T): Array<T>","删除错误码","harmonyos_api_changes/HarmonyOS_6.0.0(20)_Beta3.json","static","","let d: CheckerboardDrawable = CheckerboardDrawable.create();","ArkTS","entry\src\main\ets\pages\Index.ets:122","static create<T>(arrayLength: number, initialValue: T): Array<T>@entry\src\main\ets\pages\Index.ets:122","","6.0.0(20)","static create<T>(arrayLength: number, initialValue: T): Array<T>"
"value: string","接口定义变更","harmonyos_behavior_changes/HarmonyOS_6.0.0(20)_Beta1.json","value","",".backgroundColor(item.value)","ArkTS","entry\src\main\ets\pages\Index.ets:234","value: string@entry\src\main\ets\pages\Index.ets:234","","6.0.0(20)","value: string"
"value: string","接口定义变更","harmonyos_behavior_changes/HarmonyOS_6.0.0(20)_Beta1.json","value","","width: this.colorOddStr === item.value ? 3 : 1,","ArkTS","entry\src\main\ets\pages\Index.ets:237","value: string@entry\src\main\ets\pages\Index.ets:237","","6.0.0(20)","value: string"
"value: string","接口定义变更","harmonyos_behavior_changes/HarmonyOS_6.0.0(20)_Beta1.json","value","","color: this.colorOddStr === item.value ? '#3F51B5' : '#BBBBBB'","ArkTS","entry\src\main\ets\pages\Index.ets:238","value: string@entry\src\main\ets\pages\Index.ets:238","","6.0.0(20)","value: string"
"value: string","接口定义变更","harmonyos_behavior_changes/HarmonyOS_6.0.0(20)_Beta1.json","value","","this.colorOddStr = item.value;","ArkTS","entry\src\main\ets\pages\Index.ets:243","value: string@entry\src\main\ets\pages\Index.ets:243","this","6.0.0(20)","value: string"
"value: string","接口定义变更","harmonyos_behavior_changes/HarmonyOS_6.0.0(20)_Beta1.json","value","","}, (item: ColorPreset) => item.value)","ArkTS","entry\src\main\ets\pages\Index.ets:245","value: string@entry\src\main\ets\pages\Index.ets:245","","6.0.0(20)","value: string"
"value: string","接口定义变更","harmonyos_behavior_changes/HarmonyOS_6.0.0(20)_Beta1.json","value","",".backgroundColor(item.value)","ArkTS","entry\src\main\ets\pages\Index.ets:261","value: string@entry\src\main\ets\pages\Index.ets:261","","6.0.0(20)","value: string"
"value: string","接口定义变更","harmonyos_behavior_changes/HarmonyOS_6.0.0(20)_Beta1.json","value","","width: this.colorEvenStr === item.value ? 3 : 1,","ArkTS","entry\src\main\ets\pages\Index.ets:264","value: string@entry\src\main\ets\pages\Index.ets:264","","6.0.0(20)","value: string"
"value: string","接口定义变更","harmonyos_behavior_changes/HarmonyOS_6.0.0(20)_Beta1.json","value","","color: this.colorEvenStr === item.value ? '#3F51B5' : '#BBBBBB'","ArkTS","entry\src\main\ets\pages\Index.ets:265","value: string@entry\src\main\ets\pages\Index.ets:265","","6.0.0(20)","value: string"
"value: string","接口定义变更","harmonyos_behavior_changes/HarmonyOS_6.0.0(20)_Beta1.json","value","","this.colorEvenStr = item.value;","ArkTS","entry\src\main\ets\pages\Index.ets:270","value: string@entry\src\main\ets\pages\Index.ets:270","this","6.0.0(20)","value: string"
"value: string","接口定义变更","harmonyos_behavior_changes/HarmonyOS_6.0.0(20)_Beta1.json","value","","}, (item: ColorPreset) => item.value + '_even')","ArkTS","entry\src\main\ets\pages\Index.ets:272","value: string@entry\src\main\ets\pages\Index.ets:272","","6.0.0(20)","value: string"
"value: string","接口定义变更","harmonyos_behavior_changes/HarmonyOS_6.0.0(20)_Beta1.json","value","",".fontColor(this.filterStr === item.value ? '#FFFFFF' : '#333333')","ArkTS","entry\src\main\ets\pages\Index.ets:286","value: string@entry\src\main\ets\pages\Index.ets:286","","6.0.0(20)","value: string"
"value: string","接口定义变更","harmonyos_behavior_changes/HarmonyOS_6.0.0(20)_Beta1.json","value","",".backgroundColor(this.filterStr === item.value ? '#3F51B5' : '#EEEEEE')","ArkTS","entry\src\main\ets\pages\Index.ets:287","value: string@entry\src\main\ets\pages\Index.ets:287","","6.0.0(20)","value: string"
"value: string","接口定义变更","harmonyos_behavior_changes/HarmonyOS_6.0.0(20)_Beta1.json","value","","this.filterStr = item.value;","ArkTS","entry\src\main\ets\pages\Index.ets:292","value: string@entry\src\main\ets\pages\Index.ets:292","this","6.0.0(20)","value: string"
"value: string","接口定义变更","harmonyos_behavior_changes/HarmonyOS_6.0.0(20)_Beta1.json","value","","}, (item: FilterPreset) => item.value)","ArkTS","entry\src\main\ets\pages\Index.ets:301","value: string@entry\src\main\ets\pages\Index.ets:301","","6.0.0(20)","value: string"
"value: string | Resource","接口定义变更","harmonyos_behavior_changes/HarmonyOS_5.0.2(14)_Beta1.json","value","",".backgroundColor(item.value)","ArkTS","entry\src\main\ets\pages\Index.ets:234","value: string | Resource@entry\src\main\ets\pages\Index.ets:234","","5.0.2(14)","value: string | Resource"
"value: string | Resource","接口定义变更","harmonyos_behavior_changes/HarmonyOS_5.0.2(14)_Beta1.json","value","","width: this.colorOddStr === item.value ? 3 : 1,","ArkTS","entry\src\main\ets\pages\Index.ets:237","value: string | Resource@entry\src\main\ets\pages\Index.ets:237","","5.0.2(14)","value: string | Resource"
"value: string | Resource","接口定义变更","harmonyos_behavior_changes/HarmonyOS_5.0.2(14)_Beta1.json","value","","color: this.colorOddStr === item.value ? '#3F51B5' : '#BBBBBB'","ArkTS","entry\src\main\ets\pages\Index.ets:238","value: string | Resource@entry\src\main\ets\pages\Index.ets:238","","5.0.2(14)","value: string | Resource"
"value: string | Resource","接口定义变更","harmonyos_behavior_changes/HarmonyOS_5.0.2(14)_Beta1.json","value","","this.colorOddStr = item.value;","ArkTS","entry\src\main\ets\pages\Index.ets:243","value: string | Resource@entry\src\main\ets\pages\Index.ets:243","this","5.0.2(14)","value: string | Resource"
"value: string | Resource","接口定义变更","harmonyos_behavior_changes/HarmonyOS_5.0.2(14)_Beta1.json","value","","}, (item: ColorPreset) => item.value)","ArkTS","entry\src\main\ets\pages\Index.ets:245","value: string | Resource@entry\src\main\ets\pages\Index.ets:245","","5.0.2(14)","value: string | Resource"
"value: string | Resource","接口定义变更","harmonyos_behavior_changes/HarmonyOS_5.0.2(14)_Beta1.json","value","",".backgroundColor(item.value)","ArkTS","entry\src\main\ets\pages\Index.ets:261","value: string | Resource@entry\src\main\ets\pages\Index.ets:261","","5.0.2(14)","value: string | Resource"
"value: string | Resource","接口定义变更","harmonyos_behavior_changes/HarmonyOS_5.0.2(14)_Beta1.json","value","","width: this.colorEvenStr === item.value ? 3 : 1,","ArkTS","entry\src\main\ets\pages\Index.ets:264","value: string | Resource@entry\src\main\ets\pages\Index.ets:264","","5.0.2(14)","value: string | Resource"
"value: string | Resource","接口定义变更","harmonyos_behavior_changes/HarmonyOS_5.0.2(14)_Beta1.json","value","","color: this.colorEvenStr === item.value ? '#3F51B5' : '#BBBBBB'","ArkTS","entry\src\main\ets\pages\Index.ets:265","value: string | Resource@entry\src\main\ets\pages\Index.ets:265","","5.0.2(14)","value: string | Resource"
"value: string | Resource","接口定义变更","harmonyos_behavior_changes/HarmonyOS_5.0.2(14)_Beta1.json","value","","this.colorEvenStr = item.value;","ArkTS","entry\src\main\ets\pages\Index.ets:270","value: string | Resource@entry\src\main\ets\pages\Index.ets:270","this","5.0.2(14)","value: string | Resource"
"value: string | Resource","接口定义变更","harmonyos_behavior_changes/HarmonyOS_5.0.2(14)_Beta1.json","value","","}, (item: ColorPreset) => item.value + '_even')","ArkTS","entry\src\main\ets\pages\Index.ets:272","value: string | Resource@entry\src\main\ets\pages\Index.ets:272","","5.0.2(14)","value: string | Resource"
"value: string | Resource","接口定义变更","harmonyos_behavior_changes/HarmonyOS_5.0.2(14)_Beta1.json","value","",".fontColor(this.filterStr === item.value ? '#FFFFFF' : '#333333')","ArkTS","entry\src\main\ets\pages\Index.ets:286","value: string | Resource@entry\src\main\ets\pages\Index.ets:286","","5.0.2(14)","value: string | Resource"
"value: string | Resource","接口定义变更","harmonyos_behavior_changes/HarmonyOS_5.0.2(14)_Beta1.json","value","",".backgroundColor(this.filterStr === item.value ? '#3F51B5' : '#EEEEEE')","ArkTS","entry\src\main\ets\pages\Index.ets:287","value: string | Resource@entry\src\main\ets\pages\Index.ets:287","","5.0.2(14)","value: string | Resource"
"value: string | Resource","接口定义变更","harmonyos_behavior_changes/HarmonyOS_5.0.2(14)_Beta1.json","value","","this.filterStr = item.value;","ArkTS","entry\src\main\ets\pages\Index.ets:292","value: string | Resource@entry\src\main\ets\pages\Index.ets:292","this","5.0.2(14)","value: string | Resource"
"value: string | Resource","接口定义变更","harmonyos_behavior_changes/HarmonyOS_5.0.2(14)_Beta1.json","value","","}, (item: FilterPreset) => item.value)","ArkTS","entry\src\main\ets\pages\Index.ets:301","value: string | Resource@entry\src\main\ets\pages\Index.ets:301","","5.0.2(14)","value: string | Resource"
"value?: string","接口定义变更","harmonyos_behavior_changes/HarmonyOS_6.0.0(20)_Beta1.json","value","",".backgroundColor(item.value)","ArkTS","entry\src\main\ets\pages\Index.ets:234","value?: string@entry\src\main\ets\pages\Index.ets:234","","6.0.0(20)","value?: string"
"value?: string","接口定义变更","harmonyos_behavior_changes/HarmonyOS_6.0.0(20)_Beta1.json","value","","width: this.colorOddStr === item.value ? 3 : 1,","ArkTS","entry\src\main\ets\pages\Index.ets:237","value?: string@entry\src\main\ets\pages\Index.ets:237","","6.0.0(20)","value?: string"
"value?: string","接口定义变更","harmonyos_behavior_changes/HarmonyOS_6.0.0(20)_Beta1.json","value","","color: this.colorOddStr === item.value ? '#3F51B5' : '#BBBBBB'","ArkTS","entry\src\main\ets\pages\Index.ets:238","value?: string@entry\src\main\ets\pages\Index.ets:238","","6.0.0(20)","value?: string"
"value?: string","接口定义变更","harmonyos_behavior_changes/HarmonyOS_6.0.0(20)_Beta1.json","value","","this.colorOddStr = item.value;","ArkTS","entry\src\main\ets\pages\Index.ets:243","value?: string@entry\src\main\ets\pages\Index.ets:243","this","6.0.0(20)","value?: string"
"value?: string","接口定义变更","harmonyos_behavior_changes/HarmonyOS_6.0.0(20)_Beta1.json","value","","}, (item: ColorPreset) => item.value)","ArkTS","entry\src\main\ets\pages\Index.ets:245","value?: string@entry\src\main\ets\pages\Index.ets:245","","6.0.0(20)","value?: string"
"value?: string","接口定义变更","harmonyos_behavior_changes/HarmonyOS_6.0.0(20)_Beta1.json","value","",".backgroundColor(item.value)","ArkTS","entry\src\main\ets\pages\Index.ets:261","value?: string@entry\src\main\ets\pages\Index.ets:261","","6.0.0(20)","value?: string"
"value?: string","接口定义变更","harmonyos_behavior_changes/HarmonyOS_6.0.0(20)_Beta1.json","value","","width: this.colorEvenStr === item.value ? 3 : 1,","ArkTS","entry\src\main\ets\pages\Index.ets:264","value?: string@entry\src\main\ets\pages\Index.ets:264","","6.0.0(20)","value?: string"
"value?: string","接口定义变更","harmonyos_behavior_changes/HarmonyOS_6.0.0(20)_Beta1.json","value","","color: this.colorEvenStr === item.value ? '#3F51B5' : '#BBBBBB'","ArkTS","entry\src\main\ets\pages\Index.ets:265","value?: string@entry\src\main\ets\pages\Index.ets:265","","6.0.0(20)","value?: string"
"value?: string","接口定义变更","harmonyos_behavior_changes/HarmonyOS_6.0.0(20)_Beta1.json","value","","this.colorEvenStr = item.value;","ArkTS","entry\src\main\ets\pages\Index.ets:270","value?: string@entry\src\main\ets\pages\Index.ets:270","this","6.0.0(20)","value?: string"
"value?: string","接口定义变更","harmonyos_behavior_changes/HarmonyOS_6.0.0(20)_Beta1.json","value","","}, (item: ColorPreset) => item.value + '_even')","ArkTS","entry\src\main\ets\pages\Index.ets:272","value?: string@entry\src\main\ets\pages\Index.ets:272","","6.0.0(20)","value?: string"
"value?: string","接口定义变更","harmonyos_behavior_changes/HarmonyOS_6.0.0(20)_Beta1.json","value","",".fontColor(this.filterStr === item.value ? '#FFFFFF' : '#333333')","ArkTS","entry\src\main\ets\pages\Index.ets:286","value?: string@entry\src\main\ets\pages\Index.ets:286","","6.0.0(20)","value?: string"
"value?: string","接口定义变更","harmonyos_behavior_changes/HarmonyOS_6.0.0(20)_Beta1.json","value","",".backgroundColor(this.filterStr === item.value ? '#3F51B5' : '#EEEEEE')","ArkTS","entry\src\main\ets\pages\Index.ets:287","value?: string@entry\src\main\ets\pages\Index.ets:287","","6.0.0(20)","value?: string"
"value?: string","接口定义变更","harmonyos_behavior_changes/HarmonyOS_6.0.0(20)_Beta1.json","value","","this.filterStr = item.value;","ArkTS","entry\src\main\ets\pages\Index.ets:292","value?: string@entry\src\main\ets\pages\Index.ets:292","this","6.0.0(20)","value?: string"
"value?: string","接口定义变更","harmonyos_behavior_changes/HarmonyOS_6.0.0(20)_Beta1.json","value","","}, (item: FilterPreset) => item.value)","ArkTS","entry\src\main\ets\pages\Index.ets:301","value?: string@entry\src\main\ets\pages\Index.ets:301","","6.0.0(20)","value?: string"
"value?: string | string[]","接口定义变更","harmonyos_behavior_changes/HarmonyOS_6.0.0(20)_Beta1.json","value","",".backgroundColor(item.value)","ArkTS","entry\src\main\ets\pages\Index.ets:234","value?: string | string[]@entry\src\main\ets\pages\Index.ets:234","","6.0.0(20)","value?: string | string[]"
"value?: string | string[]","接口定义变更","harmonyos_behavior_changes/HarmonyOS_6.0.0(20)_Beta1.json","value","","width: this.colorOddStr === item.value ? 3 : 1,","ArkTS","entry\src\main\ets\pages\Index.ets:237","value?: string | string[]@entry\src\main\ets\pages\Index.ets:237","","6.0.0(20)","value?: string | string[]"
"value?: string | string[]","接口定义变更","harmonyos_behavior_changes/HarmonyOS_6.0.0(20)_Beta1.json","value","","color: this.colorOddStr === item.value ? '#3F51B5' : '#BBBBBB'","ArkTS","entry\src\main\ets\pages\Index.ets:238","value?: string | string[]@entry\src\main\ets\pages\Index.ets:238","","6.0.0(20)","value?: string | string[]"
"value?: string | string[]","接口定义变更","harmonyos_behavior_changes/HarmonyOS_6.0.0(20)_Beta1.json","value","","this.colorOddStr = item.value;","ArkTS","entry\src\main\ets\pages\Index.ets:243","value?: string | string[]@entry\src\main\ets\pages\Index.ets:243","this","6.0.0(20)","value?: string | string[]"
"value?: string | string[]","接口定义变更","harmonyos_behavior_changes/HarmonyOS_6.0.0(20)_Beta1.json","value","","}, (item: ColorPreset) => item.value)","ArkTS","entry\src\main\ets\pages\Index.ets:245","value?: string | string[]@entry\src\main\ets\pages\Index.ets:245","","6.0.0(20)","value?: string | string[]"
"value?: string | string[]","接口定义变更","harmonyos_behavior_changes/HarmonyOS_6.0.0(20)_Beta1.json","value","",".backgroundColor(item.value)","ArkTS","entry\src\main\ets\pages\Index.ets:261","value?: string | string[]@entry\src\main\ets\pages\Index.ets:261","","6.0.0(20)","value?: string | string[]"
"value?: string | string[]","接口定义变更","harmonyos_behavior_changes/HarmonyOS_6.0.0(20)_Beta1.json","value","","width: this.colorEvenStr === item.value ? 3 : 1,","ArkTS","entry\src\main\ets\pages\Index.ets:264","value?: string | string[]@entry\src\main\ets\pages\Index.ets:264","","6.0.0(20)","value?: string | string[]"
"value?: string | string[]","接口定义变更","harmonyos_behavior_changes/HarmonyOS_6.0.0(20)_Beta1.json","value","","color: this.colorEvenStr === item.value ? '#3F51B5' : '#BBBBBB'","ArkTS","entry\src\main\ets\pages\Index.ets:265","value?: string | string[]@entry\src\main\ets\pages\Index.ets:265","","6.0.0(20)","value?: string | string[]"
"value?: string | string[]","接口定义变更","harmonyos_behavior_changes/HarmonyOS_6.0.0(20)_Beta1.json","value","","this.colorEvenStr = item.value;","ArkTS","entry\src\main\ets\pages\Index.ets:270","value?: string | string[]@entry\src\main\ets\pages\Index.ets:270","this","6.0.0(20)","value?: string | string[]"
"value?: string | string[]","接口定义变更","harmonyos_behavior_changes/HarmonyOS_6.0.0(20)_Beta1.json","value","","}, (item: ColorPreset) => item.value + '_even')","ArkTS","entry\src\main\ets\pages\Index.ets:272","value?: string | string[]@entry\src\main\ets\pages\Index.ets:272","","6.0.0(20)","value?: string | string[]"
"value?: string | string[]","接口定义变更","harmonyos_behavior_changes/HarmonyOS_6.0.0(20)_Beta1.json","value","",".fontColor(this.filterStr === item.value ? '#FFFFFF' : '#333333')","ArkTS","entry\src\main\ets\pages\Index.ets:286","value?: string | string[]@entry\src\main\ets\pages\Index.ets:286","","6.0.0(20)","value?: string | string[]"
"value?: string | string[]","接口定义变更","harmonyos_behavior_changes/HarmonyOS_6.0.0(20)_Beta1.json","value","",".backgroundColor(this.filterStr === item.value ? '#3F51B5' : '#EEEEEE')","ArkTS","entry\src\main\ets\pages\Index.ets:287","value?: string | string[]@entry\src\main\ets\pages\Index.ets:287","","6.0.0(20)","value?: string | string[]"
"value?: string | string[]","接口定义变更","harmonyos_behavior_changes/HarmonyOS_6.0.0(20)_Beta1.json","value","","this.filterStr = item.value;","ArkTS","entry\src\main\ets\pages\Index.ets:292","value?: string | string[]@entry\src\main\ets\pages\Index.ets:292","this","6.0.0(20)","value?: string | string[]"
"value?: string | string[]","接口定义变更","harmonyos_behavior_changes/HarmonyOS_6.0.0(20)_Beta1.json","value","","}, (item: FilterPreset) => item.value)","ArkTS","entry\src\main\ets\pages\Index.ets:301","value?: string | string[]@entry\src\main\ets\pages\Index.ets:301","","6.0.0(20)","value?: string | string[]"
"windowStage: window.WindowStage","API跨平台权限变更","harmonyos_api_changes/HarmonyOS_6.0.1(21)_Release.json","windowStage","","windowStage.loadContent('pages/Index', (err) => {","ArkTS","entry\src\main\ets\entryability\EntryAbility.ets:25","windowStage: window.WindowStage@entry\src\main\ets\entryability\EntryAbility.ets:25","windowStage","6.0.1(21)","windowStage: window.WindowStage"
"windowStage?: window.WindowStage","新增API","harmonyos_api_changes/HarmonyOS_6.0.0(20)_Beta1.json","windowStage","","windowStage.loadContent('pages/Index', (err) => {","ArkTS","entry\src\main\ets\entryability\EntryAbility.ets:25","windowStage?: window.WindowStage@entry\src\main\ets\entryability\EntryAbility.ets:25","windowStage","6.0.0(20)","windowStage?: window.WindowStage"
