Api Name,Api Type,Api File Path,Api Prefix,Api Params,API Args,Invoke Method,Invoke Location,Api Key,Invoke Instance,ChangeId,MethodDefinition
"Error","枚举赋值发生改变","harmonyos_api_changes/HarmonyOS_26.0.0_Beta2.json","Error","","throw new Error('Invalid Month: ' + month + '. Month must be 0-11.');","ArkTS","library\src\main\ets\utils\CalendarUtils.ets:50","Error@library\src\main\ets\utils\CalendarUtils.ets:50","","26.0.0 Beta2","Error"
"MODE_AUTO = -1","API废弃版本变更","harmonyos_api_changes/HarmonyOS_6.0.0(20)_Beta1.json","MODE_AUTO","","import { AbilityConstant, ConfigurationConstant, UIAbility, Want } from '@kit.AbilityKit';","ArkTS","entry\src\main\ets\entryability\EntryAbility.ets:1","MODE_AUTO = -1@entry\src\main\ets\entryability\EntryAbility.ets:1","","6.0.0(20)","MODE_AUTO = -1"
"MODE_AUTO = -1","API废弃版本变更","harmonyos_api_changes/HarmonyOS_6.0.0(20)_Beta1.json","MODE_AUTO","","this.context.getApplicationContext().setColorMode(ConfigurationConstant.ColorMode.COLOR_MODE_NOT_SET);","ArkTS","entry\src\main\ets\entryability\EntryAbility.ets:10","MODE_AUTO = -1@entry\src\main\ets\entryability\EntryAbility.ets:10","this","6.0.0(20)","MODE_AUTO = -1"
"MODE_DARK = 0","API废弃版本变更","harmonyos_api_changes/HarmonyOS_6.0.0(20)_Beta1.json","MODE_DARK","","import { AbilityConstant, ConfigurationConstant, UIAbility, Want } from '@kit.AbilityKit';","ArkTS","entry\src\main\ets\entryability\EntryAbility.ets:1","MODE_DARK = 0@entry\src\main\ets\entryability\EntryAbility.ets:1","","6.0.0(20)","MODE_DARK = 0"
"MODE_DARK = 0","API废弃版本变更","harmonyos_api_changes/HarmonyOS_6.0.0(20)_Beta1.json","MODE_DARK","","this.context.getApplicationContext().setColorMode(ConfigurationConstant.ColorMode.COLOR_MODE_NOT_SET);","ArkTS","entry\src\main\ets\entryability\EntryAbility.ets:10","MODE_DARK = 0@entry\src\main\ets\entryability\EntryAbility.ets:10","this","6.0.0(20)","MODE_DARK = 0"
"MODE_LIGHT = 1","API废弃版本变更","harmonyos_api_changes/HarmonyOS_6.0.0(20)_Beta1.json","MODE_LIGHT","","import { AbilityConstant, ConfigurationConstant, UIAbility, Want } from '@kit.AbilityKit';","ArkTS","entry\src\main\ets\entryability\EntryAbility.ets:1","MODE_LIGHT = 1@entry\src\main\ets\entryability\EntryAbility.ets:1","","6.0.0(20)","MODE_LIGHT = 1"
"MODE_LIGHT = 1","API废弃版本变更","harmonyos_api_changes/HarmonyOS_6.0.0(20)_Beta1.json","MODE_LIGHT","","this.context.getApplicationContext().setColorMode(ConfigurationConstant.ColorMode.COLOR_MODE_NOT_SET);","ArkTS","entry\src\main\ets\entryability\EntryAbility.ets:10","MODE_LIGHT = 1@entry\src\main\ets\entryability\EntryAbility.ets:10","this","6.0.0(20)","MODE_LIGHT = 1"
"arc(x: number, y: number, radius: number, startAngle: number, endAngle: number, counterclockwise?: boolean): void","接口行为变更","harmonyos_behavior_changes/HarmonyOS_5.1.0(18)_Release.json","arc","","ctx.arc(x, indicatorCenterY, radius, INIT_VALUE, FULL_CIRCLE_RADIANS * Math.PI);","ArkTS","library\src\main\ets\components\SimpleMonthView.ets:380","arc(x: number, y: number, radius: number, startAngle: number, endAngle: number, counterclockwise?: boolean): void@library\src\main\ets\components\SimpleMonthView.ets:380","ctx","5.1.0(18)","arc(x: number, y: number, radius: number, startAngle: number, endAngle: number, counterclockwise?: boolean): void"
"backgroundColor(color: Optional<ResourceColor>): ArcDotIndicator","新增API","harmonyos_api_changes/HarmonyOS_5.1.0(18).json","backgroundColor","",".backgroundColor(COLOR_BG_PAGE)","ArkTS","entry\src\main\ets\pages\Index.ets:248","backgroundColor(color: Optional<ResourceColor>): ArcDotIndicator@entry\src\main\ets\pages\Index.ets:248","","5.1.0(18)","backgroundColor(color: Optional<ResourceColor>): ArcDotIndicator"
"backgroundColor(color: Optional<ResourceColor>): ArcDotIndicator","新增API","harmonyos_api_changes/HarmonyOS_5.1.0(18).json","backgroundColor","",".backgroundColor(COLOR_BG_PAGE)","ArkTS","entry\src\main\ets\pages\Index.ets:252","backgroundColor(color: Optional<ResourceColor>): ArcDotIndicator@entry\src\main\ets\pages\Index.ets:252","","5.1.0(18)","backgroundColor(color: Optional<ResourceColor>): ArcDotIndicator"
"backgroundColor(color: Optional<ResourceColor>): ArcDotIndicator","新增API","harmonyos_api_changes/HarmonyOS_5.1.0(18).json","backgroundColor","",".backgroundColor(COLOR_BG_CARD)","ArkTS","entry\src\main\ets\pages\Index.ets:302","backgroundColor(color: Optional<ResourceColor>): ArcDotIndicator@entry\src\main\ets\pages\Index.ets:302","","5.1.0(18)","backgroundColor(color: Optional<ResourceColor>): ArcDotIndicator"
"backgroundColor(color: Optional<ResourceColor>): ArcDotIndicator","新增API","harmonyos_api_changes/HarmonyOS_5.1.0(18).json","backgroundColor","",".backgroundColor(COLOR_BG_CARD)","ArkTS","entry\src\main\ets\pages\Index.ets:307","backgroundColor(color: Optional<ResourceColor>): ArcDotIndicator@entry\src\main\ets\pages\Index.ets:307","","5.1.0(18)","backgroundColor(color: Optional<ResourceColor>): ArcDotIndicator"
"backgroundColor(color: Optional<ResourceColor>): ArcDotIndicator","新增API","harmonyos_api_changes/HarmonyOS_5.1.0(18).json","backgroundColor","",".backgroundColor(COLOR_BG_CARD)","ArkTS","entry\src\main\ets\pages\Index.ets:330","backgroundColor(color: Optional<ResourceColor>): ArcDotIndicator@entry\src\main\ets\pages\Index.ets:330","","5.1.0(18)","backgroundColor(color: Optional<ResourceColor>): ArcDotIndicator"
"backgroundColor(color: Optional<ResourceColor>): ArcDotIndicator","新增API","harmonyos_api_changes/HarmonyOS_5.1.0(18).json","backgroundColor","",".backgroundColor(COLOR_BG_CARD)","ArkTS","entry\src\main\ets\pages\Index.ets:482","backgroundColor(color: Optional<ResourceColor>): ArcDotIndicator@entry\src\main\ets\pages\Index.ets:482","","5.1.0(18)","backgroundColor(color: Optional<ResourceColor>): ArcDotIndicator"
"backgroundColor(color: Optional<ResourceColor>): ArcDotIndicator","新增API","harmonyos_api_changes/HarmonyOS_5.1.0(18).json","backgroundColor","",".backgroundColor(color)","ArkTS","entry\src\main\ets\pages\Index.ets:495","backgroundColor(color: Optional<ResourceColor>): ArcDotIndicator@entry\src\main\ets\pages\Index.ets:495","","5.1.0(18)","backgroundColor(color: Optional<ResourceColor>): ArcDotIndicator"
"backgroundColor(color: Optional<ResourceColor>): ArcDotIndicator","新增API","harmonyos_api_changes/HarmonyOS_5.1.0(18).json","backgroundColor","",".backgroundColor(COLOR_BG_CARD)","ArkTS","entry\src\main\ets\pages\Index.ets:582","backgroundColor(color: Optional<ResourceColor>): ArcDotIndicator@entry\src\main\ets\pages\Index.ets:582","","5.1.0(18)","backgroundColor(color: Optional<ResourceColor>): ArcDotIndicator"
"backgroundColor(color: Optional<ResourceColor>): T","类新增同名方法且参数类型与已有的参数类型范围是包含关系","harmonyos_api_changes/HarmonyOS_6.0.0(20)_Beta2.json","backgroundColor","",".backgroundColor(COLOR_BG_PAGE)","ArkTS","entry\src\main\ets\pages\Index.ets:248","backgroundColor(color: Optional<ResourceColor>): T@entry\src\main\ets\pages\Index.ets:248","","6.0.0(20)","backgroundColor(color: Optional<ResourceColor>): T"
"backgroundColor(color: Optional<ResourceColor>): T","类新增同名方法且参数类型与已有的参数类型范围是包含关系","harmonyos_api_changes/HarmonyOS_6.0.0(20)_Beta2.json","backgroundColor","",".backgroundColor(COLOR_BG_PAGE)","ArkTS","entry\src\main\ets\pages\Index.ets:252","backgroundColor(color: Optional<ResourceColor>): T@entry\src\main\ets\pages\Index.ets:252","","6.0.0(20)","backgroundColor(color: Optional<ResourceColor>): T"
"backgroundColor(color: Optional<ResourceColor>): T","类新增同名方法且参数类型与已有的参数类型范围是包含关系","harmonyos_api_changes/HarmonyOS_6.0.0(20)_Beta2.json","backgroundColor","",".backgroundColor(COLOR_BG_CARD)","ArkTS","entry\src\main\ets\pages\Index.ets:302","backgroundColor(color: Optional<ResourceColor>): T@entry\src\main\ets\pages\Index.ets:302","","6.0.0(20)","backgroundColor(color: Optional<ResourceColor>): T"
"backgroundColor(color: Optional<ResourceColor>): T","类新增同名方法且参数类型与已有的参数类型范围是包含关系","harmonyos_api_changes/HarmonyOS_6.0.0(20)_Beta2.json","backgroundColor","",".backgroundColor(COLOR_BG_CARD)","ArkTS","entry\src\main\ets\pages\Index.ets:307","backgroundColor(color: Optional<ResourceColor>): T@entry\src\main\ets\pages\Index.ets:307","","6.0.0(20)","backgroundColor(color: Optional<ResourceColor>): T"
"backgroundColor(color: Optional<ResourceColor>): T","类新增同名方法且参数类型与已有的参数类型范围是包含关系","harmonyos_api_changes/HarmonyOS_6.0.0(20)_Beta2.json","backgroundColor","",".backgroundColor(COLOR_BG_CARD)","ArkTS","entry\src\main\ets\pages\Index.ets:330","backgroundColor(color: Optional<ResourceColor>): T@entry\src\main\ets\pages\Index.ets:330","","6.0.0(20)","backgroundColor(color: Optional<ResourceColor>): T"
"backgroundColor(color: Optional<ResourceColor>): T","类新增同名方法且参数类型与已有的参数类型范围是包含关系","harmonyos_api_changes/HarmonyOS_6.0.0(20)_Beta2.json","backgroundColor","",".backgroundColor(COLOR_BG_CARD)","ArkTS","entry\src\main\ets\pages\Index.ets:482","backgroundColor(color: Optional<ResourceColor>): T@entry\src\main\ets\pages\Index.ets:482","","6.0.0(20)","backgroundColor(color: Optional<ResourceColor>): T"
"backgroundColor(color: Optional<ResourceColor>): T","类新增同名方法且参数类型与已有的参数类型范围是包含关系","harmonyos_api_changes/HarmonyOS_6.0.0(20)_Beta2.json","backgroundColor","",".backgroundColor(color)","ArkTS","entry\src\main\ets\pages\Index.ets:495","backgroundColor(color: Optional<ResourceColor>): T@entry\src\main\ets\pages\Index.ets:495","","6.0.0(20)","backgroundColor(color: Optional<ResourceColor>): T"
"backgroundColor(color: Optional<ResourceColor>): T","类新增同名方法且参数类型与已有的参数类型范围是包含关系","harmonyos_api_changes/HarmonyOS_6.0.0(20)_Beta2.json","backgroundColor","",".backgroundColor(COLOR_BG_CARD)","ArkTS","entry\src\main\ets\pages\Index.ets:582","backgroundColor(color: Optional<ResourceColor>): T@entry\src\main\ets\pages\Index.ets:582","","6.0.0(20)","backgroundColor(color: Optional<ResourceColor>): T"
"backgroundColor(value: ResourceColor): T","类新增同名方法且参数类型与已有的参数类型范围不是包含关系","harmonyos_api_changes/HarmonyOS_5.1.0(18).json","backgroundColor","",".backgroundColor(COLOR_BG_PAGE)","ArkTS","entry\src\main\ets\pages\Index.ets:248","backgroundColor(value: ResourceColor): T@entry\src\main\ets\pages\Index.ets:248","","5.1.0(18)","backgroundColor(value: ResourceColor): T"
"backgroundColor(value: ResourceColor): T","类新增同名方法且参数类型与已有的参数类型范围不是包含关系","harmonyos_api_changes/HarmonyOS_5.1.0(18).json","backgroundColor","",".backgroundColor(COLOR_BG_PAGE)","ArkTS","entry\src\main\ets\pages\Index.ets:252","backgroundColor(value: ResourceColor): T@entry\src\main\ets\pages\Index.ets:252","","5.1.0(18)","backgroundColor(value: ResourceColor): T"
"backgroundColor(value: ResourceColor): T","类新增同名方法且参数类型与已有的参数类型范围不是包含关系","harmonyos_api_changes/HarmonyOS_5.1.0(18).json","backgroundColor","",".backgroundColor(COLOR_BG_CARD)","ArkTS","entry\src\main\ets\pages\Index.ets:302","backgroundColor(value: ResourceColor): T@entry\src\main\ets\pages\Index.ets:302","","5.1.0(18)","backgroundColor(value: ResourceColor): T"
"backgroundColor(value: ResourceColor): T","类新增同名方法且参数类型与已有的参数类型范围不是包含关系","harmonyos_api_changes/HarmonyOS_5.1.0(18).json","backgroundColor","",".backgroundColor(COLOR_BG_CARD)","ArkTS","entry\src\main\ets\pages\Index.ets:307","backgroundColor(value: ResourceColor): T@entry\src\main\ets\pages\Index.ets:307","","5.1.0(18)","backgroundColor(value: ResourceColor): T"
"backgroundColor(value: ResourceColor): T","类新增同名方法且参数类型与已有的参数类型范围不是包含关系","harmonyos_api_changes/HarmonyOS_5.1.0(18).json","backgroundColor","",".backgroundColor(COLOR_BG_CARD)","ArkTS","entry\src\main\ets\pages\Index.ets:330","backgroundColor(value: ResourceColor): T@entry\src\main\ets\pages\Index.ets:330","","5.1.0(18)","backgroundColor(value: ResourceColor): T"
"backgroundColor(value: ResourceColor): T","类新增同名方法且参数类型与已有的参数类型范围不是包含关系","harmonyos_api_changes/HarmonyOS_5.1.0(18).json","backgroundColor","",".backgroundColor(COLOR_BG_CARD)","ArkTS","entry\src\main\ets\pages\Index.ets:482","backgroundColor(value: ResourceColor): T@entry\src\main\ets\pages\Index.ets:482","","5.1.0(18)","backgroundColor(value: ResourceColor): T"
"backgroundColor(value: ResourceColor): T","类新增同名方法且参数类型与已有的参数类型范围不是包含关系","harmonyos_api_changes/HarmonyOS_5.1.0(18).json","backgroundColor","",".backgroundColor(color)","ArkTS","entry\src\main\ets\pages\Index.ets:495","backgroundColor(value: ResourceColor): T@entry\src\main\ets\pages\Index.ets:495","","5.1.0(18)","backgroundColor(value: ResourceColor): T"
"backgroundColor(value: ResourceColor): T","类新增同名方法且参数类型与已有的参数类型范围不是包含关系","harmonyos_api_changes/HarmonyOS_5.1.0(18).json","backgroundColor","",".backgroundColor(COLOR_BG_CARD)","ArkTS","entry\src\main\ets\pages\Index.ets:582","backgroundColor(value: ResourceColor): T@entry\src\main\ets\pages\Index.ets:582","","5.1.0(18)","backgroundColor(value: ResourceColor): T"
"borderRadius(radius: Dimension | BorderRadiuses): T","新增API","harmonyos_api_changes/HarmonyOS_5.0.3(15)_Beta1.json","borderRadius","",".borderRadius(RADIUS_CARD)","ArkTS","entry\src\main\ets\pages\Index.ets:303","borderRadius(radius: Dimension | BorderRadiuses): T@entry\src\main\ets\pages\Index.ets:303","","5.0.3(15)","borderRadius(radius: Dimension | BorderRadiuses): T"
"borderRadius(radius: Dimension | BorderRadiuses): T","新增API","harmonyos_api_changes/HarmonyOS_5.0.3(15)_Beta1.json","borderRadius","",".borderRadius(RADIUS_CARD)","ArkTS","entry\src\main\ets\pages\Index.ets:331","borderRadius(radius: Dimension | BorderRadiuses): T@entry\src\main\ets\pages\Index.ets:331","","5.0.3(15)","borderRadius(radius: Dimension | BorderRadiuses): T"
"borderRadius(radius: Dimension | BorderRadiuses): T","新增API","harmonyos_api_changes/HarmonyOS_5.0.3(15)_Beta1.json","borderRadius","",".borderRadius(RADIUS_CARD)","ArkTS","entry\src\main\ets\pages\Index.ets:483","borderRadius(radius: Dimension | BorderRadiuses): T@entry\src\main\ets\pages\Index.ets:483","","5.0.3(15)","borderRadius(radius: Dimension | BorderRadiuses): T"
"borderRadius(radius: Dimension | BorderRadiuses): T","新增API","harmonyos_api_changes/HarmonyOS_5.0.3(15)_Beta1.json","borderRadius","",".borderRadius(RADIUS_SWITCH_BG)","ArkTS","entry\src\main\ets\pages\Index.ets:496","borderRadius(radius: Dimension | BorderRadiuses): T@entry\src\main\ets\pages\Index.ets:496","","5.0.3(15)","borderRadius(radius: Dimension | BorderRadiuses): T"
"borderRadius(radius: Dimension | BorderRadiuses): T","新增API","harmonyos_api_changes/HarmonyOS_5.0.3(15)_Beta1.json","borderRadius","",".borderRadius(RADIUS_BUTTON)","ArkTS","entry\src\main\ets\pages\Index.ets:531","borderRadius(radius: Dimension | BorderRadiuses): T@entry\src\main\ets\pages\Index.ets:531","","5.0.3(15)","borderRadius(radius: Dimension | BorderRadiuses): T"
"borderRadius(radius: Dimension | BorderRadiuses): T","新增API","harmonyos_api_changes/HarmonyOS_5.0.3(15)_Beta1.json","borderRadius","",".borderRadius(RADIUS_CARD)","ArkTS","entry\src\main\ets\pages\Index.ets:583","borderRadius(radius: Dimension | BorderRadiuses): T@entry\src\main\ets\pages\Index.ets:583","","5.0.3(15)","borderRadius(radius: Dimension | BorderRadiuses): T"
"borderRadius(value: Length | BorderRadiuses | LocalizedBorderRadiuses): T","类新增同名方法且参数类型与已有的参数类型范围是包含关系","harmonyos_api_changes/HarmonyOS_6.0.2(22).json","borderRadius","",".borderRadius(RADIUS_CARD)","ArkTS","entry\src\main\ets\pages\Index.ets:303","borderRadius(value: Length | BorderRadiuses | LocalizedBorderRadiuses): T@entry\src\main\ets\pages\Index.ets:303","","6.0.2(22)","borderRadius(value: Length | BorderRadiuses | LocalizedBorderRadiuses): T"
"borderRadius(value: Length | BorderRadiuses | LocalizedBorderRadiuses): T","类新增同名方法且参数类型与已有的参数类型范围是包含关系","harmonyos_api_changes/HarmonyOS_6.0.2(22).json","borderRadius","",".borderRadius(RADIUS_CARD)","ArkTS","entry\src\main\ets\pages\Index.ets:331","borderRadius(value: Length | BorderRadiuses | LocalizedBorderRadiuses): T@entry\src\main\ets\pages\Index.ets:331","","6.0.2(22)","borderRadius(value: Length | BorderRadiuses | LocalizedBorderRadiuses): T"
"borderRadius(value: Length | BorderRadiuses | LocalizedBorderRadiuses): T","类新增同名方法且参数类型与已有的参数类型范围是包含关系","harmonyos_api_changes/HarmonyOS_6.0.2(22).json","borderRadius","",".borderRadius(RADIUS_CARD)","ArkTS","entry\src\main\ets\pages\Index.ets:483","borderRadius(value: Length | BorderRadiuses | LocalizedBorderRadiuses): T@entry\src\main\ets\pages\Index.ets:483","","6.0.2(22)","borderRadius(value: Length | BorderRadiuses | LocalizedBorderRadiuses): T"
"borderRadius(value: Length | BorderRadiuses | LocalizedBorderRadiuses): T","类新增同名方法且参数类型与已有的参数类型范围是包含关系","harmonyos_api_changes/HarmonyOS_6.0.2(22).json","borderRadius","",".borderRadius(RADIUS_SWITCH_BG)","ArkTS","entry\src\main\ets\pages\Index.ets:496","borderRadius(value: Length | BorderRadiuses | LocalizedBorderRadiuses): T@entry\src\main\ets\pages\Index.ets:496","","6.0.2(22)","borderRadius(value: Length | BorderRadiuses | LocalizedBorderRadiuses): T"
"borderRadius(value: Length | BorderRadiuses | LocalizedBorderRadiuses): T","类新增同名方法且参数类型与已有的参数类型范围是包含关系","harmonyos_api_changes/HarmonyOS_6.0.2(22).json","borderRadius","",".borderRadius(RADIUS_BUTTON)","ArkTS","entry\src\main\ets\pages\Index.ets:531","borderRadius(value: Length | BorderRadiuses | LocalizedBorderRadiuses): T@entry\src\main\ets\pages\Index.ets:531","","6.0.2(22)","borderRadius(value: Length | BorderRadiuses | LocalizedBorderRadiuses): T"
"borderRadius(value: Length | BorderRadiuses | LocalizedBorderRadiuses): T","类新增同名方法且参数类型与已有的参数类型范围是包含关系","harmonyos_api_changes/HarmonyOS_6.0.2(22).json","borderRadius","",".borderRadius(RADIUS_CARD)","ArkTS","entry\src\main\ets\pages\Index.ets:583","borderRadius(value: Length | BorderRadiuses | LocalizedBorderRadiuses): T@entry\src\main\ets\pages\Index.ets:583","","6.0.2(22)","borderRadius(value: Length | BorderRadiuses | LocalizedBorderRadiuses): T"
"borderRadius: number","新增API","harmonyos_api_changes/HarmonyOS_6.0.0(20)_Beta1.json","borderRadius","",".borderRadius(RADIUS_CARD)","ArkTS","entry\src\main\ets\pages\Index.ets:303","borderRadius: number@entry\src\main\ets\pages\Index.ets:303","","6.0.0(20)","borderRadius: number"
"borderRadius: number","新增API","harmonyos_api_changes/HarmonyOS_6.0.0(20)_Beta1.json","borderRadius","",".borderRadius(RADIUS_CARD)","ArkTS","entry\src\main\ets\pages\Index.ets:331","borderRadius: number@entry\src\main\ets\pages\Index.ets:331","","6.0.0(20)","borderRadius: number"
"borderRadius: number","新增API","harmonyos_api_changes/HarmonyOS_6.0.0(20)_Beta1.json","borderRadius","",".borderRadius(RADIUS_CARD)","ArkTS","entry\src\main\ets\pages\Index.ets:483","borderRadius: number@entry\src\main\ets\pages\Index.ets:483","","6.0.0(20)","borderRadius: number"
"borderRadius: number","新增API","harmonyos_api_changes/HarmonyOS_6.0.0(20)_Beta1.json","borderRadius","",".borderRadius(RADIUS_SWITCH_BG)","ArkTS","entry\src\main\ets\pages\Index.ets:496","borderRadius: number@entry\src\main\ets\pages\Index.ets:496","","6.0.0(20)","borderRadius: number"
"borderRadius: number","新增API","harmonyos_api_changes/HarmonyOS_6.0.0(20)_Beta1.json","borderRadius","",".borderRadius(RADIUS_BUTTON)","ArkTS","entry\src\main\ets\pages\Index.ets:531","borderRadius: number@entry\src\main\ets\pages\Index.ets:531","","6.0.0(20)","borderRadius: number"
"borderRadius: number","新增API","harmonyos_api_changes/HarmonyOS_6.0.0(20)_Beta1.json","borderRadius","",".borderRadius(RADIUS_CARD)","ArkTS","entry\src\main\ets\pages\Index.ets:583","borderRadius: number@entry\src\main\ets\pages\Index.ets:583","","6.0.0(20)","borderRadius: number"
"borderRadius?: Length","新增API","harmonyos_api_changes/HarmonyOS_6.0.2(22).json","borderRadius","",".borderRadius(RADIUS_CARD)","ArkTS","entry\src\main\ets\pages\Index.ets:303","borderRadius?: Length@entry\src\main\ets\pages\Index.ets:303","","6.0.2(22)","borderRadius?: Length"
"borderRadius?: Length","新增API","harmonyos_api_changes/HarmonyOS_6.0.2(22).json","borderRadius","",".borderRadius(RADIUS_CARD)","ArkTS","entry\src\main\ets\pages\Index.ets:331","borderRadius?: Length@entry\src\main\ets\pages\Index.ets:331","","6.0.2(22)","borderRadius?: Length"
"borderRadius?: Length","新增API","harmonyos_api_changes/HarmonyOS_6.0.2(22).json","borderRadius","",".borderRadius(RADIUS_CARD)","ArkTS","entry\src\main\ets\pages\Index.ets:483","borderRadius?: Length@entry\src\main\ets\pages\Index.ets:483","","6.0.2(22)","borderRadius?: Length"
"borderRadius?: Length","新增API","harmonyos_api_changes/HarmonyOS_6.0.2(22).json","borderRadius","",".borderRadius(RADIUS_SWITCH_BG)","ArkTS","entry\src\main\ets\pages\Index.ets:496","borderRadius?: Length@entry\src\main\ets\pages\Index.ets:496","","6.0.2(22)","borderRadius?: Length"
"borderRadius?: Length","新增API","harmonyos_api_changes/HarmonyOS_6.0.2(22).json","borderRadius","",".borderRadius(RADIUS_BUTTON)","ArkTS","entry\src\main\ets\pages\Index.ets:531","borderRadius?: Length@entry\src\main\ets\pages\Index.ets:531","","6.0.2(22)","borderRadius?: Length"
"borderRadius?: Length","新增API","harmonyos_api_changes/HarmonyOS_6.0.2(22).json","borderRadius","",".borderRadius(RADIUS_CARD)","ArkTS","entry\src\main\ets\pages\Index.ets:583","borderRadius?: Length@entry\src\main\ets\pages\Index.ets:583","","6.0.2(22)","borderRadius?: Length"
"borderRadius?: LengthMetrics","接口新增可选属性","harmonyos_api_changes/HarmonyOS_5.1.0(18).json","borderRadius","",".borderRadius(RADIUS_CARD)","ArkTS","entry\src\main\ets\pages\Index.ets:303","borderRadius?: LengthMetrics@entry\src\main\ets\pages\Index.ets:303","","5.1.0(18)","borderRadius?: LengthMetrics"
"borderRadius?: LengthMetrics","接口新增可选属性","harmonyos_api_changes/HarmonyOS_5.1.0(18).json","borderRadius","",".borderRadius(RADIUS_CARD)","ArkTS","entry\src\main\ets\pages\Index.ets:331","borderRadius?: LengthMetrics@entry\src\main\ets\pages\Index.ets:331","","5.1.0(18)","borderRadius?: LengthMetrics"
"borderRadius?: LengthMetrics","接口新增可选属性","harmonyos_api_changes/HarmonyOS_5.1.0(18).json","borderRadius","",".borderRadius(RADIUS_CARD)","ArkTS","entry\src\main\ets\pages\Index.ets:483","borderRadius?: LengthMetrics@entry\src\main\ets\pages\Index.ets:483","","5.1.0(18)","borderRadius?: LengthMetrics"
"borderRadius?: LengthMetrics","接口新增可选属性","harmonyos_api_changes/HarmonyOS_5.1.0(18).json","borderRadius","",".borderRadius(RADIUS_SWITCH_BG)","ArkTS","entry\src\main\ets\pages\Index.ets:496","borderRadius?: LengthMetrics@entry\src\main\ets\pages\Index.ets:496","","5.1.0(18)","borderRadius?: LengthMetrics"
"borderRadius?: LengthMetrics","接口新增可选属性","harmonyos_api_changes/HarmonyOS_5.1.0(18).json","borderRadius","",".borderRadius(RADIUS_BUTTON)","ArkTS","entry\src\main\ets\pages\Index.ets:531","borderRadius?: LengthMetrics@entry\src\main\ets\pages\Index.ets:531","","5.1.0(18)","borderRadius?: LengthMetrics"
"borderRadius?: LengthMetrics","接口新增可选属性","harmonyos_api_changes/HarmonyOS_5.1.0(18).json","borderRadius","",".borderRadius(RADIUS_CARD)","ArkTS","entry\src\main\ets\pages\Index.ets:583","borderRadius?: LengthMetrics@entry\src\main\ets\pages\Index.ets:583","","5.1.0(18)","borderRadius?: LengthMetrics"
"borderRadius?: LengthMetrics | BorderRadiuses | LocalizedBorderRadiuses","新增API","harmonyos_api_changes/HarmonyOS_6.0.0(20)_Beta1.json","borderRadius","",".borderRadius(RADIUS_CARD)","ArkTS","entry\src\main\ets\pages\Index.ets:303","borderRadius?: LengthMetrics | BorderRadiuses | LocalizedBorderRadiuses@entry\src\main\ets\pages\Index.ets:303","","6.0.0(20)","borderRadius?: LengthMetrics | BorderRadiuses | LocalizedBorderRadiuses"
"borderRadius?: LengthMetrics | BorderRadiuses | LocalizedBorderRadiuses","新增API","harmonyos_api_changes/HarmonyOS_6.0.0(20)_Beta1.json","borderRadius","",".borderRadius(RADIUS_CARD)","ArkTS","entry\src\main\ets\pages\Index.ets:331","borderRadius?: LengthMetrics | BorderRadiuses | LocalizedBorderRadiuses@entry\src\main\ets\pages\Index.ets:331","","6.0.0(20)","borderRadius?: LengthMetrics | BorderRadiuses | LocalizedBorderRadiuses"
"borderRadius?: LengthMetrics | BorderRadiuses | LocalizedBorderRadiuses","新增API","harmonyos_api_changes/HarmonyOS_6.0.0(20)_Beta1.json","borderRadius","",".borderRadius(RADIUS_CARD)","ArkTS","entry\src\main\ets\pages\Index.ets:483","borderRadius?: LengthMetrics | BorderRadiuses | LocalizedBorderRadiuses@entry\src\main\ets\pages\Index.ets:483","","6.0.0(20)","borderRadius?: LengthMetrics | BorderRadiuses | LocalizedBorderRadiuses"
"borderRadius?: LengthMetrics | BorderRadiuses | LocalizedBorderRadiuses","新增API","harmonyos_api_changes/HarmonyOS_6.0.0(20)_Beta1.json","borderRadius","",".borderRadius(RADIUS_SWITCH_BG)","ArkTS","entry\src\main\ets\pages\Index.ets:496","borderRadius?: LengthMetrics | BorderRadiuses | LocalizedBorderRadiuses@entry\src\main\ets\pages\Index.ets:496","","6.0.0(20)","borderRadius?: LengthMetrics | BorderRadiuses | LocalizedBorderRadiuses"
"borderRadius?: LengthMetrics | BorderRadiuses | LocalizedBorderRadiuses","新增API","harmonyos_api_changes/HarmonyOS_6.0.0(20)_Beta1.json","borderRadius","",".borderRadius(RADIUS_BUTTON)","ArkTS","entry\src\main\ets\pages\Index.ets:531","borderRadius?: LengthMetrics | BorderRadiuses | LocalizedBorderRadiuses@entry\src\main\ets\pages\Index.ets:531","","6.0.0(20)","borderRadius?: LengthMetrics | BorderRadiuses | LocalizedBorderRadiuses"
"borderRadius?: LengthMetrics | BorderRadiuses | LocalizedBorderRadiuses","新增API","harmonyos_api_changes/HarmonyOS_6.0.0(20)_Beta1.json","borderRadius","",".borderRadius(RADIUS_CARD)","ArkTS","entry\src\main\ets\pages\Index.ets:583","borderRadius?: LengthMetrics | BorderRadiuses | LocalizedBorderRadiuses@entry\src\main\ets\pages\Index.ets:583","","6.0.0(20)","borderRadius?: LengthMetrics | BorderRadiuses | LocalizedBorderRadiuses"
"config: ParticleColorPropertyUpdaterConfigs\[UPDATER\]","新增API","harmonyos_api_changes/HarmonyOS_5.1.0(18).json","config","","ctx.font = 'bold ' + this.config.textSizeMonth.toString() + 'vp sans-serif';","ArkTS","library\src\main\ets\components\SimpleMonthView.ets:275","config: ParticleColorPropertyUpdaterConfigs\[UPDATER\]@library\src\main\ets\components\SimpleMonthView.ets:275","ctx","5.1.0(18)","config: ParticleColorPropertyUpdaterConfigs\[UPDATER\]"
"config: ParticleColorPropertyUpdaterConfigs\[UPDATER\]","新增API","harmonyos_api_changes/HarmonyOS_5.1.0(18).json","config","","ctx.font = 'normal ' + this.config.textSizeDayName.toString() + 'vp sans-serif';","ArkTS","library\src\main\ets\components\SimpleMonthView.ets:294","config: ParticleColorPropertyUpdaterConfigs\[UPDATER\]@library\src\main\ets\components\SimpleMonthView.ets:294","ctx","5.1.0(18)","config: ParticleColorPropertyUpdaterConfigs\[UPDATER\]"
"config: ParticleColorPropertyUpdaterConfigs\[UPDATER\]","新增API","harmonyos_api_changes/HarmonyOS_5.1.0(18).json","config","","this.config.textSizeDay.toString() + 'vp sans-serif';","ArkTS","library\src\main\ets\components\SimpleMonthView.ets:407","config: ParticleColorPropertyUpdaterConfigs\[UPDATER\]@library\src\main\ets\components\SimpleMonthView.ets:407","this","5.1.0(18)","config: ParticleColorPropertyUpdaterConfigs\[UPDATER\]"
"config: ParticleConfigs\[PARTICLE\]","新增API","harmonyos_api_changes/HarmonyOS_5.1.0(18).json","config","","ctx.font = 'bold ' + this.config.textSizeMonth.toString() + 'vp sans-serif';","ArkTS","library\src\main\ets\components\SimpleMonthView.ets:275","config: ParticleConfigs\[PARTICLE\]@library\src\main\ets\components\SimpleMonthView.ets:275","ctx","5.1.0(18)","config: ParticleConfigs\[PARTICLE\]"
"config: ParticleConfigs\[PARTICLE\]","新增API","harmonyos_api_changes/HarmonyOS_5.1.0(18).json","config","","ctx.font = 'normal ' + this.config.textSizeDayName.toString() + 'vp sans-serif';","ArkTS","library\src\main\ets\components\SimpleMonthView.ets:294","config: ParticleConfigs\[PARTICLE\]@library\src\main\ets\components\SimpleMonthView.ets:294","ctx","5.1.0(18)","config: ParticleConfigs\[PARTICLE\]"
"config: ParticleConfigs\[PARTICLE\]","新增API","harmonyos_api_changes/HarmonyOS_5.1.0(18).json","config","","this.config.textSizeDay.toString() + 'vp sans-serif';","ArkTS","library\src\main\ets\components\SimpleMonthView.ets:407","config: ParticleConfigs\[PARTICLE\]@library\src\main\ets\components\SimpleMonthView.ets:407","this","5.1.0(18)","config: ParticleConfigs\[PARTICLE\]"
"config: ParticlePropertyUpdaterConfigs<TYPE>\[UPDATER\]","新增API","harmonyos_api_changes/HarmonyOS_5.1.0(18).json","config","","ctx.font = 'bold ' + this.config.textSizeMonth.toString() + 'vp sans-serif';","ArkTS","library\src\main\ets\components\SimpleMonthView.ets:275","config: ParticlePropertyUpdaterConfigs<TYPE>\[UPDATER\]@library\src\main\ets\components\SimpleMonthView.ets:275","ctx","5.1.0(18)","config: ParticlePropertyUpdaterConfigs<TYPE>\[UPDATER\]"
"config: ParticlePropertyUpdaterConfigs<TYPE>\[UPDATER\]","新增API","harmonyos_api_changes/HarmonyOS_5.1.0(18).json","config","","ctx.font = 'normal ' + this.config.textSizeDayName.toString() + 'vp sans-serif';","ArkTS","library\src\main\ets\components\SimpleMonthView.ets:294","config: ParticlePropertyUpdaterConfigs<TYPE>\[UPDATER\]@library\src\main\ets\components\SimpleMonthView.ets:294","ctx","5.1.0(18)","config: ParticlePropertyUpdaterConfigs<TYPE>\[UPDATER\]"
"config: ParticlePropertyUpdaterConfigs<TYPE>\[UPDATER\]","新增API","harmonyos_api_changes/HarmonyOS_5.1.0(18).json","config","","this.config.textSizeDay.toString() + 'vp sans-serif';","ArkTS","library\src\main\ets\components\SimpleMonthView.ets:407","config: ParticlePropertyUpdaterConfigs<TYPE>\[UPDATER\]@library\src\main\ets\components\SimpleMonthView.ets:407","this","5.1.0(18)","config: ParticlePropertyUpdaterConfigs<TYPE>\[UPDATER\]"
"config: WindowAnimationConfig","新增API","harmonyos_api_changes/HarmonyOS_6.0.0(20)_Beta1.json","config","","ctx.font = 'bold ' + this.config.textSizeMonth.toString() + 'vp sans-serif';","ArkTS","library\src\main\ets\components\SimpleMonthView.ets:275","config: WindowAnimationConfig@library\src\main\ets\components\SimpleMonthView.ets:275","ctx","6.0.0(20)","config: WindowAnimationConfig"
"config: WindowAnimationConfig","新增API","harmonyos_api_changes/HarmonyOS_6.0.0(20)_Beta1.json","config","","ctx.font = 'normal ' + this.config.textSizeDayName.toString() + 'vp sans-serif';","ArkTS","library\src\main\ets\components\SimpleMonthView.ets:294","config: WindowAnimationConfig@library\src\main\ets\components\SimpleMonthView.ets:294","ctx","6.0.0(20)","config: WindowAnimationConfig"
"config: WindowAnimationConfig","新增API","harmonyos_api_changes/HarmonyOS_6.0.0(20)_Beta1.json","config","","this.config.textSizeDay.toString() + 'vp sans-serif';","ArkTS","library\src\main\ets\components\SimpleMonthView.ets:407","config: WindowAnimationConfig@library\src\main\ets\components\SimpleMonthView.ets:407","this","6.0.0(20)","config: WindowAnimationConfig"
"config?: WindowAnimationConfig","接口新增可选属性","harmonyos_api_changes/HarmonyOS_6.0.0(20)_Beta1.json","config","","ctx.font = 'bold ' + this.config.textSizeMonth.toString() + 'vp sans-serif';","ArkTS","library\src\main\ets\components\SimpleMonthView.ets:275","config?: WindowAnimationConfig@library\src\main\ets\components\SimpleMonthView.ets:275","ctx","6.0.0(20)","config?: WindowAnimationConfig"
"config?: WindowAnimationConfig","接口新增可选属性","harmonyos_api_changes/HarmonyOS_6.0.0(20)_Beta1.json","config","","ctx.font = 'normal ' + this.config.textSizeDayName.toString() + 'vp sans-serif';","ArkTS","library\src\main\ets\components\SimpleMonthView.ets:294","config?: WindowAnimationConfig@library\src\main\ets\components\SimpleMonthView.ets:294","ctx","6.0.0(20)","config?: WindowAnimationConfig"
"config?: WindowAnimationConfig","接口新增可选属性","harmonyos_api_changes/HarmonyOS_6.0.0(20)_Beta1.json","config","","this.config.textSizeDay.toString() + 'vp sans-serif';","ArkTS","library\src\main\ets\components\SimpleMonthView.ets:407","config?: WindowAnimationConfig@library\src\main\ets\components\SimpleMonthView.ets:407","this","6.0.0(20)","config?: WindowAnimationConfig"
"const AUTO_GAIN_TIME: string","API废弃版本变更","harmonyos_api_changes/HarmonyOS_6.0.1(21)_Release.json","AUTO_GAIN_TIME","","return new CalendarDay(date.getFullYear(), date.getMonth(), date.getDate());","ArkTS","library\src\main\ets\model\CalendarDay.ets:65","const AUTO_GAIN_TIME: string@library\src\main\ets\model\CalendarDay.ets:65","","6.0.1(21)","const AUTO_GAIN_TIME: string"
"const AUTO_GAIN_TIME: string","API废弃版本变更","harmonyos_api_changes/HarmonyOS_6.0.1(21)_Release.json","AUTO_GAIN_TIME","","return new CalendarDay(date.getFullYear(), date.getMonth(), date.getDate());","ArkTS","library\src\main\ets\model\CalendarDay.ets:76","const AUTO_GAIN_TIME: string@library\src\main\ets\model\CalendarDay.ets:76","","6.0.1(21)","const AUTO_GAIN_TIME: string"
"const AUTO_GAIN_TIME_ZONE: string","API废弃版本变更","harmonyos_api_changes/HarmonyOS_6.0.1(21)_Release.json","AUTO_GAIN_TIME_ZONE","","return new CalendarDay(date.getFullYear(), date.getMonth(), date.getDate());","ArkTS","library\src\main\ets\model\CalendarDay.ets:65","const AUTO_GAIN_TIME_ZONE: string@library\src\main\ets\model\CalendarDay.ets:65","","6.0.1(21)","const AUTO_GAIN_TIME_ZONE: string"
"const AUTO_GAIN_TIME_ZONE: string","API废弃版本变更","harmonyos_api_changes/HarmonyOS_6.0.1(21)_Release.json","AUTO_GAIN_TIME_ZONE","","return new CalendarDay(date.getFullYear(), date.getMonth(), date.getDate());","ArkTS","library\src\main\ets\model\CalendarDay.ets:76","const AUTO_GAIN_TIME_ZONE: string@library\src\main\ets\model\CalendarDay.ets:76","","6.0.1(21)","const AUTO_GAIN_TIME_ZONE: string"
"const DATE_FORMAT: string","API废弃版本变更","harmonyos_api_changes/HarmonyOS_6.0.1(21)_Release.json","DATE_FORMAT","","return new CalendarDay(date.getFullYear(), date.getMonth(), date.getDate());","ArkTS","library\src\main\ets\model\CalendarDay.ets:65","const DATE_FORMAT: string@library\src\main\ets\model\CalendarDay.ets:65","","6.0.1(21)","const DATE_FORMAT: string"
"const DATE_FORMAT: string","API废弃版本变更","harmonyos_api_changes/HarmonyOS_6.0.1(21)_Release.json","DATE_FORMAT","","return new CalendarDay(date.getFullYear(), date.getMonth(), date.getDate());","ArkTS","library\src\main\ets\model\CalendarDay.ets:76","const DATE_FORMAT: string@library\src\main\ets\model\CalendarDay.ets:76","","6.0.1(21)","const DATE_FORMAT: string"
"controller: functionalInputComponentManager.FunctionalInputController","新增API","harmonyos_api_changes/HarmonyOS_5.1.0(18).json","controller","","const maxYear: number = this.controller.getMaxYear();","ArkTS","library\src\main\ets\components\DayPickerView.ets:181","controller: functionalInputComponentManager.FunctionalInputController@library\src\main\ets\components\DayPickerView.ets:181","","5.1.0(18)","controller: functionalInputComponentManager.FunctionalInputController"
"controller: functionalInputComponentManager.FunctionalInputController","新增API","harmonyos_api_changes/HarmonyOS_5.1.0(18).json","controller","","this.controller.onDayOfMonthSelected(today.year, today.month, today.day);","ArkTS","library\src\main\ets\components\DayPickerView.ets:304","controller: functionalInputComponentManager.FunctionalInputController@library\src\main\ets\components\DayPickerView.ets:304","this","5.1.0(18)","controller: functionalInputComponentManager.FunctionalInputController"
"controller: loginComponentManager.LoginPanelController","新增装饰器","harmonyos_api_changes/HarmonyOS_26.0.0_Beta1.json","controller","","const maxYear: number = this.controller.getMaxYear();","ArkTS","library\src\main\ets\components\DayPickerView.ets:181","controller: loginComponentManager.LoginPanelController@library\src\main\ets\components\DayPickerView.ets:181","","26.0.0 Beta2","controller: loginComponentManager.LoginPanelController"
"controller: loginComponentManager.LoginPanelController","新增装饰器","harmonyos_api_changes/HarmonyOS_26.0.0_Beta1.json","controller","","this.controller.onDayOfMonthSelected(today.year, today.month, today.day);","ArkTS","library\src\main\ets\components\DayPickerView.ets:304","controller: loginComponentManager.LoginPanelController@library\src\main\ets\components\DayPickerView.ets:304","this","26.0.0 Beta2","controller: loginComponentManager.LoginPanelController"
"controller: loginComponentManager.LoginWithHuaweiIDButtonController","新增装饰器","harmonyos_api_changes/HarmonyOS_26.0.0_Beta1.json","controller","","const maxYear: number = this.controller.getMaxYear();","ArkTS","library\src\main\ets\components\DayPickerView.ets:181","controller: loginComponentManager.LoginWithHuaweiIDButtonController@library\src\main\ets\components\DayPickerView.ets:181","","26.0.0 Beta2","controller: loginComponentManager.LoginWithHuaweiIDButtonController"
"controller: loginComponentManager.LoginWithHuaweiIDButtonController","新增装饰器","harmonyos_api_changes/HarmonyOS_26.0.0_Beta1.json","controller","","this.controller.onDayOfMonthSelected(today.year, today.month, today.day);","ArkTS","library\src\main\ets\components\DayPickerView.ets:304","controller: loginComponentManager.LoginWithHuaweiIDButtonController@library\src\main\ets\components\DayPickerView.ets:304","this","26.0.0 Beta2","controller: loginComponentManager.LoginWithHuaweiIDButtonController"
"controller: readerCore.ReaderComponentController","新增API","harmonyos_api_changes/HarmonyOS_5.0.4(16).json","controller","","const maxYear: number = this.controller.getMaxYear();","ArkTS","library\src\main\ets\components\DayPickerView.ets:181","controller: readerCore.ReaderComponentController@library\src\main\ets\components\DayPickerView.ets:181","","5.0.4(16)","controller: readerCore.ReaderComponentController"
"controller: readerCore.ReaderComponentController","新增API","harmonyos_api_changes/HarmonyOS_5.0.4(16).json","controller","","this.controller.onDayOfMonthSelected(today.year, today.month, today.day);","ArkTS","library\src\main\ets\components\DayPickerView.ets:304","controller: readerCore.ReaderComponentController@library\src\main\ets\components\DayPickerView.ets:304","this","5.0.4(16)","controller: readerCore.ReaderComponentController"
"controller?: FunctionController","新增API","harmonyos_api_changes/HarmonyOS_6.0.0(20)_Beta3.json","controller","","const maxYear: number = this.controller.getMaxYear();","ArkTS","library\src\main\ets\components\DayPickerView.ets:181","controller?: FunctionController@library\src\main\ets\components\DayPickerView.ets:181","","6.0.0(20)","controller?: FunctionController"
"controller?: FunctionController","新增API","harmonyos_api_changes/HarmonyOS_6.0.0(20)_Beta3.json","controller","","this.controller.onDayOfMonthSelected(today.year, today.month, today.day);","ArkTS","library\src\main\ets\components\DayPickerView.ets:304","controller?: FunctionController@library\src\main\ets\components\DayPickerView.ets:304","this","6.0.0(20)","controller?: FunctionController"
"controller?: HdsTabsController","新增API","harmonyos_api_changes/HarmonyOS_6.0.0(20)_Beta1.json","controller","","const maxYear: number = this.controller.getMaxYear();","ArkTS","library\src\main\ets\components\DayPickerView.ets:181","controller?: HdsTabsController@library\src\main\ets\components\DayPickerView.ets:181","","6.0.0(20)","controller?: HdsTabsController"
"controller?: HdsTabsController","新增API","harmonyos_api_changes/HarmonyOS_6.0.0(20)_Beta1.json","controller","","this.controller.onDayOfMonthSelected(today.year, today.month, today.day);","ArkTS","library\src\main\ets\components\DayPickerView.ets:304","controller?: HdsTabsController@library\src\main\ets\components\DayPickerView.ets:304","this","6.0.0(20)","controller?: HdsTabsController"
"controller?: SearchController","新增API","harmonyos_api_changes/HarmonyOS_5.1.0(18).json","controller","","const maxYear: number = this.controller.getMaxYear();","ArkTS","library\src\main\ets\components\DayPickerView.ets:181","controller?: SearchController@library\src\main\ets\components\DayPickerView.ets:181","","5.1.0(18)","controller?: SearchController"
"controller?: SearchController","新增API","harmonyos_api_changes/HarmonyOS_5.1.0(18).json","controller","","this.controller.onDayOfMonthSelected(today.year, today.month, today.day);","ArkTS","library\src\main\ets\components\DayPickerView.ets:304","controller?: SearchController@library\src\main\ets\components\DayPickerView.ets:304","this","5.1.0(18)","controller?: SearchController"
"controller?: ShaderEffectController","新增API","harmonyos_api_changes/HarmonyOS_6.0.0(20)_Beta1.json","controller","","const maxYear: number = this.controller.getMaxYear();","ArkTS","library\src\main\ets\components\DayPickerView.ets:181","controller?: ShaderEffectController@library\src\main\ets\components\DayPickerView.ets:181","","6.0.0(20)","controller?: ShaderEffectController"
"controller?: ShaderEffectController","新增API","harmonyos_api_changes/HarmonyOS_6.0.0(20)_Beta1.json","controller","","this.controller.onDayOfMonthSelected(today.year, today.month, today.day);","ArkTS","library\src\main\ets\components\DayPickerView.ets:304","controller?: ShaderEffectController@library\src\main\ets\components\DayPickerView.ets:304","this","6.0.0(20)","controller?: ShaderEffectController"
"controller?: TabsController","新增API","harmonyos_api_changes/HarmonyOS_5.0.3(15)_Beta2.json","controller","","const maxYear: number = this.controller.getMaxYear();","ArkTS","library\src\main\ets\components\DayPickerView.ets:181","controller?: TabsController@library\src\main\ets\components\DayPickerView.ets:181","","5.0.3(15)","controller?: TabsController"
"controller?: TabsController","新增API","harmonyos_api_changes/HarmonyOS_5.0.3(15)_Beta2.json","controller","","this.controller.onDayOfMonthSelected(today.year, today.month, today.day);","ArkTS","library\src\main\ets\components\DayPickerView.ets:304","controller?: TabsController@library\src\main\ets\components\DayPickerView.ets:304","this","5.0.3(15)","controller?: TabsController"
"controller?: TextClockController","新增API","harmonyos_api_changes/HarmonyOS_5.1.0(18).json","controller","","const maxYear: number = this.controller.getMaxYear();","ArkTS","library\src\main\ets\components\DayPickerView.ets:181","controller?: TextClockController@library\src\main\ets\components\DayPickerView.ets:181","","5.1.0(18)","controller?: TextClockController"
"controller?: TextClockController","新增API","harmonyos_api_changes/HarmonyOS_5.1.0(18).json","controller","","this.controller.onDayOfMonthSelected(today.year, today.month, today.day);","ArkTS","library\src\main\ets\components\DayPickerView.ets:304","controller?: TextClockController@library\src\main\ets\components\DayPickerView.ets:304","this","5.1.0(18)","controller?: TextClockController"
"day: number","新增API","harmonyos_api_changes/HarmonyOS_26.0.0_Beta2.json","day","","const dateStr: string = year + '-' + (month + 1).toString() + '-' + day.toString();","ArkTS","entry\src\main\ets\pages\Index.ets:78","day: number@entry\src\main\ets\pages\Index.ets:78","","26.0.0 Beta2","day: number"
"day: number","新增API","harmonyos_api_changes/HarmonyOS_26.0.0_Beta2.json","day","","this.owner.selectedDayText = day.toString();","ArkTS","entry\src\main\ets\pages\Index.ets:82","day: number@entry\src\main\ets\pages\Index.ets:82","this","26.0.0 Beta2","day: number"
"day: number","新增API","harmonyos_api_changes/HarmonyOS_26.0.0_Beta2.json","day","","const firstStr: string = first.year + '-' + (first.month + 1).toString() + '-' + first.day.toString();","ArkTS","entry\src\main\ets\pages\Index.ets:90","day: number@entry\src\main\ets\pages\Index.ets:90","","26.0.0 Beta2","day: number"
"day: number","新增API","harmonyos_api_changes/HarmonyOS_26.0.0_Beta2.json","day","","const lastStr: string = last.year + '-' + (last.month + 1).toString() + '-' + last.day.toString();","ArkTS","entry\src\main\ets\pages\Index.ets:91","day: number@entry\src\main\ets\pages\Index.ets:91","","26.0.0 Beta2","day: number"
"day: number","新增API","harmonyos_api_changes/HarmonyOS_26.0.0_Beta2.json","day","","ctx.fillText(day.toString(), x, y);","ArkTS","library\src\main\ets\components\SimpleMonthView.ets:411","day: number@library\src\main\ets\components\SimpleMonthView.ets:411","ctx","26.0.0 Beta2","day: number"
"day?: TextStyle","新增API","harmonyos_api_changes/HarmonyOS_6.1.0(23)_Beta1.json","day","","const dateStr: string = year + '-' + (month + 1).toString() + '-' + day.toString();","ArkTS","entry\src\main\ets\pages\Index.ets:78","day?: TextStyle@entry\src\main\ets\pages\Index.ets:78","","6.1.0(23)","day?: TextStyle"
"day?: TextStyle","新增API","harmonyos_api_changes/HarmonyOS_6.1.0(23)_Beta1.json","day","","this.owner.selectedDayText = day.toString();","ArkTS","entry\src\main\ets\pages\Index.ets:82","day?: TextStyle@entry\src\main\ets\pages\Index.ets:82","this","6.1.0(23)","day?: TextStyle"
"day?: TextStyle","新增API","harmonyos_api_changes/HarmonyOS_6.1.0(23)_Beta1.json","day","","const firstStr: string = first.year + '-' + (first.month + 1).toString() + '-' + first.day.toString();","ArkTS","entry\src\main\ets\pages\Index.ets:90","day?: TextStyle@entry\src\main\ets\pages\Index.ets:90","","6.1.0(23)","day?: TextStyle"
"day?: TextStyle","新增API","harmonyos_api_changes/HarmonyOS_6.1.0(23)_Beta1.json","day","","const lastStr: string = last.year + '-' + (last.month + 1).toString() + '-' + last.day.toString();","ArkTS","entry\src\main\ets\pages\Index.ets:91","day?: TextStyle@entry\src\main\ets\pages\Index.ets:91","","6.1.0(23)","day?: TextStyle"
"day?: TextStyle","新增API","harmonyos_api_changes/HarmonyOS_6.1.0(23)_Beta1.json","day","","ctx.fillText(day.toString(), x, y);","ArkTS","library\src\main\ets\components\SimpleMonthView.ets:411","day?: TextStyle@library\src\main\ets\components\SimpleMonthView.ets:411","ctx","6.1.0(23)","day?: TextStyle"
"day?: number","新增API","harmonyos_api_changes/HarmonyOS_26.0.0_Beta2.json","day","","const dateStr: string = year + '-' + (month + 1).toString() + '-' + day.toString();","ArkTS","entry\src\main\ets\pages\Index.ets:78","day?: number@entry\src\main\ets\pages\Index.ets:78","","26.0.0 Beta2","day?: number"
"day?: number","新增API","harmonyos_api_changes/HarmonyOS_26.0.0_Beta2.json","day","","this.owner.selectedDayText = day.toString();","ArkTS","entry\src\main\ets\pages\Index.ets:82","day?: number@entry\src\main\ets\pages\Index.ets:82","this","26.0.0 Beta2","day?: number"
"day?: number","新增API","harmonyos_api_changes/HarmonyOS_26.0.0_Beta2.json","day","","const firstStr: string = first.year + '-' + (first.month + 1).toString() + '-' + first.day.toString();","ArkTS","entry\src\main\ets\pages\Index.ets:90","day?: number@entry\src\main\ets\pages\Index.ets:90","","26.0.0 Beta2","day?: number"
"day?: number","新增API","harmonyos_api_changes/HarmonyOS_26.0.0_Beta2.json","day","","const lastStr: string = last.year + '-' + (last.month + 1).toString() + '-' + last.day.toString();","ArkTS","entry\src\main\ets\pages\Index.ets:91","day?: number@entry\src\main\ets\pages\Index.ets:91","","26.0.0 Beta2","day?: number"
"day?: number","新增API","harmonyos_api_changes/HarmonyOS_26.0.0_Beta2.json","day","","ctx.fillText(day.toString(), x, y);","ArkTS","library\src\main\ets\components\SimpleMonthView.ets:411","day?: number@library\src\main\ets\components\SimpleMonthView.ets:411","ctx","26.0.0 Beta2","day?: number"
"day?: string","API废弃版本变更","harmonyos_api_changes/HarmonyOS_6.0.0(20)_Beta1.json","day","","const dateStr: string = year + '-' + (month + 1).toString() + '-' + day.toString();","ArkTS","entry\src\main\ets\pages\Index.ets:78","day?: string@entry\src\main\ets\pages\Index.ets:78","","6.0.0(20)","day?: string"
"day?: string","API废弃版本变更","harmonyos_api_changes/HarmonyOS_6.0.0(20)_Beta1.json","day","","this.owner.selectedDayText = day.toString();","ArkTS","entry\src\main\ets\pages\Index.ets:82","day?: string@entry\src\main\ets\pages\Index.ets:82","this","6.0.0(20)","day?: string"
"day?: string","API废弃版本变更","harmonyos_api_changes/HarmonyOS_6.0.0(20)_Beta1.json","day","","const firstStr: string = first.year + '-' + (first.month + 1).toString() + '-' + first.day.toString();","ArkTS","entry\src\main\ets\pages\Index.ets:90","day?: string@entry\src\main\ets\pages\Index.ets:90","","6.0.0(20)","day?: string"
"day?: string","API废弃版本变更","harmonyos_api_changes/HarmonyOS_6.0.0(20)_Beta1.json","day","","const lastStr: string = last.year + '-' + (last.month + 1).toString() + '-' + last.day.toString();","ArkTS","entry\src\main\ets\pages\Index.ets:91","day?: string@entry\src\main\ets\pages\Index.ets:91","","6.0.0(20)","day?: string"
"day?: string","API废弃版本变更","harmonyos_api_changes/HarmonyOS_6.0.0(20)_Beta1.json","day","","ctx.fillText(day.toString(), x, y);","ArkTS","library\src\main\ets\components\SimpleMonthView.ets:411","day?: string@library\src\main\ets\components\SimpleMonthView.ets:411","ctx","6.0.0(20)","day?: string"
"declare class CommonMethod<T>","接口定义变更","harmonyos_behavior_changes/HarmonyOS_26.0.0(26)_Beta1.json","CommonMethod","","this.context.getApplicationContext().setColorMode(ConfigurationConstant.ColorMode.COLOR_MODE_NOT_SET);","ArkTS","entry\src\main\ets\entryability\EntryAbility.ets:10","declare class CommonMethod<T>@entry\src\main\ets\entryability\EntryAbility.ets:10","this","26.0.0(26)","declare class CommonMethod<T>"
"declare class CommonMethod<T>","接口定义变更","harmonyos_behavior_changes/HarmonyOS_26.0.0(26)_Beta1.json","CommonMethod","","now.getHours().toString().padStart(2, '0') + ':' +","ArkTS","entry\src\main\ets\pages\Index.ets:160","declare class CommonMethod<T>@entry\src\main\ets\pages\Index.ets:160","now","26.0.0(26)","declare class CommonMethod<T>"
"declare class CommonMethod<T>","接口定义变更","harmonyos_behavior_changes/HarmonyOS_26.0.0(26)_Beta1.json","CommonMethod","","now.getMinutes().toString().padStart(2, '0') + ':' +","ArkTS","entry\src\main\ets\pages\Index.ets:161","declare class CommonMethod<T>@entry\src\main\ets\pages\Index.ets:161","now","26.0.0(26)","declare class CommonMethod<T>"
"declare class CommonMethod<T>","接口定义变更","harmonyos_behavior_changes/HarmonyOS_26.0.0(26)_Beta1.json","CommonMethod","","now.getSeconds().toString().padStart(2, '0') + '.' +","ArkTS","entry\src\main\ets\pages\Index.ets:162","declare class CommonMethod<T>@entry\src\main\ets\pages\Index.ets:162","now","26.0.0(26)","declare class CommonMethod<T>"
"declare class CommonMethod<T>","接口定义变更","harmonyos_behavior_changes/HarmonyOS_26.0.0(26)_Beta1.json","CommonMethod","","now.getMilliseconds().toString().padStart(3, '0');","ArkTS","entry\src\main\ets\pages\Index.ets:163","declare class CommonMethod<T>@entry\src\main\ets\pages\Index.ets:163","now","26.0.0(26)","declare class CommonMethod<T>"
"declare class CommonMethod<T>","接口定义变更","harmonyos_behavior_changes/HarmonyOS_26.0.0(26)_Beta1.json","CommonMethod","","Blank().height(SPACING_SMALL)","ArkTS","entry\src\main\ets\pages\Index.ets:235","declare class CommonMethod<T>@entry\src\main\ets\pages\Index.ets:235","","26.0.0(26)","declare class CommonMethod<T>"
"declare class CommonMethod<T>","接口定义变更","harmonyos_behavior_changes/HarmonyOS_26.0.0(26)_Beta1.json","CommonMethod","","Blank().height(SPACING_LARGE)","ArkTS","entry\src\main\ets\pages\Index.ets:241","declare class CommonMethod<T>@entry\src\main\ets\pages\Index.ets:241","","26.0.0(26)","declare class CommonMethod<T>"
"declare class CommonMethod<T>","接口定义变更","harmonyos_behavior_changes/HarmonyOS_26.0.0(26)_Beta1.json","CommonMethod","",".width('100%')","ArkTS","entry\src\main\ets\pages\Index.ets:243","declare class CommonMethod<T>@entry\src\main\ets\pages\Index.ets:243","","26.0.0(26)","declare class CommonMethod<T>"
"declare class CommonMethod<T>","接口定义变更","harmonyos_behavior_changes/HarmonyOS_26.0.0(26)_Beta1.json","CommonMethod","",".padding({ left: PADDING_PAGE, right: PADDING_PAGE })","ArkTS","entry\src\main\ets\pages\Index.ets:244","declare class CommonMethod<T>@entry\src\main\ets\pages\Index.ets:244","","26.0.0(26)","declare class CommonMethod<T>"
"declare class CommonMethod<T>","接口定义变更","harmonyos_behavior_changes/HarmonyOS_26.0.0(26)_Beta1.json","CommonMethod","",".width('100%')","ArkTS","entry\src\main\ets\pages\Index.ets:246","declare class CommonMethod<T>@entry\src\main\ets\pages\Index.ets:246","","26.0.0(26)","declare class CommonMethod<T>"
"declare class CommonMethod<T>","接口定义变更","harmonyos_behavior_changes/HarmonyOS_26.0.0(26)_Beta1.json","CommonMethod","",".layoutWeight(LAYOUT_WEIGHT_ONE)","ArkTS","entry\src\main\ets\pages\Index.ets:247","declare class CommonMethod<T>@entry\src\main\ets\pages\Index.ets:247","","26.0.0(26)","declare class CommonMethod<T>"
"declare class CommonMethod<T>","接口定义变更","harmonyos_behavior_changes/HarmonyOS_26.0.0(26)_Beta1.json","CommonMethod","",".backgroundColor(COLOR_BG_PAGE)","ArkTS","entry\src\main\ets\pages\Index.ets:248","declare class CommonMethod<T>@entry\src\main\ets\pages\Index.ets:248","","26.0.0(26)","declare class CommonMethod<T>"
"declare class CommonMethod<T>","接口定义变更","harmonyos_behavior_changes/HarmonyOS_26.0.0(26)_Beta1.json","CommonMethod","",".width('100%')","ArkTS","entry\src\main\ets\pages\Index.ets:250","declare class CommonMethod<T>@entry\src\main\ets\pages\Index.ets:250","","26.0.0(26)","declare class CommonMethod<T>"
"declare class CommonMethod<T>","接口定义变更","harmonyos_behavior_changes/HarmonyOS_26.0.0(26)_Beta1.json","CommonMethod","",".height('100%')","ArkTS","entry\src\main\ets\pages\Index.ets:251","declare class CommonMethod<T>@entry\src\main\ets\pages\Index.ets:251","","26.0.0(26)","declare class CommonMethod<T>"
"declare class CommonMethod<T>","接口定义变更","harmonyos_behavior_changes/HarmonyOS_26.0.0(26)_Beta1.json","CommonMethod","",".backgroundColor(COLOR_BG_PAGE)","ArkTS","entry\src\main\ets\pages\Index.ets:252","declare class CommonMethod<T>@entry\src\main\ets\pages\Index.ets:252","","26.0.0(26)","declare class CommonMethod<T>"
"declare class CommonMethod<T>","接口定义变更","harmonyos_behavior_changes/HarmonyOS_26.0.0(26)_Beta1.json","CommonMethod","",".fontSize(FONT_SIZE_TITLE)","ArkTS","entry\src\main\ets\pages\Index.ets:267","declare class CommonMethod<T>@entry\src\main\ets\pages\Index.ets:267","","26.0.0(26)","declare class CommonMethod<T>"
"declare class CommonMethod<T>","接口定义变更","harmonyos_behavior_changes/HarmonyOS_26.0.0(26)_Beta1.json","CommonMethod","",".fontWeight(FontWeight.Bold)","ArkTS","entry\src\main\ets\pages\Index.ets:268","declare class CommonMethod<T>@entry\src\main\ets\pages\Index.ets:268","","26.0.0(26)","declare class CommonMethod<T>"
"declare class CommonMethod<T>","接口定义变更","harmonyos_behavior_changes/HarmonyOS_26.0.0(26)_Beta1.json","CommonMethod","",".fontColor(COLOR_TEXT_PRIMARY)","ArkTS","entry\src\main\ets\pages\Index.ets:269","declare class CommonMethod<T>@entry\src\main\ets\pages\Index.ets:269","","26.0.0(26)","declare class CommonMethod<T>"
"declare class CommonMethod<T>","接口定义变更","harmonyos_behavior_changes/HarmonyOS_26.0.0(26)_Beta1.json","CommonMethod","",".width('100%')","ArkTS","entry\src\main\ets\pages\Index.ets:270","declare class CommonMethod<T>@entry\src\main\ets\pages\Index.ets:270","","26.0.0(26)","declare class CommonMethod<T>"
"declare class CommonMethod<T>","接口定义变更","harmonyos_behavior_changes/HarmonyOS_26.0.0(26)_Beta1.json","CommonMethod","","Blank().height(SPACING_SMALL)","ArkTS","entry\src\main\ets\pages\Index.ets:272","declare class CommonMethod<T>@entry\src\main\ets\pages\Index.ets:272","","26.0.0(26)","declare class CommonMethod<T>"
"declare class CommonMethod<T>","接口定义变更","harmonyos_behavior_changes/HarmonyOS_26.0.0(26)_Beta1.json","CommonMethod","",".fontSize(FONT_SIZE_SMALL)","ArkTS","entry\src\main\ets\pages\Index.ets:278","declare class CommonMethod<T>@entry\src\main\ets\pages\Index.ets:278","","26.0.0(26)","declare class CommonMethod<T>"
"declare class CommonMethod<T>","接口定义变更","harmonyos_behavior_changes/HarmonyOS_26.0.0(26)_Beta1.json","CommonMethod","",".fontColor(COLOR_TEXT_TERTIARY)","ArkTS","entry\src\main\ets\pages\Index.ets:279","declare class CommonMethod<T>@entry\src\main\ets\pages\Index.ets:279","","26.0.0(26)","declare class CommonMethod<T>"
"declare class CommonMethod<T>","接口定义变更","harmonyos_behavior_changes/HarmonyOS_26.0.0(26)_Beta1.json","CommonMethod","",".fontSize(FONT_SIZE_NORMAL)","ArkTS","entry\src\main\ets\pages\Index.ets:281","declare class CommonMethod<T>@entry\src\main\ets\pages\Index.ets:281","","26.0.0(26)","declare class CommonMethod<T>"
"declare class CommonMethod<T>","接口定义变更","harmonyos_behavior_changes/HarmonyOS_26.0.0(26)_Beta1.json","CommonMethod","",".fontWeight(FontWeight.Medium)","ArkTS","entry\src\main\ets\pages\Index.ets:282","declare class CommonMethod<T>@entry\src\main\ets\pages\Index.ets:282","","26.0.0(26)","declare class CommonMethod<T>"
"declare class CommonMethod<T>","接口定义变更","harmonyos_behavior_changes/HarmonyOS_26.0.0(26)_Beta1.json","CommonMethod","",".fontColor(COLOR_PRIMARY)","ArkTS","entry\src\main\ets\pages\Index.ets:283","declare class CommonMethod<T>@entry\src\main\ets\pages\Index.ets:283","","26.0.0(26)","declare class CommonMethod<T>"
"declare class CommonMethod<T>","接口定义变更","harmonyos_behavior_changes/HarmonyOS_26.0.0(26)_Beta1.json","CommonMethod","",".alignItems(HorizontalAlign.Start)","ArkTS","entry\src\main\ets\pages\Index.ets:285","declare class CommonMethod<T>@entry\src\main\ets\pages\Index.ets:285","","26.0.0(26)","declare class CommonMethod<T>"
"declare class CommonMethod<T>","接口定义变更","harmonyos_behavior_changes/HarmonyOS_26.0.0(26)_Beta1.json","CommonMethod","","Blank().width(SPACING_LARGE)","ArkTS","entry\src\main\ets\pages\Index.ets:287","declare class CommonMethod<T>@entry\src\main\ets\pages\Index.ets:287","","26.0.0(26)","declare class CommonMethod<T>"
"declare class CommonMethod<T>","接口定义变更","harmonyos_behavior_changes/HarmonyOS_26.0.0(26)_Beta1.json","CommonMethod","",".fontSize(FONT_SIZE_SMALL)","ArkTS","entry\src\main\ets\pages\Index.ets:291","declare class CommonMethod<T>@entry\src\main\ets\pages\Index.ets:291","","26.0.0(26)","declare class CommonMethod<T>"
"declare class CommonMethod<T>","接口定义变更","harmonyos_behavior_changes/HarmonyOS_26.0.0(26)_Beta1.json","CommonMethod","",".fontColor(COLOR_TEXT_TERTIARY)","ArkTS","entry\src\main\ets\pages\Index.ets:292","declare class CommonMethod<T>@entry\src\main\ets\pages\Index.ets:292","","26.0.0(26)","declare class CommonMethod<T>"
"declare class CommonMethod<T>","接口定义变更","harmonyos_behavior_changes/HarmonyOS_26.0.0(26)_Beta1.json","CommonMethod","",".fontSize(FONT_SIZE_NORMAL)","ArkTS","entry\src\main\ets\pages\Index.ets:294","declare class CommonMethod<T>@entry\src\main\ets\pages\Index.ets:294","","26.0.0(26)","declare class CommonMethod<T>"
"declare class CommonMethod<T>","接口定义变更","harmonyos_behavior_changes/HarmonyOS_26.0.0(26)_Beta1.json","CommonMethod","",".fontWeight(FontWeight.Medium)","ArkTS","entry\src\main\ets\pages\Index.ets:295","declare class CommonMethod<T>@entry\src\main\ets\pages\Index.ets:295","","26.0.0(26)","declare class CommonMethod<T>"
"declare class CommonMethod<T>","接口定义变更","harmonyos_behavior_changes/HarmonyOS_26.0.0(26)_Beta1.json","CommonMethod","",".fontColor(COLOR_SECONDARY)","ArkTS","entry\src\main\ets\pages\Index.ets:296","declare class CommonMethod<T>@entry\src\main\ets\pages\Index.ets:296","","26.0.0(26)","declare class CommonMethod<T>"
"declare class CommonMethod<T>","接口定义变更","harmonyos_behavior_changes/HarmonyOS_26.0.0(26)_Beta1.json","CommonMethod","",".alignItems(HorizontalAlign.Start)","ArkTS","entry\src\main\ets\pages\Index.ets:298","declare class CommonMethod<T>@entry\src\main\ets\pages\Index.ets:298","","26.0.0(26)","declare class CommonMethod<T>"
"declare class CommonMethod<T>","接口定义变更","harmonyos_behavior_changes/HarmonyOS_26.0.0(26)_Beta1.json","CommonMethod","",".width('100%')","ArkTS","entry\src\main\ets\pages\Index.ets:300","declare class CommonMethod<T>@entry\src\main\ets\pages\Index.ets:300","","26.0.0(26)","declare class CommonMethod<T>"
"declare class CommonMethod<T>","接口定义变更","harmonyos_behavior_changes/HarmonyOS_26.0.0(26)_Beta1.json","CommonMethod","",".padding(PADDING_CARD)","ArkTS","entry\src\main\ets\pages\Index.ets:301","declare class CommonMethod<T>@entry\src\main\ets\pages\Index.ets:301","","26.0.0(26)","declare class CommonMethod<T>"
"declare class CommonMethod<T>","接口定义变更","harmonyos_behavior_changes/HarmonyOS_26.0.0(26)_Beta1.json","CommonMethod","",".backgroundColor(COLOR_BG_CARD)","ArkTS","entry\src\main\ets\pages\Index.ets:302","declare class CommonMethod<T>@entry\src\main\ets\pages\Index.ets:302","","26.0.0(26)","declare class CommonMethod<T>"
"declare class CommonMethod<T>","接口定义变更","harmonyos_behavior_changes/HarmonyOS_26.0.0(26)_Beta1.json","CommonMethod","",".borderRadius(RADIUS_CARD)","ArkTS","entry\src\main\ets\pages\Index.ets:303","declare class CommonMethod<T>@entry\src\main\ets\pages\Index.ets:303","","26.0.0(26)","declare class CommonMethod<T>"
"declare class CommonMethod<T>","接口定义变更","harmonyos_behavior_changes/HarmonyOS_26.0.0(26)_Beta1.json","CommonMethod","",".width('100%')","ArkTS","entry\src\main\ets\pages\Index.ets:305","declare class CommonMethod<T>@entry\src\main\ets\pages\Index.ets:305","","26.0.0(26)","declare class CommonMethod<T>"
"declare class CommonMethod<T>","接口定义变更","harmonyos_behavior_changes/HarmonyOS_26.0.0(26)_Beta1.json","CommonMethod","",".padding({ left: PADDING_PAGE, right: PADDING_PAGE, top: SPACING_MEDIUM, bottom: SPACING_SMALL })","ArkTS","entry\src\main\ets\pages\Index.ets:306","declare class CommonMethod<T>@entry\src\main\ets\pages\Index.ets:306","","26.0.0(26)","declare class CommonMethod<T>"
"declare class CommonMethod<T>","接口定义变更","harmonyos_behavior_changes/HarmonyOS_26.0.0(26)_Beta1.json","CommonMethod","",".backgroundColor(COLOR_BG_CARD)","ArkTS","entry\src\main\ets\pages\Index.ets:307","declare class CommonMethod<T>@entry\src\main\ets\pages\Index.ets:307","","26.0.0(26)","declare class CommonMethod<T>"
"declare class CommonMethod<T>","接口定义变更","harmonyos_behavior_changes/HarmonyOS_26.0.0(26)_Beta1.json","CommonMethod","",".width('100%')","ArkTS","entry\src\main\ets\pages\Index.ets:326","declare class CommonMethod<T>@entry\src\main\ets\pages\Index.ets:326","","26.0.0(26)","declare class CommonMethod<T>"
"declare class CommonMethod<T>","接口定义变更","harmonyos_behavior_changes/HarmonyOS_26.0.0(26)_Beta1.json","CommonMethod","",".width('100%')","ArkTS","entry\src\main\ets\pages\Index.ets:328","declare class CommonMethod<T>@entry\src\main\ets\pages\Index.ets:328","","26.0.0(26)","declare class CommonMethod<T>"
"declare class CommonMethod<T>","接口定义变更","harmonyos_behavior_changes/HarmonyOS_26.0.0(26)_Beta1.json","CommonMethod","",".padding(SPACING_SMALL)","ArkTS","entry\src\main\ets\pages\Index.ets:329","declare class CommonMethod<T>@entry\src\main\ets\pages\Index.ets:329","","26.0.0(26)","declare class CommonMethod<T>"
"declare class CommonMethod<T>","接口定义变更","harmonyos_behavior_changes/HarmonyOS_26.0.0(26)_Beta1.json","CommonMethod","",".backgroundColor(COLOR_BG_CARD)","ArkTS","entry\src\main\ets\pages\Index.ets:330","declare class CommonMethod<T>@entry\src\main\ets\pages\Index.ets:330","","26.0.0(26)","declare class CommonMethod<T>"
"declare class CommonMethod<T>","接口定义变更","harmonyos_behavior_changes/HarmonyOS_26.0.0(26)_Beta1.json","CommonMethod","",".borderRadius(RADIUS_CARD)","ArkTS","entry\src\main\ets\pages\Index.ets:331","declare class CommonMethod<T>@entry\src\main\ets\pages\Index.ets:331","","26.0.0(26)","declare class CommonMethod<T>"
"declare class CommonMethod<T>","接口定义变更","harmonyos_behavior_changes/HarmonyOS_26.0.0(26)_Beta1.json","CommonMethod","",".margin({ left: PADDING_PAGE, right: PADDING_PAGE, top: SPACING_SMALL })","ArkTS","entry\src\main\ets\pages\Index.ets:332","declare class CommonMethod<T>@entry\src\main\ets\pages\Index.ets:332","","26.0.0(26)","declare class CommonMethod<T>"
"declare class CommonMethod<T>","接口定义变更","harmonyos_behavior_changes/HarmonyOS_26.0.0(26)_Beta1.json","CommonMethod","",".fontSize(FONT_SIZE_NORMAL)","ArkTS","entry\src\main\ets\pages\Index.ets:344","declare class CommonMethod<T>@entry\src\main\ets\pages\Index.ets:344","","26.0.0(26)","declare class CommonMethod<T>"
"declare class CommonMethod<T>","接口定义变更","harmonyos_behavior_changes/HarmonyOS_26.0.0(26)_Beta1.json","CommonMethod","",".fontWeight(FontWeight.Bold)","ArkTS","entry\src\main\ets\pages\Index.ets:345","declare class CommonMethod<T>@entry\src\main\ets\pages\Index.ets:345","","26.0.0(26)","declare class CommonMethod<T>"
"declare class CommonMethod<T>","接口定义变更","harmonyos_behavior_changes/HarmonyOS_26.0.0(26)_Beta1.json","CommonMethod","",".fontColor(COLOR_TEXT_PRIMARY)","ArkTS","entry\src\main\ets\pages\Index.ets:346","declare class CommonMethod<T>@entry\src\main\ets\pages\Index.ets:346","","26.0.0(26)","declare class CommonMethod<T>"
"declare class CommonMethod<T>","接口定义变更","harmonyos_behavior_changes/HarmonyOS_26.0.0(26)_Beta1.json","CommonMethod","",".fontSize(FONT_SIZE_SMALL)","ArkTS","entry\src\main\ets\pages\Index.ets:351","declare class CommonMethod<T>@entry\src\main\ets\pages\Index.ets:351","","26.0.0(26)","declare class CommonMethod<T>"
"declare class CommonMethod<T>","接口定义变更","harmonyos_behavior_changes/HarmonyOS_26.0.0(26)_Beta1.json","CommonMethod","",".fontColor(COLOR_TEXT_TERTIARY)","ArkTS","entry\src\main\ets\pages\Index.ets:352","declare class CommonMethod<T>@entry\src\main\ets\pages\Index.ets:352","","26.0.0(26)","declare class CommonMethod<T>"
"declare class CommonMethod<T>","接口定义变更","harmonyos_behavior_changes/HarmonyOS_26.0.0(26)_Beta1.json","CommonMethod","",".width('100%')","ArkTS","entry\src\main\ets\pages\Index.ets:354","declare class CommonMethod<T>@entry\src\main\ets\pages\Index.ets:354","","26.0.0(26)","declare class CommonMethod<T>"
"declare class CommonMethod<T>","接口定义变更","harmonyos_behavior_changes/HarmonyOS_26.0.0(26)_Beta1.json","CommonMethod","",".height(PANEL_HEADER_HEIGHT)","ArkTS","entry\src\main\ets\pages\Index.ets:355","declare class CommonMethod<T>@entry\src\main\ets\pages\Index.ets:355","","26.0.0(26)","declare class CommonMethod<T>"
"declare class CommonMethod<T>","接口定义变更","harmonyos_behavior_changes/HarmonyOS_26.0.0(26)_Beta1.json","CommonMethod","",".padding({ left: PADDING_COMPACT, right: PADDING_COMPACT })","ArkTS","entry\src\main\ets\pages\Index.ets:356","declare class CommonMethod<T>@entry\src\main\ets\pages\Index.ets:356","","26.0.0(26)","declare class CommonMethod<T>"
"declare class CommonMethod<T>","接口定义变更","harmonyos_behavior_changes/HarmonyOS_26.0.0(26)_Beta1.json","CommonMethod","",".onClick(() => this.toggleStylePanel())","ArkTS","entry\src\main\ets\pages\Index.ets:357","declare class CommonMethod<T>@entry\src\main\ets\pages\Index.ets:357","","26.0.0(26)","declare class CommonMethod<T>"
"declare class CommonMethod<T>","接口定义变更","harmonyos_behavior_changes/HarmonyOS_26.0.0(26)_Beta1.json","CommonMethod","",".fontSize(FONT_SIZE_SMALL)","ArkTS","entry\src\main\ets\pages\Index.ets:365","declare class CommonMethod<T>@entry\src\main\ets\pages\Index.ets:365","","26.0.0(26)","declare class CommonMethod<T>"
"declare class CommonMethod<T>","接口定义变更","harmonyos_behavior_changes/HarmonyOS_26.0.0(26)_Beta1.json","CommonMethod","",".fontColor(COLOR_TEXT_SECONDARY)","ArkTS","entry\src\main\ets\pages\Index.ets:366","declare class CommonMethod<T>@entry\src\main\ets\pages\Index.ets:366","","26.0.0(26)","declare class CommonMethod<T>"
"declare class CommonMethod<T>","接口定义变更","harmonyos_behavior_changes/HarmonyOS_26.0.0(26)_Beta1.json","CommonMethod","",".fontSize(FONT_SIZE_SMALL)","ArkTS","entry\src\main\ets\pages\Index.ets:369","declare class CommonMethod<T>@entry\src\main\ets\pages\Index.ets:369","","26.0.0(26)","declare class CommonMethod<T>"
"declare class CommonMethod<T>","接口定义变更","harmonyos_behavior_changes/HarmonyOS_26.0.0(26)_Beta1.json","CommonMethod","",".fontColor(COLOR_TEXT_TERTIARY)","ArkTS","entry\src\main\ets\pages\Index.ets:370","declare class CommonMethod<T>@entry\src\main\ets\pages\Index.ets:370","","26.0.0(26)","declare class CommonMethod<T>"
"declare class CommonMethod<T>","接口定义变更","harmonyos_behavior_changes/HarmonyOS_26.0.0(26)_Beta1.json","CommonMethod","",".width('100%')","ArkTS","entry\src\main\ets\pages\Index.ets:372","declare class CommonMethod<T>@entry\src\main\ets\pages\Index.ets:372","","26.0.0(26)","declare class CommonMethod<T>"
"declare class CommonMethod<T>","接口定义变更","harmonyos_behavior_changes/HarmonyOS_26.0.0(26)_Beta1.json","CommonMethod","",".height(ROW_HEIGHT_CONFIG)","ArkTS","entry\src\main\ets\pages\Index.ets:373","declare class CommonMethod<T>@entry\src\main\ets\pages\Index.ets:373","","26.0.0(26)","declare class CommonMethod<T>"
"declare class CommonMethod<T>","接口定义变更","harmonyos_behavior_changes/HarmonyOS_26.0.0(26)_Beta1.json","CommonMethod","",".padding({ left: PADDING_COMPACT, right: PADDING_COMPACT })","ArkTS","entry\src\main\ets\pages\Index.ets:374","declare class CommonMethod<T>@entry\src\main\ets\pages\Index.ets:374","","26.0.0(26)","declare class CommonMethod<T>"
"declare class CommonMethod<T>","接口定义变更","harmonyos_behavior_changes/HarmonyOS_26.0.0(26)_Beta1.json","CommonMethod","",".width('100%')","ArkTS","entry\src\main\ets\pages\Index.ets:384","declare class CommonMethod<T>@entry\src\main\ets\pages\Index.ets:384","","26.0.0(26)","declare class CommonMethod<T>"
"declare class CommonMethod<T>","接口定义变更","harmonyos_behavior_changes/HarmonyOS_26.0.0(26)_Beta1.json","CommonMethod","",".padding({ left: PADDING_COMPACT, right: PADDING_COMPACT })","ArkTS","entry\src\main\ets\pages\Index.ets:385","declare class CommonMethod<T>@entry\src\main\ets\pages\Index.ets:385","","26.0.0(26)","declare class CommonMethod<T>"
"declare class CommonMethod<T>","接口定义变更","harmonyos_behavior_changes/HarmonyOS_26.0.0(26)_Beta1.json","CommonMethod","",".justifyContent(FlexAlign.SpaceBetween)","ArkTS","entry\src\main\ets\pages\Index.ets:386","declare class CommonMethod<T>@entry\src\main\ets\pages\Index.ets:386","","26.0.0(26)","declare class CommonMethod<T>"
"declare class CommonMethod<T>","接口定义变更","harmonyos_behavior_changes/HarmonyOS_26.0.0(26)_Beta1.json","CommonMethod","","Blank().height(SPACING_MEDIUM)","ArkTS","entry\src\main\ets\pages\Index.ets:388","declare class CommonMethod<T>@entry\src\main\ets\pages\Index.ets:388","","26.0.0(26)","declare class CommonMethod<T>"
"declare class CommonMethod<T>","接口定义变更","harmonyos_behavior_changes/HarmonyOS_26.0.0(26)_Beta1.json","CommonMethod","",".fontSize(FONT_SIZE_SMALL)","ArkTS","entry\src\main\ets\pages\Index.ets:393","declare class CommonMethod<T>@entry\src\main\ets\pages\Index.ets:393","","26.0.0(26)","declare class CommonMethod<T>"
"declare class CommonMethod<T>","接口定义变更","harmonyos_behavior_changes/HarmonyOS_26.0.0(26)_Beta1.json","CommonMethod","",".fontColor(COLOR_TEXT_SECONDARY)","ArkTS","entry\src\main\ets\pages\Index.ets:394","declare class CommonMethod<T>@entry\src\main\ets\pages\Index.ets:394","","26.0.0(26)","declare class CommonMethod<T>"
"declare class CommonMethod<T>","接口定义变更","harmonyos_behavior_changes/HarmonyOS_26.0.0(26)_Beta1.json","CommonMethod","",".fontSize(FONT_SIZE_SMALL)","ArkTS","entry\src\main\ets\pages\Index.ets:397","declare class CommonMethod<T>@entry\src\main\ets\pages\Index.ets:397","","26.0.0(26)","declare class CommonMethod<T>"
"declare class CommonMethod<T>","接口定义变更","harmonyos_behavior_changes/HarmonyOS_26.0.0(26)_Beta1.json","CommonMethod","",".fontColor(COLOR_TEXT_TERTIARY)","ArkTS","entry\src\main\ets\pages\Index.ets:398","declare class CommonMethod<T>@entry\src\main\ets\pages\Index.ets:398","","26.0.0(26)","declare class CommonMethod<T>"
"declare class CommonMethod<T>","接口定义变更","harmonyos_behavior_changes/HarmonyOS_26.0.0(26)_Beta1.json","CommonMethod","","Blank().width(SPACING_SMALL)","ArkTS","entry\src\main\ets\pages\Index.ets:399","declare class CommonMethod<T>@entry\src\main\ets\pages\Index.ets:399","","26.0.0(26)","declare class CommonMethod<T>"
"declare class CommonMethod<T>","接口定义变更","harmonyos_behavior_changes/HarmonyOS_26.0.0(26)_Beta1.json","CommonMethod","",".onChange((isOn: boolean) => {","ArkTS","entry\src\main\ets\pages\Index.ets:401","declare class CommonMethod<T>@entry\src\main\ets\pages\Index.ets:401","","26.0.0(26)","declare class CommonMethod<T>"
"declare class CommonMethod<T>","接口定义变更","harmonyos_behavior_changes/HarmonyOS_26.0.0(26)_Beta1.json","CommonMethod","",".width('100%')","ArkTS","entry\src\main\ets\pages\Index.ets:406","declare class CommonMethod<T>@entry\src\main\ets\pages\Index.ets:406","","26.0.0(26)","declare class CommonMethod<T>"
"declare class CommonMethod<T>","接口定义变更","harmonyos_behavior_changes/HarmonyOS_26.0.0(26)_Beta1.json","CommonMethod","",".height(ROW_HEIGHT_CONFIG)","ArkTS","entry\src\main\ets\pages\Index.ets:407","declare class CommonMethod<T>@entry\src\main\ets\pages\Index.ets:407","","26.0.0(26)","declare class CommonMethod<T>"
"declare class CommonMethod<T>","接口定义变更","harmonyos_behavior_changes/HarmonyOS_26.0.0(26)_Beta1.json","CommonMethod","",".padding({ left: PADDING_COMPACT, right: PADDING_COMPACT })","ArkTS","entry\src\main\ets\pages\Index.ets:408","declare class CommonMethod<T>@entry\src\main\ets\pages\Index.ets:408","","26.0.0(26)","declare class CommonMethod<T>"
"declare class CommonMethod<T>","接口定义变更","harmonyos_behavior_changes/HarmonyOS_26.0.0(26)_Beta1.json","CommonMethod","",".fontSize(FONT_SIZE_SMALL)","ArkTS","entry\src\main\ets\pages\Index.ets:413","declare class CommonMethod<T>@entry\src\main\ets\pages\Index.ets:413","","26.0.0(26)","declare class CommonMethod<T>"
"declare class CommonMethod<T>","接口定义变更","harmonyos_behavior_changes/HarmonyOS_26.0.0(26)_Beta1.json","CommonMethod","",".fontColor(COLOR_TEXT_SECONDARY)","ArkTS","entry\src\main\ets\pages\Index.ets:414","declare class CommonMethod<T>@entry\src\main\ets\pages\Index.ets:414","","26.0.0(26)","declare class CommonMethod<T>"
"declare class CommonMethod<T>","接口定义变更","harmonyos_behavior_changes/HarmonyOS_26.0.0(26)_Beta1.json","CommonMethod","",".fontSize(FONT_SIZE_SMALL)","ArkTS","entry\src\main\ets\pages\Index.ets:417","declare class CommonMethod<T>@entry\src\main\ets\pages\Index.ets:417","","26.0.0(26)","declare class CommonMethod<T>"
"declare class CommonMethod<T>","接口定义变更","harmonyos_behavior_changes/HarmonyOS_26.0.0(26)_Beta1.json","CommonMethod","",".fontColor(COLOR_TEXT_TERTIARY)","ArkTS","entry\src\main\ets\pages\Index.ets:418","declare class CommonMethod<T>@entry\src\main\ets\pages\Index.ets:418","","26.0.0(26)","declare class CommonMethod<T>"
"declare class CommonMethod<T>","接口定义变更","harmonyos_behavior_changes/HarmonyOS_26.0.0(26)_Beta1.json","CommonMethod","",".width('100%')","ArkTS","entry\src\main\ets\pages\Index.ets:420","declare class CommonMethod<T>@entry\src\main\ets\pages\Index.ets:420","","26.0.0(26)","declare class CommonMethod<T>"
"declare class CommonMethod<T>","接口定义变更","harmonyos_behavior_changes/HarmonyOS_26.0.0(26)_Beta1.json","CommonMethod","",".height(ROW_HEIGHT_CONFIG)","ArkTS","entry\src\main\ets\pages\Index.ets:421","declare class CommonMethod<T>@entry\src\main\ets\pages\Index.ets:421","","26.0.0(26)","declare class CommonMethod<T>"
"declare class CommonMethod<T>","接口定义变更","harmonyos_behavior_changes/HarmonyOS_26.0.0(26)_Beta1.json","CommonMethod","",".padding({ left: PADDING_COMPACT, right: PADDING_COMPACT })","ArkTS","entry\src\main\ets\pages\Index.ets:422","declare class CommonMethod<T>@entry\src\main\ets\pages\Index.ets:422","","26.0.0(26)","declare class CommonMethod<T>"
"declare class CommonMethod<T>","接口定义变更","harmonyos_behavior_changes/HarmonyOS_26.0.0(26)_Beta1.json","CommonMethod","",".width('100%')","ArkTS","entry\src\main\ets\pages\Index.ets:429","declare class CommonMethod<T>@entry\src\main\ets\pages\Index.ets:429","","26.0.0(26)","declare class CommonMethod<T>"
"declare class CommonMethod<T>","接口定义变更","harmonyos_behavior_changes/HarmonyOS_26.0.0(26)_Beta1.json","CommonMethod","",".padding({ left: PADDING_COMPACT, right: PADDING_COMPACT })","ArkTS","entry\src\main\ets\pages\Index.ets:430","declare class CommonMethod<T>@entry\src\main\ets\pages\Index.ets:430","","26.0.0(26)","declare class CommonMethod<T>"
"declare class CommonMethod<T>","接口定义变更","harmonyos_behavior_changes/HarmonyOS_26.0.0(26)_Beta1.json","CommonMethod","",".justifyContent(FlexAlign.Start)","ArkTS","entry\src\main\ets\pages\Index.ets:431","declare class CommonMethod<T>@entry\src\main\ets\pages\Index.ets:431","","26.0.0(26)","declare class CommonMethod<T>"
"declare class CommonMethod<T>","接口定义变更","harmonyos_behavior_changes/HarmonyOS_26.0.0(26)_Beta1.json","CommonMethod","","Blank().height(SPACING_MEDIUM)","ArkTS","entry\src\main\ets\pages\Index.ets:433","declare class CommonMethod<T>@entry\src\main\ets\pages\Index.ets:433","","26.0.0(26)","declare class CommonMethod<T>"
"declare class CommonMethod<T>","接口定义变更","harmonyos_behavior_changes/HarmonyOS_26.0.0(26)_Beta1.json","CommonMethod","",".fontSize(FONT_SIZE_SMALL)","ArkTS","entry\src\main\ets\pages\Index.ets:438","declare class CommonMethod<T>@entry\src\main\ets\pages\Index.ets:438","","26.0.0(26)","declare class CommonMethod<T>"
"declare class CommonMethod<T>","接口定义变更","harmonyos_behavior_changes/HarmonyOS_26.0.0(26)_Beta1.json","CommonMethod","",".fontColor(COLOR_TEXT_SECONDARY)","ArkTS","entry\src\main\ets\pages\Index.ets:439","declare class CommonMethod<T>@entry\src\main\ets\pages\Index.ets:439","","26.0.0(26)","declare class CommonMethod<T>"
"declare class CommonMethod<T>","接口定义变更","harmonyos_behavior_changes/HarmonyOS_26.0.0(26)_Beta1.json","CommonMethod","",".onChange((isOn: boolean) => {","ArkTS","entry\src\main\ets\pages\Index.ets:442","declare class CommonMethod<T>@entry\src\main\ets\pages\Index.ets:442","","26.0.0(26)","declare class CommonMethod<T>"
"declare class CommonMethod<T>","接口定义变更","harmonyos_behavior_changes/HarmonyOS_26.0.0(26)_Beta1.json","CommonMethod","",".width('100%')","ArkTS","entry\src\main\ets\pages\Index.ets:448","declare class CommonMethod<T>@entry\src\main\ets\pages\Index.ets:448","","26.0.0(26)","declare class CommonMethod<T>"
"declare class CommonMethod<T>","接口定义变更","harmonyos_behavior_changes/HarmonyOS_26.0.0(26)_Beta1.json","CommonMethod","",".height(ROW_HEIGHT_CONFIG)","ArkTS","entry\src\main\ets\pages\Index.ets:449","declare class CommonMethod<T>@entry\src\main\ets\pages\Index.ets:449","","26.0.0(26)","declare class CommonMethod<T>"
"declare class CommonMethod<T>","接口定义变更","harmonyos_behavior_changes/HarmonyOS_26.0.0(26)_Beta1.json","CommonMethod","",".padding({ left: PADDING_COMPACT, right: PADDING_COMPACT })","ArkTS","entry\src\main\ets\pages\Index.ets:450","declare class CommonMethod<T>@entry\src\main\ets\pages\Index.ets:450","","26.0.0(26)","declare class CommonMethod<T>"
"declare class CommonMethod<T>","接口定义变更","harmonyos_behavior_changes/HarmonyOS_26.0.0(26)_Beta1.json","CommonMethod","",".fontSize(FONT_SIZE_SMALL)","ArkTS","entry\src\main\ets\pages\Index.ets:455","declare class CommonMethod<T>@entry\src\main\ets\pages\Index.ets:455","","26.0.0(26)","declare class CommonMethod<T>"
"declare class CommonMethod<T>","接口定义变更","harmonyos_behavior_changes/HarmonyOS_26.0.0(26)_Beta1.json","CommonMethod","",".fontColor(COLOR_TEXT_SECONDARY)","ArkTS","entry\src\main\ets\pages\Index.ets:456","declare class CommonMethod<T>@entry\src\main\ets\pages\Index.ets:456","","26.0.0(26)","declare class CommonMethod<T>"
"declare class CommonMethod<T>","接口定义变更","harmonyos_behavior_changes/HarmonyOS_26.0.0(26)_Beta1.json","CommonMethod","",".onChange((isOn: boolean) => {","ArkTS","entry\src\main\ets\pages\Index.ets:459","declare class CommonMethod<T>@entry\src\main\ets\pages\Index.ets:459","","26.0.0(26)","declare class CommonMethod<T>"
"declare class CommonMethod<T>","接口定义变更","harmonyos_behavior_changes/HarmonyOS_26.0.0(26)_Beta1.json","CommonMethod","",".width('100%')","ArkTS","entry\src\main\ets\pages\Index.ets:464","declare class CommonMethod<T>@entry\src\main\ets\pages\Index.ets:464","","26.0.0(26)","declare class CommonMethod<T>"
"declare class CommonMethod<T>","接口定义变更","harmonyos_behavior_changes/HarmonyOS_26.0.0(26)_Beta1.json","CommonMethod","",".height(ROW_HEIGHT_CONFIG)","ArkTS","entry\src\main\ets\pages\Index.ets:465","declare class CommonMethod<T>@entry\src\main\ets\pages\Index.ets:465","","26.0.0(26)","declare class CommonMethod<T>"
"declare class CommonMethod<T>","接口定义变更","harmonyos_behavior_changes/HarmonyOS_26.0.0(26)_Beta1.json","CommonMethod","",".padding({ left: PADDING_COMPACT, right: PADDING_COMPACT })","ArkTS","entry\src\main\ets\pages\Index.ets:466","declare class CommonMethod<T>@entry\src\main\ets\pages\Index.ets:466","","26.0.0(26)","declare class CommonMethod<T>"
"declare class CommonMethod<T>","接口定义变更","harmonyos_behavior_changes/HarmonyOS_26.0.0(26)_Beta1.json","CommonMethod","","Blank().height(SPACING_SMALL)","ArkTS","entry\src\main\ets\pages\Index.ets:469","declare class CommonMethod<T>@entry\src\main\ets\pages\Index.ets:469","","26.0.0(26)","declare class CommonMethod<T>"
"declare class CommonMethod<T>","接口定义变更","harmonyos_behavior_changes/HarmonyOS_26.0.0(26)_Beta1.json","CommonMethod","",".fontSize(FONT_SIZE_SMALL)","ArkTS","entry\src\main\ets\pages\Index.ets:472","declare class CommonMethod<T>@entry\src\main\ets\pages\Index.ets:472","","26.0.0(26)","declare class CommonMethod<T>"
"declare class CommonMethod<T>","接口定义变更","harmonyos_behavior_changes/HarmonyOS_26.0.0(26)_Beta1.json","CommonMethod","",".fontColor(COLOR_TEXT_TERTIARY)","ArkTS","entry\src\main\ets\pages\Index.ets:473","declare class CommonMethod<T>@entry\src\main\ets\pages\Index.ets:473","","26.0.0(26)","declare class CommonMethod<T>"
"declare class CommonMethod<T>","接口定义变更","harmonyos_behavior_changes/HarmonyOS_26.0.0(26)_Beta1.json","CommonMethod","",".width('100%')","ArkTS","entry\src\main\ets\pages\Index.ets:474","declare class CommonMethod<T>@entry\src\main\ets\pages\Index.ets:474","","26.0.0(26)","declare class CommonMethod<T>"
"declare class CommonMethod<T>","接口定义变更","harmonyos_behavior_changes/HarmonyOS_26.0.0(26)_Beta1.json","CommonMethod","",".textAlign(TextAlign.Center)","ArkTS","entry\src\main\ets\pages\Index.ets:475","declare class CommonMethod<T>@entry\src\main\ets\pages\Index.ets:475","","26.0.0(26)","declare class CommonMethod<T>"
"declare class CommonMethod<T>","接口定义变更","harmonyos_behavior_changes/HarmonyOS_26.0.0(26)_Beta1.json","CommonMethod","",".width('100%')","ArkTS","entry\src\main\ets\pages\Index.ets:477","declare class CommonMethod<T>@entry\src\main\ets\pages\Index.ets:477","","26.0.0(26)","declare class CommonMethod<T>"
"declare class CommonMethod<T>","接口定义变更","harmonyos_behavior_changes/HarmonyOS_26.0.0(26)_Beta1.json","CommonMethod","",".padding({ bottom: PADDING_COMPACT })","ArkTS","entry\src\main\ets\pages\Index.ets:478","declare class CommonMethod<T>@entry\src\main\ets\pages\Index.ets:478","","26.0.0(26)","declare class CommonMethod<T>"
"declare class CommonMethod<T>","接口定义变更","harmonyos_behavior_changes/HarmonyOS_26.0.0(26)_Beta1.json","CommonMethod","",".width('100%')","ArkTS","entry\src\main\ets\pages\Index.ets:481","declare class CommonMethod<T>@entry\src\main\ets\pages\Index.ets:481","","26.0.0(26)","declare class CommonMethod<T>"
"declare class CommonMethod<T>","接口定义变更","harmonyos_behavior_changes/HarmonyOS_26.0.0(26)_Beta1.json","CommonMethod","",".backgroundColor(COLOR_BG_CARD)","ArkTS","entry\src\main\ets\pages\Index.ets:482","declare class CommonMethod<T>@entry\src\main\ets\pages\Index.ets:482","","26.0.0(26)","declare class CommonMethod<T>"
"declare class CommonMethod<T>","接口定义变更","harmonyos_behavior_changes/HarmonyOS_26.0.0(26)_Beta1.json","CommonMethod","",".borderRadius(RADIUS_CARD)","ArkTS","entry\src\main\ets\pages\Index.ets:483","declare class CommonMethod<T>@entry\src\main\ets\pages\Index.ets:483","","26.0.0(26)","declare class CommonMethod<T>"
"declare class CommonMethod<T>","接口定义变更","harmonyos_behavior_changes/HarmonyOS_26.0.0(26)_Beta1.json","CommonMethod","",".width(COLOR_SWATCH_SIZE)","ArkTS","entry\src\main\ets\pages\Index.ets:493","declare class CommonMethod<T>@entry\src\main\ets\pages\Index.ets:493","","26.0.0(26)","declare class CommonMethod<T>"
"declare class CommonMethod<T>","接口定义变更","harmonyos_behavior_changes/HarmonyOS_26.0.0(26)_Beta1.json","CommonMethod","",".height(COLOR_SWATCH_SIZE)","ArkTS","entry\src\main\ets\pages\Index.ets:494","declare class CommonMethod<T>@entry\src\main\ets\pages\Index.ets:494","","26.0.0(26)","declare class CommonMethod<T>"
"declare class CommonMethod<T>","接口定义变更","harmonyos_behavior_changes/HarmonyOS_26.0.0(26)_Beta1.json","CommonMethod","",".backgroundColor(color)","ArkTS","entry\src\main\ets\pages\Index.ets:495","declare class CommonMethod<T>@entry\src\main\ets\pages\Index.ets:495","","26.0.0(26)","declare class CommonMethod<T>"
"declare class CommonMethod<T>","接口定义变更","harmonyos_behavior_changes/HarmonyOS_26.0.0(26)_Beta1.json","CommonMethod","",".borderRadius(RADIUS_SWITCH_BG)","ArkTS","entry\src\main\ets\pages\Index.ets:496","declare class CommonMethod<T>@entry\src\main\ets\pages\Index.ets:496","","26.0.0(26)","declare class CommonMethod<T>"
"declare class CommonMethod<T>","接口定义变更","harmonyos_behavior_changes/HarmonyOS_26.0.0(26)_Beta1.json","CommonMethod","",".margin({ bottom: COLOR_LABEL_SPACING })","ArkTS","entry\src\main\ets\pages\Index.ets:497","declare class CommonMethod<T>@entry\src\main\ets\pages\Index.ets:497","","26.0.0(26)","declare class CommonMethod<T>"
"declare class CommonMethod<T>","接口定义变更","harmonyos_behavior_changes/HarmonyOS_26.0.0(26)_Beta1.json","CommonMethod","",".fontSize(FONT_SIZE_XSMALL)","ArkTS","entry\src\main\ets\pages\Index.ets:499","declare class CommonMethod<T>@entry\src\main\ets\pages\Index.ets:499","","26.0.0(26)","declare class CommonMethod<T>"
"declare class CommonMethod<T>","接口定义变更","harmonyos_behavior_changes/HarmonyOS_26.0.0(26)_Beta1.json","CommonMethod","",".fontColor(COLOR_TEXT_TERTIARY)","ArkTS","entry\src\main\ets\pages\Index.ets:500","declare class CommonMethod<T>@entry\src\main\ets\pages\Index.ets:500","","26.0.0(26)","declare class CommonMethod<T>"
"declare class CommonMethod<T>","接口定义变更","harmonyos_behavior_changes/HarmonyOS_26.0.0(26)_Beta1.json","CommonMethod","",".onClick(() => {","ArkTS","entry\src\main\ets\pages\Index.ets:502","declare class CommonMethod<T>@entry\src\main\ets\pages\Index.ets:502","","26.0.0(26)","declare class CommonMethod<T>"
"declare class CommonMethod<T>","接口定义变更","harmonyos_behavior_changes/HarmonyOS_26.0.0(26)_Beta1.json","CommonMethod","",".fontSize(FONT_SIZE_NORMAL)","ArkTS","entry\src\main\ets\pages\Index.ets:522","declare class CommonMethod<T>@entry\src\main\ets\pages\Index.ets:522","","26.0.0(26)","declare class CommonMethod<T>"
"declare class CommonMethod<T>","接口定义变更","harmonyos_behavior_changes/HarmonyOS_26.0.0(26)_Beta1.json","CommonMethod","",".fontWeight(FontWeight.Bold)","ArkTS","entry\src\main\ets\pages\Index.ets:523","declare class CommonMethod<T>@entry\src\main\ets\pages\Index.ets:523","","26.0.0(26)","declare class CommonMethod<T>"
"declare class CommonMethod<T>","接口定义变更","harmonyos_behavior_changes/HarmonyOS_26.0.0(26)_Beta1.json","CommonMethod","",".fontColor(COLOR_TEXT_PRIMARY)","ArkTS","entry\src\main\ets\pages\Index.ets:524","declare class CommonMethod<T>@entry\src\main\ets\pages\Index.ets:524","","26.0.0(26)","declare class CommonMethod<T>"
"declare class CommonMethod<T>","接口定义变更","harmonyos_behavior_changes/HarmonyOS_26.0.0(26)_Beta1.json","CommonMethod","",".fontSize(FONT_SIZE_SMALL)","ArkTS","entry\src\main\ets\pages\Index.ets:529","declare class CommonMethod<T>@entry\src\main\ets\pages\Index.ets:529","","26.0.0(26)","declare class CommonMethod<T>"
"declare class CommonMethod<T>","接口定义变更","harmonyos_behavior_changes/HarmonyOS_26.0.0(26)_Beta1.json","CommonMethod","",".height(BUTTON_HEIGHT_CLEAR)","ArkTS","entry\src\main\ets\pages\Index.ets:530","declare class CommonMethod<T>@entry\src\main\ets\pages\Index.ets:530","","26.0.0(26)","declare class CommonMethod<T>"
"declare class CommonMethod<T>","接口定义变更","harmonyos_behavior_changes/HarmonyOS_26.0.0(26)_Beta1.json","CommonMethod","",".borderRadius(RADIUS_BUTTON)","ArkTS","entry\src\main\ets\pages\Index.ets:531","declare class CommonMethod<T>@entry\src\main\ets\pages\Index.ets:531","","26.0.0(26)","declare class CommonMethod<T>"
"declare class CommonMethod<T>","接口定义变更","harmonyos_behavior_changes/HarmonyOS_26.0.0(26)_Beta1.json","CommonMethod","",".onClick(() => this.clearLogs())","ArkTS","entry\src\main\ets\pages\Index.ets:532","declare class CommonMethod<T>@entry\src\main\ets\pages\Index.ets:532","","26.0.0(26)","declare class CommonMethod<T>"
"declare class CommonMethod<T>","接口定义变更","harmonyos_behavior_changes/HarmonyOS_26.0.0(26)_Beta1.json","CommonMethod","","Blank().width(SPACING_SMALL)","ArkTS","entry\src\main\ets\pages\Index.ets:534","declare class CommonMethod<T>@entry\src\main\ets\pages\Index.ets:534","","26.0.0(26)","declare class CommonMethod<T>"
"declare class CommonMethod<T>","接口定义变更","harmonyos_behavior_changes/HarmonyOS_26.0.0(26)_Beta1.json","CommonMethod","",".fontSize(FONT_SIZE_SMALL)","ArkTS","entry\src\main\ets\pages\Index.ets:537","declare class CommonMethod<T>@entry\src\main\ets\pages\Index.ets:537","","26.0.0(26)","declare class CommonMethod<T>"
"declare class CommonMethod<T>","接口定义变更","harmonyos_behavior_changes/HarmonyOS_26.0.0(26)_Beta1.json","CommonMethod","",".fontColor(COLOR_TEXT_TERTIARY)","ArkTS","entry\src\main\ets\pages\Index.ets:538","declare class CommonMethod<T>@entry\src\main\ets\pages\Index.ets:538","","26.0.0(26)","declare class CommonMethod<T>"
"declare class CommonMethod<T>","接口定义变更","harmonyos_behavior_changes/HarmonyOS_26.0.0(26)_Beta1.json","CommonMethod","",".onClick(() => this.toggleLogPanel())","ArkTS","entry\src\main\ets\pages\Index.ets:539","declare class CommonMethod<T>@entry\src\main\ets\pages\Index.ets:539","","26.0.0(26)","declare class CommonMethod<T>"
"declare class CommonMethod<T>","接口定义变更","harmonyos_behavior_changes/HarmonyOS_26.0.0(26)_Beta1.json","CommonMethod","",".width('100%')","ArkTS","entry\src\main\ets\pages\Index.ets:541","declare class CommonMethod<T>@entry\src\main\ets\pages\Index.ets:541","","26.0.0(26)","declare class CommonMethod<T>"
"declare class CommonMethod<T>","接口定义变更","harmonyos_behavior_changes/HarmonyOS_26.0.0(26)_Beta1.json","CommonMethod","",".height(PANEL_HEADER_HEIGHT)","ArkTS","entry\src\main\ets\pages\Index.ets:542","declare class CommonMethod<T>@entry\src\main\ets\pages\Index.ets:542","","26.0.0(26)","declare class CommonMethod<T>"
"declare class CommonMethod<T>","接口定义变更","harmonyos_behavior_changes/HarmonyOS_26.0.0(26)_Beta1.json","CommonMethod","",".padding({ left: PADDING_COMPACT, right: PADDING_COMPACT })","ArkTS","entry\src\main\ets\pages\Index.ets:543","declare class CommonMethod<T>@entry\src\main\ets\pages\Index.ets:543","","26.0.0(26)","declare class CommonMethod<T>"
"declare class CommonMethod<T>","接口定义变更","harmonyos_behavior_changes/HarmonyOS_26.0.0(26)_Beta1.json","CommonMethod","",".onClick(() => this.toggleLogPanel())","ArkTS","entry\src\main\ets\pages\Index.ets:544","declare class CommonMethod<T>@entry\src\main\ets\pages\Index.ets:544","","26.0.0(26)","declare class CommonMethod<T>"
"declare class CommonMethod<T>","接口定义变更","harmonyos_behavior_changes/HarmonyOS_26.0.0(26)_Beta1.json","CommonMethod","","Blank().height(SPACING_LARGE)","ArkTS","entry\src\main\ets\pages\Index.ets:550","declare class CommonMethod<T>@entry\src\main\ets\pages\Index.ets:550","","26.0.0(26)","declare class CommonMethod<T>"
"declare class CommonMethod<T>","接口定义变更","harmonyos_behavior_changes/HarmonyOS_26.0.0(26)_Beta1.json","CommonMethod","",".fontSize(FONT_SIZE_SMALL)","ArkTS","entry\src\main\ets\pages\Index.ets:552","declare class CommonMethod<T>@entry\src\main\ets\pages\Index.ets:552","","26.0.0(26)","declare class CommonMethod<T>"
"declare class CommonMethod<T>","接口定义变更","harmonyos_behavior_changes/HarmonyOS_26.0.0(26)_Beta1.json","CommonMethod","",".fontColor(COLOR_TEXT_TERTIARY)","ArkTS","entry\src\main\ets\pages\Index.ets:553","declare class CommonMethod<T>@entry\src\main\ets\pages\Index.ets:553","","26.0.0(26)","declare class CommonMethod<T>"
"declare class CommonMethod<T>","接口定义变更","harmonyos_behavior_changes/HarmonyOS_26.0.0(26)_Beta1.json","CommonMethod","",".width('100%')","ArkTS","entry\src\main\ets\pages\Index.ets:554","declare class CommonMethod<T>@entry\src\main\ets\pages\Index.ets:554","","26.0.0(26)","declare class CommonMethod<T>"
"declare class CommonMethod<T>","接口定义变更","harmonyos_behavior_changes/HarmonyOS_26.0.0(26)_Beta1.json","CommonMethod","",".textAlign(TextAlign.Center)","ArkTS","entry\src\main\ets\pages\Index.ets:555","declare class CommonMethod<T>@entry\src\main\ets\pages\Index.ets:555","","26.0.0(26)","declare class CommonMethod<T>"
"declare class CommonMethod<T>","接口定义变更","harmonyos_behavior_changes/HarmonyOS_26.0.0(26)_Beta1.json","CommonMethod","","Blank().height(SPACING_LARGE)","ArkTS","entry\src\main\ets\pages\Index.ets:556","declare class CommonMethod<T>@entry\src\main\ets\pages\Index.ets:556","","26.0.0(26)","declare class CommonMethod<T>"
"declare class CommonMethod<T>","接口定义变更","harmonyos_behavior_changes/HarmonyOS_26.0.0(26)_Beta1.json","CommonMethod","",".fontSize(FONT_SIZE_SMALL)","ArkTS","entry\src\main\ets\pages\Index.ets:561","declare class CommonMethod<T>@entry\src\main\ets\pages\Index.ets:561","","26.0.0(26)","declare class CommonMethod<T>"
"declare class CommonMethod<T>","接口定义变更","harmonyos_behavior_changes/HarmonyOS_26.0.0(26)_Beta1.json","CommonMethod","",".fontColor(COLOR_TEXT_TERTIARY)","ArkTS","entry\src\main\ets\pages\Index.ets:562","declare class CommonMethod<T>@entry\src\main\ets\pages\Index.ets:562","","26.0.0(26)","declare class CommonMethod<T>"
"declare class CommonMethod<T>","接口定义变更","harmonyos_behavior_changes/HarmonyOS_26.0.0(26)_Beta1.json","CommonMethod","",".fontFamily('monospace')","ArkTS","entry\src\main\ets\pages\Index.ets:563","declare class CommonMethod<T>@entry\src\main\ets\pages\Index.ets:563","","26.0.0(26)","declare class CommonMethod<T>"
"declare class CommonMethod<T>","接口定义变更","harmonyos_behavior_changes/HarmonyOS_26.0.0(26)_Beta1.json","CommonMethod","",".width(TIMESTAMP_WIDTH)","ArkTS","entry\src\main\ets\pages\Index.ets:564","declare class CommonMethod<T>@entry\src\main\ets\pages\Index.ets:564","","26.0.0(26)","declare class CommonMethod<T>"
"declare class CommonMethod<T>","接口定义变更","harmonyos_behavior_changes/HarmonyOS_26.0.0(26)_Beta1.json","CommonMethod","",".fontSize(FONT_SIZE_SMALL)","ArkTS","entry\src\main\ets\pages\Index.ets:566","declare class CommonMethod<T>@entry\src\main\ets\pages\Index.ets:566","","26.0.0(26)","declare class CommonMethod<T>"
"declare class CommonMethod<T>","接口定义变更","harmonyos_behavior_changes/HarmonyOS_26.0.0(26)_Beta1.json","CommonMethod","",".fontColor(COLOR_TEXT_SECONDARY)","ArkTS","entry\src\main\ets\pages\Index.ets:567","declare class CommonMethod<T>@entry\src\main\ets\pages\Index.ets:567","","26.0.0(26)","declare class CommonMethod<T>"
"declare class CommonMethod<T>","接口定义变更","harmonyos_behavior_changes/HarmonyOS_26.0.0(26)_Beta1.json","CommonMethod","",".maxLines(MAX_LINES_LOG_ENTRY)","ArkTS","entry\src\main\ets\pages\Index.ets:568","declare class CommonMethod<T>@entry\src\main\ets\pages\Index.ets:568","","26.0.0(26)","declare class CommonMethod<T>"
"declare class CommonMethod<T>","接口定义变更","harmonyos_behavior_changes/HarmonyOS_26.0.0(26)_Beta1.json","CommonMethod","",".textOverflow({ overflow: TextOverflow.Ellipsis })","ArkTS","entry\src\main\ets\pages\Index.ets:569","declare class CommonMethod<T>@entry\src\main\ets\pages\Index.ets:569","","26.0.0(26)","declare class CommonMethod<T>"
"declare class CommonMethod<T>","接口定义变更","harmonyos_behavior_changes/HarmonyOS_26.0.0(26)_Beta1.json","CommonMethod","",".layoutWeight(LAYOUT_WEIGHT_ONE)","ArkTS","entry\src\main\ets\pages\Index.ets:570","declare class CommonMethod<T>@entry\src\main\ets\pages\Index.ets:570","","26.0.0(26)","declare class CommonMethod<T>"
"declare class CommonMethod<T>","接口定义变更","harmonyos_behavior_changes/HarmonyOS_26.0.0(26)_Beta1.json","CommonMethod","",".width('100%')","ArkTS","entry\src\main\ets\pages\Index.ets:572","declare class CommonMethod<T>@entry\src\main\ets\pages\Index.ets:572","","26.0.0(26)","declare class CommonMethod<T>"
"declare class CommonMethod<T>","接口定义变更","harmonyos_behavior_changes/HarmonyOS_26.0.0(26)_Beta1.json","CommonMethod","",".padding({ top: LOG_ENTRY_SPACING, bottom: LOG_ENTRY_SPACING, left: PADDING_COMPACT, right: PADDING_COMPACT })","ArkTS","entry\src\main\ets\pages\Index.ets:573","declare class CommonMethod<T>@entry\src\main\ets\pages\Index.ets:573","","26.0.0(26)","declare class CommonMethod<T>"
"declare class CommonMethod<T>","接口定义变更","harmonyos_behavior_changes/HarmonyOS_26.0.0(26)_Beta1.json","CommonMethod","",".width('100%')","ArkTS","entry\src\main\ets\pages\Index.ets:577","declare class CommonMethod<T>@entry\src\main\ets\pages\Index.ets:577","","26.0.0(26)","declare class CommonMethod<T>"
"declare class CommonMethod<T>","接口定义变更","harmonyos_behavior_changes/HarmonyOS_26.0.0(26)_Beta1.json","CommonMethod","",".padding({ bottom: PADDING_COMPACT })","ArkTS","entry\src\main\ets\pages\Index.ets:578","declare class CommonMethod<T>@entry\src\main\ets\pages\Index.ets:578","","26.0.0(26)","declare class CommonMethod<T>"
"declare class CommonMethod<T>","接口定义变更","harmonyos_behavior_changes/HarmonyOS_26.0.0(26)_Beta1.json","CommonMethod","",".width('100%')","ArkTS","entry\src\main\ets\pages\Index.ets:581","declare class CommonMethod<T>@entry\src\main\ets\pages\Index.ets:581","","26.0.0(26)","declare class CommonMethod<T>"
"declare class CommonMethod<T>","接口定义变更","harmonyos_behavior_changes/HarmonyOS_26.0.0(26)_Beta1.json","CommonMethod","",".backgroundColor(COLOR_BG_CARD)","ArkTS","entry\src\main\ets\pages\Index.ets:582","declare class CommonMethod<T>@entry\src\main\ets\pages\Index.ets:582","","26.0.0(26)","declare class CommonMethod<T>"
"declare class CommonMethod<T>","接口定义变更","harmonyos_behavior_changes/HarmonyOS_26.0.0(26)_Beta1.json","CommonMethod","",".borderRadius(RADIUS_CARD)","ArkTS","entry\src\main\ets\pages\Index.ets:583","declare class CommonMethod<T>@entry\src\main\ets\pages\Index.ets:583","","26.0.0(26)","declare class CommonMethod<T>"
"declare class CommonMethod<T>","接口定义变更","harmonyos_behavior_changes/HarmonyOS_26.0.0(26)_Beta1.json","CommonMethod","","const dateStr: string = year + '-' + (month + 1).toString() + '-' + day.toString();","ArkTS","entry\src\main\ets\pages\Index.ets:78","declare class CommonMethod<T>@entry\src\main\ets\pages\Index.ets:78","","26.0.0(26)","declare class CommonMethod<T>"
"declare class CommonMethod<T>","接口定义变更","harmonyos_behavior_changes/HarmonyOS_26.0.0(26)_Beta1.json","CommonMethod","","this.owner.selectedMonthText = (month + 1).toString();","ArkTS","entry\src\main\ets\pages\Index.ets:81","declare class CommonMethod<T>@entry\src\main\ets\pages\Index.ets:81","this","26.0.0(26)","declare class CommonMethod<T>"
"declare class CommonMethod<T>","接口定义变更","harmonyos_behavior_changes/HarmonyOS_26.0.0(26)_Beta1.json","CommonMethod","","const firstStr: string = first.year + '-' + (first.month + 1).toString() + '-' + first.day.toString();","ArkTS","entry\src\main\ets\pages\Index.ets:90","declare class CommonMethod<T>@entry\src\main\ets\pages\Index.ets:90","","26.0.0(26)","declare class CommonMethod<T>"
"declare class CommonMethod<T>","接口定义变更","harmonyos_behavior_changes/HarmonyOS_26.0.0(26)_Beta1.json","CommonMethod","","const lastStr: string = last.year + '-' + (last.month + 1).toString() + '-' + last.day.toString();","ArkTS","entry\src\main\ets\pages\Index.ets:91","declare class CommonMethod<T>@entry\src\main\ets\pages\Index.ets:91","","26.0.0(26)","declare class CommonMethod<T>"
"declare class CommonMethod<T>","接口定义变更","harmonyos_behavior_changes/HarmonyOS_26.0.0(26)_Beta1.json","CommonMethod","","if (!this.controller) {","ArkTS","library\src\main\ets\components\DayPickerView.ets:112","declare class CommonMethod<T>@library\src\main\ets\components\DayPickerView.ets:112","","26.0.0(26)","declare class CommonMethod<T>"
"declare class CommonMethod<T>","接口定义变更","harmonyos_behavior_changes/HarmonyOS_26.0.0(26)_Beta1.json","CommonMethod","","if (this.controller === undefined) {","ArkTS","library\src\main\ets\components\DayPickerView.ets:172","declare class CommonMethod<T>@library\src\main\ets\components\DayPickerView.ets:172","","26.0.0(26)","declare class CommonMethod<T>"
"declare class CommonMethod<T>","接口定义变更","harmonyos_behavior_changes/HarmonyOS_26.0.0(26)_Beta1.json","CommonMethod","","const maxYear: number = this.controller.getMaxYear();","ArkTS","library\src\main\ets\components\DayPickerView.ets:181","declare class CommonMethod<T>@library\src\main\ets\components\DayPickerView.ets:181","","26.0.0(26)","declare class CommonMethod<T>"
"declare class CommonMethod<T>","接口定义变更","harmonyos_behavior_changes/HarmonyOS_26.0.0(26)_Beta1.json","CommonMethod","","if (this.controller === undefined) {","ArkTS","library\src\main\ets\components\DayPickerView.ets:286","declare class CommonMethod<T>@library\src\main\ets\components\DayPickerView.ets:286","","26.0.0(26)","declare class CommonMethod<T>"
"declare class CommonMethod<T>","接口定义变更","harmonyos_behavior_changes/HarmonyOS_26.0.0(26)_Beta1.json","CommonMethod","","this.controller.onDayOfMonthSelected(today.year, today.month, today.day);","ArkTS","library\src\main\ets\components\DayPickerView.ets:304","declare class CommonMethod<T>@library\src\main\ets\components\DayPickerView.ets:304","this","26.0.0(26)","declare class CommonMethod<T>"
"declare class CommonMethod<T>","接口定义变更","harmonyos_behavior_changes/HarmonyOS_26.0.0(26)_Beta1.json","CommonMethod","","this.controller?.onDayOfMonthSelected(year, month, day);","ArkTS","library\src\main\ets\components\DayPickerView.ets:335","declare class CommonMethod<T>@library\src\main\ets\components\DayPickerView.ets:335","this","26.0.0(26)","declare class CommonMethod<T>"
"declare class CommonMethod<T>","接口定义变更","harmonyos_behavior_changes/HarmonyOS_26.0.0(26)_Beta1.json","CommonMethod","","this.controller?.onDayOfMonthSelected(year, month, day);","ArkTS","library\src\main\ets\components\DayPickerView.ets:348","declare class CommonMethod<T>@library\src\main\ets\components\DayPickerView.ets:348","this","26.0.0(26)","declare class CommonMethod<T>"
"declare class CommonMethod<T>","接口定义变更","harmonyos_behavior_changes/HarmonyOS_26.0.0(26)_Beta1.json","CommonMethod","","this.controller?.onDateRangeSelected(range);","ArkTS","library\src\main\ets\components\DayPickerView.ets:359","declare class CommonMethod<T>@library\src\main\ets\components\DayPickerView.ets:359","this","26.0.0(26)","declare class CommonMethod<T>"
"declare class CommonMethod<T>","接口定义变更","harmonyos_behavior_changes/HarmonyOS_26.0.0(26)_Beta1.json","CommonMethod","","this.controller?.onDayOfMonthSelected(year, month, day);","ArkTS","library\src\main\ets\components\DayPickerView.ets:370","declare class CommonMethod<T>@library\src\main\ets\components\DayPickerView.ets:370","this","26.0.0(26)","declare class CommonMethod<T>"
"declare class CommonMethod<T>","接口定义变更","harmonyos_behavior_changes/HarmonyOS_26.0.0(26)_Beta1.json","CommonMethod","","if (this.controller !== undefined && this.months.length > INIT_VALUE) {","ArkTS","library\src\main\ets\components\DayPickerView.ets:403","declare class CommonMethod<T>@library\src\main\ets\components\DayPickerView.ets:403","","26.0.0(26)","declare class CommonMethod<T>"
"declare class CommonMethod<T>","接口定义变更","harmonyos_behavior_changes/HarmonyOS_26.0.0(26)_Beta1.json","CommonMethod","","}, (item: MonthItem): string => item.id + '_' + item.selectedBeginDay + '_' + item.selectedLastDay)","ArkTS","library\src\main\ets\components\DayPickerView.ets:420","declare class CommonMethod<T>@library\src\main\ets\components\DayPickerView.ets:420","","26.0.0(26)","declare class CommonMethod<T>"
"declare class CommonMethod<T>","接口定义变更","harmonyos_behavior_changes/HarmonyOS_26.0.0(26)_Beta1.json","CommonMethod","",".width('100%')","ArkTS","library\src\main\ets\components\DayPickerView.ets:422","declare class CommonMethod<T>@library\src\main\ets\components\DayPickerView.ets:422","","26.0.0(26)","declare class CommonMethod<T>"
"declare class CommonMethod<T>","接口定义变更","harmonyos_behavior_changes/HarmonyOS_26.0.0(26)_Beta1.json","CommonMethod","",".height('100%')","ArkTS","library\src\main\ets\components\DayPickerView.ets:423","declare class CommonMethod<T>@library\src\main\ets\components\DayPickerView.ets:423","","26.0.0(26)","declare class CommonMethod<T>"
"declare class CommonMethod<T>","接口定义变更","harmonyos_behavior_changes/HarmonyOS_26.0.0(26)_Beta1.json","CommonMethod","",".width('100%')","ArkTS","library\src\main\ets\components\DayPickerView.ets:426","declare class CommonMethod<T>@library\src\main\ets\components\DayPickerView.ets:426","","26.0.0(26)","declare class CommonMethod<T>"
"declare class CommonMethod<T>","接口定义变更","harmonyos_behavior_changes/HarmonyOS_26.0.0(26)_Beta1.json","CommonMethod","",".height('100%')","ArkTS","library\src\main\ets\components\DayPickerView.ets:427","declare class CommonMethod<T>@library\src\main\ets\components\DayPickerView.ets:427","","26.0.0(26)","declare class CommonMethod<T>"
"declare class CommonMethod<T>","接口定义变更","harmonyos_behavior_changes/HarmonyOS_26.0.0(26)_Beta1.json","CommonMethod","","if (!this.controller) {","ArkTS","library\src\main\ets\components\DayPickerView.ets:99","declare class CommonMethod<T>@library\src\main\ets\components\DayPickerView.ets:99","","26.0.0(26)","declare class CommonMethod<T>"
"declare class CommonMethod<T>","接口定义变更","harmonyos_behavior_changes/HarmonyOS_26.0.0(26)_Beta1.json","CommonMethod","","ctx.textAlign = 'center';","ArkTS","library\src\main\ets\components\SimpleMonthView.ets:241","declare class CommonMethod<T>@library\src\main\ets\components\SimpleMonthView.ets:241","ctx","26.0.0(26)","declare class CommonMethod<T>"
"declare class CommonMethod<T>","接口定义变更","harmonyos_behavior_changes/HarmonyOS_26.0.0(26)_Beta1.json","CommonMethod","","const label: string = WEEK_DAY_NAMES[dayOfWeekIndex].charAt(FIRST_INDEX);","ArkTS","library\src\main\ets\components\SimpleMonthView.ets:300","declare class CommonMethod<T>@library\src\main\ets\components\SimpleMonthView.ets:300","","26.0.0(26)","declare class CommonMethod<T>"
"declare class CommonMethod<T>","接口定义变更","harmonyos_behavior_changes/HarmonyOS_26.0.0(26)_Beta1.json","CommonMethod","","ctx.fill();","ArkTS","library\src\main\ets\components\SimpleMonthView.ets:376","declare class CommonMethod<T>@library\src\main\ets\components\SimpleMonthView.ets:376","ctx","26.0.0(26)","declare class CommonMethod<T>"
"declare class CommonMethod<T>","接口定义变更","harmonyos_behavior_changes/HarmonyOS_26.0.0(26)_Beta1.json","CommonMethod","","ctx.fill();","ArkTS","library\src\main\ets\components\SimpleMonthView.ets:382","declare class CommonMethod<T>@library\src\main\ets\components\SimpleMonthView.ets:382","ctx","26.0.0(26)","declare class CommonMethod<T>"
"declare class CommonMethod<T>","接口定义变更","harmonyos_behavior_changes/HarmonyOS_26.0.0(26)_Beta1.json","CommonMethod","",".width('100%')","ArkTS","library\src\main\ets\components\SimpleMonthView.ets:508","declare class CommonMethod<T>@library\src\main\ets\components\SimpleMonthView.ets:508","","26.0.0(26)","declare class CommonMethod<T>"
"declare class CommonMethod<T>","接口定义变更","harmonyos_behavior_changes/HarmonyOS_26.0.0(26)_Beta1.json","CommonMethod","",".height('100%')","ArkTS","library\src\main\ets\components\SimpleMonthView.ets:509","declare class CommonMethod<T>@library\src\main\ets\components\SimpleMonthView.ets:509","","26.0.0(26)","declare class CommonMethod<T>"
"declare class CommonMethod<T>","接口定义变更","harmonyos_behavior_changes/HarmonyOS_26.0.0(26)_Beta1.json","CommonMethod","",".onReady(() => {","ArkTS","library\src\main\ets\components\SimpleMonthView.ets:510","declare class CommonMethod<T>@library\src\main\ets\components\SimpleMonthView.ets:510","","26.0.0(26)","declare class CommonMethod<T>"
"declare class CommonMethod<T>","接口定义变更","harmonyos_behavior_changes/HarmonyOS_26.0.0(26)_Beta1.json","CommonMethod","",".onAreaChange((_oldValue: Area, newValue: Area) => {","ArkTS","library\src\main\ets\components\SimpleMonthView.ets:516","declare class CommonMethod<T>@library\src\main\ets\components\SimpleMonthView.ets:516","","26.0.0(26)","declare class CommonMethod<T>"
"declare class CommonMethod<T>","接口定义变更","harmonyos_behavior_changes/HarmonyOS_26.0.0(26)_Beta1.json","CommonMethod","","const newWidth: number = newValue.width as number;","ArkTS","library\src\main\ets\components\SimpleMonthView.ets:517","declare class CommonMethod<T>@library\src\main\ets\components\SimpleMonthView.ets:517","","26.0.0(26)","declare class CommonMethod<T>"
"declare class CommonMethod<T>","接口定义变更","harmonyos_behavior_changes/HarmonyOS_26.0.0(26)_Beta1.json","CommonMethod","",".width('100%')","ArkTS","library\src\main\ets\components\SimpleMonthView.ets:529","declare class CommonMethod<T>@library\src\main\ets\components\SimpleMonthView.ets:529","","26.0.0(26)","declare class CommonMethod<T>"
"declare class CommonMethod<T>","接口定义变更","harmonyos_behavior_changes/HarmonyOS_26.0.0(26)_Beta1.json","CommonMethod","",".height(this.viewHeight)","ArkTS","library\src\main\ets\components\SimpleMonthView.ets:530","declare class CommonMethod<T>@library\src\main\ets\components\SimpleMonthView.ets:530","","26.0.0(26)","declare class CommonMethod<T>"
"declare class CommonMethod<T>","接口定义变更","harmonyos_behavior_changes/HarmonyOS_26.0.0(26)_Beta1.json","CommonMethod","",".gesture(","ArkTS","library\src\main\ets\components\SimpleMonthView.ets:532","declare class CommonMethod<T>@library\src\main\ets\components\SimpleMonthView.ets:532","","26.0.0(26)","declare class CommonMethod<T>"
"declare class CommonMethod<T>","接口定义变更","harmonyos_behavior_changes/HarmonyOS_26.0.0(26)_Beta1.json","CommonMethod","",".onAction((event: GestureEvent) => {","ArkTS","library\src\main\ets\components\SimpleMonthView.ets:534","declare class CommonMethod<T>@library\src\main\ets\components\SimpleMonthView.ets:534","","26.0.0(26)","declare class CommonMethod<T>"
"declare const Button: ButtonInterface","UX视觉布局变更","harmonyos_behavior_changes/HarmonyOS_5.1.0(18)_Release.json","Button","","Button('清除')","ArkTS","entry\src\main\ets\pages\Index.ets:528","declare const Button: ButtonInterface@entry\src\main\ets\pages\Index.ets:528","","5.1.0(18)","declare const Button: ButtonInterface"
"declare const Text: TextInterface","UX视觉布局变更","harmonyos_behavior_changes/HarmonyOS_26.0.0(26)_Beta1.json","Text","","Text('CalendarListview Demo')","ArkTS","entry\src\main\ets\pages\Index.ets:266","declare const Text: TextInterface@entry\src\main\ets\pages\Index.ets:266","","26.0.0(26)","declare const Text: TextInterface"
"declare const Text: TextInterface","UX视觉布局变更","harmonyos_behavior_changes/HarmonyOS_26.0.0(26)_Beta1.json","Text","","Text('选中日期')","ArkTS","entry\src\main\ets\pages\Index.ets:277","declare const Text: TextInterface@entry\src\main\ets\pages\Index.ets:277","","26.0.0(26)","declare const Text: TextInterface"
"declare const Text: TextInterface","UX视觉布局变更","harmonyos_behavior_changes/HarmonyOS_26.0.0(26)_Beta1.json","Text","","Text(this.selectedDateText)","ArkTS","entry\src\main\ets\pages\Index.ets:280","declare const Text: TextInterface@entry\src\main\ets\pages\Index.ets:280","","26.0.0(26)","declare const Text: TextInterface"
"declare const Text: TextInterface","UX视觉布局变更","harmonyos_behavior_changes/HarmonyOS_26.0.0(26)_Beta1.json","Text","","Text('日期范围')","ArkTS","entry\src\main\ets\pages\Index.ets:290","declare const Text: TextInterface@entry\src\main\ets\pages\Index.ets:290","","26.0.0(26)","declare const Text: TextInterface"
"declare const Text: TextInterface","UX视觉布局变更","harmonyos_behavior_changes/HarmonyOS_26.0.0(26)_Beta1.json","Text","","Text(this.selectedRangeText)","ArkTS","entry\src\main\ets\pages\Index.ets:293","declare const Text: TextInterface@entry\src\main\ets\pages\Index.ets:293","","26.0.0(26)","declare const Text: TextInterface"
"declare const Text: TextInterface","UX视觉布局变更","harmonyos_behavior_changes/HarmonyOS_26.0.0(26)_Beta1.json","Text","","Text('🎨 样式配置')","ArkTS","entry\src\main\ets\pages\Index.ets:343","declare const Text: TextInterface@entry\src\main\ets\pages\Index.ets:343","","26.0.0(26)","declare const Text: TextInterface"
"declare const Text: TextInterface","UX视觉布局变更","harmonyos_behavior_changes/HarmonyOS_26.0.0(26)_Beta1.json","Text","","Text(this.stylePanelExpanded ? '收起 ▲' : '展开 ▼')","ArkTS","entry\src\main\ets\pages\Index.ets:350","declare const Text: TextInterface@entry\src\main\ets\pages\Index.ets:350","","26.0.0(26)","declare const Text: TextInterface"
"declare const Text: TextInterface","UX视觉布局变更","harmonyos_behavior_changes/HarmonyOS_26.0.0(26)_Beta1.json","Text","","Text('选中背景色')","ArkTS","entry\src\main\ets\pages\Index.ets:364","declare const Text: TextInterface@entry\src\main\ets\pages\Index.ets:364","","26.0.0(26)","declare const Text: TextInterface"
"declare const Text: TextInterface","UX视觉布局变更","harmonyos_behavior_changes/HarmonyOS_26.0.0(26)_Beta1.json","Text","","Text(this.configColorSelectedBg)","ArkTS","entry\src\main\ets\pages\Index.ets:368","declare const Text: TextInterface@entry\src\main\ets\pages\Index.ets:368","","26.0.0(26)","declare const Text: TextInterface"
"declare const Text: TextInterface","UX视觉布局变更","harmonyos_behavior_changes/HarmonyOS_26.0.0(26)_Beta1.json","Text","","Text('选中指示器')","ArkTS","entry\src\main\ets\pages\Index.ets:392","declare const Text: TextInterface@entry\src\main\ets\pages\Index.ets:392","","26.0.0(26)","declare const Text: TextInterface"
"declare const Text: TextInterface","UX视觉布局变更","harmonyos_behavior_changes/HarmonyOS_26.0.0(26)_Beta1.json","Text","","Text(this.configDrawRoundRect ? '圆角矩形' : '圆形')","ArkTS","entry\src\main\ets\pages\Index.ets:396","declare const Text: TextInterface@entry\src\main\ets\pages\Index.ets:396","","26.0.0(26)","declare const Text: TextInterface"
"declare const Text: TextInterface","UX视觉布局变更","harmonyos_behavior_changes/HarmonyOS_26.0.0(26)_Beta1.json","Text","","Text('当日文字高亮')","ArkTS","entry\src\main\ets\pages\Index.ets:412","declare const Text: TextInterface@entry\src\main\ets\pages\Index.ets:412","","26.0.0(26)","declare const Text: TextInterface"
"declare const Text: TextInterface","UX视觉布局变更","harmonyos_behavior_changes/HarmonyOS_26.0.0(26)_Beta1.json","Text","","Text(this.configColorCurrentDay)","ArkTS","entry\src\main\ets\pages\Index.ets:416","declare const Text: TextInterface@entry\src\main\ets\pages\Index.ets:416","","26.0.0(26)","declare const Text: TextInterface"
"declare const Text: TextInterface","UX视觉布局变更","harmonyos_behavior_changes/HarmonyOS_26.0.0(26)_Beta1.json","Text","","Text('默认选中今天')","ArkTS","entry\src\main\ets\pages\Index.ets:437","declare const Text: TextInterface@entry\src\main\ets\pages\Index.ets:437","","26.0.0(26)","declare const Text: TextInterface"
"declare const Text: TextInterface","UX视觉布局变更","harmonyos_behavior_changes/HarmonyOS_26.0.0(26)_Beta1.json","Text","","Text('过去日期可点击')","ArkTS","entry\src\main\ets\pages\Index.ets:454","declare const Text: TextInterface@entry\src\main\ets\pages\Index.ets:454","","26.0.0(26)","declare const Text: TextInterface"
"declare const Text: TextInterface","UX视觉布局变更","harmonyos_behavior_changes/HarmonyOS_26.0.0(26)_Beta1.json","Text","","Text('提示：部分配置变更后需刷新页面才能完全生效')","ArkTS","entry\src\main\ets\pages\Index.ets:471","declare const Text: TextInterface@entry\src\main\ets\pages\Index.ets:471","","26.0.0(26)","declare const Text: TextInterface"
"declare const Text: TextInterface","UX视觉布局变更","harmonyos_behavior_changes/HarmonyOS_26.0.0(26)_Beta1.json","Text","","Text(label)","ArkTS","entry\src\main\ets\pages\Index.ets:498","declare const Text: TextInterface@entry\src\main\ets\pages\Index.ets:498","","26.0.0(26)","declare const Text: TextInterface"
"declare const Text: TextInterface","UX视觉布局变更","harmonyos_behavior_changes/HarmonyOS_26.0.0(26)_Beta1.json","Text","","Text('📋 回调日志')","ArkTS","entry\src\main\ets\pages\Index.ets:521","declare const Text: TextInterface@entry\src\main\ets\pages\Index.ets:521","","26.0.0(26)","declare const Text: TextInterface"
"declare const Text: TextInterface","UX视觉布局变更","harmonyos_behavior_changes/HarmonyOS_26.0.0(26)_Beta1.json","Text","","Text(this.logPanelExpanded ? '收起 ▲' : '展开 ▼')","ArkTS","entry\src\main\ets\pages\Index.ets:536","declare const Text: TextInterface@entry\src\main\ets\pages\Index.ets:536","","26.0.0(26)","declare const Text: TextInterface"
"declare const Text: TextInterface","UX视觉布局变更","harmonyos_behavior_changes/HarmonyOS_26.0.0(26)_Beta1.json","Text","","Text('暂无回调事件，请点击日历上的日期')","ArkTS","entry\src\main\ets\pages\Index.ets:551","declare const Text: TextInterface@entry\src\main\ets\pages\Index.ets:551","","26.0.0(26)","declare const Text: TextInterface"
"declare const Text: TextInterface","UX视觉布局变更","harmonyos_behavior_changes/HarmonyOS_26.0.0(26)_Beta1.json","Text","","Text(entry.timestamp)","ArkTS","entry\src\main\ets\pages\Index.ets:560","declare const Text: TextInterface@entry\src\main\ets\pages\Index.ets:560","","26.0.0(26)","declare const Text: TextInterface"
"declare const Text: TextInterface","UX视觉布局变更","harmonyos_behavior_changes/HarmonyOS_26.0.0(26)_Beta1.json","Text","","Text(entry.message)","ArkTS","entry\src\main\ets\pages\Index.ets:565","declare const Text: TextInterface@entry\src\main\ets\pages\Index.ets:565","","26.0.0(26)","declare const Text: TextInterface"
"declare const Toggle: ToggleInterface","UX视觉布局变更","harmonyos_behavior_changes/HarmonyOS_26.0.0(26)_Beta1.json","Toggle","","Toggle({ type: ToggleType.Switch, isOn: this.configDrawRoundRect })","ArkTS","entry\src\main\ets\pages\Index.ets:400","declare const Toggle: ToggleInterface@entry\src\main\ets\pages\Index.ets:400","","26.0.0(26)","declare const Toggle: ToggleInterface"
"declare const Toggle: ToggleInterface","UX视觉布局变更","harmonyos_behavior_changes/HarmonyOS_26.0.0(26)_Beta1.json","Toggle","","Toggle({ type: ToggleType.Switch, isOn: this.configCurrentDaySelected })","ArkTS","entry\src\main\ets\pages\Index.ets:441","declare const Toggle: ToggleInterface@entry\src\main\ets\pages\Index.ets:441","","26.0.0(26)","declare const Toggle: ToggleInterface"
"declare const Toggle: ToggleInterface","UX视觉布局变更","harmonyos_behavior_changes/HarmonyOS_26.0.0(26)_Beta1.json","Toggle","","Toggle({ type: ToggleType.Switch, isOn: this.configEnablePreviousDay })","ArkTS","entry\src\main\ets\pages\Index.ets:458","declare const Toggle: ToggleInterface@entry\src\main\ets\pages\Index.ets:458","","26.0.0(26)","declare const Toggle: ToggleInterface"
"drawRoundRect(roundRect: RoundRect): void","API跨平台权限变更","harmonyos_api_changes/HarmonyOS_6.0.0(20)_Beta3.json","drawRoundRect","","if (sc.drawRoundRect !== undefined) { cfg.drawRoundRect = sc.drawRoundRect; }","ArkTS","library\src\main\ets\components\DayPickerView.ets:157","drawRoundRect(roundRect: RoundRect): void@library\src\main\ets\components\DayPickerView.ets:157","","6.0.0(20)","drawRoundRect(roundRect: RoundRect): void"
"drawRoundRect(roundRect: RoundRect): void","API跨平台权限变更","harmonyos_api_changes/HarmonyOS_6.0.0(20)_Beta3.json","drawRoundRect","","if (this.config.drawRoundRect) {","ArkTS","library\src\main\ets\components\SimpleMonthView.ets:365","drawRoundRect(roundRect: RoundRect): void@library\src\main\ets\components\SimpleMonthView.ets:365","","6.0.0(20)","drawRoundRect(roundRect: RoundRect): void"
"enum ColorMode","API废弃版本变更","harmonyos_api_changes/HarmonyOS_6.0.0(20)_Beta1.json","ColorMode","","import { AbilityConstant, ConfigurationConstant, UIAbility, Want } from '@kit.AbilityKit';","ArkTS","entry\src\main\ets\entryability\EntryAbility.ets:1","enum ColorMode@entry\src\main\ets\entryability\EntryAbility.ets:1","","6.0.0(20)","enum ColorMode"
"enum ColorMode","API废弃版本变更","harmonyos_api_changes/HarmonyOS_6.0.0(20)_Beta1.json","ColorMode","","this.context.getApplicationContext().setColorMode(ConfigurationConstant.ColorMode.COLOR_MODE_NOT_SET);","ArkTS","entry\src\main\ets\entryability\EntryAbility.ets:10","enum ColorMode@entry\src\main\ets\entryability\EntryAbility.ets:10","this","6.0.0(20)","enum ColorMode"
"enum OutputType","新增API","harmonyos_api_changes/HarmonyOS_26.0.0_Beta2.json","OutputType","","hilog.error(DOMAIN, 'testTag', 'Failed to set colorMode. Cause: %{public}s', JSON.stringify(err));","ArkTS","entry\src\main\ets\entryability\EntryAbility.ets:12","enum OutputType@entry\src\main\ets\entryability\EntryAbility.ets:12","hilog","26.0.0 Beta2","enum OutputType"
"enum OutputType","新增API","harmonyos_api_changes/HarmonyOS_26.0.0_Beta2.json","OutputType","","hilog.info(DOMAIN, 'testTag', '%{public}s', 'Ability onCreate');","ArkTS","entry\src\main\ets\entryability\EntryAbility.ets:14","enum OutputType@entry\src\main\ets\entryability\EntryAbility.ets:14","hilog","26.0.0 Beta2","enum OutputType"
"enum OutputType","新增API","harmonyos_api_changes/HarmonyOS_26.0.0_Beta2.json","OutputType","","hilog.info(DOMAIN, 'testTag', '%{public}s', 'Ability onDestroy');","ArkTS","entry\src\main\ets\entryability\EntryAbility.ets:18","enum OutputType@entry\src\main\ets\entryability\EntryAbility.ets:18","hilog","26.0.0 Beta2","enum OutputType"
"enum OutputType","新增API","harmonyos_api_changes/HarmonyOS_26.0.0_Beta2.json","OutputType","","hilog.info(DOMAIN, 'testTag', '%{public}s', 'Ability onWindowStageCreate');","ArkTS","entry\src\main\ets\entryability\EntryAbility.ets:23","enum OutputType@entry\src\main\ets\entryability\EntryAbility.ets:23","hilog","26.0.0 Beta2","enum OutputType"
"enum OutputType","新增API","harmonyos_api_changes/HarmonyOS_26.0.0_Beta2.json","OutputType","","hilog.error(DOMAIN, 'testTag', 'Failed to load the content. Cause: %{public}s', JSON.stringify(err));","ArkTS","entry\src\main\ets\entryability\EntryAbility.ets:27","enum OutputType@entry\src\main\ets\entryability\EntryAbility.ets:27","hilog","26.0.0 Beta2","enum OutputType"
"enum OutputType","新增API","harmonyos_api_changes/HarmonyOS_26.0.0_Beta2.json","OutputType","","hilog.info(DOMAIN, 'testTag', 'Succeeded in loading the content.');","ArkTS","entry\src\main\ets\entryability\EntryAbility.ets:30","enum OutputType@entry\src\main\ets\entryability\EntryAbility.ets:30","hilog","26.0.0 Beta2","enum OutputType"
"enum OutputType","新增API","harmonyos_api_changes/HarmonyOS_26.0.0_Beta2.json","OutputType","","hilog.info(DOMAIN, 'testTag', '%{public}s', 'Ability onWindowStageDestroy');","ArkTS","entry\src\main\ets\entryability\EntryAbility.ets:36","enum OutputType@entry\src\main\ets\entryability\EntryAbility.ets:36","hilog","26.0.0 Beta2","enum OutputType"
"enum OutputType","新增API","harmonyos_api_changes/HarmonyOS_26.0.0_Beta2.json","OutputType","","hilog.info(DOMAIN, 'testTag', '%{public}s', 'Ability onForeground');","ArkTS","entry\src\main\ets\entryability\EntryAbility.ets:41","enum OutputType@entry\src\main\ets\entryability\EntryAbility.ets:41","hilog","26.0.0 Beta2","enum OutputType"
"enum OutputType","新增API","harmonyos_api_changes/HarmonyOS_26.0.0_Beta2.json","OutputType","","hilog.info(DOMAIN, 'testTag', '%{public}s', 'Ability onBackground');","ArkTS","entry\src\main\ets\entryability\EntryAbility.ets:46","enum OutputType@entry\src\main\ets\entryability\EntryAbility.ets:46","hilog","26.0.0 Beta2","enum OutputType"
"enum OutputType","新增API","harmonyos_api_changes/HarmonyOS_26.0.0_Beta2.json","OutputType","","hilog.info(DOMAIN, 'testTag', 'onRestore ok %{public}s', JSON.stringify(bundleVersion));","ArkTS","entry\src\main\ets\entrybackupability\EntryBackupAbility.ets:13","enum OutputType@entry\src\main\ets\entrybackupability\EntryBackupAbility.ets:13","hilog","26.0.0 Beta2","enum OutputType"
"enum OutputType","新增API","harmonyos_api_changes/HarmonyOS_26.0.0_Beta2.json","OutputType","","hilog.info(DOMAIN, 'testTag', 'onBackup ok');","ArkTS","entry\src\main\ets\entrybackupability\EntryBackupAbility.ets:8","enum OutputType@entry\src\main\ets\entrybackupability\EntryBackupAbility.ets:8","hilog","26.0.0 Beta2","enum OutputType"
"enum OutputType","新增API","harmonyos_api_changes/HarmonyOS_26.0.0_Beta2.json","OutputType","","hilog.info(LOG_DOMAIN, LOG_TAG, '%{public}s', event + ': ' + detail);","ArkTS","entry\src\main\ets\pages\Index.ets:170","enum OutputType@entry\src\main\ets\pages\Index.ets:170","hilog","26.0.0 Beta2","enum OutputType"
"enum OutputType","新增API","harmonyos_api_changes/HarmonyOS_26.0.0_Beta2.json","OutputType","","hilog.warn(LOG_DOMAIN, LOG_TAG, 'generateMonths: controller is undefined, empty list');","ArkTS","library\src\main\ets\components\DayPickerView.ets:174","enum OutputType@library\src\main\ets\components\DayPickerView.ets:174","hilog","26.0.0 Beta2","enum OutputType"
"enum OutputType","新增API","harmonyos_api_changes/HarmonyOS_26.0.0_Beta2.json","OutputType","","hilog.warn(LOG_DOMAIN, LOG_TAG,","ArkTS","library\src\main\ets\components\DayPickerView.ets:192","enum OutputType@library\src\main\ets\components\DayPickerView.ets:192","hilog","26.0.0 Beta2","enum OutputType"
"enum OutputType","新增API","harmonyos_api_changes/HarmonyOS_26.0.0_Beta2.json","OutputType","","hilog.debug(LOG_DOMAIN, LOG_TAG,","ArkTS","library\src\main\ets\components\DayPickerView.ets:214","enum OutputType@library\src\main\ets\components\DayPickerView.ets:214","hilog","26.0.0 Beta2","enum OutputType"
"enum OutputType","新增API","harmonyos_api_changes/HarmonyOS_26.0.0_Beta2.json","OutputType","","hilog.info(LOG_DOMAIN, LOG_TAG,","ArkTS","library\src\main\ets\components\DayPickerView.ets:309","enum OutputType@library\src\main\ets\components\DayPickerView.ets:309","hilog","26.0.0 Beta2","enum OutputType"
"enum OutputType","新增API","harmonyos_api_changes/HarmonyOS_26.0.0_Beta2.json","OutputType","","hilog.debug(LOG_DOMAIN, LOG_TAG,","ArkTS","library\src\main\ets\components\DayPickerView.ets:336","enum OutputType@library\src\main\ets\components\DayPickerView.ets:336","hilog","26.0.0 Beta2","enum OutputType"
"enum OutputType","新增API","harmonyos_api_changes/HarmonyOS_26.0.0_Beta2.json","OutputType","","hilog.debug(LOG_DOMAIN, LOG_TAG,","ArkTS","library\src\main\ets\components\DayPickerView.ets:349","enum OutputType@library\src\main\ets\components\DayPickerView.ets:349","hilog","26.0.0 Beta2","enum OutputType"
"enum OutputType","新增API","harmonyos_api_changes/HarmonyOS_26.0.0_Beta2.json","OutputType","","hilog.info(LOG_DOMAIN, LOG_TAG,","ArkTS","library\src\main\ets\components\DayPickerView.ets:361","enum OutputType@library\src\main\ets\components\DayPickerView.ets:361","hilog","26.0.0 Beta2","enum OutputType"
"enum OutputType","新增API","harmonyos_api_changes/HarmonyOS_26.0.0_Beta2.json","OutputType","","hilog.debug(LOG_DOMAIN, LOG_TAG,","ArkTS","library\src\main\ets\components\DayPickerView.ets:371","enum OutputType@library\src\main\ets\components\DayPickerView.ets:371","hilog","26.0.0 Beta2","enum OutputType"
"enum OutputType","新增API","harmonyos_api_changes/HarmonyOS_26.0.0_Beta2.json","OutputType","","hilog.debug(LOG_DOMAIN, LOG_TAG, 'DayPickerView aboutToAppear');","ArkTS","library\src\main\ets\components\DayPickerView.ets:80","enum OutputType@library\src\main\ets\components\DayPickerView.ets:80","hilog","26.0.0 Beta2","enum OutputType"
"enum OutputType","新增API","harmonyos_api_changes/HarmonyOS_26.0.0_Beta2.json","OutputType","","hilog.debug(LOG_DOMAIN, LOG_TAG,","ArkTS","library\src\main\ets\components\DayPickerView.ets:91","enum OutputType@library\src\main\ets\components\DayPickerView.ets:91","hilog","26.0.0 Beta2","enum OutputType"
"enum OutputType","新增API","harmonyos_api_changes/HarmonyOS_26.0.0_Beta2.json","OutputType","","hilog.debug(LOG_DOMAIN, LOG_TAG,","ArkTS","library\src\main\ets\components\SimpleMonthView.ets:253","enum OutputType@library\src\main\ets\components\SimpleMonthView.ets:253","hilog","26.0.0 Beta2","enum OutputType"
"enum OutputType","新增API","harmonyos_api_changes/HarmonyOS_26.0.0_Beta2.json","OutputType","","hilog.debug(LOG_DOMAIN, LOG_TAG,","ArkTS","library\src\main\ets\components\SimpleMonthView.ets:483","enum OutputType@library\src\main\ets\components\SimpleMonthView.ets:483","hilog","26.0.0 Beta2","enum OutputType"
"enum OutputType","新增API","harmonyos_api_changes/HarmonyOS_26.0.0_Beta2.json","OutputType","","hilog.debug(LOG_DOMAIN, LOG_TAG, 'SimpleMonthView Canvas onReady');","ArkTS","library\src\main\ets\components\SimpleMonthView.ets:511","enum OutputType@library\src\main\ets\components\SimpleMonthView.ets:511","hilog","26.0.0 Beta2","enum OutputType"
"enum PreferStrategy","新增API","harmonyos_api_changes/HarmonyOS_6.0.1(21)_Beta1.json","PreferStrategy","","hilog.error(DOMAIN, 'testTag', 'Failed to set colorMode. Cause: %{public}s', JSON.stringify(err));","ArkTS","entry\src\main\ets\entryability\EntryAbility.ets:12","enum PreferStrategy@entry\src\main\ets\entryability\EntryAbility.ets:12","hilog","6.0.1(21)","enum PreferStrategy"
"enum PreferStrategy","新增API","harmonyos_api_changes/HarmonyOS_6.0.1(21)_Beta1.json","PreferStrategy","","hilog.info(DOMAIN, 'testTag', '%{public}s', 'Ability onCreate');","ArkTS","entry\src\main\ets\entryability\EntryAbility.ets:14","enum PreferStrategy@entry\src\main\ets\entryability\EntryAbility.ets:14","hilog","6.0.1(21)","enum PreferStrategy"
"enum PreferStrategy","新增API","harmonyos_api_changes/HarmonyOS_6.0.1(21)_Beta1.json","PreferStrategy","","hilog.info(DOMAIN, 'testTag', '%{public}s', 'Ability onDestroy');","ArkTS","entry\src\main\ets\entryability\EntryAbility.ets:18","enum PreferStrategy@entry\src\main\ets\entryability\EntryAbility.ets:18","hilog","6.0.1(21)","enum PreferStrategy"
"enum PreferStrategy","新增API","harmonyos_api_changes/HarmonyOS_6.0.1(21)_Beta1.json","PreferStrategy","","hilog.info(DOMAIN, 'testTag', '%{public}s', 'Ability onWindowStageCreate');","ArkTS","entry\src\main\ets\entryability\EntryAbility.ets:23","enum PreferStrategy@entry\src\main\ets\entryability\EntryAbility.ets:23","hilog","6.0.1(21)","enum PreferStrategy"
"enum PreferStrategy","新增API","harmonyos_api_changes/HarmonyOS_6.0.1(21)_Beta1.json","PreferStrategy","","hilog.error(DOMAIN, 'testTag', 'Failed to load the content. Cause: %{public}s', JSON.stringify(err));","ArkTS","entry\src\main\ets\entryability\EntryAbility.ets:27","enum PreferStrategy@entry\src\main\ets\entryability\EntryAbility.ets:27","hilog","6.0.1(21)","enum PreferStrategy"
"enum PreferStrategy","新增API","harmonyos_api_changes/HarmonyOS_6.0.1(21)_Beta1.json","PreferStrategy","","hilog.info(DOMAIN, 'testTag', 'Succeeded in loading the content.');","ArkTS","entry\src\main\ets\entryability\EntryAbility.ets:30","enum PreferStrategy@entry\src\main\ets\entryability\EntryAbility.ets:30","hilog","6.0.1(21)","enum PreferStrategy"
"enum PreferStrategy","新增API","harmonyos_api_changes/HarmonyOS_6.0.1(21)_Beta1.json","PreferStrategy","","hilog.info(DOMAIN, 'testTag', '%{public}s', 'Ability onWindowStageDestroy');","ArkTS","entry\src\main\ets\entryability\EntryAbility.ets:36","enum PreferStrategy@entry\src\main\ets\entryability\EntryAbility.ets:36","hilog","6.0.1(21)","enum PreferStrategy"
"enum PreferStrategy","新增API","harmonyos_api_changes/HarmonyOS_6.0.1(21)_Beta1.json","PreferStrategy","","hilog.info(DOMAIN, 'testTag', '%{public}s', 'Ability onForeground');","ArkTS","entry\src\main\ets\entryability\EntryAbility.ets:41","enum PreferStrategy@entry\src\main\ets\entryability\EntryAbility.ets:41","hilog","6.0.1(21)","enum PreferStrategy"
"enum PreferStrategy","新增API","harmonyos_api_changes/HarmonyOS_6.0.1(21)_Beta1.json","PreferStrategy","","hilog.info(DOMAIN, 'testTag', '%{public}s', 'Ability onBackground');","ArkTS","entry\src\main\ets\entryability\EntryAbility.ets:46","enum PreferStrategy@entry\src\main\ets\entryability\EntryAbility.ets:46","hilog","6.0.1(21)","enum PreferStrategy"
"enum PreferStrategy","新增API","harmonyos_api_changes/HarmonyOS_6.0.1(21)_Beta1.json","PreferStrategy","","hilog.info(DOMAIN, 'testTag', 'onRestore ok %{public}s', JSON.stringify(bundleVersion));","ArkTS","entry\src\main\ets\entrybackupability\EntryBackupAbility.ets:13","enum PreferStrategy@entry\src\main\ets\entrybackupability\EntryBackupAbility.ets:13","hilog","6.0.1(21)","enum PreferStrategy"
"enum PreferStrategy","新增API","harmonyos_api_changes/HarmonyOS_6.0.1(21)_Beta1.json","PreferStrategy","","hilog.info(DOMAIN, 'testTag', 'onBackup ok');","ArkTS","entry\src\main\ets\entrybackupability\EntryBackupAbility.ets:8","enum PreferStrategy@entry\src\main\ets\entrybackupability\EntryBackupAbility.ets:8","hilog","6.0.1(21)","enum PreferStrategy"
"enum PreferStrategy","新增API","harmonyos_api_changes/HarmonyOS_6.0.1(21)_Beta1.json","PreferStrategy","","hilog.info(LOG_DOMAIN, LOG_TAG, '%{public}s', event + ': ' + detail);","ArkTS","entry\src\main\ets\pages\Index.ets:170","enum PreferStrategy@entry\src\main\ets\pages\Index.ets:170","hilog","6.0.1(21)","enum PreferStrategy"
"enum PreferStrategy","新增API","harmonyos_api_changes/HarmonyOS_6.0.1(21)_Beta1.json","PreferStrategy","","hilog.warn(LOG_DOMAIN, LOG_TAG, 'generateMonths: controller is undefined, empty list');","ArkTS","library\src\main\ets\components\DayPickerView.ets:174","enum PreferStrategy@library\src\main\ets\components\DayPickerView.ets:174","hilog","6.0.1(21)","enum PreferStrategy"
"enum PreferStrategy","新增API","harmonyos_api_changes/HarmonyOS_6.0.1(21)_Beta1.json","PreferStrategy","","hilog.warn(LOG_DOMAIN, LOG_TAG,","ArkTS","library\src\main\ets\components\DayPickerView.ets:192","enum PreferStrategy@library\src\main\ets\components\DayPickerView.ets:192","hilog","6.0.1(21)","enum PreferStrategy"
"enum PreferStrategy","新增API","harmonyos_api_changes/HarmonyOS_6.0.1(21)_Beta1.json","PreferStrategy","","hilog.debug(LOG_DOMAIN, LOG_TAG,","ArkTS","library\src\main\ets\components\DayPickerView.ets:214","enum PreferStrategy@library\src\main\ets\components\DayPickerView.ets:214","hilog","6.0.1(21)","enum PreferStrategy"
"enum PreferStrategy","新增API","harmonyos_api_changes/HarmonyOS_6.0.1(21)_Beta1.json","PreferStrategy","","hilog.info(LOG_DOMAIN, LOG_TAG,","ArkTS","library\src\main\ets\components\DayPickerView.ets:309","enum PreferStrategy@library\src\main\ets\components\DayPickerView.ets:309","hilog","6.0.1(21)","enum PreferStrategy"
"enum PreferStrategy","新增API","harmonyos_api_changes/HarmonyOS_6.0.1(21)_Beta1.json","PreferStrategy","","hilog.debug(LOG_DOMAIN, LOG_TAG,","ArkTS","library\src\main\ets\components\DayPickerView.ets:336","enum PreferStrategy@library\src\main\ets\components\DayPickerView.ets:336","hilog","6.0.1(21)","enum PreferStrategy"
"enum PreferStrategy","新增API","harmonyos_api_changes/HarmonyOS_6.0.1(21)_Beta1.json","PreferStrategy","","hilog.debug(LOG_DOMAIN, LOG_TAG,","ArkTS","library\src\main\ets\components\DayPickerView.ets:349","enum PreferStrategy@library\src\main\ets\components\DayPickerView.ets:349","hilog","6.0.1(21)","enum PreferStrategy"
"enum PreferStrategy","新增API","harmonyos_api_changes/HarmonyOS_6.0.1(21)_Beta1.json","PreferStrategy","","hilog.info(LOG_DOMAIN, LOG_TAG,","ArkTS","library\src\main\ets\components\DayPickerView.ets:361","enum PreferStrategy@library\src\main\ets\components\DayPickerView.ets:361","hilog","6.0.1(21)","enum PreferStrategy"
"enum PreferStrategy","新增API","harmonyos_api_changes/HarmonyOS_6.0.1(21)_Beta1.json","PreferStrategy","","hilog.debug(LOG_DOMAIN, LOG_TAG,","ArkTS","library\src\main\ets\components\DayPickerView.ets:371","enum PreferStrategy@library\src\main\ets\components\DayPickerView.ets:371","hilog","6.0.1(21)","enum PreferStrategy"
"enum PreferStrategy","新增API","harmonyos_api_changes/HarmonyOS_6.0.1(21)_Beta1.json","PreferStrategy","","hilog.debug(LOG_DOMAIN, LOG_TAG, 'DayPickerView aboutToAppear');","ArkTS","library\src\main\ets\components\DayPickerView.ets:80","enum PreferStrategy@library\src\main\ets\components\DayPickerView.ets:80","hilog","6.0.1(21)","enum PreferStrategy"
"enum PreferStrategy","新增API","harmonyos_api_changes/HarmonyOS_6.0.1(21)_Beta1.json","PreferStrategy","","hilog.debug(LOG_DOMAIN, LOG_TAG,","ArkTS","library\src\main\ets\components\DayPickerView.ets:91","enum PreferStrategy@library\src\main\ets\components\DayPickerView.ets:91","hilog","6.0.1(21)","enum PreferStrategy"
"enum PreferStrategy","新增API","harmonyos_api_changes/HarmonyOS_6.0.1(21)_Beta1.json","PreferStrategy","","hilog.debug(LOG_DOMAIN, LOG_TAG,","ArkTS","library\src\main\ets\components\SimpleMonthView.ets:253","enum PreferStrategy@library\src\main\ets\components\SimpleMonthView.ets:253","hilog","6.0.1(21)","enum PreferStrategy"
"enum PreferStrategy","新增API","harmonyos_api_changes/HarmonyOS_6.0.1(21)_Beta1.json","PreferStrategy","","hilog.debug(LOG_DOMAIN, LOG_TAG,","ArkTS","library\src\main\ets\components\SimpleMonthView.ets:483","enum PreferStrategy@library\src\main\ets\components\SimpleMonthView.ets:483","hilog","6.0.1(21)","enum PreferStrategy"
"enum PreferStrategy","新增API","harmonyos_api_changes/HarmonyOS_6.0.1(21)_Beta1.json","PreferStrategy","","hilog.debug(LOG_DOMAIN, LOG_TAG, 'SimpleMonthView Canvas onReady');","ArkTS","library\src\main\ets\components\SimpleMonthView.ets:511","enum PreferStrategy@library\src\main\ets\components\SimpleMonthView.ets:511","hilog","6.0.1(21)","enum PreferStrategy"
"export function getApplicationContext(): ApplicationContext","新增API","harmonyos_api_changes/HarmonyOS_5.0.2(14).json","export","","this.context.getApplicationContext().setColorMode(ConfigurationConstant.ColorMode.COLOR_MODE_NOT_SET);","ArkTS","entry\src\main\ets\entryability\EntryAbility.ets:10","export function getApplicationContext(): ApplicationContext@entry\src\main\ets\entryability\EntryAbility.ets:10","this","5.0.2(14)","export function getApplicationContext(): ApplicationContext"
"fillText(text: string, x: number, y: number, maxWidth?: number): void","接口行为变更","harmonyos_behavior_changes/HarmonyOS_5.0.1(13)_Release.json","fillText","","ctx.fillText(title, x, y);","ArkTS","library\src\main\ets\components\SimpleMonthView.ets:280","fillText(text: string, x: number, y: number, maxWidth?: number): void@library\src\main\ets\components\SimpleMonthView.ets:280","ctx","5.0.1(13)","fillText(text: string, x: number, y: number, maxWidth?: number): void"
"fillText(text: string, x: number, y: number, maxWidth?: number): void","接口行为变更","harmonyos_behavior_changes/HarmonyOS_5.0.1(13)_Release.json","fillText","","ctx.fillText(label, x, y);","ArkTS","library\src\main\ets\components\SimpleMonthView.ets:308","fillText(text: string, x: number, y: number, maxWidth?: number): void@library\src\main\ets\components\SimpleMonthView.ets:308","ctx","5.0.1(13)","fillText(text: string, x: number, y: number, maxWidth?: number): void"
"fillText(text: string, x: number, y: number, maxWidth?: number): void","接口行为变更","harmonyos_behavior_changes/HarmonyOS_5.0.1(13)_Release.json","fillText","","ctx.fillText(day.toString(), x, y);","ArkTS","library\src\main\ets\components\SimpleMonthView.ets:411","fillText(text: string, x: number, y: number, maxWidth?: number): void@library\src\main\ets\components\SimpleMonthView.ets:411","ctx","5.0.1(13)","fillText(text: string, x: number, y: number, maxWidth?: number): void"
"first: boolean","新增API","harmonyos_api_changes/HarmonyOS_6.0.2(22).json","first","","const firstStr: string = first.year + '-' + (first.month + 1).toString() + '-' + first.day.toString();","ArkTS","entry\src\main\ets\pages\Index.ets:90","first: boolean@entry\src\main\ets\pages\Index.ets:90","","6.0.2(22)","first: boolean"
"font: string","接口行为变更","harmonyos_behavior_changes/HarmonyOS_6.0.0(20)_Beta2.json","font","","ctx.font = 'bold ' + this.config.textSizeMonth.toString() + 'vp sans-serif';","ArkTS","library\src\main\ets\components\SimpleMonthView.ets:275","font: string@library\src\main\ets\components\SimpleMonthView.ets:275","ctx","6.0.0(20)","font: string"
"font: string","接口行为变更","harmonyos_behavior_changes/HarmonyOS_6.0.0(20)_Beta2.json","font","","ctx.font = 'normal ' + this.config.textSizeDayName.toString() + 'vp sans-serif';","ArkTS","library\src\main\ets\components\SimpleMonthView.ets:294","font: string@library\src\main\ets\components\SimpleMonthView.ets:294","ctx","6.0.0(20)","font: string"
"font: string","接口行为变更","harmonyos_behavior_changes/HarmonyOS_6.0.0(20)_Beta2.json","font","","ctx.font = fontStr;","ArkTS","library\src\main\ets\components\SimpleMonthView.ets:408","font: string@library\src\main\ets\components\SimpleMonthView.ets:408","ctx","6.0.0(20)","font: string"
"fontWeight(value: number | FontWeight | string): T","函数变更","harmonyos_api_changes/HarmonyOS_6.0.0(20)_Beta2.json","fontWeight","",".fontWeight(FontWeight.Bold)","ArkTS","entry\src\main\ets\pages\Index.ets:268","fontWeight(value: number | FontWeight | string): T@entry\src\main\ets\pages\Index.ets:268","","6.0.0(20)","fontWeight(value: number | FontWeight | string): T"
"fontWeight(value: number | FontWeight | string): T","函数变更","harmonyos_api_changes/HarmonyOS_6.0.0(20)_Beta2.json","fontWeight","",".fontWeight(FontWeight.Medium)","ArkTS","entry\src\main\ets\pages\Index.ets:282","fontWeight(value: number | FontWeight | string): T@entry\src\main\ets\pages\Index.ets:282","","6.0.0(20)","fontWeight(value: number | FontWeight | string): T"
"fontWeight(value: number | FontWeight | string): T","函数变更","harmonyos_api_changes/HarmonyOS_6.0.0(20)_Beta2.json","fontWeight","",".fontWeight(FontWeight.Medium)","ArkTS","entry\src\main\ets\pages\Index.ets:295","fontWeight(value: number | FontWeight | string): T@entry\src\main\ets\pages\Index.ets:295","","6.0.0(20)","fontWeight(value: number | FontWeight | string): T"
"fontWeight(value: number | FontWeight | string): T","函数变更","harmonyos_api_changes/HarmonyOS_6.0.0(20)_Beta2.json","fontWeight","",".fontWeight(FontWeight.Bold)","ArkTS","entry\src\main\ets\pages\Index.ets:345","fontWeight(value: number | FontWeight | string): T@entry\src\main\ets\pages\Index.ets:345","","6.0.0(20)","fontWeight(value: number | FontWeight | string): T"
"fontWeight(value: number | FontWeight | string): T","函数变更","harmonyos_api_changes/HarmonyOS_6.0.0(20)_Beta2.json","fontWeight","",".fontWeight(FontWeight.Bold)","ArkTS","entry\src\main\ets\pages\Index.ets:523","fontWeight(value: number | FontWeight | string): T@entry\src\main\ets\pages\Index.ets:523","","6.0.0(20)","fontWeight(value: number | FontWeight | string): T"
"fontWeight(value: number | FontWeight | string): TextAttribute","函数变更","harmonyos_api_changes/HarmonyOS_6.0.0(20)_Beta1.json","fontWeight","",".fontWeight(FontWeight.Bold)","ArkTS","entry\src\main\ets\pages\Index.ets:268","fontWeight(value: number | FontWeight | string): TextAttribute@entry\src\main\ets\pages\Index.ets:268","","6.0.0(20)","fontWeight(value: number | FontWeight | string): TextAttribute"
"fontWeight(value: number | FontWeight | string): TextAttribute","函数变更","harmonyos_api_changes/HarmonyOS_6.0.0(20)_Beta1.json","fontWeight","",".fontWeight(FontWeight.Medium)","ArkTS","entry\src\main\ets\pages\Index.ets:282","fontWeight(value: number | FontWeight | string): TextAttribute@entry\src\main\ets\pages\Index.ets:282","","6.0.0(20)","fontWeight(value: number | FontWeight | string): TextAttribute"
"fontWeight(value: number | FontWeight | string): TextAttribute","函数变更","harmonyos_api_changes/HarmonyOS_6.0.0(20)_Beta1.json","fontWeight","",".fontWeight(FontWeight.Medium)","ArkTS","entry\src\main\ets\pages\Index.ets:295","fontWeight(value: number | FontWeight | string): TextAttribute@entry\src\main\ets\pages\Index.ets:295","","6.0.0(20)","fontWeight(value: number | FontWeight | string): TextAttribute"
"fontWeight(value: number | FontWeight | string): TextAttribute","函数变更","harmonyos_api_changes/HarmonyOS_6.0.0(20)_Beta1.json","fontWeight","",".fontWeight(FontWeight.Bold)","ArkTS","entry\src\main\ets\pages\Index.ets:345","fontWeight(value: number | FontWeight | string): TextAttribute@entry\src\main\ets\pages\Index.ets:345","","6.0.0(20)","fontWeight(value: number | FontWeight | string): TextAttribute"
"fontWeight(value: number | FontWeight | string): TextAttribute","函数变更","harmonyos_api_changes/HarmonyOS_6.0.0(20)_Beta1.json","fontWeight","",".fontWeight(FontWeight.Bold)","ArkTS","entry\src\main\ets\pages\Index.ets:523","fontWeight(value: number | FontWeight | string): TextAttribute@entry\src\main\ets\pages\Index.ets:523","","6.0.0(20)","fontWeight(value: number | FontWeight | string): TextAttribute"
"fontWeight(weight: number | FontWeight | string, options?: FontSettingOptions): TextAttribute","函数变更","harmonyos_api_changes/HarmonyOS_6.0.0(20)_Beta1.json","fontWeight","",".fontWeight(FontWeight.Bold)","ArkTS","entry\src\main\ets\pages\Index.ets:268","fontWeight(weight: number | FontWeight | string, options?: FontSettingOptions): TextAttribute@entry\src\main\ets\pages\Index.ets:268","","6.0.0(20)","fontWeight(weight: number | FontWeight | string, options?: FontSettingOptions): TextAttribute"
"fontWeight(weight: number | FontWeight | string, options?: FontSettingOptions): TextAttribute","函数变更","harmonyos_api_changes/HarmonyOS_6.0.0(20)_Beta1.json","fontWeight","",".fontWeight(FontWeight.Medium)","ArkTS","entry\src\main\ets\pages\Index.ets:282","fontWeight(weight: number | FontWeight | string, options?: FontSettingOptions): TextAttribute@entry\src\main\ets\pages\Index.ets:282","","6.0.0(20)","fontWeight(weight: number | FontWeight | string, options?: FontSettingOptions): TextAttribute"
"fontWeight(weight: number | FontWeight | string, options?: FontSettingOptions): TextAttribute","函数变更","harmonyos_api_changes/HarmonyOS_6.0.0(20)_Beta1.json","fontWeight","",".fontWeight(FontWeight.Medium)","ArkTS","entry\src\main\ets\pages\Index.ets:295","fontWeight(weight: number | FontWeight | string, options?: FontSettingOptions): TextAttribute@entry\src\main\ets\pages\Index.ets:295","","6.0.0(20)","fontWeight(weight: number | FontWeight | string, options?: FontSettingOptions): TextAttribute"
"fontWeight(weight: number | FontWeight | string, options?: FontSettingOptions): TextAttribute","函数变更","harmonyos_api_changes/HarmonyOS_6.0.0(20)_Beta1.json","fontWeight","",".fontWeight(FontWeight.Bold)","ArkTS","entry\src\main\ets\pages\Index.ets:345","fontWeight(weight: number | FontWeight | string, options?: FontSettingOptions): TextAttribute@entry\src\main\ets\pages\Index.ets:345","","6.0.0(20)","fontWeight(weight: number | FontWeight | string, options?: FontSettingOptions): TextAttribute"
"fontWeight(weight: number | FontWeight | string, options?: FontSettingOptions): TextAttribute","函数变更","harmonyos_api_changes/HarmonyOS_6.0.0(20)_Beta1.json","fontWeight","",".fontWeight(FontWeight.Bold)","ArkTS","entry\src\main\ets\pages\Index.ets:523","fontWeight(weight: number | FontWeight | string, options?: FontSettingOptions): TextAttribute@entry\src\main\ets\pages\Index.ets:523","","6.0.0(20)","fontWeight(weight: number | FontWeight | string, options?: FontSettingOptions): TextAttribute"
"fontWeight: number","新增API","harmonyos_api_changes/HarmonyOS_5.0.4(16).json","fontWeight","",".fontWeight(FontWeight.Bold)","ArkTS","entry\src\main\ets\pages\Index.ets:268","fontWeight: number@entry\src\main\ets\pages\Index.ets:268","","5.0.4(16)","fontWeight: number"
"fontWeight: number","新增API","harmonyos_api_changes/HarmonyOS_5.0.4(16).json","fontWeight","",".fontWeight(FontWeight.Medium)","ArkTS","entry\src\main\ets\pages\Index.ets:282","fontWeight: number@entry\src\main\ets\pages\Index.ets:282","","5.0.4(16)","fontWeight: number"
"fontWeight: number","新增API","harmonyos_api_changes/HarmonyOS_5.0.4(16).json","fontWeight","",".fontWeight(FontWeight.Medium)","ArkTS","entry\src\main\ets\pages\Index.ets:295","fontWeight: number@entry\src\main\ets\pages\Index.ets:295","","5.0.4(16)","fontWeight: number"
"fontWeight: number","新增API","harmonyos_api_changes/HarmonyOS_5.0.4(16).json","fontWeight","",".fontWeight(FontWeight.Bold)","ArkTS","entry\src\main\ets\pages\Index.ets:345","fontWeight: number@entry\src\main\ets\pages\Index.ets:345","","5.0.4(16)","fontWeight: number"
"fontWeight: number","新增API","harmonyos_api_changes/HarmonyOS_5.0.4(16).json","fontWeight","",".fontWeight(FontWeight.Bold)","ArkTS","entry\src\main\ets\pages\Index.ets:523","fontWeight: number@entry\src\main\ets\pages\Index.ets:523","","5.0.4(16)","fontWeight: number"
"fontWeight?: FontWeight","API从不支持元服务到支持元服务","harmonyos_api_changes/HarmonyOS_6.0.2(22).json","fontWeight","",".fontWeight(FontWeight.Bold)","ArkTS","entry\src\main\ets\pages\Index.ets:268","fontWeight?: FontWeight@entry\src\main\ets\pages\Index.ets:268","","6.0.2(22)","fontWeight?: FontWeight"
"fontWeight?: FontWeight","API从不支持元服务到支持元服务","harmonyos_api_changes/HarmonyOS_6.0.2(22).json","fontWeight","",".fontWeight(FontWeight.Medium)","ArkTS","entry\src\main\ets\pages\Index.ets:282","fontWeight?: FontWeight@entry\src\main\ets\pages\Index.ets:282","","6.0.2(22)","fontWeight?: FontWeight"
"fontWeight?: FontWeight","API从不支持元服务到支持元服务","harmonyos_api_changes/HarmonyOS_6.0.2(22).json","fontWeight","",".fontWeight(FontWeight.Medium)","ArkTS","entry\src\main\ets\pages\Index.ets:295","fontWeight?: FontWeight@entry\src\main\ets\pages\Index.ets:295","","6.0.2(22)","fontWeight?: FontWeight"
"fontWeight?: FontWeight","API从不支持元服务到支持元服务","harmonyos_api_changes/HarmonyOS_6.0.2(22).json","fontWeight","",".fontWeight(FontWeight.Bold)","ArkTS","entry\src\main\ets\pages\Index.ets:345","fontWeight?: FontWeight@entry\src\main\ets\pages\Index.ets:345","","6.0.2(22)","fontWeight?: FontWeight"
"fontWeight?: FontWeight","API从不支持元服务到支持元服务","harmonyos_api_changes/HarmonyOS_6.0.2(22).json","fontWeight","",".fontWeight(FontWeight.Bold)","ArkTS","entry\src\main\ets\pages\Index.ets:523","fontWeight?: FontWeight@entry\src\main\ets\pages\Index.ets:523","","6.0.2(22)","fontWeight?: FontWeight"
"fontWeight?: number | FontWeight | string","属性变更","harmonyos_api_changes/HarmonyOS_6.0.0(20)_Beta1.json","fontWeight","",".fontWeight(FontWeight.Bold)","ArkTS","entry\src\main\ets\pages\Index.ets:268","fontWeight?: number | FontWeight | string@entry\src\main\ets\pages\Index.ets:268","","6.0.0(20)","fontWeight?: number | FontWeight | string"
"fontWeight?: number | FontWeight | string","属性变更","harmonyos_api_changes/HarmonyOS_6.0.0(20)_Beta1.json","fontWeight","",".fontWeight(FontWeight.Medium)","ArkTS","entry\src\main\ets\pages\Index.ets:282","fontWeight?: number | FontWeight | string@entry\src\main\ets\pages\Index.ets:282","","6.0.0(20)","fontWeight?: number | FontWeight | string"
"fontWeight?: number | FontWeight | string","属性变更","harmonyos_api_changes/HarmonyOS_6.0.0(20)_Beta1.json","fontWeight","",".fontWeight(FontWeight.Medium)","ArkTS","entry\src\main\ets\pages\Index.ets:295","fontWeight?: number | FontWeight | string@entry\src\main\ets\pages\Index.ets:295","","6.0.0(20)","fontWeight?: number | FontWeight | string"
"fontWeight?: number | FontWeight | string","属性变更","harmonyos_api_changes/HarmonyOS_6.0.0(20)_Beta1.json","fontWeight","",".fontWeight(FontWeight.Bold)","ArkTS","entry\src\main\ets\pages\Index.ets:345","fontWeight?: number | FontWeight | string@entry\src\main\ets\pages\Index.ets:345","","6.0.0(20)","fontWeight?: number | FontWeight | string"
"fontWeight?: number | FontWeight | string","属性变更","harmonyos_api_changes/HarmonyOS_6.0.0(20)_Beta1.json","fontWeight","",".fontWeight(FontWeight.Bold)","ArkTS","entry\src\main\ets\pages\Index.ets:523","fontWeight?: number | FontWeight | string@entry\src\main\ets\pages\Index.ets:523","","6.0.0(20)","fontWeight?: number | FontWeight | string"
"function config(workoutConfig: WorkoutConfig): Promise<void>","新增API","harmonyos_api_changes/HarmonyOS_5.1.0(18).json","config","","this.viewHeight = this.config.headerMonthHeight + this.rowHeight * this.numRows;","ArkTS","library\src\main\ets\components\SimpleMonthView.ets:172","function config(workoutConfig: WorkoutConfig): Promise<void>@library\src\main\ets\components\SimpleMonthView.ets:172","this","5.1.0(18)","function config(workoutConfig: WorkoutConfig): Promise<void>"
"function config(workoutConfig: WorkoutConfig): Promise<void>","新增API","harmonyos_api_changes/HarmonyOS_5.1.0(18).json","config","","ctx.fillStyle = this.config.colorMonthName;","ArkTS","library\src\main\ets\components\SimpleMonthView.ets:272","function config(workoutConfig: WorkoutConfig): Promise<void>@library\src\main\ets\components\SimpleMonthView.ets:272","ctx","5.1.0(18)","function config(workoutConfig: WorkoutConfig): Promise<void>"
"function config(workoutConfig: WorkoutConfig): Promise<void>","新增API","harmonyos_api_changes/HarmonyOS_5.1.0(18).json","config","","ctx.font = 'bold ' + this.config.textSizeMonth.toString() + 'vp sans-serif';","ArkTS","library\src\main\ets\components\SimpleMonthView.ets:275","function config(workoutConfig: WorkoutConfig): Promise<void>@library\src\main\ets\components\SimpleMonthView.ets:275","ctx","5.1.0(18)","function config(workoutConfig: WorkoutConfig): Promise<void>"
"function config(workoutConfig: WorkoutConfig): Promise<void>","新增API","harmonyos_api_changes/HarmonyOS_5.1.0(18).json","config","","const y: number = this.config.headerMonthHeight / 2;","ArkTS","library\src\main\ets\components\SimpleMonthView.ets:279","function config(workoutConfig: WorkoutConfig): Promise<void>@library\src\main\ets\components\SimpleMonthView.ets:279","","5.1.0(18)","function config(workoutConfig: WorkoutConfig): Promise<void>"
"function config(workoutConfig: WorkoutConfig): Promise<void>","新增API","harmonyos_api_changes/HarmonyOS_5.1.0(18).json","config","","ctx.fillStyle = this.config.colorDayName;","ArkTS","library\src\main\ets\components\SimpleMonthView.ets:293","function config(workoutConfig: WorkoutConfig): Promise<void>@library\src\main\ets\components\SimpleMonthView.ets:293","ctx","5.1.0(18)","function config(workoutConfig: WorkoutConfig): Promise<void>"
"function config(workoutConfig: WorkoutConfig): Promise<void>","新增API","harmonyos_api_changes/HarmonyOS_5.1.0(18).json","config","","ctx.font = 'normal ' + this.config.textSizeDayName.toString() + 'vp sans-serif';","ArkTS","library\src\main\ets\components\SimpleMonthView.ets:294","function config(workoutConfig: WorkoutConfig): Promise<void>@library\src\main\ets\components\SimpleMonthView.ets:294","ctx","5.1.0(18)","function config(workoutConfig: WorkoutConfig): Promise<void>"
"function config(workoutConfig: WorkoutConfig): Promise<void>","新增API","harmonyos_api_changes/HarmonyOS_5.1.0(18).json","config","","const headerH: number = this.config.headerMonthHeight;","ArkTS","library\src\main\ets\components\SimpleMonthView.ets:296","function config(workoutConfig: WorkoutConfig): Promise<void>@library\src\main\ets\components\SimpleMonthView.ets:296","","5.1.0(18)","function config(workoutConfig: WorkoutConfig): Promise<void>"
"function config(workoutConfig: WorkoutConfig): Promise<void>","新增API","harmonyos_api_changes/HarmonyOS_5.1.0(18).json","config","","const y: number = headerH - this.config.textSizeDayName / 2;","ArkTS","library\src\main\ets\components\SimpleMonthView.ets:306","function config(workoutConfig: WorkoutConfig): Promise<void>@library\src\main\ets\components\SimpleMonthView.ets:306","","5.1.0(18)","function config(workoutConfig: WorkoutConfig): Promise<void>"
"function config(workoutConfig: WorkoutConfig): Promise<void>","新增API","harmonyos_api_changes/HarmonyOS_5.1.0(18).json","config","","const headerH: number = this.config.headerMonthHeight;","ArkTS","library\src\main\ets\components\SimpleMonthView.ets:324","function config(workoutConfig: WorkoutConfig): Promise<void>@library\src\main\ets\components\SimpleMonthView.ets:324","","5.1.0(18)","function config(workoutConfig: WorkoutConfig): Promise<void>"
"function config(workoutConfig: WorkoutConfig): Promise<void>","新增API","harmonyos_api_changes/HarmonyOS_5.1.0(18).json","config","","const rawColor: string = this.config.colorSelectedDayBackground;","ArkTS","library\src\main\ets\components\SimpleMonthView.ets:353","function config(workoutConfig: WorkoutConfig): Promise<void>@library\src\main\ets\components\SimpleMonthView.ets:353","","5.1.0(18)","function config(workoutConfig: WorkoutConfig): Promise<void>"
"function config(workoutConfig: WorkoutConfig): Promise<void>","新增API","harmonyos_api_changes/HarmonyOS_5.1.0(18).json","config","","const indicatorCenterY: number = y - this.config.textSizeDay / 3;","ArkTS","library\src\main\ets\components\SimpleMonthView.ets:362","function config(workoutConfig: WorkoutConfig): Promise<void>@library\src\main\ets\components\SimpleMonthView.ets:362","","5.1.0(18)","function config(workoutConfig: WorkoutConfig): Promise<void>"
"function config(workoutConfig: WorkoutConfig): Promise<void>","新增API","harmonyos_api_changes/HarmonyOS_5.1.0(18).json","config","","const radius: number = this.config.selectedDayRadius;","ArkTS","library\src\main\ets\components\SimpleMonthView.ets:363","function config(workoutConfig: WorkoutConfig): Promise<void>@library\src\main\ets\components\SimpleMonthView.ets:363","","5.1.0(18)","function config(workoutConfig: WorkoutConfig): Promise<void>"
"function config(workoutConfig: WorkoutConfig): Promise<void>","新增API","harmonyos_api_changes/HarmonyOS_5.1.0(18).json","config","","if (this.config.drawRoundRect) {","ArkTS","library\src\main\ets\components\SimpleMonthView.ets:365","function config(workoutConfig: WorkoutConfig): Promise<void>@library\src\main\ets\components\SimpleMonthView.ets:365","","5.1.0(18)","function config(workoutConfig: WorkoutConfig): Promise<void>"
"function config(workoutConfig: WorkoutConfig): Promise<void>","新增API","harmonyos_api_changes/HarmonyOS_5.1.0(18).json","config","","ctx.fillStyle = this.config.colorSelectedDayText;","ArkTS","library\src\main\ets\components\SimpleMonthView.ets:388","function config(workoutConfig: WorkoutConfig): Promise<void>@library\src\main\ets\components\SimpleMonthView.ets:388","ctx","5.1.0(18)","function config(workoutConfig: WorkoutConfig): Promise<void>"
"function config(workoutConfig: WorkoutConfig): Promise<void>","新增API","harmonyos_api_changes/HarmonyOS_5.1.0(18).json","config","","ctx.fillStyle = this.config.colorCurrentDay;","ArkTS","library\src\main\ets\components\SimpleMonthView.ets:390","function config(workoutConfig: WorkoutConfig): Promise<void>@library\src\main\ets\components\SimpleMonthView.ets:390","ctx","5.1.0(18)","function config(workoutConfig: WorkoutConfig): Promise<void>"
"function config(workoutConfig: WorkoutConfig): Promise<void>","新增API","harmonyos_api_changes/HarmonyOS_5.1.0(18).json","config","","} else if (isPrev && !this.config.enablePreviousDay) {","ArkTS","library\src\main\ets\components\SimpleMonthView.ets:391","function config(workoutConfig: WorkoutConfig): Promise<void>@library\src\main\ets\components\SimpleMonthView.ets:391","","5.1.0(18)","function config(workoutConfig: WorkoutConfig): Promise<void>"
"function config(workoutConfig: WorkoutConfig): Promise<void>","新增API","harmonyos_api_changes/HarmonyOS_5.1.0(18).json","config","","ctx.fillStyle = this.config.colorPreviousDay;","ArkTS","library\src\main\ets\components\SimpleMonthView.ets:392","function config(workoutConfig: WorkoutConfig): Promise<void>@library\src\main\ets\components\SimpleMonthView.ets:392","ctx","5.1.0(18)","function config(workoutConfig: WorkoutConfig): Promise<void>"
"function config(workoutConfig: WorkoutConfig): Promise<void>","新增API","harmonyos_api_changes/HarmonyOS_5.1.0(18).json","config","","ctx.fillStyle = this.config.colorNormalDay;","ArkTS","library\src\main\ets\components\SimpleMonthView.ets:394","function config(workoutConfig: WorkoutConfig): Promise<void>@library\src\main\ets\components\SimpleMonthView.ets:394","ctx","5.1.0(18)","function config(workoutConfig: WorkoutConfig): Promise<void>"
"function config(workoutConfig: WorkoutConfig): Promise<void>","新增API","harmonyos_api_changes/HarmonyOS_5.1.0(18).json","config","","if (isPrev && !this.config.enablePreviousDay) {","ArkTS","library\src\main\ets\components\SimpleMonthView.ets:403","function config(workoutConfig: WorkoutConfig): Promise<void>@library\src\main\ets\components\SimpleMonthView.ets:403","","5.1.0(18)","function config(workoutConfig: WorkoutConfig): Promise<void>"
"function config(workoutConfig: WorkoutConfig): Promise<void>","新增API","harmonyos_api_changes/HarmonyOS_5.1.0(18).json","config","","this.config.textSizeDay.toString() + 'vp sans-serif';","ArkTS","library\src\main\ets\components\SimpleMonthView.ets:407","function config(workoutConfig: WorkoutConfig): Promise<void>@library\src\main\ets\components\SimpleMonthView.ets:407","this","5.1.0(18)","function config(workoutConfig: WorkoutConfig): Promise<void>"
"function config(workoutConfig: WorkoutConfig): Promise<void>","新增API","harmonyos_api_changes/HarmonyOS_5.1.0(18).json","config","","const headerH: number = this.config.headerMonthHeight;","ArkTS","library\src\main\ets\components\SimpleMonthView.ets:432","function config(workoutConfig: WorkoutConfig): Promise<void>@library\src\main\ets\components\SimpleMonthView.ets:432","","5.1.0(18)","function config(workoutConfig: WorkoutConfig): Promise<void>"
"function config(workoutConfig: WorkoutConfig): Promise<void>","新增API","harmonyos_api_changes/HarmonyOS_5.1.0(18).json","config","","if (!this.config.enablePreviousDay && this.isPreviousDay(day.day)) {","ArkTS","library\src\main\ets\components\SimpleMonthView.ets:479","function config(workoutConfig: WorkoutConfig): Promise<void>@library\src\main\ets\components\SimpleMonthView.ets:479","","5.1.0(18)","function config(workoutConfig: WorkoutConfig): Promise<void>"
"initialIndex?: number","接口行为变更","harmonyos_behavior_changes/HarmonyOS_5.0.2(14)_Beta1.json","initialIndex","","List() {","ArkTS","library\src\main\ets\components\DayPickerView.ets:404","initialIndex?: number@library\src\main\ets\components\DayPickerView.ets:404","","5.0.2(14)","initialIndex?: number"
"loadContent(path: string, callback: AsyncCallback<void>): void","删除错误码","harmonyos_api_changes/HarmonyOS_5.1.1(19)_Release.json","loadContent","","windowStage.loadContent('pages/Index', (err) => {","ArkTS","entry\src\main\ets\entryability\EntryAbility.ets:25","loadContent(path: string, callback: AsyncCallback<void>): void@entry\src\main\ets\entryability\EntryAbility.ets:25","windowStage","5.1.1(19)","loadContent(path: string, callback: AsyncCallback<void>): void"
"loadContent(path: string, storage: LocalStorage): Promise<void>","删除错误码","harmonyos_api_changes/HarmonyOS_5.1.1(19)_Release.json","loadContent","","windowStage.loadContent('pages/Index', (err) => {","ArkTS","entry\src\main\ets\entryability\EntryAbility.ets:25","loadContent(path: string, storage: LocalStorage): Promise<void>@entry\src\main\ets\entryability\EntryAbility.ets:25","windowStage","5.1.1(19)","loadContent(path: string, storage: LocalStorage): Promise<void>"
"loadContent(path: string, storage: LocalStorage, callback: AsyncCallback<void>): void","删除错误码","harmonyos_api_changes/HarmonyOS_5.1.1(19)_Release.json","loadContent","","windowStage.loadContent('pages/Index', (err) => {","ArkTS","entry\src\main\ets\entryability\EntryAbility.ets:25","loadContent(path: string, storage: LocalStorage, callback: AsyncCallback<void>): void@entry\src\main\ets\entryability\EntryAbility.ets:25","windowStage","5.1.1(19)","loadContent(path: string, storage: LocalStorage, callback: AsyncCallback<void>): void"
"loadContent(path: string, storage?: LocalStorage): Promise<void>","删除错误码","harmonyos_api_changes/HarmonyOS_5.1.1(19)_Release.json","loadContent","","windowStage.loadContent('pages/Index', (err) => {","ArkTS","entry\src\main\ets\entryability\EntryAbility.ets:25","loadContent(path: string, storage?: LocalStorage): Promise<void>@entry\src\main\ets\entryability\EntryAbility.ets:25","windowStage","5.1.1(19)","loadContent(path: string, storage?: LocalStorage): Promise<void>"
"maxLines(line: number): T","类新增必选属性或非同名方法","harmonyos_api_changes/HarmonyOS_5.1.0(18).json","maxLines","",".maxLines(MAX_LINES_LOG_ENTRY)","ArkTS","entry\src\main\ets\pages\Index.ets:568","maxLines(line: number): T@entry\src\main\ets\pages\Index.ets:568","","5.1.0(18)","maxLines(line: number): T"
"month: number","新增API","harmonyos_api_changes/HarmonyOS_26.0.0_Beta1.json","month","","id: year.toString() + '-' + month.toString(),","ArkTS","library\src\main\ets\components\DayPickerView.ets:251","month: number@library\src\main\ets\components\DayPickerView.ets:251","","26.0.0 Beta2","month: number"
"month?: TextStyle","新增API","harmonyos_api_changes/HarmonyOS_6.1.0(23)_Beta1.json","month","","id: year.toString() + '-' + month.toString(),","ArkTS","library\src\main\ets\components\DayPickerView.ets:251","month?: TextStyle@library\src\main\ets\components\DayPickerView.ets:251","","6.1.0(23)","month?: TextStyle"
"month?: number","新增API","harmonyos_api_changes/HarmonyOS_26.0.0_Beta2.json","month","","id: year.toString() + '-' + month.toString(),","ArkTS","library\src\main\ets\components\DayPickerView.ets:251","month?: number@library\src\main\ets\components\DayPickerView.ets:251","","26.0.0 Beta2","month?: number"
"month?: string","API废弃版本变更","harmonyos_api_changes/HarmonyOS_6.0.0(20)_Beta1.json","month","","id: year.toString() + '-' + month.toString(),","ArkTS","library\src\main\ets\components\DayPickerView.ets:251","month?: string@library\src\main\ets\components\DayPickerView.ets:251","","6.0.0(20)","month?: string"
"onAreaChange(event: (oldValue: Area, newValue: Area) => void): T","类新增同名方法且参数类型与已有的参数类型范围是包含关系","harmonyos_api_changes/HarmonyOS_26.0.0_Beta1.json","onAreaChange","",".onAreaChange((_oldValue: Area, newValue: Area) => {","ArkTS","library\src\main\ets\components\SimpleMonthView.ets:516","onAreaChange(event: (oldValue: Area, newValue: Area) => void): T@library\src\main\ets\components\SimpleMonthView.ets:516","","26.0.0 Beta2","onAreaChange(event: (oldValue: Area, newValue: Area) => void): T"
"onChange?: (value: Date) => void","函数变更","harmonyos_api_changes/HarmonyOS_5.1.0(18).json","onChange","",".onChange((isOn: boolean) => {","ArkTS","entry\src\main\ets\pages\Index.ets:401","onChange?: (value: Date) => void@entry\src\main\ets\pages\Index.ets:401","","5.1.0(18)","onChange?: (value: Date) => void"
"onChange?: (value: Date) => void","函数变更","harmonyos_api_changes/HarmonyOS_5.1.0(18).json","onChange","",".onChange((isOn: boolean) => {","ArkTS","entry\src\main\ets\pages\Index.ets:442","onChange?: (value: Date) => void@entry\src\main\ets\pages\Index.ets:442","","5.1.0(18)","onChange?: (value: Date) => void"
"onChange?: (value: Date) => void","函数变更","harmonyos_api_changes/HarmonyOS_5.1.0(18).json","onChange","",".onChange((isOn: boolean) => {","ArkTS","entry\src\main\ets\pages\Index.ets:459","onChange?: (value: Date) => void@entry\src\main\ets\pages\Index.ets:459","","5.1.0(18)","onChange?: (value: Date) => void"
"range: \[ ResourceColor, ResourceColor \]","属性变更","harmonyos_api_changes/HarmonyOS_5.1.0(18).json","range","","range.setFirst(this.selectedFirst);","ArkTS","library\src\main\ets\components\DayPickerView.ets:357","range: \[ ResourceColor, ResourceColor \]@library\src\main\ets\components\DayPickerView.ets:357","range","5.1.0(18)","range: \[ ResourceColor, ResourceColor \]"
"range: \[ ResourceColor, ResourceColor \]","属性变更","harmonyos_api_changes/HarmonyOS_5.1.0(18).json","range","","range.setLast(this.selectedLast);","ArkTS","library\src\main\ets\components\DayPickerView.ets:358","range: \[ ResourceColor, ResourceColor \]@library\src\main\ets\components\DayPickerView.ets:358","range","5.1.0(18)","range: \[ ResourceColor, ResourceColor \]"
"range: \[ TYPE, TYPE \]","属性变更","harmonyos_api_changes/HarmonyOS_5.1.0(18).json","range","","range.setFirst(this.selectedFirst);","ArkTS","library\src\main\ets\components\DayPickerView.ets:357","range: \[ TYPE, TYPE \]@library\src\main\ets\components\DayPickerView.ets:357","range","5.1.0(18)","range: \[ TYPE, TYPE \]"
"range: \[ TYPE, TYPE \]","属性变更","harmonyos_api_changes/HarmonyOS_5.1.0(18).json","range","","range.setLast(this.selectedLast);","ArkTS","library\src\main\ets\components\DayPickerView.ets:358","range: \[ TYPE, TYPE \]@library\src\main\ets\components\DayPickerView.ets:358","range","5.1.0(18)","range: \[ TYPE, TYPE \]"
"readonly canvasWidth?: number","新增API","harmonyos_api_changes/HarmonyOS_6.1.1(24)_Beta1.json","readonly","","this.rowHeight = Math.max(MIN_ROW_HEIGHT, this.canvasWidth / DAYS_IN_WEEK);","ArkTS","library\src\main\ets\components\SimpleMonthView.ets:171","readonly canvasWidth?: number@library\src\main\ets\components\SimpleMonthView.ets:171","this","6.1.1(24)","readonly canvasWidth?: number"
"readonly canvasWidth?: number","新增API","harmonyos_api_changes/HarmonyOS_6.1.1(24)_Beta1.json","readonly","","if (this.canvasWidth <= INIT_VALUE || this.viewHeight <= INIT_VALUE) {","ArkTS","library\src\main\ets\components\SimpleMonthView.ets:229","readonly canvasWidth?: number@library\src\main\ets\components\SimpleMonthView.ets:229","","6.1.1(24)","readonly canvasWidth?: number"
"readonly canvasWidth?: number","新增API","harmonyos_api_changes/HarmonyOS_6.1.1(24)_Beta1.json","readonly","","const w: number = this.canvasWidth;","ArkTS","library\src\main\ets\components\SimpleMonthView.ets:234","readonly canvasWidth?: number@library\src\main\ets\components\SimpleMonthView.ets:234","","6.1.1(24)","readonly canvasWidth?: number"
"readonly canvasWidth?: number","新增API","harmonyos_api_changes/HarmonyOS_6.1.1(24)_Beta1.json","readonly","","const w: number = this.canvasWidth;","ArkTS","library\src\main\ets\components\SimpleMonthView.ets:426","readonly canvasWidth?: number@library\src\main\ets\components\SimpleMonthView.ets:426","","6.1.1(24)","readonly canvasWidth?: number"
"readonly canvasWidth?: number","新增API","harmonyos_api_changes/HarmonyOS_6.1.1(24)_Beta1.json","readonly","","if (newWidth > INIT_VALUE && Math.abs(newWidth - this.canvasWidth) > AREA_CHANGE_TOLERANCE) {","ArkTS","library\src\main\ets\components\SimpleMonthView.ets:518","readonly canvasWidth?: number@library\src\main\ets\components\SimpleMonthView.ets:518","","6.1.1(24)","readonly canvasWidth?: number"
"readonly canvasWidth?: number","新增API","harmonyos_api_changes/HarmonyOS_6.1.1(24)_Beta1.json","readonly","","this.canvasWidth = newWidth;","ArkTS","library\src\main\ets\components\SimpleMonthView.ets:519","readonly canvasWidth?: number@library\src\main\ets\components\SimpleMonthView.ets:519","this","6.1.1(24)","readonly canvasWidth?: number"
"readonly config: AssetDownloadConfig","新增API","harmonyos_api_changes/HarmonyOS_5.1.0(18).json","readonly","","this.viewHeight = this.config.headerMonthHeight + this.rowHeight * this.numRows;","ArkTS","library\src\main\ets\components\SimpleMonthView.ets:172","readonly config: AssetDownloadConfig@library\src\main\ets\components\SimpleMonthView.ets:172","this","5.1.0(18)","readonly config: AssetDownloadConfig"
"readonly config: AssetDownloadConfig","新增API","harmonyos_api_changes/HarmonyOS_5.1.0(18).json","readonly","","ctx.fillStyle = this.config.colorMonthName;","ArkTS","library\src\main\ets\components\SimpleMonthView.ets:272","readonly config: AssetDownloadConfig@library\src\main\ets\components\SimpleMonthView.ets:272","ctx","5.1.0(18)","readonly config: AssetDownloadConfig"
"readonly config: AssetDownloadConfig","新增API","harmonyos_api_changes/HarmonyOS_5.1.0(18).json","readonly","","ctx.font = 'bold ' + this.config.textSizeMonth.toString() + 'vp sans-serif';","ArkTS","library\src\main\ets\components\SimpleMonthView.ets:275","readonly config: AssetDownloadConfig@library\src\main\ets\components\SimpleMonthView.ets:275","ctx","5.1.0(18)","readonly config: AssetDownloadConfig"
"readonly config: AssetDownloadConfig","新增API","harmonyos_api_changes/HarmonyOS_5.1.0(18).json","readonly","","const y: number = this.config.headerMonthHeight / 2;","ArkTS","library\src\main\ets\components\SimpleMonthView.ets:279","readonly config: AssetDownloadConfig@library\src\main\ets\components\SimpleMonthView.ets:279","","5.1.0(18)","readonly config: AssetDownloadConfig"
"readonly config: AssetDownloadConfig","新增API","harmonyos_api_changes/HarmonyOS_5.1.0(18).json","readonly","","ctx.fillStyle = this.config.colorDayName;","ArkTS","library\src\main\ets\components\SimpleMonthView.ets:293","readonly config: AssetDownloadConfig@library\src\main\ets\components\SimpleMonthView.ets:293","ctx","5.1.0(18)","readonly config: AssetDownloadConfig"
"readonly config: AssetDownloadConfig","新增API","harmonyos_api_changes/HarmonyOS_5.1.0(18).json","readonly","","ctx.font = 'normal ' + this.config.textSizeDayName.toString() + 'vp sans-serif';","ArkTS","library\src\main\ets\components\SimpleMonthView.ets:294","readonly config: AssetDownloadConfig@library\src\main\ets\components\SimpleMonthView.ets:294","ctx","5.1.0(18)","readonly config: AssetDownloadConfig"
"readonly config: AssetDownloadConfig","新增API","harmonyos_api_changes/HarmonyOS_5.1.0(18).json","readonly","","const headerH: number = this.config.headerMonthHeight;","ArkTS","library\src\main\ets\components\SimpleMonthView.ets:296","readonly config: AssetDownloadConfig@library\src\main\ets\components\SimpleMonthView.ets:296","","5.1.0(18)","readonly config: AssetDownloadConfig"
"readonly config: AssetDownloadConfig","新增API","harmonyos_api_changes/HarmonyOS_5.1.0(18).json","readonly","","const y: number = headerH - this.config.textSizeDayName / 2;","ArkTS","library\src\main\ets\components\SimpleMonthView.ets:306","readonly config: AssetDownloadConfig@library\src\main\ets\components\SimpleMonthView.ets:306","","5.1.0(18)","readonly config: AssetDownloadConfig"
"readonly config: AssetDownloadConfig","新增API","harmonyos_api_changes/HarmonyOS_5.1.0(18).json","readonly","","const headerH: number = this.config.headerMonthHeight;","ArkTS","library\src\main\ets\components\SimpleMonthView.ets:324","readonly config: AssetDownloadConfig@library\src\main\ets\components\SimpleMonthView.ets:324","","5.1.0(18)","readonly config: AssetDownloadConfig"
"readonly config: AssetDownloadConfig","新增API","harmonyos_api_changes/HarmonyOS_5.1.0(18).json","readonly","","const rawColor: string = this.config.colorSelectedDayBackground;","ArkTS","library\src\main\ets\components\SimpleMonthView.ets:353","readonly config: AssetDownloadConfig@library\src\main\ets\components\SimpleMonthView.ets:353","","5.1.0(18)","readonly config: AssetDownloadConfig"
"readonly config: AssetDownloadConfig","新增API","harmonyos_api_changes/HarmonyOS_5.1.0(18).json","readonly","","const indicatorCenterY: number = y - this.config.textSizeDay / 3;","ArkTS","library\src\main\ets\components\SimpleMonthView.ets:362","readonly config: AssetDownloadConfig@library\src\main\ets\components\SimpleMonthView.ets:362","","5.1.0(18)","readonly config: AssetDownloadConfig"
"readonly config: AssetDownloadConfig","新增API","harmonyos_api_changes/HarmonyOS_5.1.0(18).json","readonly","","const radius: number = this.config.selectedDayRadius;","ArkTS","library\src\main\ets\components\SimpleMonthView.ets:363","readonly config: AssetDownloadConfig@library\src\main\ets\components\SimpleMonthView.ets:363","","5.1.0(18)","readonly config: AssetDownloadConfig"
"readonly config: AssetDownloadConfig","新增API","harmonyos_api_changes/HarmonyOS_5.1.0(18).json","readonly","","if (this.config.drawRoundRect) {","ArkTS","library\src\main\ets\components\SimpleMonthView.ets:365","readonly config: AssetDownloadConfig@library\src\main\ets\components\SimpleMonthView.ets:365","","5.1.0(18)","readonly config: AssetDownloadConfig"
"readonly config: AssetDownloadConfig","新增API","harmonyos_api_changes/HarmonyOS_5.1.0(18).json","readonly","","ctx.fillStyle = this.config.colorSelectedDayText;","ArkTS","library\src\main\ets\components\SimpleMonthView.ets:388","readonly config: AssetDownloadConfig@library\src\main\ets\components\SimpleMonthView.ets:388","ctx","5.1.0(18)","readonly config: AssetDownloadConfig"
"readonly config: AssetDownloadConfig","新增API","harmonyos_api_changes/HarmonyOS_5.1.0(18).json","readonly","","ctx.fillStyle = this.config.colorCurrentDay;","ArkTS","library\src\main\ets\components\SimpleMonthView.ets:390","readonly config: AssetDownloadConfig@library\src\main\ets\components\SimpleMonthView.ets:390","ctx","5.1.0(18)","readonly config: AssetDownloadConfig"
"readonly config: AssetDownloadConfig","新增API","harmonyos_api_changes/HarmonyOS_5.1.0(18).json","readonly","","} else if (isPrev && !this.config.enablePreviousDay) {","ArkTS","library\src\main\ets\components\SimpleMonthView.ets:391","readonly config: AssetDownloadConfig@library\src\main\ets\components\SimpleMonthView.ets:391","","5.1.0(18)","readonly config: AssetDownloadConfig"
"readonly config: AssetDownloadConfig","新增API","harmonyos_api_changes/HarmonyOS_5.1.0(18).json","readonly","","ctx.fillStyle = this.config.colorPreviousDay;","ArkTS","library\src\main\ets\components\SimpleMonthView.ets:392","readonly config: AssetDownloadConfig@library\src\main\ets\components\SimpleMonthView.ets:392","ctx","5.1.0(18)","readonly config: AssetDownloadConfig"
"readonly config: AssetDownloadConfig","新增API","harmonyos_api_changes/HarmonyOS_5.1.0(18).json","readonly","","ctx.fillStyle = this.config.colorNormalDay;","ArkTS","library\src\main\ets\components\SimpleMonthView.ets:394","readonly config: AssetDownloadConfig@library\src\main\ets\components\SimpleMonthView.ets:394","ctx","5.1.0(18)","readonly config: AssetDownloadConfig"
"readonly config: AssetDownloadConfig","新增API","harmonyos_api_changes/HarmonyOS_5.1.0(18).json","readonly","","if (isPrev && !this.config.enablePreviousDay) {","ArkTS","library\src\main\ets\components\SimpleMonthView.ets:403","readonly config: AssetDownloadConfig@library\src\main\ets\components\SimpleMonthView.ets:403","","5.1.0(18)","readonly config: AssetDownloadConfig"
"readonly config: AssetDownloadConfig","新增API","harmonyos_api_changes/HarmonyOS_5.1.0(18).json","readonly","","this.config.textSizeDay.toString() + 'vp sans-serif';","ArkTS","library\src\main\ets\components\SimpleMonthView.ets:407","readonly config: AssetDownloadConfig@library\src\main\ets\components\SimpleMonthView.ets:407","this","5.1.0(18)","readonly config: AssetDownloadConfig"
"readonly config: AssetDownloadConfig","新增API","harmonyos_api_changes/HarmonyOS_5.1.0(18).json","readonly","","const headerH: number = this.config.headerMonthHeight;","ArkTS","library\src\main\ets\components\SimpleMonthView.ets:432","readonly config: AssetDownloadConfig@library\src\main\ets\components\SimpleMonthView.ets:432","","5.1.0(18)","readonly config: AssetDownloadConfig"
"readonly config: AssetDownloadConfig","新增API","harmonyos_api_changes/HarmonyOS_5.1.0(18).json","readonly","","if (!this.config.enablePreviousDay && this.isPreviousDay(day.day)) {","ArkTS","library\src\main\ets\components\SimpleMonthView.ets:479","readonly config: AssetDownloadConfig@library\src\main\ets\components\SimpleMonthView.ets:479","","5.1.0(18)","readonly config: AssetDownloadConfig"
"readonly timestamp: number","新增API","harmonyos_api_changes/HarmonyOS_5.1.0(18).json","readonly","","this.timestamp = timestamp;","ArkTS","entry\src\main\ets\pages\Index.ets:121","readonly timestamp: number@entry\src\main\ets\pages\Index.ets:121","this","5.1.0(18)","readonly timestamp: number"
"readonly timestamp: number","新增API","harmonyos_api_changes/HarmonyOS_5.1.0(18).json","readonly","","Text(entry.timestamp)","ArkTS","entry\src\main\ets\pages\Index.ets:560","readonly timestamp: number@entry\src\main\ets\pages\Index.ets:560","","5.1.0(18)","readonly timestamp: number"
"readonly timestamp: number","新增API","harmonyos_api_changes/HarmonyOS_5.1.0(18).json","readonly","","}, (entry: LogEntry): string => entry.timestamp + entry.message)","ArkTS","entry\src\main\ets\pages\Index.ets:574","readonly timestamp: number@entry\src\main\ets\pages\Index.ets:574","","5.1.0(18)","readonly timestamp: number"
"roundRect(x: number, y: number, w: number, h: number, radii?: number | Array<number>): void","类新增必选属性或非同名方法","harmonyos_api_changes/HarmonyOS_6.0.0(20)_Beta1.json","roundRect","","ctx.roundRect(rectX, rectY, rw, rh, rx);","ArkTS","library\src\main\ets\components\SimpleMonthView.ets:374","roundRect(x: number, y: number, w: number, h: number, radii?: number | Array<number>): void@library\src\main\ets\components\SimpleMonthView.ets:374","ctx","6.0.0(20)","roundRect(x: number, y: number, w: number, h: number, radii?: number | Array<number>): void"
"setColorMode(colorMode: ConfigurationConstant.ColorMode): void","类新增必选属性或非同名方法","harmonyos_api_changes/HarmonyOS_5.1.0(18).json","setColorMode","","this.context.getApplicationContext().setColorMode(ConfigurationConstant.ColorMode.COLOR_MODE_NOT_SET);","ArkTS","entry\src\main\ets\entryability\EntryAbility.ets:10","setColorMode(colorMode: ConfigurationConstant.ColorMode): void@entry\src\main\ets\entryability\EntryAbility.ets:10","this","5.1.0(18)","setColorMode(colorMode: ConfigurationConstant.ColorMode): void"
"textOverflow(value: { overflow: TextOverflow; }): TextAttribute","函数变更","harmonyos_api_changes/HarmonyOS_5.1.0(18).json","textOverflow","",".textOverflow({ overflow: TextOverflow.Ellipsis })","ArkTS","entry\src\main\ets\pages\Index.ets:569","textOverflow(value: { overflow: TextOverflow; }): TextAttribute@entry\src\main\ets\pages\Index.ets:569","","5.1.0(18)","textOverflow(value: { overflow: TextOverflow; }): TextAttribute"
"updated?: boolean","新增API","harmonyos_api_changes/HarmonyOS_26.0.0_Beta1.json","updated","","updated.push(this.newMonthItem(item.year, item.month));","ArkTS","library\src\main\ets\components\DayPickerView.ets:272","updated?: boolean@library\src\main\ets\components\DayPickerView.ets:272","updated","26.0.0 Beta2","updated?: boolean"
"windowStage: window.WindowStage","API跨平台权限变更","harmonyos_api_changes/HarmonyOS_6.0.1(21)_Release.json","windowStage","","windowStage.loadContent('pages/Index', (err) => {","ArkTS","entry\src\main\ets\entryability\EntryAbility.ets:25","windowStage: window.WindowStage@entry\src\main\ets\entryability\EntryAbility.ets:25","windowStage","6.0.1(21)","windowStage: window.WindowStage"
"windowStage?: window.WindowStage","新增API","harmonyos_api_changes/HarmonyOS_6.0.0(20)_Beta1.json","windowStage","","windowStage.loadContent('pages/Index', (err) => {","ArkTS","entry\src\main\ets\entryability\EntryAbility.ets:25","windowStage?: window.WindowStage@entry\src\main\ets\entryability\EntryAbility.ets:25","windowStage","6.0.0(20)","windowStage?: window.WindowStage"
"year: number","新增API","harmonyos_api_changes/HarmonyOS_26.0.0_Beta2.json","year","","this.owner.selectedYearText = year.toString();","ArkTS","entry\src\main\ets\pages\Index.ets:80","year: number@entry\src\main\ets\pages\Index.ets:80","this","26.0.0 Beta2","year: number"
"year: number","新增API","harmonyos_api_changes/HarmonyOS_26.0.0_Beta2.json","year","","id: year.toString() + '-' + month.toString(),","ArkTS","library\src\main\ets\components\DayPickerView.ets:251","year: number@library\src\main\ets\components\DayPickerView.ets:251","","26.0.0 Beta2","year: number"
"year: number","新增API","harmonyos_api_changes/HarmonyOS_26.0.0_Beta2.json","year","","const title: string = monthName + ' ' + this.year.toString();","ArkTS","library\src\main\ets\components\SimpleMonthView.ets:269","year: number@library\src\main\ets\components\SimpleMonthView.ets:269","","26.0.0 Beta2","year: number"
"year?: TextStyle","新增API","harmonyos_api_changes/HarmonyOS_6.1.0(23)_Beta1.json","year","","this.owner.selectedYearText = year.toString();","ArkTS","entry\src\main\ets\pages\Index.ets:80","year?: TextStyle@entry\src\main\ets\pages\Index.ets:80","this","6.1.0(23)","year?: TextStyle"
"year?: TextStyle","新增API","harmonyos_api_changes/HarmonyOS_6.1.0(23)_Beta1.json","year","","id: year.toString() + '-' + month.toString(),","ArkTS","library\src\main\ets\components\DayPickerView.ets:251","year?: TextStyle@library\src\main\ets\components\DayPickerView.ets:251","","6.1.0(23)","year?: TextStyle"
"year?: TextStyle","新增API","harmonyos_api_changes/HarmonyOS_6.1.0(23)_Beta1.json","year","","const title: string = monthName + ' ' + this.year.toString();","ArkTS","library\src\main\ets\components\SimpleMonthView.ets:269","year?: TextStyle@library\src\main\ets\components\SimpleMonthView.ets:269","","6.1.0(23)","year?: TextStyle"
"year?: number","新增API","harmonyos_api_changes/HarmonyOS_26.0.0_Beta2.json","year","","this.owner.selectedYearText = year.toString();","ArkTS","entry\src\main\ets\pages\Index.ets:80","year?: number@entry\src\main\ets\pages\Index.ets:80","this","26.0.0 Beta2","year?: number"
"year?: number","新增API","harmonyos_api_changes/HarmonyOS_26.0.0_Beta2.json","year","","id: year.toString() + '-' + month.toString(),","ArkTS","library\src\main\ets\components\DayPickerView.ets:251","year?: number@library\src\main\ets\components\DayPickerView.ets:251","","26.0.0 Beta2","year?: number"
"year?: number","新增API","harmonyos_api_changes/HarmonyOS_26.0.0_Beta2.json","year","","const title: string = monthName + ' ' + this.year.toString();","ArkTS","library\src\main\ets\components\SimpleMonthView.ets:269","year?: number@library\src\main\ets\components\SimpleMonthView.ets:269","","26.0.0 Beta2","year?: number"
"year?: string","API废弃版本变更","harmonyos_api_changes/HarmonyOS_6.0.0(20)_Beta1.json","year","","this.owner.selectedYearText = year.toString();","ArkTS","entry\src\main\ets\pages\Index.ets:80","year?: string@entry\src\main\ets\pages\Index.ets:80","this","6.0.0(20)","year?: string"
"year?: string","API废弃版本变更","harmonyos_api_changes/HarmonyOS_6.0.0(20)_Beta1.json","year","","id: year.toString() + '-' + month.toString(),","ArkTS","library\src\main\ets\components\DayPickerView.ets:251","year?: string@library\src\main\ets\components\DayPickerView.ets:251","","6.0.0(20)","year?: string"
"year?: string","API废弃版本变更","harmonyos_api_changes/HarmonyOS_6.0.0(20)_Beta1.json","year","","const title: string = monthName + ' ' + this.year.toString();","ArkTS","library\src\main\ets\components\SimpleMonthView.ets:269","year?: string@library\src\main\ets\components\SimpleMonthView.ets:269","","6.0.0(20)","year?: string"
