Api Name,Api Type,Api File Path,Api Prefix,Api Params,API Args,Invoke Method,Invoke Location,Api Key,Invoke Instance,ChangeId,MethodDefinition
"MODE_AUTO = -1","API废弃版本变更","harmonyos_api_changes/HarmonyOS_6.0.0(20)_Beta1.json","MODE_AUTO","","import { AbilityConstant, ConfigurationConstant, UIAbility, Want } from '@kit.AbilityKit';","ArkTS","entry\src\main\ets\entryability\EntryAbility.ets:1","MODE_AUTO = -1@entry\src\main\ets\entryability\EntryAbility.ets:1","","6.0.0(20)","MODE_AUTO = -1"
"MODE_AUTO = -1","API废弃版本变更","harmonyos_api_changes/HarmonyOS_6.0.0(20)_Beta1.json","MODE_AUTO","","this.context.getApplicationContext().setColorMode(ConfigurationConstant.ColorMode.COLOR_MODE_NOT_SET);","ArkTS","entry\src\main\ets\entryability\EntryAbility.ets:10","MODE_AUTO = -1@entry\src\main\ets\entryability\EntryAbility.ets:10","this","6.0.0(20)","MODE_AUTO = -1"
"MODE_DARK = 0","API废弃版本变更","harmonyos_api_changes/HarmonyOS_6.0.0(20)_Beta1.json","MODE_DARK","","import { AbilityConstant, ConfigurationConstant, UIAbility, Want } from '@kit.AbilityKit';","ArkTS","entry\src\main\ets\entryability\EntryAbility.ets:1","MODE_DARK = 0@entry\src\main\ets\entryability\EntryAbility.ets:1","","6.0.0(20)","MODE_DARK = 0"
"MODE_DARK = 0","API废弃版本变更","harmonyos_api_changes/HarmonyOS_6.0.0(20)_Beta1.json","MODE_DARK","","this.context.getApplicationContext().setColorMode(ConfigurationConstant.ColorMode.COLOR_MODE_NOT_SET);","ArkTS","entry\src\main\ets\entryability\EntryAbility.ets:10","MODE_DARK = 0@entry\src\main\ets\entryability\EntryAbility.ets:10","this","6.0.0(20)","MODE_DARK = 0"
"MODE_LIGHT = 1","API废弃版本变更","harmonyos_api_changes/HarmonyOS_6.0.0(20)_Beta1.json","MODE_LIGHT","","import { AbilityConstant, ConfigurationConstant, UIAbility, Want } from '@kit.AbilityKit';","ArkTS","entry\src\main\ets\entryability\EntryAbility.ets:1","MODE_LIGHT = 1@entry\src\main\ets\entryability\EntryAbility.ets:1","","6.0.0(20)","MODE_LIGHT = 1"
"MODE_LIGHT = 1","API废弃版本变更","harmonyos_api_changes/HarmonyOS_6.0.0(20)_Beta1.json","MODE_LIGHT","","this.context.getApplicationContext().setColorMode(ConfigurationConstant.ColorMode.COLOR_MODE_NOT_SET);","ArkTS","entry\src\main\ets\entryability\EntryAbility.ets:10","MODE_LIGHT = 1@entry\src\main\ets\entryability\EntryAbility.ets:10","this","6.0.0(20)","MODE_LIGHT = 1"
"Map = 5","API废弃版本变更","harmonyos_api_changes/HarmonyOS_6.0.1(21)_Beta1.json","Map","","let map = new Map<string, number>();","ArkTS","entry\src\main\ets\common\DataUtil.ets:73","Map = 5@entry\src\main\ets\common\DataUtil.ets:73","","6.0.1(21)","Map = 5"
"String.prototype.lastIndexOf接口查找空字符串行为变更","None","harmonyos_behavior_changes/HarmonyOS_5.0.2(14)_Beta1.json","String","","arr.push(String.fromCharCode('A'.charCodeAt(0) + i));","ArkTS","entry\src\main\ets\common\DataUtil.ets:27","String.prototype.lastIndexOf接口查找空字符串行为变更@entry\src\main\ets\common\DataUtil.ets:27","arr","5.0.2(14)","String.prototype.lastIndexOf接口查找空字符串行为变更"
"arc(x: number, y: number, radius: number, startAngle: number, endAngle: number, counterclockwise?: boolean): void","接口行为变更","harmonyos_behavior_changes/HarmonyOS_5.1.0(18)_Release.json","arc","","this.ctx.arc(cx, cy, radius, 0, Math.PI * 2);","ArkTS","ohos_library\src\main\ets\components\SideBar.ets:139","arc(x: number, y: number, radius: number, startAngle: number, endAngle: number, counterclockwise?: boolean): void@ohos_library\src\main\ets\components\SideBar.ets:139","this","5.1.0(18)","arc(x: number, y: number, radius: number, startAngle: number, endAngle: number, counterclockwise?: boolean): void"
"backgroundColor(color: Optional<ResourceColor>): ArcDotIndicator","新增API","harmonyos_api_changes/HarmonyOS_5.1.0(18).json","backgroundColor","",".backgroundColor(this.bubbleBgColor)","ArkTS","entry\src\main\ets\components\HintBubble.ets:38","backgroundColor(color: Optional<ResourceColor>): ArcDotIndicator@entry\src\main\ets\components\HintBubble.ets:38","","5.1.0(18)","backgroundColor(color: Optional<ResourceColor>): ArcDotIndicator"
"backgroundColor(color: Optional<ResourceColor>): ArcDotIndicator","新增API","harmonyos_api_changes/HarmonyOS_5.1.0(18).json","backgroundColor","",".backgroundColor($r('app.color.header_background'))","ArkTS","entry\src\main\ets\pages\Index.ets:111","backgroundColor(color: Optional<ResourceColor>): ArcDotIndicator@entry\src\main\ets\pages\Index.ets:111","","5.1.0(18)","backgroundColor(color: Optional<ResourceColor>): ArcDotIndicator"
"backgroundColor(color: Optional<ResourceColor>): ArcDotIndicator","新增API","harmonyos_api_changes/HarmonyOS_5.1.0(18).json","backgroundColor","",".backgroundColor($r('app.color.page_background'))","ArkTS","entry\src\main\ets\pages\Index.ets:163","backgroundColor(color: Optional<ResourceColor>): ArcDotIndicator@entry\src\main\ets\pages\Index.ets:163","","5.1.0(18)","backgroundColor(color: Optional<ResourceColor>): ArcDotIndicator"
"backgroundColor(color: Optional<ResourceColor>): ArcDotIndicator","新增API","harmonyos_api_changes/HarmonyOS_5.1.0(18).json","backgroundColor","",".backgroundColor($r('app.color.title_bar_background'))","ArkTS","entry\src\main\ets\pages\Index.ets:96","backgroundColor(color: Optional<ResourceColor>): ArcDotIndicator@entry\src\main\ets\pages\Index.ets:96","","5.1.0(18)","backgroundColor(color: Optional<ResourceColor>): ArcDotIndicator"
"backgroundColor(color: Optional<ResourceColor>): ArcDotIndicator","新增API","harmonyos_api_changes/HarmonyOS_5.1.0(18).json","backgroundColor","",".backgroundColor(color)","ArkTS","entry\src\main\ets\pages\Settings.ets:124","backgroundColor(color: Optional<ResourceColor>): ArcDotIndicator@entry\src\main\ets\pages\Settings.ets:124","","5.1.0(18)","backgroundColor(color: Optional<ResourceColor>): ArcDotIndicator"
"backgroundColor(color: Optional<ResourceColor>): ArcDotIndicator","新增API","harmonyos_api_changes/HarmonyOS_5.1.0(18).json","backgroundColor","",".backgroundColor($r('app.color.page_background'))","ArkTS","entry\src\main\ets\pages\Settings.ets:275","backgroundColor(color: Optional<ResourceColor>): ArcDotIndicator@entry\src\main\ets\pages\Settings.ets:275","","5.1.0(18)","backgroundColor(color: Optional<ResourceColor>): ArcDotIndicator"
"backgroundColor(color: Optional<ResourceColor>): ArcDotIndicator","新增API","harmonyos_api_changes/HarmonyOS_5.1.0(18).json","backgroundColor","",".backgroundColor($r('app.color.title_bar_background'))","ArkTS","entry\src\main\ets\pages\Settings.ets:47","backgroundColor(color: Optional<ResourceColor>): ArcDotIndicator@entry\src\main\ets\pages\Settings.ets:47","","5.1.0(18)","backgroundColor(color: Optional<ResourceColor>): ArcDotIndicator"
"backgroundColor(color: Optional<ResourceColor>): ArcDotIndicator","新增API","harmonyos_api_changes/HarmonyOS_5.1.0(18).json","backgroundColor","",".backgroundColor(color)","ArkTS","entry\src\main\ets\pages\Settings.ets:64","backgroundColor(color: Optional<ResourceColor>): ArcDotIndicator@entry\src\main\ets\pages\Settings.ets:64","","5.1.0(18)","backgroundColor(color: Optional<ResourceColor>): ArcDotIndicator"
"backgroundColor(color: Optional<ResourceColor>): ArcDotIndicator","新增API","harmonyos_api_changes/HarmonyOS_5.1.0(18).json","backgroundColor","",".backgroundColor(color)","ArkTS","entry\src\main\ets\pages\Settings.ets:94","backgroundColor(color: Optional<ResourceColor>): ArcDotIndicator@entry\src\main\ets\pages\Settings.ets:94","","5.1.0(18)","backgroundColor(color: Optional<ResourceColor>): ArcDotIndicator"
"backgroundColor(color: Optional<ResourceColor>): T","类新增同名方法且参数类型与已有的参数类型范围是包含关系","harmonyos_api_changes/HarmonyOS_6.0.0(20)_Beta2.json","backgroundColor","",".backgroundColor(this.bubbleBgColor)","ArkTS","entry\src\main\ets\components\HintBubble.ets:38","backgroundColor(color: Optional<ResourceColor>): T@entry\src\main\ets\components\HintBubble.ets:38","","6.0.0(20)","backgroundColor(color: Optional<ResourceColor>): T"
"backgroundColor(color: Optional<ResourceColor>): T","类新增同名方法且参数类型与已有的参数类型范围是包含关系","harmonyos_api_changes/HarmonyOS_6.0.0(20)_Beta2.json","backgroundColor","",".backgroundColor($r('app.color.header_background'))","ArkTS","entry\src\main\ets\pages\Index.ets:111","backgroundColor(color: Optional<ResourceColor>): T@entry\src\main\ets\pages\Index.ets:111","","6.0.0(20)","backgroundColor(color: Optional<ResourceColor>): T"
"backgroundColor(color: Optional<ResourceColor>): T","类新增同名方法且参数类型与已有的参数类型范围是包含关系","harmonyos_api_changes/HarmonyOS_6.0.0(20)_Beta2.json","backgroundColor","",".backgroundColor($r('app.color.page_background'))","ArkTS","entry\src\main\ets\pages\Index.ets:163","backgroundColor(color: Optional<ResourceColor>): T@entry\src\main\ets\pages\Index.ets:163","","6.0.0(20)","backgroundColor(color: Optional<ResourceColor>): T"
"backgroundColor(color: Optional<ResourceColor>): T","类新增同名方法且参数类型与已有的参数类型范围是包含关系","harmonyos_api_changes/HarmonyOS_6.0.0(20)_Beta2.json","backgroundColor","",".backgroundColor($r('app.color.title_bar_background'))","ArkTS","entry\src\main\ets\pages\Index.ets:96","backgroundColor(color: Optional<ResourceColor>): T@entry\src\main\ets\pages\Index.ets:96","","6.0.0(20)","backgroundColor(color: Optional<ResourceColor>): T"
"backgroundColor(color: Optional<ResourceColor>): T","类新增同名方法且参数类型与已有的参数类型范围是包含关系","harmonyos_api_changes/HarmonyOS_6.0.0(20)_Beta2.json","backgroundColor","",".backgroundColor(color)","ArkTS","entry\src\main\ets\pages\Settings.ets:124","backgroundColor(color: Optional<ResourceColor>): T@entry\src\main\ets\pages\Settings.ets:124","","6.0.0(20)","backgroundColor(color: Optional<ResourceColor>): T"
"backgroundColor(color: Optional<ResourceColor>): T","类新增同名方法且参数类型与已有的参数类型范围是包含关系","harmonyos_api_changes/HarmonyOS_6.0.0(20)_Beta2.json","backgroundColor","",".backgroundColor($r('app.color.page_background'))","ArkTS","entry\src\main\ets\pages\Settings.ets:275","backgroundColor(color: Optional<ResourceColor>): T@entry\src\main\ets\pages\Settings.ets:275","","6.0.0(20)","backgroundColor(color: Optional<ResourceColor>): T"
"backgroundColor(color: Optional<ResourceColor>): T","类新增同名方法且参数类型与已有的参数类型范围是包含关系","harmonyos_api_changes/HarmonyOS_6.0.0(20)_Beta2.json","backgroundColor","",".backgroundColor($r('app.color.title_bar_background'))","ArkTS","entry\src\main\ets\pages\Settings.ets:47","backgroundColor(color: Optional<ResourceColor>): T@entry\src\main\ets\pages\Settings.ets:47","","6.0.0(20)","backgroundColor(color: Optional<ResourceColor>): T"
"backgroundColor(color: Optional<ResourceColor>): T","类新增同名方法且参数类型与已有的参数类型范围是包含关系","harmonyos_api_changes/HarmonyOS_6.0.0(20)_Beta2.json","backgroundColor","",".backgroundColor(color)","ArkTS","entry\src\main\ets\pages\Settings.ets:64","backgroundColor(color: Optional<ResourceColor>): T@entry\src\main\ets\pages\Settings.ets:64","","6.0.0(20)","backgroundColor(color: Optional<ResourceColor>): T"
"backgroundColor(color: Optional<ResourceColor>): T","类新增同名方法且参数类型与已有的参数类型范围是包含关系","harmonyos_api_changes/HarmonyOS_6.0.0(20)_Beta2.json","backgroundColor","",".backgroundColor(color)","ArkTS","entry\src\main\ets\pages\Settings.ets:94","backgroundColor(color: Optional<ResourceColor>): T@entry\src\main\ets\pages\Settings.ets:94","","6.0.0(20)","backgroundColor(color: Optional<ResourceColor>): T"
"backgroundColor(value: ResourceColor): T","类新增同名方法且参数类型与已有的参数类型范围不是包含关系","harmonyos_api_changes/HarmonyOS_5.1.0(18).json","backgroundColor","",".backgroundColor(this.bubbleBgColor)","ArkTS","entry\src\main\ets\components\HintBubble.ets:38","backgroundColor(value: ResourceColor): T@entry\src\main\ets\components\HintBubble.ets:38","","5.1.0(18)","backgroundColor(value: ResourceColor): T"
"backgroundColor(value: ResourceColor): T","类新增同名方法且参数类型与已有的参数类型范围不是包含关系","harmonyos_api_changes/HarmonyOS_5.1.0(18).json","backgroundColor","",".backgroundColor($r('app.color.header_background'))","ArkTS","entry\src\main\ets\pages\Index.ets:111","backgroundColor(value: ResourceColor): T@entry\src\main\ets\pages\Index.ets:111","","5.1.0(18)","backgroundColor(value: ResourceColor): T"
"backgroundColor(value: ResourceColor): T","类新增同名方法且参数类型与已有的参数类型范围不是包含关系","harmonyos_api_changes/HarmonyOS_5.1.0(18).json","backgroundColor","",".backgroundColor($r('app.color.page_background'))","ArkTS","entry\src\main\ets\pages\Index.ets:163","backgroundColor(value: ResourceColor): T@entry\src\main\ets\pages\Index.ets:163","","5.1.0(18)","backgroundColor(value: ResourceColor): T"
"backgroundColor(value: ResourceColor): T","类新增同名方法且参数类型与已有的参数类型范围不是包含关系","harmonyos_api_changes/HarmonyOS_5.1.0(18).json","backgroundColor","",".backgroundColor($r('app.color.title_bar_background'))","ArkTS","entry\src\main\ets\pages\Index.ets:96","backgroundColor(value: ResourceColor): T@entry\src\main\ets\pages\Index.ets:96","","5.1.0(18)","backgroundColor(value: ResourceColor): T"
"backgroundColor(value: ResourceColor): T","类新增同名方法且参数类型与已有的参数类型范围不是包含关系","harmonyos_api_changes/HarmonyOS_5.1.0(18).json","backgroundColor","",".backgroundColor(color)","ArkTS","entry\src\main\ets\pages\Settings.ets:124","backgroundColor(value: ResourceColor): T@entry\src\main\ets\pages\Settings.ets:124","","5.1.0(18)","backgroundColor(value: ResourceColor): T"
"backgroundColor(value: ResourceColor): T","类新增同名方法且参数类型与已有的参数类型范围不是包含关系","harmonyos_api_changes/HarmonyOS_5.1.0(18).json","backgroundColor","",".backgroundColor($r('app.color.page_background'))","ArkTS","entry\src\main\ets\pages\Settings.ets:275","backgroundColor(value: ResourceColor): T@entry\src\main\ets\pages\Settings.ets:275","","5.1.0(18)","backgroundColor(value: ResourceColor): T"
"backgroundColor(value: ResourceColor): T","类新增同名方法且参数类型与已有的参数类型范围不是包含关系","harmonyos_api_changes/HarmonyOS_5.1.0(18).json","backgroundColor","",".backgroundColor($r('app.color.title_bar_background'))","ArkTS","entry\src\main\ets\pages\Settings.ets:47","backgroundColor(value: ResourceColor): T@entry\src\main\ets\pages\Settings.ets:47","","5.1.0(18)","backgroundColor(value: ResourceColor): T"
"backgroundColor(value: ResourceColor): T","类新增同名方法且参数类型与已有的参数类型范围不是包含关系","harmonyos_api_changes/HarmonyOS_5.1.0(18).json","backgroundColor","",".backgroundColor(color)","ArkTS","entry\src\main\ets\pages\Settings.ets:64","backgroundColor(value: ResourceColor): T@entry\src\main\ets\pages\Settings.ets:64","","5.1.0(18)","backgroundColor(value: ResourceColor): T"
"backgroundColor(value: ResourceColor): T","类新增同名方法且参数类型与已有的参数类型范围不是包含关系","harmonyos_api_changes/HarmonyOS_5.1.0(18).json","backgroundColor","",".backgroundColor(color)","ArkTS","entry\src\main\ets\pages\Settings.ets:94","backgroundColor(value: ResourceColor): T@entry\src\main\ets\pages\Settings.ets:94","","5.1.0(18)","backgroundColor(value: ResourceColor): T"
"borderRadius(radius: Dimension | BorderRadiuses): T","新增API","harmonyos_api_changes/HarmonyOS_5.0.3(15)_Beta1.json","borderRadius","",".borderRadius({ topLeft: 8, topRight: 0, bottomRight: 0, bottomLeft: 8 })","ArkTS","entry\src\main\ets\components\HintBubble.ets:39","borderRadius(radius: Dimension | BorderRadiuses): T@entry\src\main\ets\components\HintBubble.ets:39","","5.0.3(15)","borderRadius(radius: Dimension | BorderRadiuses): T"
"borderRadius(radius: Dimension | BorderRadiuses): T","新增API","harmonyos_api_changes/HarmonyOS_5.0.3(15)_Beta1.json","borderRadius","",".borderRadius(18)","ArkTS","entry\src\main\ets\pages\Settings.ets:129","borderRadius(radius: Dimension | BorderRadiuses): T@entry\src\main\ets\pages\Settings.ets:129","","5.0.3(15)","borderRadius(radius: Dimension | BorderRadiuses): T"
"borderRadius(radius: Dimension | BorderRadiuses): T","新增API","harmonyos_api_changes/HarmonyOS_5.0.3(15)_Beta1.json","borderRadius","",".borderRadius(18)","ArkTS","entry\src\main\ets\pages\Settings.ets:69","borderRadius(radius: Dimension | BorderRadiuses): T@entry\src\main\ets\pages\Settings.ets:69","","5.0.3(15)","borderRadius(radius: Dimension | BorderRadiuses): T"
"borderRadius(radius: Dimension | BorderRadiuses): T","新增API","harmonyos_api_changes/HarmonyOS_5.0.3(15)_Beta1.json","borderRadius","",".borderRadius(18)","ArkTS","entry\src\main\ets\pages\Settings.ets:99","borderRadius(radius: Dimension | BorderRadiuses): T@entry\src\main\ets\pages\Settings.ets:99","","5.0.3(15)","borderRadius(radius: Dimension | BorderRadiuses): T"
"borderRadius(value: Length | BorderRadiuses | LocalizedBorderRadiuses): T","类新增同名方法且参数类型与已有的参数类型范围是包含关系","harmonyos_api_changes/HarmonyOS_6.0.2(22).json","borderRadius","",".borderRadius({ topLeft: 8, topRight: 0, bottomRight: 0, bottomLeft: 8 })","ArkTS","entry\src\main\ets\components\HintBubble.ets:39","borderRadius(value: Length | BorderRadiuses | LocalizedBorderRadiuses): T@entry\src\main\ets\components\HintBubble.ets:39","","6.0.2(22)","borderRadius(value: Length | BorderRadiuses | LocalizedBorderRadiuses): T"
"borderRadius(value: Length | BorderRadiuses | LocalizedBorderRadiuses): T","类新增同名方法且参数类型与已有的参数类型范围是包含关系","harmonyos_api_changes/HarmonyOS_6.0.2(22).json","borderRadius","",".borderRadius(18)","ArkTS","entry\src\main\ets\pages\Settings.ets:129","borderRadius(value: Length | BorderRadiuses | LocalizedBorderRadiuses): T@entry\src\main\ets\pages\Settings.ets:129","","6.0.2(22)","borderRadius(value: Length | BorderRadiuses | LocalizedBorderRadiuses): T"
"borderRadius(value: Length | BorderRadiuses | LocalizedBorderRadiuses): T","类新增同名方法且参数类型与已有的参数类型范围是包含关系","harmonyos_api_changes/HarmonyOS_6.0.2(22).json","borderRadius","",".borderRadius(18)","ArkTS","entry\src\main\ets\pages\Settings.ets:69","borderRadius(value: Length | BorderRadiuses | LocalizedBorderRadiuses): T@entry\src\main\ets\pages\Settings.ets:69","","6.0.2(22)","borderRadius(value: Length | BorderRadiuses | LocalizedBorderRadiuses): T"
"borderRadius(value: Length | BorderRadiuses | LocalizedBorderRadiuses): T","类新增同名方法且参数类型与已有的参数类型范围是包含关系","harmonyos_api_changes/HarmonyOS_6.0.2(22).json","borderRadius","",".borderRadius(18)","ArkTS","entry\src\main\ets\pages\Settings.ets:99","borderRadius(value: Length | BorderRadiuses | LocalizedBorderRadiuses): T@entry\src\main\ets\pages\Settings.ets:99","","6.0.2(22)","borderRadius(value: Length | BorderRadiuses | LocalizedBorderRadiuses): T"
"borderRadius: number","新增API","harmonyos_api_changes/HarmonyOS_6.0.0(20)_Beta1.json","borderRadius","",".borderRadius({ topLeft: 8, topRight: 0, bottomRight: 0, bottomLeft: 8 })","ArkTS","entry\src\main\ets\components\HintBubble.ets:39","borderRadius: number@entry\src\main\ets\components\HintBubble.ets:39","","6.0.0(20)","borderRadius: number"
"borderRadius: number","新增API","harmonyos_api_changes/HarmonyOS_6.0.0(20)_Beta1.json","borderRadius","",".borderRadius(18)","ArkTS","entry\src\main\ets\pages\Settings.ets:129","borderRadius: number@entry\src\main\ets\pages\Settings.ets:129","","6.0.0(20)","borderRadius: number"
"borderRadius: number","新增API","harmonyos_api_changes/HarmonyOS_6.0.0(20)_Beta1.json","borderRadius","",".borderRadius(18)","ArkTS","entry\src\main\ets\pages\Settings.ets:69","borderRadius: number@entry\src\main\ets\pages\Settings.ets:69","","6.0.0(20)","borderRadius: number"
"borderRadius: number","新增API","harmonyos_api_changes/HarmonyOS_6.0.0(20)_Beta1.json","borderRadius","",".borderRadius(18)","ArkTS","entry\src\main\ets\pages\Settings.ets:99","borderRadius: number@entry\src\main\ets\pages\Settings.ets:99","","6.0.0(20)","borderRadius: number"
"borderRadius?: Length","新增API","harmonyos_api_changes/HarmonyOS_6.0.2(22).json","borderRadius","",".borderRadius({ topLeft: 8, topRight: 0, bottomRight: 0, bottomLeft: 8 })","ArkTS","entry\src\main\ets\components\HintBubble.ets:39","borderRadius?: Length@entry\src\main\ets\components\HintBubble.ets:39","","6.0.2(22)","borderRadius?: Length"
"borderRadius?: Length","新增API","harmonyos_api_changes/HarmonyOS_6.0.2(22).json","borderRadius","",".borderRadius(18)","ArkTS","entry\src\main\ets\pages\Settings.ets:129","borderRadius?: Length@entry\src\main\ets\pages\Settings.ets:129","","6.0.2(22)","borderRadius?: Length"
"borderRadius?: Length","新增API","harmonyos_api_changes/HarmonyOS_6.0.2(22).json","borderRadius","",".borderRadius(18)","ArkTS","entry\src\main\ets\pages\Settings.ets:69","borderRadius?: Length@entry\src\main\ets\pages\Settings.ets:69","","6.0.2(22)","borderRadius?: Length"
"borderRadius?: Length","新增API","harmonyos_api_changes/HarmonyOS_6.0.2(22).json","borderRadius","",".borderRadius(18)","ArkTS","entry\src\main\ets\pages\Settings.ets:99","borderRadius?: Length@entry\src\main\ets\pages\Settings.ets:99","","6.0.2(22)","borderRadius?: Length"
"borderRadius?: LengthMetrics","接口新增可选属性","harmonyos_api_changes/HarmonyOS_5.1.0(18).json","borderRadius","",".borderRadius({ topLeft: 8, topRight: 0, bottomRight: 0, bottomLeft: 8 })","ArkTS","entry\src\main\ets\components\HintBubble.ets:39","borderRadius?: LengthMetrics@entry\src\main\ets\components\HintBubble.ets:39","","5.1.0(18)","borderRadius?: LengthMetrics"
"borderRadius?: LengthMetrics","接口新增可选属性","harmonyos_api_changes/HarmonyOS_5.1.0(18).json","borderRadius","",".borderRadius(18)","ArkTS","entry\src\main\ets\pages\Settings.ets:129","borderRadius?: LengthMetrics@entry\src\main\ets\pages\Settings.ets:129","","5.1.0(18)","borderRadius?: LengthMetrics"
"borderRadius?: LengthMetrics","接口新增可选属性","harmonyos_api_changes/HarmonyOS_5.1.0(18).json","borderRadius","",".borderRadius(18)","ArkTS","entry\src\main\ets\pages\Settings.ets:69","borderRadius?: LengthMetrics@entry\src\main\ets\pages\Settings.ets:69","","5.1.0(18)","borderRadius?: LengthMetrics"
"borderRadius?: LengthMetrics","接口新增可选属性","harmonyos_api_changes/HarmonyOS_5.1.0(18).json","borderRadius","",".borderRadius(18)","ArkTS","entry\src\main\ets\pages\Settings.ets:99","borderRadius?: LengthMetrics@entry\src\main\ets\pages\Settings.ets:99","","5.1.0(18)","borderRadius?: LengthMetrics"
"borderRadius?: LengthMetrics | BorderRadiuses | LocalizedBorderRadiuses","新增API","harmonyos_api_changes/HarmonyOS_6.0.0(20)_Beta1.json","borderRadius","",".borderRadius({ topLeft: 8, topRight: 0, bottomRight: 0, bottomLeft: 8 })","ArkTS","entry\src\main\ets\components\HintBubble.ets:39","borderRadius?: LengthMetrics | BorderRadiuses | LocalizedBorderRadiuses@entry\src\main\ets\components\HintBubble.ets:39","","6.0.0(20)","borderRadius?: LengthMetrics | BorderRadiuses | LocalizedBorderRadiuses"
"borderRadius?: LengthMetrics | BorderRadiuses | LocalizedBorderRadiuses","新增API","harmonyos_api_changes/HarmonyOS_6.0.0(20)_Beta1.json","borderRadius","",".borderRadius(18)","ArkTS","entry\src\main\ets\pages\Settings.ets:129","borderRadius?: LengthMetrics | BorderRadiuses | LocalizedBorderRadiuses@entry\src\main\ets\pages\Settings.ets:129","","6.0.0(20)","borderRadius?: LengthMetrics | BorderRadiuses | LocalizedBorderRadiuses"
"borderRadius?: LengthMetrics | BorderRadiuses | LocalizedBorderRadiuses","新增API","harmonyos_api_changes/HarmonyOS_6.0.0(20)_Beta1.json","borderRadius","",".borderRadius(18)","ArkTS","entry\src\main\ets\pages\Settings.ets:69","borderRadius?: LengthMetrics | BorderRadiuses | LocalizedBorderRadiuses@entry\src\main\ets\pages\Settings.ets:69","","6.0.0(20)","borderRadius?: LengthMetrics | BorderRadiuses | LocalizedBorderRadiuses"
"borderRadius?: LengthMetrics | BorderRadiuses | LocalizedBorderRadiuses","新增API","harmonyos_api_changes/HarmonyOS_6.0.0(20)_Beta1.json","borderRadius","",".borderRadius(18)","ArkTS","entry\src\main\ets\pages\Settings.ets:99","borderRadius?: LengthMetrics | BorderRadiuses | LocalizedBorderRadiuses@entry\src\main\ets\pages\Settings.ets:99","","6.0.0(20)","borderRadius?: LengthMetrics | BorderRadiuses | LocalizedBorderRadiuses"
"commands(value: string): PathAttribute","函数变更","harmonyos_api_changes/HarmonyOS_6.0.0(20)_Beta1.json","commands","",".commands(`M0,0 L${this.arrowSize} ${this.bubbleHeight / 2} L0 ${this.bubbleHeight} Z`)","ArkTS","entry\src\main\ets\components\HintBubble.ets:46","commands(value: string): PathAttribute@entry\src\main\ets\components\HintBubble.ets:46","","6.0.0(20)","commands(value: string): PathAttribute"
"commands?: string","接口定义变更","harmonyos_behavior_changes/HarmonyOS_6.0.0(20)_Beta1.json","commands","","Path()","ArkTS","entry\src\main\ets\components\HintBubble.ets:43","commands?: string@entry\src\main\ets\components\HintBubble.ets:43","","6.0.0(20)","commands?: string"
"commands?: string","接口定义变更","harmonyos_behavior_changes/HarmonyOS_6.0.0(20)_Beta1.json","commands","",".commands(`M0,0 L${this.arrowSize} ${this.bubbleHeight / 2} L0 ${this.bubbleHeight} Z`)","ArkTS","entry\src\main\ets\components\HintBubble.ets:46","commands?: string@entry\src\main\ets\components\HintBubble.ets:46","","6.0.0(20)","commands?: string"
"declare class CommonMethod<T>","接口定义变更","harmonyos_behavior_changes/HarmonyOS_26.0.0(26)_Beta1.json","CommonMethod","",".width(this.bubbleWidth - this.arrowSize)","ArkTS","entry\src\main\ets\components\HintBubble.ets:34","declare class CommonMethod<T>@entry\src\main\ets\components\HintBubble.ets:34","","26.0.0(26)","declare class CommonMethod<T>"
"declare class CommonMethod<T>","接口定义变更","harmonyos_behavior_changes/HarmonyOS_26.0.0(26)_Beta1.json","CommonMethod","",".height(this.bubbleHeight)","ArkTS","entry\src\main\ets\components\HintBubble.ets:35","declare class CommonMethod<T>@entry\src\main\ets\components\HintBubble.ets:35","","26.0.0(26)","declare class CommonMethod<T>"
"declare class CommonMethod<T>","接口定义变更","harmonyos_behavior_changes/HarmonyOS_26.0.0(26)_Beta1.json","CommonMethod","",".fontSize(`${this.textSize}fp`)","ArkTS","entry\src\main\ets\components\HintBubble.ets:36","declare class CommonMethod<T>@entry\src\main\ets\components\HintBubble.ets:36","","26.0.0(26)","declare class CommonMethod<T>"
"declare class CommonMethod<T>","接口定义变更","harmonyos_behavior_changes/HarmonyOS_26.0.0(26)_Beta1.json","CommonMethod","",".fontColor(this.textColor)","ArkTS","entry\src\main\ets\components\HintBubble.ets:37","declare class CommonMethod<T>@entry\src\main\ets\components\HintBubble.ets:37","","26.0.0(26)","declare class CommonMethod<T>"
"declare class CommonMethod<T>","接口定义变更","harmonyos_behavior_changes/HarmonyOS_26.0.0(26)_Beta1.json","CommonMethod","",".backgroundColor(this.bubbleBgColor)","ArkTS","entry\src\main\ets\components\HintBubble.ets:38","declare class CommonMethod<T>@entry\src\main\ets\components\HintBubble.ets:38","","26.0.0(26)","declare class CommonMethod<T>"
"declare class CommonMethod<T>","接口定义变更","harmonyos_behavior_changes/HarmonyOS_26.0.0(26)_Beta1.json","CommonMethod","",".borderRadius({ topLeft: 8, topRight: 0, bottomRight: 0, bottomLeft: 8 })","ArkTS","entry\src\main\ets\components\HintBubble.ets:39","declare class CommonMethod<T>@entry\src\main\ets\components\HintBubble.ets:39","","26.0.0(26)","declare class CommonMethod<T>"
"declare class CommonMethod<T>","接口定义变更","harmonyos_behavior_changes/HarmonyOS_26.0.0(26)_Beta1.json","CommonMethod","",".textAlign(TextAlign.Center)","ArkTS","entry\src\main\ets\components\HintBubble.ets:40","declare class CommonMethod<T>@entry\src\main\ets\components\HintBubble.ets:40","","26.0.0(26)","declare class CommonMethod<T>"
"declare class CommonMethod<T>","接口定义变更","harmonyos_behavior_changes/HarmonyOS_26.0.0(26)_Beta1.json","CommonMethod","",".padding({ right: this.arrowSize })","ArkTS","entry\src\main\ets\components\HintBubble.ets:41","declare class CommonMethod<T>@entry\src\main\ets\components\HintBubble.ets:41","","26.0.0(26)","declare class CommonMethod<T>"
"declare class CommonMethod<T>","接口定义变更","harmonyos_behavior_changes/HarmonyOS_26.0.0(26)_Beta1.json","CommonMethod","",".width(this.arrowSize)","ArkTS","entry\src\main\ets\components\HintBubble.ets:44","declare class CommonMethod<T>@entry\src\main\ets\components\HintBubble.ets:44","","26.0.0(26)","declare class CommonMethod<T>"
"declare class CommonMethod<T>","接口定义变更","harmonyos_behavior_changes/HarmonyOS_26.0.0(26)_Beta1.json","CommonMethod","",".height(this.bubbleHeight)","ArkTS","entry\src\main\ets\components\HintBubble.ets:45","declare class CommonMethod<T>@entry\src\main\ets\components\HintBubble.ets:45","","26.0.0(26)","declare class CommonMethod<T>"
"declare class CommonMethod<T>","接口定义变更","harmonyos_behavior_changes/HarmonyOS_26.0.0(26)_Beta1.json","CommonMethod","",".commands(`M0,0 L${this.arrowSize} ${this.bubbleHeight / 2} L0 ${this.bubbleHeight} Z`)","ArkTS","entry\src\main\ets\components\HintBubble.ets:46","declare class CommonMethod<T>@entry\src\main\ets\components\HintBubble.ets:46","","26.0.0(26)","declare class CommonMethod<T>"
"declare class CommonMethod<T>","接口定义变更","harmonyos_behavior_changes/HarmonyOS_26.0.0(26)_Beta1.json","CommonMethod","",".fill(this.bubbleBgColor)","ArkTS","entry\src\main\ets\components\HintBubble.ets:47","declare class CommonMethod<T>@entry\src\main\ets\components\HintBubble.ets:47","","26.0.0(26)","declare class CommonMethod<T>"
"declare class CommonMethod<T>","接口定义变更","harmonyos_behavior_changes/HarmonyOS_26.0.0(26)_Beta1.json","CommonMethod","",".width(this.bubbleWidth)","ArkTS","entry\src\main\ets\components\HintBubble.ets:49","declare class CommonMethod<T>@entry\src\main\ets\components\HintBubble.ets:49","","26.0.0(26)","declare class CommonMethod<T>"
"declare class CommonMethod<T>","接口定义变更","harmonyos_behavior_changes/HarmonyOS_26.0.0(26)_Beta1.json","CommonMethod","",".height(this.bubbleHeight)","ArkTS","entry\src\main\ets\components\HintBubble.ets:50","declare class CommonMethod<T>@entry\src\main\ets\components\HintBubble.ets:50","","26.0.0(26)","declare class CommonMethod<T>"
"declare class CommonMethod<T>","接口定义变更","harmonyos_behavior_changes/HarmonyOS_26.0.0(26)_Beta1.json","CommonMethod","","this.context.getApplicationContext().setColorMode(ConfigurationConstant.ColorMode.COLOR_MODE_NOT_SET);","ArkTS","entry\src\main\ets\entryability\EntryAbility.ets:10","declare class CommonMethod<T>@entry\src\main\ets\entryability\EntryAbility.ets:10","this","26.0.0(26)","declare class CommonMethod<T>"
"declare class CommonMethod<T>","接口定义变更","harmonyos_behavior_changes/HarmonyOS_26.0.0(26)_Beta1.json","CommonMethod","","if (item.type === ITEM_TYPE_HEADER) {","ArkTS","entry\src\main\ets\pages\Index.ets:105","declare class CommonMethod<T>@entry\src\main\ets\pages\Index.ets:105","","26.0.0(26)","declare class CommonMethod<T>"
"declare class CommonMethod<T>","接口定义变更","harmonyos_behavior_changes/HarmonyOS_26.0.0(26)_Beta1.json","CommonMethod","",".width('100%')","ArkTS","entry\src\main\ets\pages\Index.ets:107","declare class CommonMethod<T>@entry\src\main\ets\pages\Index.ets:107","","26.0.0(26)","declare class CommonMethod<T>"
"declare class CommonMethod<T>","接口定义变更","harmonyos_behavior_changes/HarmonyOS_26.0.0(26)_Beta1.json","CommonMethod","",".padding({ left: 15, top: 6, bottom: 6 })","ArkTS","entry\src\main\ets\pages\Index.ets:108","declare class CommonMethod<T>@entry\src\main\ets\pages\Index.ets:108","","26.0.0(26)","declare class CommonMethod<T>"
"declare class CommonMethod<T>","接口定义变更","harmonyos_behavior_changes/HarmonyOS_26.0.0(26)_Beta1.json","CommonMethod","",".fontSize(14)","ArkTS","entry\src\main\ets\pages\Index.ets:109","declare class CommonMethod<T>@entry\src\main\ets\pages\Index.ets:109","","26.0.0(26)","declare class CommonMethod<T>"
"declare class CommonMethod<T>","接口定义变更","harmonyos_behavior_changes/HarmonyOS_26.0.0(26)_Beta1.json","CommonMethod","",".fontColor($r('app.color.header_text_color'))","ArkTS","entry\src\main\ets\pages\Index.ets:110","declare class CommonMethod<T>@entry\src\main\ets\pages\Index.ets:110","","26.0.0(26)","declare class CommonMethod<T>"
"declare class CommonMethod<T>","接口定义变更","harmonyos_behavior_changes/HarmonyOS_26.0.0(26)_Beta1.json","CommonMethod","",".backgroundColor($r('app.color.header_background'))","ArkTS","entry\src\main\ets\pages\Index.ets:111","declare class CommonMethod<T>@entry\src\main\ets\pages\Index.ets:111","","26.0.0(26)","declare class CommonMethod<T>"
"declare class CommonMethod<T>","接口定义变更","harmonyos_behavior_changes/HarmonyOS_26.0.0(26)_Beta1.json","CommonMethod","",".width('100%')","ArkTS","entry\src\main\ets\pages\Index.ets:114","declare class CommonMethod<T>@entry\src\main\ets\pages\Index.ets:114","","26.0.0(26)","declare class CommonMethod<T>"
"declare class CommonMethod<T>","接口定义变更","harmonyos_behavior_changes/HarmonyOS_26.0.0(26)_Beta1.json","CommonMethod","",".padding(15)","ArkTS","entry\src\main\ets\pages\Index.ets:115","declare class CommonMethod<T>@entry\src\main\ets\pages\Index.ets:115","","26.0.0(26)","declare class CommonMethod<T>"
"declare class CommonMethod<T>","接口定义变更","harmonyos_behavior_changes/HarmonyOS_26.0.0(26)_Beta1.json","CommonMethod","",".fontSize($r('app.float.item_text_size'))","ArkTS","entry\src\main\ets\pages\Index.ets:116","declare class CommonMethod<T>@entry\src\main\ets\pages\Index.ets:116","","26.0.0(26)","declare class CommonMethod<T>"
"declare class CommonMethod<T>","接口定义变更","harmonyos_behavior_changes/HarmonyOS_26.0.0(26)_Beta1.json","CommonMethod","",".fontColor($r('app.color.item_text_color'))","ArkTS","entry\src\main\ets\pages\Index.ets:117","declare class CommonMethod<T>@entry\src\main\ets\pages\Index.ets:117","","26.0.0(26)","declare class CommonMethod<T>"
"declare class CommonMethod<T>","接口定义变更","harmonyos_behavior_changes/HarmonyOS_26.0.0(26)_Beta1.json","CommonMethod","",".width('100%')","ArkTS","entry\src\main\ets\pages\Index.ets:122","declare class CommonMethod<T>@entry\src\main\ets\pages\Index.ets:122","","26.0.0(26)","declare class CommonMethod<T>"
"declare class CommonMethod<T>","接口定义变更","harmonyos_behavior_changes/HarmonyOS_26.0.0(26)_Beta1.json","CommonMethod","",".height('100%')","ArkTS","entry\src\main\ets\pages\Index.ets:123","declare class CommonMethod<T>@entry\src\main\ets\pages\Index.ets:123","","26.0.0(26)","declare class CommonMethod<T>"
"declare class CommonMethod<T>","接口定义变更","harmonyos_behavior_changes/HarmonyOS_26.0.0(26)_Beta1.json","CommonMethod","",".divider({ strokeWidth: 1, color: $r('app.color.list_divider_color'), startMargin: 15, endMargin: 0 })","ArkTS","entry\src\main\ets\pages\Index.ets:124","declare class CommonMethod<T>@entry\src\main\ets\pages\Index.ets:124","","26.0.0(26)","declare class CommonMethod<T>"
"declare class CommonMethod<T>","接口定义变更","harmonyos_behavior_changes/HarmonyOS_26.0.0(26)_Beta1.json","CommonMethod","",".scrollBar(BarState.Off)","ArkTS","entry\src\main\ets\pages\Index.ets:125","declare class CommonMethod<T>@entry\src\main\ets\pages\Index.ets:125","","26.0.0(26)","declare class CommonMethod<T>"
"declare class CommonMethod<T>","接口定义变更","harmonyos_behavior_changes/HarmonyOS_26.0.0(26)_Beta1.json","CommonMethod","",".edgeEffect(EdgeEffect.Spring)","ArkTS","entry\src\main\ets\pages\Index.ets:126","declare class CommonMethod<T>@entry\src\main\ets\pages\Index.ets:126","","26.0.0(26)","declare class CommonMethod<T>"
"declare class CommonMethod<T>","接口定义变更","harmonyos_behavior_changes/HarmonyOS_26.0.0(26)_Beta1.json","CommonMethod","",".position({","ArkTS","entry\src\main\ets\pages\Index.ets:136","declare class CommonMethod<T>@entry\src\main\ets\pages\Index.ets:136","","26.0.0(26)","declare class CommonMethod<T>"
"declare class CommonMethod<T>","接口定义变更","harmonyos_behavior_changes/HarmonyOS_26.0.0(26)_Beta1.json","CommonMethod","",".width(this.sideBarWidth)","ArkTS","entry\src\main\ets\pages\Index.ets:152","declare class CommonMethod<T>@entry\src\main\ets\pages\Index.ets:152","","26.0.0(26)","declare class CommonMethod<T>"
"declare class CommonMethod<T>","接口定义变更","harmonyos_behavior_changes/HarmonyOS_26.0.0(26)_Beta1.json","CommonMethod","",".width('100%')","ArkTS","entry\src\main\ets\pages\Index.ets:154","declare class CommonMethod<T>@entry\src\main\ets\pages\Index.ets:154","","26.0.0(26)","declare class CommonMethod<T>"
"declare class CommonMethod<T>","接口定义变更","harmonyos_behavior_changes/HarmonyOS_26.0.0(26)_Beta1.json","CommonMethod","",".layoutWeight(1)","ArkTS","entry\src\main\ets\pages\Index.ets:155","declare class CommonMethod<T>@entry\src\main\ets\pages\Index.ets:155","","26.0.0(26)","declare class CommonMethod<T>"
"declare class CommonMethod<T>","接口定义变更","harmonyos_behavior_changes/HarmonyOS_26.0.0(26)_Beta1.json","CommonMethod","",".alignContent(Alignment.End)","ArkTS","entry\src\main\ets\pages\Index.ets:156","declare class CommonMethod<T>@entry\src\main\ets\pages\Index.ets:156","","26.0.0(26)","declare class CommonMethod<T>"
"declare class CommonMethod<T>","接口定义变更","harmonyos_behavior_changes/HarmonyOS_26.0.0(26)_Beta1.json","CommonMethod","",".onAreaChange((old: Area, newArea: Area) => {","ArkTS","entry\src\main\ets\pages\Index.ets:157","declare class CommonMethod<T>@entry\src\main\ets\pages\Index.ets:157","","26.0.0(26)","declare class CommonMethod<T>"
"declare class CommonMethod<T>","接口定义变更","harmonyos_behavior_changes/HarmonyOS_26.0.0(26)_Beta1.json","CommonMethod","","this.screenWidth = Number(newArea.width);","ArkTS","entry\src\main\ets\pages\Index.ets:158","declare class CommonMethod<T>@entry\src\main\ets\pages\Index.ets:158","this","26.0.0(26)","declare class CommonMethod<T>"
"declare class CommonMethod<T>","接口定义变更","harmonyos_behavior_changes/HarmonyOS_26.0.0(26)_Beta1.json","CommonMethod","",".width('100%')","ArkTS","entry\src\main\ets\pages\Index.ets:161","declare class CommonMethod<T>@entry\src\main\ets\pages\Index.ets:161","","26.0.0(26)","declare class CommonMethod<T>"
"declare class CommonMethod<T>","接口定义变更","harmonyos_behavior_changes/HarmonyOS_26.0.0(26)_Beta1.json","CommonMethod","",".height('100%')","ArkTS","entry\src\main\ets\pages\Index.ets:162","declare class CommonMethod<T>@entry\src\main\ets\pages\Index.ets:162","","26.0.0(26)","declare class CommonMethod<T>"
"declare class CommonMethod<T>","接口定义变更","harmonyos_behavior_changes/HarmonyOS_26.0.0(26)_Beta1.json","CommonMethod","",".backgroundColor($r('app.color.page_background'))","ArkTS","entry\src\main\ets\pages\Index.ets:163","declare class CommonMethod<T>@entry\src\main\ets\pages\Index.ets:163","","26.0.0(26)","declare class CommonMethod<T>"
"declare class CommonMethod<T>","接口定义变更","harmonyos_behavior_changes/HarmonyOS_26.0.0(26)_Beta1.json","CommonMethod","","this.scroller.scrollToIndex(index, true, ScrollAlign.START);","ArkTS","entry\src\main\ets\pages\Index.ets:53","declare class CommonMethod<T>@entry\src\main\ets\pages\Index.ets:53","this","26.0.0(26)","declare class CommonMethod<T>"
"declare class CommonMethod<T>","接口定义变更","harmonyos_behavior_changes/HarmonyOS_26.0.0(26)_Beta1.json","CommonMethod","",".fontSize(18)","ArkTS","entry\src\main\ets\pages\Index.ets:80","declare class CommonMethod<T>@entry\src\main\ets\pages\Index.ets:80","","26.0.0(26)","declare class CommonMethod<T>"
"declare class CommonMethod<T>","接口定义变更","harmonyos_behavior_changes/HarmonyOS_26.0.0(26)_Beta1.json","CommonMethod","",".fontColor($r('app.color.title_bar_text_color'))","ArkTS","entry\src\main\ets\pages\Index.ets:81","declare class CommonMethod<T>@entry\src\main\ets\pages\Index.ets:81","","26.0.0(26)","declare class CommonMethod<T>"
"declare class CommonMethod<T>","接口定义变更","harmonyos_behavior_changes/HarmonyOS_26.0.0(26)_Beta1.json","CommonMethod","",".margin({ left: 16 })","ArkTS","entry\src\main\ets\pages\Index.ets:82","declare class CommonMethod<T>@entry\src\main\ets\pages\Index.ets:82","","26.0.0(26)","declare class CommonMethod<T>"
"declare class CommonMethod<T>","接口定义变更","harmonyos_behavior_changes/HarmonyOS_26.0.0(26)_Beta1.json","CommonMethod","",".fontSize(16)","ArkTS","entry\src\main\ets\pages\Index.ets:87","declare class CommonMethod<T>@entry\src\main\ets\pages\Index.ets:87","","26.0.0(26)","declare class CommonMethod<T>"
"declare class CommonMethod<T>","接口定义变更","harmonyos_behavior_changes/HarmonyOS_26.0.0(26)_Beta1.json","CommonMethod","",".fontColor($r('app.color.title_bar_text_color'))","ArkTS","entry\src\main\ets\pages\Index.ets:88","declare class CommonMethod<T>@entry\src\main\ets\pages\Index.ets:88","","26.0.0(26)","declare class CommonMethod<T>"
"declare class CommonMethod<T>","接口定义变更","harmonyos_behavior_changes/HarmonyOS_26.0.0(26)_Beta1.json","CommonMethod","",".padding({ left: 12, right: 12, top: 8, bottom: 8 })","ArkTS","entry\src\main\ets\pages\Index.ets:89","declare class CommonMethod<T>@entry\src\main\ets\pages\Index.ets:89","","26.0.0(26)","declare class CommonMethod<T>"
"declare class CommonMethod<T>","接口定义变更","harmonyos_behavior_changes/HarmonyOS_26.0.0(26)_Beta1.json","CommonMethod","",".onClick(() => {","ArkTS","entry\src\main\ets\pages\Index.ets:90","declare class CommonMethod<T>@entry\src\main\ets\pages\Index.ets:90","","26.0.0(26)","declare class CommonMethod<T>"
"declare class CommonMethod<T>","接口定义变更","harmonyos_behavior_changes/HarmonyOS_26.0.0(26)_Beta1.json","CommonMethod","",".width('100%')","ArkTS","entry\src\main\ets\pages\Index.ets:94","declare class CommonMethod<T>@entry\src\main\ets\pages\Index.ets:94","","26.0.0(26)","declare class CommonMethod<T>"
"declare class CommonMethod<T>","接口定义变更","harmonyos_behavior_changes/HarmonyOS_26.0.0(26)_Beta1.json","CommonMethod","",".height(56)","ArkTS","entry\src\main\ets\pages\Index.ets:95","declare class CommonMethod<T>@entry\src\main\ets\pages\Index.ets:95","","26.0.0(26)","declare class CommonMethod<T>"
"declare class CommonMethod<T>","接口定义变更","harmonyos_behavior_changes/HarmonyOS_26.0.0(26)_Beta1.json","CommonMethod","",".backgroundColor($r('app.color.title_bar_background'))","ArkTS","entry\src\main\ets\pages\Index.ets:96","declare class CommonMethod<T>@entry\src\main\ets\pages\Index.ets:96","","26.0.0(26)","declare class CommonMethod<T>"
"declare class CommonMethod<T>","接口定义变更","harmonyos_behavior_changes/HarmonyOS_26.0.0(26)_Beta1.json","CommonMethod","",".alignItems(VerticalAlign.Center)","ArkTS","entry\src\main\ets\pages\Index.ets:97","declare class CommonMethod<T>@entry\src\main\ets\pages\Index.ets:97","","26.0.0(26)","declare class CommonMethod<T>"
"declare class CommonMethod<T>","接口定义变更","harmonyos_behavior_changes/HarmonyOS_26.0.0(26)_Beta1.json","CommonMethod","",".margin({ right: 8 })","ArkTS","entry\src\main\ets\pages\Settings.ets:100","declare class CommonMethod<T>@entry\src\main\ets\pages\Settings.ets:100","","26.0.0(26)","declare class CommonMethod<T>"
"declare class CommonMethod<T>","接口定义变更","harmonyos_behavior_changes/HarmonyOS_26.0.0(26)_Beta1.json","CommonMethod","",".onClick(() => {","ArkTS","entry\src\main\ets\pages\Settings.ets:101","declare class CommonMethod<T>@entry\src\main\ets\pages\Settings.ets:101","","26.0.0(26)","declare class CommonMethod<T>"
"declare class CommonMethod<T>","接口定义变更","harmonyos_behavior_changes/HarmonyOS_26.0.0(26)_Beta1.json","CommonMethod","",".width('100%')","ArkTS","entry\src\main\ets\pages\Settings.ets:106","declare class CommonMethod<T>@entry\src\main\ets\pages\Settings.ets:106","","26.0.0(26)","declare class CommonMethod<T>"
"declare class CommonMethod<T>","接口定义变更","harmonyos_behavior_changes/HarmonyOS_26.0.0(26)_Beta1.json","CommonMethod","",".justifyContent(FlexAlign.Start)","ArkTS","entry\src\main\ets\pages\Settings.ets:107","declare class CommonMethod<T>@entry\src\main\ets\pages\Settings.ets:107","","26.0.0(26)","declare class CommonMethod<T>"
"declare class CommonMethod<T>","接口定义变更","harmonyos_behavior_changes/HarmonyOS_26.0.0(26)_Beta1.json","CommonMethod","",".width('100%')","ArkTS","entry\src\main\ets\pages\Settings.ets:109","declare class CommonMethod<T>@entry\src\main\ets\pages\Settings.ets:109","","26.0.0(26)","declare class CommonMethod<T>"
"declare class CommonMethod<T>","接口定义变更","harmonyos_behavior_changes/HarmonyOS_26.0.0(26)_Beta1.json","CommonMethod","",".alignItems(HorizontalAlign.Start)","ArkTS","entry\src\main\ets\pages\Settings.ets:110","declare class CommonMethod<T>@entry\src\main\ets\pages\Settings.ets:110","","26.0.0(26)","declare class CommonMethod<T>"
"declare class CommonMethod<T>","接口定义变更","harmonyos_behavior_changes/HarmonyOS_26.0.0(26)_Beta1.json","CommonMethod","",".margin({ bottom: 16 })","ArkTS","entry\src\main\ets\pages\Settings.ets:111","declare class CommonMethod<T>@entry\src\main\ets\pages\Settings.ets:111","","26.0.0(26)","declare class CommonMethod<T>"
"declare class CommonMethod<T>","接口定义变更","harmonyos_behavior_changes/HarmonyOS_26.0.0(26)_Beta1.json","CommonMethod","",".fontSize(14)","ArkTS","entry\src\main\ets\pages\Settings.ets:116","declare class CommonMethod<T>@entry\src\main\ets\pages\Settings.ets:116","","26.0.0(26)","declare class CommonMethod<T>"
"declare class CommonMethod<T>","接口定义变更","harmonyos_behavior_changes/HarmonyOS_26.0.0(26)_Beta1.json","CommonMethod","",".fontColor($r('app.color.header_text_color'))","ArkTS","entry\src\main\ets\pages\Settings.ets:117","declare class CommonMethod<T>@entry\src\main\ets\pages\Settings.ets:117","","26.0.0(26)","declare class CommonMethod<T>"
"declare class CommonMethod<T>","接口定义变更","harmonyos_behavior_changes/HarmonyOS_26.0.0(26)_Beta1.json","CommonMethod","",".margin({ bottom: 8 })","ArkTS","entry\src\main\ets\pages\Settings.ets:118","declare class CommonMethod<T>@entry\src\main\ets\pages\Settings.ets:118","","26.0.0(26)","declare class CommonMethod<T>"
"declare class CommonMethod<T>","接口定义变更","harmonyos_behavior_changes/HarmonyOS_26.0.0(26)_Beta1.json","CommonMethod","",".width(36)","ArkTS","entry\src\main\ets\pages\Settings.ets:122","declare class CommonMethod<T>@entry\src\main\ets\pages\Settings.ets:122","","26.0.0(26)","declare class CommonMethod<T>"
"declare class CommonMethod<T>","接口定义变更","harmonyos_behavior_changes/HarmonyOS_26.0.0(26)_Beta1.json","CommonMethod","",".height(36)","ArkTS","entry\src\main\ets\pages\Settings.ets:123","declare class CommonMethod<T>@entry\src\main\ets\pages\Settings.ets:123","","26.0.0(26)","declare class CommonMethod<T>"
"declare class CommonMethod<T>","接口定义变更","harmonyos_behavior_changes/HarmonyOS_26.0.0(26)_Beta1.json","CommonMethod","",".backgroundColor(color)","ArkTS","entry\src\main\ets\pages\Settings.ets:124","declare class CommonMethod<T>@entry\src\main\ets\pages\Settings.ets:124","","26.0.0(26)","declare class CommonMethod<T>"
"declare class CommonMethod<T>","接口定义变更","harmonyos_behavior_changes/HarmonyOS_26.0.0(26)_Beta1.json","CommonMethod","",".border({","ArkTS","entry\src\main\ets\pages\Settings.ets:125","declare class CommonMethod<T>@entry\src\main\ets\pages\Settings.ets:125","","26.0.0(26)","declare class CommonMethod<T>"
"declare class CommonMethod<T>","接口定义变更","harmonyos_behavior_changes/HarmonyOS_26.0.0(26)_Beta1.json","CommonMethod","",".borderRadius(18)","ArkTS","entry\src\main\ets\pages\Settings.ets:129","declare class CommonMethod<T>@entry\src\main\ets\pages\Settings.ets:129","","26.0.0(26)","declare class CommonMethod<T>"
"declare class CommonMethod<T>","接口定义变更","harmonyos_behavior_changes/HarmonyOS_26.0.0(26)_Beta1.json","CommonMethod","",".margin({ right: 8 })","ArkTS","entry\src\main\ets\pages\Settings.ets:130","declare class CommonMethod<T>@entry\src\main\ets\pages\Settings.ets:130","","26.0.0(26)","declare class CommonMethod<T>"
"declare class CommonMethod<T>","接口定义变更","harmonyos_behavior_changes/HarmonyOS_26.0.0(26)_Beta1.json","CommonMethod","",".onClick(() => {","ArkTS","entry\src\main\ets\pages\Settings.ets:131","declare class CommonMethod<T>@entry\src\main\ets\pages\Settings.ets:131","","26.0.0(26)","declare class CommonMethod<T>"
"declare class CommonMethod<T>","接口定义变更","harmonyos_behavior_changes/HarmonyOS_26.0.0(26)_Beta1.json","CommonMethod","",".width('100%')","ArkTS","entry\src\main\ets\pages\Settings.ets:136","declare class CommonMethod<T>@entry\src\main\ets\pages\Settings.ets:136","","26.0.0(26)","declare class CommonMethod<T>"
"declare class CommonMethod<T>","接口定义变更","harmonyos_behavior_changes/HarmonyOS_26.0.0(26)_Beta1.json","CommonMethod","",".justifyContent(FlexAlign.Start)","ArkTS","entry\src\main\ets\pages\Settings.ets:137","declare class CommonMethod<T>@entry\src\main\ets\pages\Settings.ets:137","","26.0.0(26)","declare class CommonMethod<T>"
"declare class CommonMethod<T>","接口定义变更","harmonyos_behavior_changes/HarmonyOS_26.0.0(26)_Beta1.json","CommonMethod","",".width('100%')","ArkTS","entry\src\main\ets\pages\Settings.ets:139","declare class CommonMethod<T>@entry\src\main\ets\pages\Settings.ets:139","","26.0.0(26)","declare class CommonMethod<T>"
"declare class CommonMethod<T>","接口定义变更","harmonyos_behavior_changes/HarmonyOS_26.0.0(26)_Beta1.json","CommonMethod","",".alignItems(HorizontalAlign.Start)","ArkTS","entry\src\main\ets\pages\Settings.ets:140","declare class CommonMethod<T>@entry\src\main\ets\pages\Settings.ets:140","","26.0.0(26)","declare class CommonMethod<T>"
"declare class CommonMethod<T>","接口定义变更","harmonyos_behavior_changes/HarmonyOS_26.0.0(26)_Beta1.json","CommonMethod","",".margin({ bottom: 16 })","ArkTS","entry\src\main\ets\pages\Settings.ets:141","declare class CommonMethod<T>@entry\src\main\ets\pages\Settings.ets:141","","26.0.0(26)","declare class CommonMethod<T>"
"declare class CommonMethod<T>","接口定义变更","harmonyos_behavior_changes/HarmonyOS_26.0.0(26)_Beta1.json","CommonMethod","",".fontSize(14)","ArkTS","entry\src\main\ets\pages\Settings.ets:147","declare class CommonMethod<T>@entry\src\main\ets\pages\Settings.ets:147","","26.0.0(26)","declare class CommonMethod<T>"
"declare class CommonMethod<T>","接口定义变更","harmonyos_behavior_changes/HarmonyOS_26.0.0(26)_Beta1.json","CommonMethod","",".fontColor($r('app.color.header_text_color'))","ArkTS","entry\src\main\ets\pages\Settings.ets:148","declare class CommonMethod<T>@entry\src\main\ets\pages\Settings.ets:148","","26.0.0(26)","declare class CommonMethod<T>"
"declare class CommonMethod<T>","接口定义变更","harmonyos_behavior_changes/HarmonyOS_26.0.0(26)_Beta1.json","CommonMethod","",".fontSize(14)","ArkTS","entry\src\main\ets\pages\Settings.ets:151","declare class CommonMethod<T>@entry\src\main\ets\pages\Settings.ets:151","","26.0.0(26)","declare class CommonMethod<T>"
"declare class CommonMethod<T>","接口定义变更","harmonyos_behavior_changes/HarmonyOS_26.0.0(26)_Beta1.json","CommonMethod","",".fontColor($r('app.color.header_text_color'))","ArkTS","entry\src\main\ets\pages\Settings.ets:152","declare class CommonMethod<T>@entry\src\main\ets\pages\Settings.ets:152","","26.0.0(26)","declare class CommonMethod<T>"
"declare class CommonMethod<T>","接口定义变更","harmonyos_behavior_changes/HarmonyOS_26.0.0(26)_Beta1.json","CommonMethod","",".width('100%')","ArkTS","entry\src\main\ets\pages\Settings.ets:154","declare class CommonMethod<T>@entry\src\main\ets\pages\Settings.ets:154","","26.0.0(26)","declare class CommonMethod<T>"
"declare class CommonMethod<T>","接口定义变更","harmonyos_behavior_changes/HarmonyOS_26.0.0(26)_Beta1.json","CommonMethod","",".margin({ bottom: 8 })","ArkTS","entry\src\main\ets\pages\Settings.ets:155","declare class CommonMethod<T>@entry\src\main\ets\pages\Settings.ets:155","","26.0.0(26)","declare class CommonMethod<T>"
"declare class CommonMethod<T>","接口定义变更","harmonyos_behavior_changes/HarmonyOS_26.0.0(26)_Beta1.json","CommonMethod","",".width('100%')","ArkTS","entry\src\main\ets\pages\Settings.ets:164","declare class CommonMethod<T>@entry\src\main\ets\pages\Settings.ets:164","","26.0.0(26)","declare class CommonMethod<T>"
"declare class CommonMethod<T>","接口定义变更","harmonyos_behavior_changes/HarmonyOS_26.0.0(26)_Beta1.json","CommonMethod","",".selectedColor('#FF8800')","ArkTS","entry\src\main\ets\pages\Settings.ets:165","declare class CommonMethod<T>@entry\src\main\ets\pages\Settings.ets:165","","26.0.0(26)","declare class CommonMethod<T>"
"declare class CommonMethod<T>","接口定义变更","harmonyos_behavior_changes/HarmonyOS_26.0.0(26)_Beta1.json","CommonMethod","",".trackColor('#CCCCCC')","ArkTS","entry\src\main\ets\pages\Settings.ets:166","declare class CommonMethod<T>@entry\src\main\ets\pages\Settings.ets:166","","26.0.0(26)","declare class CommonMethod<T>"
"declare class CommonMethod<T>","接口定义变更","harmonyos_behavior_changes/HarmonyOS_26.0.0(26)_Beta1.json","CommonMethod","",".onChange((value: number) => {","ArkTS","entry\src\main\ets\pages\Settings.ets:167","declare class CommonMethod<T>@entry\src\main\ets\pages\Settings.ets:167","","26.0.0(26)","declare class CommonMethod<T>"
"declare class CommonMethod<T>","接口定义变更","harmonyos_behavior_changes/HarmonyOS_26.0.0(26)_Beta1.json","CommonMethod","",".width('100%')","ArkTS","entry\src\main\ets\pages\Settings.ets:171","declare class CommonMethod<T>@entry\src\main\ets\pages\Settings.ets:171","","26.0.0(26)","declare class CommonMethod<T>"
"declare class CommonMethod<T>","接口定义变更","harmonyos_behavior_changes/HarmonyOS_26.0.0(26)_Beta1.json","CommonMethod","",".alignItems(HorizontalAlign.Start)","ArkTS","entry\src\main\ets\pages\Settings.ets:172","declare class CommonMethod<T>@entry\src\main\ets\pages\Settings.ets:172","","26.0.0(26)","declare class CommonMethod<T>"
"declare class CommonMethod<T>","接口定义变更","harmonyos_behavior_changes/HarmonyOS_26.0.0(26)_Beta1.json","CommonMethod","",".margin({ bottom: 16 })","ArkTS","entry\src\main\ets\pages\Settings.ets:173","declare class CommonMethod<T>@entry\src\main\ets\pages\Settings.ets:173","","26.0.0(26)","declare class CommonMethod<T>"
"declare class CommonMethod<T>","接口定义变更","harmonyos_behavior_changes/HarmonyOS_26.0.0(26)_Beta1.json","CommonMethod","",".fontSize(14)","ArkTS","entry\src\main\ets\pages\Settings.ets:179","declare class CommonMethod<T>@entry\src\main\ets\pages\Settings.ets:179","","26.0.0(26)","declare class CommonMethod<T>"
"declare class CommonMethod<T>","接口定义变更","harmonyos_behavior_changes/HarmonyOS_26.0.0(26)_Beta1.json","CommonMethod","",".fontColor($r('app.color.header_text_color'))","ArkTS","entry\src\main\ets\pages\Settings.ets:180","declare class CommonMethod<T>@entry\src\main\ets\pages\Settings.ets:180","","26.0.0(26)","declare class CommonMethod<T>"
"declare class CommonMethod<T>","接口定义变更","harmonyos_behavior_changes/HarmonyOS_26.0.0(26)_Beta1.json","CommonMethod","",".fontSize(14)","ArkTS","entry\src\main\ets\pages\Settings.ets:183","declare class CommonMethod<T>@entry\src\main\ets\pages\Settings.ets:183","","26.0.0(26)","declare class CommonMethod<T>"
"declare class CommonMethod<T>","接口定义变更","harmonyos_behavior_changes/HarmonyOS_26.0.0(26)_Beta1.json","CommonMethod","",".fontColor($r('app.color.header_text_color'))","ArkTS","entry\src\main\ets\pages\Settings.ets:184","declare class CommonMethod<T>@entry\src\main\ets\pages\Settings.ets:184","","26.0.0(26)","declare class CommonMethod<T>"
"declare class CommonMethod<T>","接口定义变更","harmonyos_behavior_changes/HarmonyOS_26.0.0(26)_Beta1.json","CommonMethod","",".width('100%')","ArkTS","entry\src\main\ets\pages\Settings.ets:186","declare class CommonMethod<T>@entry\src\main\ets\pages\Settings.ets:186","","26.0.0(26)","declare class CommonMethod<T>"
"declare class CommonMethod<T>","接口定义变更","harmonyos_behavior_changes/HarmonyOS_26.0.0(26)_Beta1.json","CommonMethod","",".margin({ bottom: 8 })","ArkTS","entry\src\main\ets\pages\Settings.ets:187","declare class CommonMethod<T>@entry\src\main\ets\pages\Settings.ets:187","","26.0.0(26)","declare class CommonMethod<T>"
"declare class CommonMethod<T>","接口定义变更","harmonyos_behavior_changes/HarmonyOS_26.0.0(26)_Beta1.json","CommonMethod","",".width('100%')","ArkTS","entry\src\main\ets\pages\Settings.ets:196","declare class CommonMethod<T>@entry\src\main\ets\pages\Settings.ets:196","","26.0.0(26)","declare class CommonMethod<T>"
"declare class CommonMethod<T>","接口定义变更","harmonyos_behavior_changes/HarmonyOS_26.0.0(26)_Beta1.json","CommonMethod","",".selectedColor('#FF8800')","ArkTS","entry\src\main\ets\pages\Settings.ets:197","declare class CommonMethod<T>@entry\src\main\ets\pages\Settings.ets:197","","26.0.0(26)","declare class CommonMethod<T>"
"declare class CommonMethod<T>","接口定义变更","harmonyos_behavior_changes/HarmonyOS_26.0.0(26)_Beta1.json","CommonMethod","",".trackColor('#CCCCCC')","ArkTS","entry\src\main\ets\pages\Settings.ets:198","declare class CommonMethod<T>@entry\src\main\ets\pages\Settings.ets:198","","26.0.0(26)","declare class CommonMethod<T>"
"declare class CommonMethod<T>","接口定义变更","harmonyos_behavior_changes/HarmonyOS_26.0.0(26)_Beta1.json","CommonMethod","",".onChange((value: number) => {","ArkTS","entry\src\main\ets\pages\Settings.ets:199","declare class CommonMethod<T>@entry\src\main\ets\pages\Settings.ets:199","","26.0.0(26)","declare class CommonMethod<T>"
"declare class CommonMethod<T>","接口定义变更","harmonyos_behavior_changes/HarmonyOS_26.0.0(26)_Beta1.json","CommonMethod","",".width('100%')","ArkTS","entry\src\main\ets\pages\Settings.ets:203","declare class CommonMethod<T>@entry\src\main\ets\pages\Settings.ets:203","","26.0.0(26)","declare class CommonMethod<T>"
"declare class CommonMethod<T>","接口定义变更","harmonyos_behavior_changes/HarmonyOS_26.0.0(26)_Beta1.json","CommonMethod","",".alignItems(HorizontalAlign.Start)","ArkTS","entry\src\main\ets\pages\Settings.ets:204","declare class CommonMethod<T>@entry\src\main\ets\pages\Settings.ets:204","","26.0.0(26)","declare class CommonMethod<T>"
"declare class CommonMethod<T>","接口定义变更","harmonyos_behavior_changes/HarmonyOS_26.0.0(26)_Beta1.json","CommonMethod","",".margin({ bottom: 16 })","ArkTS","entry\src\main\ets\pages\Settings.ets:205","declare class CommonMethod<T>@entry\src\main\ets\pages\Settings.ets:205","","26.0.0(26)","declare class CommonMethod<T>"
"declare class CommonMethod<T>","接口定义变更","harmonyos_behavior_changes/HarmonyOS_26.0.0(26)_Beta1.json","CommonMethod","",".fontSize(14)","ArkTS","entry\src\main\ets\pages\Settings.ets:211","declare class CommonMethod<T>@entry\src\main\ets\pages\Settings.ets:211","","26.0.0(26)","declare class CommonMethod<T>"
"declare class CommonMethod<T>","接口定义变更","harmonyos_behavior_changes/HarmonyOS_26.0.0(26)_Beta1.json","CommonMethod","",".fontColor($r('app.color.header_text_color'))","ArkTS","entry\src\main\ets\pages\Settings.ets:212","declare class CommonMethod<T>@entry\src\main\ets\pages\Settings.ets:212","","26.0.0(26)","declare class CommonMethod<T>"
"declare class CommonMethod<T>","接口定义变更","harmonyos_behavior_changes/HarmonyOS_26.0.0(26)_Beta1.json","CommonMethod","",".fontSize(14)","ArkTS","entry\src\main\ets\pages\Settings.ets:215","declare class CommonMethod<T>@entry\src\main\ets\pages\Settings.ets:215","","26.0.0(26)","declare class CommonMethod<T>"
"declare class CommonMethod<T>","接口定义变更","harmonyos_behavior_changes/HarmonyOS_26.0.0(26)_Beta1.json","CommonMethod","",".fontColor($r('app.color.header_text_color'))","ArkTS","entry\src\main\ets\pages\Settings.ets:216","declare class CommonMethod<T>@entry\src\main\ets\pages\Settings.ets:216","","26.0.0(26)","declare class CommonMethod<T>"
"declare class CommonMethod<T>","接口定义变更","harmonyos_behavior_changes/HarmonyOS_26.0.0(26)_Beta1.json","CommonMethod","",".width('100%')","ArkTS","entry\src\main\ets\pages\Settings.ets:218","declare class CommonMethod<T>@entry\src\main\ets\pages\Settings.ets:218","","26.0.0(26)","declare class CommonMethod<T>"
"declare class CommonMethod<T>","接口定义变更","harmonyos_behavior_changes/HarmonyOS_26.0.0(26)_Beta1.json","CommonMethod","",".margin({ bottom: 8 })","ArkTS","entry\src\main\ets\pages\Settings.ets:219","declare class CommonMethod<T>@entry\src\main\ets\pages\Settings.ets:219","","26.0.0(26)","declare class CommonMethod<T>"
"declare class CommonMethod<T>","接口定义变更","harmonyos_behavior_changes/HarmonyOS_26.0.0(26)_Beta1.json","CommonMethod","",".width('100%')","ArkTS","entry\src\main\ets\pages\Settings.ets:228","declare class CommonMethod<T>@entry\src\main\ets\pages\Settings.ets:228","","26.0.0(26)","declare class CommonMethod<T>"
"declare class CommonMethod<T>","接口定义变更","harmonyos_behavior_changes/HarmonyOS_26.0.0(26)_Beta1.json","CommonMethod","",".selectedColor('#FF8800')","ArkTS","entry\src\main\ets\pages\Settings.ets:229","declare class CommonMethod<T>@entry\src\main\ets\pages\Settings.ets:229","","26.0.0(26)","declare class CommonMethod<T>"
"declare class CommonMethod<T>","接口定义变更","harmonyos_behavior_changes/HarmonyOS_26.0.0(26)_Beta1.json","CommonMethod","",".trackColor('#CCCCCC')","ArkTS","entry\src\main\ets\pages\Settings.ets:230","declare class CommonMethod<T>@entry\src\main\ets\pages\Settings.ets:230","","26.0.0(26)","declare class CommonMethod<T>"
"declare class CommonMethod<T>","接口定义变更","harmonyos_behavior_changes/HarmonyOS_26.0.0(26)_Beta1.json","CommonMethod","",".onChange((value: number) => {","ArkTS","entry\src\main\ets\pages\Settings.ets:231","declare class CommonMethod<T>@entry\src\main\ets\pages\Settings.ets:231","","26.0.0(26)","declare class CommonMethod<T>"
"declare class CommonMethod<T>","接口定义变更","harmonyos_behavior_changes/HarmonyOS_26.0.0(26)_Beta1.json","CommonMethod","",".width('100%')","ArkTS","entry\src\main\ets\pages\Settings.ets:235","declare class CommonMethod<T>@entry\src\main\ets\pages\Settings.ets:235","","26.0.0(26)","declare class CommonMethod<T>"
"declare class CommonMethod<T>","接口定义变更","harmonyos_behavior_changes/HarmonyOS_26.0.0(26)_Beta1.json","CommonMethod","",".alignItems(HorizontalAlign.Start)","ArkTS","entry\src\main\ets\pages\Settings.ets:236","declare class CommonMethod<T>@entry\src\main\ets\pages\Settings.ets:236","","26.0.0(26)","declare class CommonMethod<T>"
"declare class CommonMethod<T>","接口定义变更","harmonyos_behavior_changes/HarmonyOS_26.0.0(26)_Beta1.json","CommonMethod","",".margin({ bottom: 16 })","ArkTS","entry\src\main\ets\pages\Settings.ets:237","declare class CommonMethod<T>@entry\src\main\ets\pages\Settings.ets:237","","26.0.0(26)","declare class CommonMethod<T>"
"declare class CommonMethod<T>","接口定义变更","harmonyos_behavior_changes/HarmonyOS_26.0.0(26)_Beta1.json","CommonMethod","",".fontSize(14)","ArkTS","entry\src\main\ets\pages\Settings.ets:242","declare class CommonMethod<T>@entry\src\main\ets\pages\Settings.ets:242","","26.0.0(26)","declare class CommonMethod<T>"
"declare class CommonMethod<T>","接口定义变更","harmonyos_behavior_changes/HarmonyOS_26.0.0(26)_Beta1.json","CommonMethod","",".fontColor($r('app.color.header_text_color'))","ArkTS","entry\src\main\ets\pages\Settings.ets:243","declare class CommonMethod<T>@entry\src\main\ets\pages\Settings.ets:243","","26.0.0(26)","declare class CommonMethod<T>"
"declare class CommonMethod<T>","接口定义变更","harmonyos_behavior_changes/HarmonyOS_26.0.0(26)_Beta1.json","CommonMethod","",".margin({ bottom: 8 })","ArkTS","entry\src\main\ets\pages\Settings.ets:244","declare class CommonMethod<T>@entry\src\main\ets\pages\Settings.ets:244","","26.0.0(26)","declare class CommonMethod<T>"
"declare class CommonMethod<T>","接口定义变更","harmonyos_behavior_changes/HarmonyOS_26.0.0(26)_Beta1.json","CommonMethod","",".width(50)","ArkTS","entry\src\main\ets\pages\Settings.ets:257","declare class CommonMethod<T>@entry\src\main\ets\pages\Settings.ets:257","","26.0.0(26)","declare class CommonMethod<T>"
"declare class CommonMethod<T>","接口定义变更","harmonyos_behavior_changes/HarmonyOS_26.0.0(26)_Beta1.json","CommonMethod","",".alignItems(HorizontalAlign.Center)","ArkTS","entry\src\main\ets\pages\Settings.ets:258","declare class CommonMethod<T>@entry\src\main\ets\pages\Settings.ets:258","","26.0.0(26)","declare class CommonMethod<T>"
"declare class CommonMethod<T>","接口定义变更","harmonyos_behavior_changes/HarmonyOS_26.0.0(26)_Beta1.json","CommonMethod","",".width('100%')","ArkTS","entry\src\main\ets\pages\Settings.ets:260","declare class CommonMethod<T>@entry\src\main\ets\pages\Settings.ets:260","","26.0.0(26)","declare class CommonMethod<T>"
"declare class CommonMethod<T>","接口定义变更","harmonyos_behavior_changes/HarmonyOS_26.0.0(26)_Beta1.json","CommonMethod","",".alignItems(HorizontalAlign.Center)","ArkTS","entry\src\main\ets\pages\Settings.ets:261","declare class CommonMethod<T>@entry\src\main\ets\pages\Settings.ets:261","","26.0.0(26)","declare class CommonMethod<T>"
"declare class CommonMethod<T>","接口定义变更","harmonyos_behavior_changes/HarmonyOS_26.0.0(26)_Beta1.json","CommonMethod","",".margin({ bottom: 32 })","ArkTS","entry\src\main\ets\pages\Settings.ets:262","declare class CommonMethod<T>@entry\src\main\ets\pages\Settings.ets:262","","26.0.0(26)","declare class CommonMethod<T>"
"declare class CommonMethod<T>","接口定义变更","harmonyos_behavior_changes/HarmonyOS_26.0.0(26)_Beta1.json","CommonMethod","",".width('100%')","ArkTS","entry\src\main\ets\pages\Settings.ets:264","declare class CommonMethod<T>@entry\src\main\ets\pages\Settings.ets:264","","26.0.0(26)","declare class CommonMethod<T>"
"declare class CommonMethod<T>","接口定义变更","harmonyos_behavior_changes/HarmonyOS_26.0.0(26)_Beta1.json","CommonMethod","",".padding(16)","ArkTS","entry\src\main\ets\pages\Settings.ets:265","declare class CommonMethod<T>@entry\src\main\ets\pages\Settings.ets:265","","26.0.0(26)","declare class CommonMethod<T>"
"declare class CommonMethod<T>","接口定义变更","harmonyos_behavior_changes/HarmonyOS_26.0.0(26)_Beta1.json","CommonMethod","",".alignItems(HorizontalAlign.Center)","ArkTS","entry\src\main\ets\pages\Settings.ets:266","declare class CommonMethod<T>@entry\src\main\ets\pages\Settings.ets:266","","26.0.0(26)","declare class CommonMethod<T>"
"declare class CommonMethod<T>","接口定义变更","harmonyos_behavior_changes/HarmonyOS_26.0.0(26)_Beta1.json","CommonMethod","",".width('100%')","ArkTS","entry\src\main\ets\pages\Settings.ets:268","declare class CommonMethod<T>@entry\src\main\ets\pages\Settings.ets:268","","26.0.0(26)","declare class CommonMethod<T>"
"declare class CommonMethod<T>","接口定义变更","harmonyos_behavior_changes/HarmonyOS_26.0.0(26)_Beta1.json","CommonMethod","",".layoutWeight(1)","ArkTS","entry\src\main\ets\pages\Settings.ets:269","declare class CommonMethod<T>@entry\src\main\ets\pages\Settings.ets:269","","26.0.0(26)","declare class CommonMethod<T>"
"declare class CommonMethod<T>","接口定义变更","harmonyos_behavior_changes/HarmonyOS_26.0.0(26)_Beta1.json","CommonMethod","",".scrollBar(BarState.Off)","ArkTS","entry\src\main\ets\pages\Settings.ets:270","declare class CommonMethod<T>@entry\src\main\ets\pages\Settings.ets:270","","26.0.0(26)","declare class CommonMethod<T>"
"declare class CommonMethod<T>","接口定义变更","harmonyos_behavior_changes/HarmonyOS_26.0.0(26)_Beta1.json","CommonMethod","",".edgeEffect(EdgeEffect.Spring)","ArkTS","entry\src\main\ets\pages\Settings.ets:271","declare class CommonMethod<T>@entry\src\main\ets\pages\Settings.ets:271","","26.0.0(26)","declare class CommonMethod<T>"
"declare class CommonMethod<T>","接口定义变更","harmonyos_behavior_changes/HarmonyOS_26.0.0(26)_Beta1.json","CommonMethod","",".width('100%')","ArkTS","entry\src\main\ets\pages\Settings.ets:273","declare class CommonMethod<T>@entry\src\main\ets\pages\Settings.ets:273","","26.0.0(26)","declare class CommonMethod<T>"
"declare class CommonMethod<T>","接口定义变更","harmonyos_behavior_changes/HarmonyOS_26.0.0(26)_Beta1.json","CommonMethod","",".height('100%')","ArkTS","entry\src\main\ets\pages\Settings.ets:274","declare class CommonMethod<T>@entry\src\main\ets\pages\Settings.ets:274","","26.0.0(26)","declare class CommonMethod<T>"
"declare class CommonMethod<T>","接口定义变更","harmonyos_behavior_changes/HarmonyOS_26.0.0(26)_Beta1.json","CommonMethod","",".backgroundColor($r('app.color.page_background'))","ArkTS","entry\src\main\ets\pages\Settings.ets:275","declare class CommonMethod<T>@entry\src\main\ets\pages\Settings.ets:275","","26.0.0(26)","declare class CommonMethod<T>"
"declare class CommonMethod<T>","接口定义变更","harmonyos_behavior_changes/HarmonyOS_26.0.0(26)_Beta1.json","CommonMethod","",".fontSize(16)","ArkTS","entry\src\main\ets\pages\Settings.ets:33","declare class CommonMethod<T>@entry\src\main\ets\pages\Settings.ets:33","","26.0.0(26)","declare class CommonMethod<T>"
"declare class CommonMethod<T>","接口定义变更","harmonyos_behavior_changes/HarmonyOS_26.0.0(26)_Beta1.json","CommonMethod","",".fontColor($r('app.color.title_bar_text_color'))","ArkTS","entry\src\main\ets\pages\Settings.ets:34","declare class CommonMethod<T>@entry\src\main\ets\pages\Settings.ets:34","","26.0.0(26)","declare class CommonMethod<T>"
"declare class CommonMethod<T>","接口定义变更","harmonyos_behavior_changes/HarmonyOS_26.0.0(26)_Beta1.json","CommonMethod","",".padding({ left: 12, right: 12, top: 8, bottom: 8 })","ArkTS","entry\src\main\ets\pages\Settings.ets:35","declare class CommonMethod<T>@entry\src\main\ets\pages\Settings.ets:35","","26.0.0(26)","declare class CommonMethod<T>"
"declare class CommonMethod<T>","接口定义变更","harmonyos_behavior_changes/HarmonyOS_26.0.0(26)_Beta1.json","CommonMethod","",".onClick(() => {","ArkTS","entry\src\main\ets\pages\Settings.ets:36","declare class CommonMethod<T>@entry\src\main\ets\pages\Settings.ets:36","","26.0.0(26)","declare class CommonMethod<T>"
"declare class CommonMethod<T>","接口定义变更","harmonyos_behavior_changes/HarmonyOS_26.0.0(26)_Beta1.json","CommonMethod","",".fontSize(18)","ArkTS","entry\src\main\ets\pages\Settings.ets:40","declare class CommonMethod<T>@entry\src\main\ets\pages\Settings.ets:40","","26.0.0(26)","declare class CommonMethod<T>"
"declare class CommonMethod<T>","接口定义变更","harmonyos_behavior_changes/HarmonyOS_26.0.0(26)_Beta1.json","CommonMethod","",".fontColor($r('app.color.title_bar_text_color'))","ArkTS","entry\src\main\ets\pages\Settings.ets:41","declare class CommonMethod<T>@entry\src\main\ets\pages\Settings.ets:41","","26.0.0(26)","declare class CommonMethod<T>"
"declare class CommonMethod<T>","接口定义变更","harmonyos_behavior_changes/HarmonyOS_26.0.0(26)_Beta1.json","CommonMethod","",".margin({ left: 8 })","ArkTS","entry\src\main\ets\pages\Settings.ets:42","declare class CommonMethod<T>@entry\src\main\ets\pages\Settings.ets:42","","26.0.0(26)","declare class CommonMethod<T>"
"declare class CommonMethod<T>","接口定义变更","harmonyos_behavior_changes/HarmonyOS_26.0.0(26)_Beta1.json","CommonMethod","",".width('100%')","ArkTS","entry\src\main\ets\pages\Settings.ets:45","declare class CommonMethod<T>@entry\src\main\ets\pages\Settings.ets:45","","26.0.0(26)","declare class CommonMethod<T>"
"declare class CommonMethod<T>","接口定义变更","harmonyos_behavior_changes/HarmonyOS_26.0.0(26)_Beta1.json","CommonMethod","",".height(56)","ArkTS","entry\src\main\ets\pages\Settings.ets:46","declare class CommonMethod<T>@entry\src\main\ets\pages\Settings.ets:46","","26.0.0(26)","declare class CommonMethod<T>"
"declare class CommonMethod<T>","接口定义变更","harmonyos_behavior_changes/HarmonyOS_26.0.0(26)_Beta1.json","CommonMethod","",".backgroundColor($r('app.color.title_bar_background'))","ArkTS","entry\src\main\ets\pages\Settings.ets:47","declare class CommonMethod<T>@entry\src\main\ets\pages\Settings.ets:47","","26.0.0(26)","declare class CommonMethod<T>"
"declare class CommonMethod<T>","接口定义变更","harmonyos_behavior_changes/HarmonyOS_26.0.0(26)_Beta1.json","CommonMethod","",".alignItems(VerticalAlign.Center)","ArkTS","entry\src\main\ets\pages\Settings.ets:48","declare class CommonMethod<T>@entry\src\main\ets\pages\Settings.ets:48","","26.0.0(26)","declare class CommonMethod<T>"
"declare class CommonMethod<T>","接口定义变更","harmonyos_behavior_changes/HarmonyOS_26.0.0(26)_Beta1.json","CommonMethod","",".fontSize(14)","ArkTS","entry\src\main\ets\pages\Settings.ets:56","declare class CommonMethod<T>@entry\src\main\ets\pages\Settings.ets:56","","26.0.0(26)","declare class CommonMethod<T>"
"declare class CommonMethod<T>","接口定义变更","harmonyos_behavior_changes/HarmonyOS_26.0.0(26)_Beta1.json","CommonMethod","",".fontColor($r('app.color.header_text_color'))","ArkTS","entry\src\main\ets\pages\Settings.ets:57","declare class CommonMethod<T>@entry\src\main\ets\pages\Settings.ets:57","","26.0.0(26)","declare class CommonMethod<T>"
"declare class CommonMethod<T>","接口定义变更","harmonyos_behavior_changes/HarmonyOS_26.0.0(26)_Beta1.json","CommonMethod","",".margin({ bottom: 8 })","ArkTS","entry\src\main\ets\pages\Settings.ets:58","declare class CommonMethod<T>@entry\src\main\ets\pages\Settings.ets:58","","26.0.0(26)","declare class CommonMethod<T>"
"declare class CommonMethod<T>","接口定义变更","harmonyos_behavior_changes/HarmonyOS_26.0.0(26)_Beta1.json","CommonMethod","",".width(36)","ArkTS","entry\src\main\ets\pages\Settings.ets:62","declare class CommonMethod<T>@entry\src\main\ets\pages\Settings.ets:62","","26.0.0(26)","declare class CommonMethod<T>"
"declare class CommonMethod<T>","接口定义变更","harmonyos_behavior_changes/HarmonyOS_26.0.0(26)_Beta1.json","CommonMethod","",".height(36)","ArkTS","entry\src\main\ets\pages\Settings.ets:63","declare class CommonMethod<T>@entry\src\main\ets\pages\Settings.ets:63","","26.0.0(26)","declare class CommonMethod<T>"
"declare class CommonMethod<T>","接口定义变更","harmonyos_behavior_changes/HarmonyOS_26.0.0(26)_Beta1.json","CommonMethod","",".backgroundColor(color)","ArkTS","entry\src\main\ets\pages\Settings.ets:64","declare class CommonMethod<T>@entry\src\main\ets\pages\Settings.ets:64","","26.0.0(26)","declare class CommonMethod<T>"
"declare class CommonMethod<T>","接口定义变更","harmonyos_behavior_changes/HarmonyOS_26.0.0(26)_Beta1.json","CommonMethod","",".border({","ArkTS","entry\src\main\ets\pages\Settings.ets:65","declare class CommonMethod<T>@entry\src\main\ets\pages\Settings.ets:65","","26.0.0(26)","declare class CommonMethod<T>"
"declare class CommonMethod<T>","接口定义变更","harmonyos_behavior_changes/HarmonyOS_26.0.0(26)_Beta1.json","CommonMethod","",".borderRadius(18)","ArkTS","entry\src\main\ets\pages\Settings.ets:69","declare class CommonMethod<T>@entry\src\main\ets\pages\Settings.ets:69","","26.0.0(26)","declare class CommonMethod<T>"
"declare class CommonMethod<T>","接口定义变更","harmonyos_behavior_changes/HarmonyOS_26.0.0(26)_Beta1.json","CommonMethod","",".margin({ right: 8 })","ArkTS","entry\src\main\ets\pages\Settings.ets:70","declare class CommonMethod<T>@entry\src\main\ets\pages\Settings.ets:70","","26.0.0(26)","declare class CommonMethod<T>"
"declare class CommonMethod<T>","接口定义变更","harmonyos_behavior_changes/HarmonyOS_26.0.0(26)_Beta1.json","CommonMethod","",".onClick(() => {","ArkTS","entry\src\main\ets\pages\Settings.ets:71","declare class CommonMethod<T>@entry\src\main\ets\pages\Settings.ets:71","","26.0.0(26)","declare class CommonMethod<T>"
"declare class CommonMethod<T>","接口定义变更","harmonyos_behavior_changes/HarmonyOS_26.0.0(26)_Beta1.json","CommonMethod","",".width('100%')","ArkTS","entry\src\main\ets\pages\Settings.ets:76","declare class CommonMethod<T>@entry\src\main\ets\pages\Settings.ets:76","","26.0.0(26)","declare class CommonMethod<T>"
"declare class CommonMethod<T>","接口定义变更","harmonyos_behavior_changes/HarmonyOS_26.0.0(26)_Beta1.json","CommonMethod","",".justifyContent(FlexAlign.Start)","ArkTS","entry\src\main\ets\pages\Settings.ets:77","declare class CommonMethod<T>@entry\src\main\ets\pages\Settings.ets:77","","26.0.0(26)","declare class CommonMethod<T>"
"declare class CommonMethod<T>","接口定义变更","harmonyos_behavior_changes/HarmonyOS_26.0.0(26)_Beta1.json","CommonMethod","",".width('100%')","ArkTS","entry\src\main\ets\pages\Settings.ets:79","declare class CommonMethod<T>@entry\src\main\ets\pages\Settings.ets:79","","26.0.0(26)","declare class CommonMethod<T>"
"declare class CommonMethod<T>","接口定义变更","harmonyos_behavior_changes/HarmonyOS_26.0.0(26)_Beta1.json","CommonMethod","",".alignItems(HorizontalAlign.Start)","ArkTS","entry\src\main\ets\pages\Settings.ets:80","declare class CommonMethod<T>@entry\src\main\ets\pages\Settings.ets:80","","26.0.0(26)","declare class CommonMethod<T>"
"declare class CommonMethod<T>","接口定义变更","harmonyos_behavior_changes/HarmonyOS_26.0.0(26)_Beta1.json","CommonMethod","",".margin({ bottom: 16 })","ArkTS","entry\src\main\ets\pages\Settings.ets:81","declare class CommonMethod<T>@entry\src\main\ets\pages\Settings.ets:81","","26.0.0(26)","declare class CommonMethod<T>"
"declare class CommonMethod<T>","接口定义变更","harmonyos_behavior_changes/HarmonyOS_26.0.0(26)_Beta1.json","CommonMethod","",".fontSize(14)","ArkTS","entry\src\main\ets\pages\Settings.ets:86","declare class CommonMethod<T>@entry\src\main\ets\pages\Settings.ets:86","","26.0.0(26)","declare class CommonMethod<T>"
"declare class CommonMethod<T>","接口定义变更","harmonyos_behavior_changes/HarmonyOS_26.0.0(26)_Beta1.json","CommonMethod","",".fontColor($r('app.color.header_text_color'))","ArkTS","entry\src\main\ets\pages\Settings.ets:87","declare class CommonMethod<T>@entry\src\main\ets\pages\Settings.ets:87","","26.0.0(26)","declare class CommonMethod<T>"
"declare class CommonMethod<T>","接口定义变更","harmonyos_behavior_changes/HarmonyOS_26.0.0(26)_Beta1.json","CommonMethod","",".margin({ bottom: 8 })","ArkTS","entry\src\main\ets\pages\Settings.ets:88","declare class CommonMethod<T>@entry\src\main\ets\pages\Settings.ets:88","","26.0.0(26)","declare class CommonMethod<T>"
"declare class CommonMethod<T>","接口定义变更","harmonyos_behavior_changes/HarmonyOS_26.0.0(26)_Beta1.json","CommonMethod","",".width(36)","ArkTS","entry\src\main\ets\pages\Settings.ets:92","declare class CommonMethod<T>@entry\src\main\ets\pages\Settings.ets:92","","26.0.0(26)","declare class CommonMethod<T>"
"declare class CommonMethod<T>","接口定义变更","harmonyos_behavior_changes/HarmonyOS_26.0.0(26)_Beta1.json","CommonMethod","",".height(36)","ArkTS","entry\src\main\ets\pages\Settings.ets:93","declare class CommonMethod<T>@entry\src\main\ets\pages\Settings.ets:93","","26.0.0(26)","declare class CommonMethod<T>"
"declare class CommonMethod<T>","接口定义变更","harmonyos_behavior_changes/HarmonyOS_26.0.0(26)_Beta1.json","CommonMethod","",".backgroundColor(color)","ArkTS","entry\src\main\ets\pages\Settings.ets:94","declare class CommonMethod<T>@entry\src\main\ets\pages\Settings.ets:94","","26.0.0(26)","declare class CommonMethod<T>"
"declare class CommonMethod<T>","接口定义变更","harmonyos_behavior_changes/HarmonyOS_26.0.0(26)_Beta1.json","CommonMethod","",".border({","ArkTS","entry\src\main\ets\pages\Settings.ets:95","declare class CommonMethod<T>@entry\src\main\ets\pages\Settings.ets:95","","26.0.0(26)","declare class CommonMethod<T>"
"declare class CommonMethod<T>","接口定义变更","harmonyos_behavior_changes/HarmonyOS_26.0.0(26)_Beta1.json","CommonMethod","",".borderRadius(18)","ArkTS","entry\src\main\ets\pages\Settings.ets:99","declare class CommonMethod<T>@entry\src\main\ets\pages\Settings.ets:99","","26.0.0(26)","declare class CommonMethod<T>"
"declare class CommonMethod<T>","接口定义变更","harmonyos_behavior_changes/HarmonyOS_26.0.0(26)_Beta1.json","CommonMethod","","this.ctx.textAlign = 'left';","ArkTS","ohos_library\src\main\ets\components\SideBar.ets:123","declare class CommonMethod<T>@ohos_library\src\main\ets\components\SideBar.ets:123","this","26.0.0(26)","declare class CommonMethod<T>"
"declare class CommonMethod<T>","接口定义变更","harmonyos_behavior_changes/HarmonyOS_26.0.0(26)_Beta1.json","CommonMethod","","const textWidth = this.ctx.measureText(text).width;","ArkTS","ohos_library\src\main\ets\components\SideBar.ets:128","declare class CommonMethod<T>@ohos_library\src\main\ets\components\SideBar.ets:128","","26.0.0(26)","declare class CommonMethod<T>"
"declare class CommonMethod<T>","接口定义变更","harmonyos_behavior_changes/HarmonyOS_26.0.0(26)_Beta1.json","CommonMethod","","this.ctx.fill();","ArkTS","ohos_library\src\main\ets\components\SideBar.ets:140","declare class CommonMethod<T>@ohos_library\src\main\ets\components\SideBar.ets:140","this","26.0.0(26)","declare class CommonMethod<T>"
"declare class CommonMethod<T>","接口定义变更","harmonyos_behavior_changes/HarmonyOS_26.0.0(26)_Beta1.json","CommonMethod","","const type = event.type;","ArkTS","ohos_library\src\main\ets\components\SideBar.ets:159","declare class CommonMethod<T>@ohos_library\src\main\ets\components\SideBar.ets:159","","26.0.0(26)","declare class CommonMethod<T>"
"declare class CommonMethod<T>","接口定义变更","harmonyos_behavior_changes/HarmonyOS_26.0.0(26)_Beta1.json","CommonMethod","",".width('100%')","ArkTS","ohos_library\src\main\ets\components\SideBar.ets:205","declare class CommonMethod<T>@ohos_library\src\main\ets\components\SideBar.ets:205","","26.0.0(26)","declare class CommonMethod<T>"
"declare class CommonMethod<T>","接口定义变更","harmonyos_behavior_changes/HarmonyOS_26.0.0(26)_Beta1.json","CommonMethod","",".height(this.viewHeight)","ArkTS","ohos_library\src\main\ets\components\SideBar.ets:206","declare class CommonMethod<T>@ohos_library\src\main\ets\components\SideBar.ets:206","","26.0.0(26)","declare class CommonMethod<T>"
"declare class CommonMethod<T>","接口定义变更","harmonyos_behavior_changes/HarmonyOS_26.0.0(26)_Beta1.json","CommonMethod","",".onReady(() => {","ArkTS","ohos_library\src\main\ets\components\SideBar.ets:207","declare class CommonMethod<T>@ohos_library\src\main\ets\components\SideBar.ets:207","","26.0.0(26)","declare class CommonMethod<T>"
"declare class CommonMethod<T>","接口定义变更","harmonyos_behavior_changes/HarmonyOS_26.0.0(26)_Beta1.json","CommonMethod","",".onAreaChange((oldValue: Area, newValue: Area) => {","ArkTS","ohos_library\src\main\ets\components\SideBar.ets:211","declare class CommonMethod<T>@ohos_library\src\main\ets\components\SideBar.ets:211","","26.0.0(26)","declare class CommonMethod<T>"
"declare class CommonMethod<T>","接口定义变更","harmonyos_behavior_changes/HarmonyOS_26.0.0(26)_Beta1.json","CommonMethod","","const widthChanged = this.viewWidth !== Number(newValue.width);","ArkTS","ohos_library\src\main\ets\components\SideBar.ets:212","declare class CommonMethod<T>@ohos_library\src\main\ets\components\SideBar.ets:212","","26.0.0(26)","declare class CommonMethod<T>"
"declare class CommonMethod<T>","接口定义变更","harmonyos_behavior_changes/HarmonyOS_26.0.0(26)_Beta1.json","CommonMethod","","const topChanged = this.sideBarTop !== Number(newValue.position.y);","ArkTS","ohos_library\src\main\ets\components\SideBar.ets:213","declare class CommonMethod<T>@ohos_library\src\main\ets\components\SideBar.ets:213","","26.0.0(26)","declare class CommonMethod<T>"
"declare class CommonMethod<T>","接口定义变更","harmonyos_behavior_changes/HarmonyOS_26.0.0(26)_Beta1.json","CommonMethod","","this.viewWidth = Number(newValue.width);","ArkTS","ohos_library\src\main\ets\components\SideBar.ets:214","declare class CommonMethod<T>@ohos_library\src\main\ets\components\SideBar.ets:214","this","26.0.0(26)","declare class CommonMethod<T>"
"declare class CommonMethod<T>","接口定义变更","harmonyos_behavior_changes/HarmonyOS_26.0.0(26)_Beta1.json","CommonMethod","","this.sideBarTop = Number(newValue.position.y);","ArkTS","ohos_library\src\main\ets\components\SideBar.ets:215","declare class CommonMethod<T>@ohos_library\src\main\ets\components\SideBar.ets:215","this","26.0.0(26)","declare class CommonMethod<T>"
"declare class CommonMethod<T>","接口定义变更","harmonyos_behavior_changes/HarmonyOS_26.0.0(26)_Beta1.json","CommonMethod","",".onTouch((event: TouchEvent) => {","ArkTS","ohos_library\src\main\ets\components\SideBar.ets:220","declare class CommonMethod<T>@ohos_library\src\main\ets\components\SideBar.ets:220","","26.0.0(26)","declare class CommonMethod<T>"
"declare class CommonMethod<T>","接口定义变更","harmonyos_behavior_changes/HarmonyOS_26.0.0(26)_Beta1.json","CommonMethod","",".hitTestBehavior(HitTestMode.Block);","ArkTS","ohos_library\src\main\ets\components\SideBar.ets:223","declare class CommonMethod<T>@ohos_library\src\main\ets\components\SideBar.ets:223","","26.0.0(26)","declare class CommonMethod<T>"
"declare const Slider: SliderInterface","UX视觉布局变更","harmonyos_behavior_changes/HarmonyOS_26.0.0(26)_Beta1.json","Slider","","Slider({","ArkTS","entry\src\main\ets\pages\Settings.ets:157","declare const Slider: SliderInterface@entry\src\main\ets\pages\Settings.ets:157","","26.0.0(26)","declare const Slider: SliderInterface"
"declare const Slider: SliderInterface","UX视觉布局变更","harmonyos_behavior_changes/HarmonyOS_26.0.0(26)_Beta1.json","Slider","","Slider({","ArkTS","entry\src\main\ets\pages\Settings.ets:189","declare const Slider: SliderInterface@entry\src\main\ets\pages\Settings.ets:189","","26.0.0(26)","declare const Slider: SliderInterface"
"declare const Slider: SliderInterface","UX视觉布局变更","harmonyos_behavior_changes/HarmonyOS_26.0.0(26)_Beta1.json","Slider","","Slider({","ArkTS","entry\src\main\ets\pages\Settings.ets:221","declare const Slider: SliderInterface@entry\src\main\ets\pages\Settings.ets:221","","26.0.0(26)","declare const Slider: SliderInterface"
"declare const Text: TextInterface","UX视觉布局变更","harmonyos_behavior_changes/HarmonyOS_26.0.0(26)_Beta1.json","Text","","Text(this.text)","ArkTS","entry\src\main\ets\components\HintBubble.ets:33","declare const Text: TextInterface@entry\src\main\ets\components\HintBubble.ets:33","","26.0.0(26)","declare const Text: TextInterface"
"declare const Text: TextInterface","UX视觉布局变更","harmonyos_behavior_changes/HarmonyOS_26.0.0(26)_Beta1.json","Text","","Text(item.text)","ArkTS","entry\src\main\ets\pages\Index.ets:106","declare const Text: TextInterface@entry\src\main\ets\pages\Index.ets:106","","26.0.0(26)","declare const Text: TextInterface"
"declare const Text: TextInterface","UX视觉布局变更","harmonyos_behavior_changes/HarmonyOS_26.0.0(26)_Beta1.json","Text","","Text(item.text)","ArkTS","entry\src\main\ets\pages\Index.ets:113","declare const Text: TextInterface@entry\src\main\ets\pages\Index.ets:113","","26.0.0(26)","declare const Text: TextInterface"
"declare const Text: TextInterface","UX视觉布局变更","harmonyos_behavior_changes/HarmonyOS_26.0.0(26)_Beta1.json","Text","","Text('SideBar')","ArkTS","entry\src\main\ets\pages\Index.ets:79","declare const Text: TextInterface@entry\src\main\ets\pages\Index.ets:79","","26.0.0(26)","declare const Text: TextInterface"
"declare const Text: TextInterface","UX视觉布局变更","harmonyos_behavior_changes/HarmonyOS_26.0.0(26)_Beta1.json","Text","","Text($r('app.string.index_config'))","ArkTS","entry\src\main\ets\pages\Index.ets:86","declare const Text: TextInterface@entry\src\main\ets\pages\Index.ets:86","","26.0.0(26)","declare const Text: TextInterface"
"declare const Text: TextInterface","UX视觉布局变更","harmonyos_behavior_changes/HarmonyOS_26.0.0(26)_Beta1.json","Text","","Text($r('app.string.settings_pressed_bg_color'))","ArkTS","entry\src\main\ets\pages\Settings.ets:115","declare const Text: TextInterface@entry\src\main\ets\pages\Settings.ets:115","","26.0.0(26)","declare const Text: TextInterface"
"declare const Text: TextInterface","UX视觉布局变更","harmonyos_behavior_changes/HarmonyOS_26.0.0(26)_Beta1.json","Text","","Text($r('app.string.settings_text_size'))","ArkTS","entry\src\main\ets\pages\Settings.ets:146","declare const Text: TextInterface@entry\src\main\ets\pages\Settings.ets:146","","26.0.0(26)","declare const Text: TextInterface"
"declare const Text: TextInterface","UX视觉布局变更","harmonyos_behavior_changes/HarmonyOS_26.0.0(26)_Beta1.json","Text","","Text(`${this.textSize}`)","ArkTS","entry\src\main\ets\pages\Settings.ets:150","declare const Text: TextInterface@entry\src\main\ets\pages\Settings.ets:150","","26.0.0(26)","declare const Text: TextInterface"
"declare const Text: TextInterface","UX视觉布局变更","harmonyos_behavior_changes/HarmonyOS_26.0.0(26)_Beta1.json","Text","","Text($r('app.string.settings_item_spacing'))","ArkTS","entry\src\main\ets\pages\Settings.ets:178","declare const Text: TextInterface@entry\src\main\ets\pages\Settings.ets:178","","26.0.0(26)","declare const Text: TextInterface"
"declare const Text: TextInterface","UX视觉布局变更","harmonyos_behavior_changes/HarmonyOS_26.0.0(26)_Beta1.json","Text","","Text(`${this.itemSpacing}`)","ArkTS","entry\src\main\ets\pages\Settings.ets:182","declare const Text: TextInterface@entry\src\main\ets\pages\Settings.ets:182","","26.0.0(26)","declare const Text: TextInterface"
"declare const Text: TextInterface","UX视觉布局变更","harmonyos_behavior_changes/HarmonyOS_26.0.0(26)_Beta1.json","Text","","Text($r('app.string.settings_item_height'))","ArkTS","entry\src\main\ets\pages\Settings.ets:210","declare const Text: TextInterface@entry\src\main\ets\pages\Settings.ets:210","","26.0.0(26)","declare const Text: TextInterface"
"declare const Text: TextInterface","UX视觉布局变更","harmonyos_behavior_changes/HarmonyOS_26.0.0(26)_Beta1.json","Text","","Text(`${this.itemHeight}`)","ArkTS","entry\src\main\ets\pages\Settings.ets:214","declare const Text: TextInterface@entry\src\main\ets\pages\Settings.ets:214","","26.0.0(26)","declare const Text: TextInterface"
"declare const Text: TextInterface","UX视觉布局变更","harmonyos_behavior_changes/HarmonyOS_26.0.0(26)_Beta1.json","Text","","Text('实时预览')","ArkTS","entry\src\main\ets\pages\Settings.ets:241","declare const Text: TextInterface@entry\src\main\ets\pages\Settings.ets:241","","26.0.0(26)","declare const Text: TextInterface"
"declare const Text: TextInterface","UX视觉布局变更","harmonyos_behavior_changes/HarmonyOS_26.0.0(26)_Beta1.json","Text","","Text($r('app.string.settings_back'))","ArkTS","entry\src\main\ets\pages\Settings.ets:32","declare const Text: TextInterface@entry\src\main\ets\pages\Settings.ets:32","","26.0.0(26)","declare const Text: TextInterface"
"declare const Text: TextInterface","UX视觉布局变更","harmonyos_behavior_changes/HarmonyOS_26.0.0(26)_Beta1.json","Text","","Text($r('app.string.settings_title'))","ArkTS","entry\src\main\ets\pages\Settings.ets:39","declare const Text: TextInterface@entry\src\main\ets\pages\Settings.ets:39","","26.0.0(26)","declare const Text: TextInterface"
"declare const Text: TextInterface","UX视觉布局变更","harmonyos_behavior_changes/HarmonyOS_26.0.0(26)_Beta1.json","Text","","Text($r('app.string.settings_text_color'))","ArkTS","entry\src\main\ets\pages\Settings.ets:55","declare const Text: TextInterface@entry\src\main\ets\pages\Settings.ets:55","","26.0.0(26)","declare const Text: TextInterface"
"declare const Text: TextInterface","UX视觉布局变更","harmonyos_behavior_changes/HarmonyOS_26.0.0(26)_Beta1.json","Text","","Text($r('app.string.settings_pressed_text_color'))","ArkTS","entry\src\main\ets\pages\Settings.ets:85","declare const Text: TextInterface@entry\src\main\ets\pages\Settings.ets:85","","26.0.0(26)","declare const Text: TextInterface"
"declare type AccessibilityActionInterceptCallback = (action: AccessibilityAction) => AccessibilityActionInterceptResult","新增API","harmonyos_api_changes/HarmonyOS_6.0.0(20)_Beta1.json","declare","","if (item.type === ITEM_TYPE_HEADER) {","ArkTS","entry\src\main\ets\pages\Index.ets:105","declare type AccessibilityActionInterceptCallback = (action: AccessibilityAction) => AccessibilityActionInterceptResult@entry\src\main\ets\pages\Index.ets:105","","6.0.0(20)","declare type AccessibilityActionInterceptCallback = (action: AccessibilityAction) => AccessibilityActionInterceptResult"
"declare type AccessibilityActionInterceptCallback = (action: AccessibilityAction) => AccessibilityActionInterceptResult","新增API","harmonyos_api_changes/HarmonyOS_6.0.0(20)_Beta1.json","declare","","const type = event.type;","ArkTS","ohos_library\src\main\ets\components\SideBar.ets:159","declare type AccessibilityActionInterceptCallback = (action: AccessibilityAction) => AccessibilityActionInterceptResult@ohos_library\src\main\ets\components\SideBar.ets:159","","6.0.0(20)","declare type AccessibilityActionInterceptCallback = (action: AccessibilityAction) => AccessibilityActionInterceptResult"
"declare type AccessibilityFocusCallback = (isFocus: boolean) => void","新增API","harmonyos_api_changes/HarmonyOS_5.1.0(18).json","declare","","if (item.type === ITEM_TYPE_HEADER) {","ArkTS","entry\src\main\ets\pages\Index.ets:105","declare type AccessibilityFocusCallback = (isFocus: boolean) => void@entry\src\main\ets\pages\Index.ets:105","","5.1.0(18)","declare type AccessibilityFocusCallback = (isFocus: boolean) => void"
"declare type AccessibilityFocusCallback = (isFocus: boolean) => void","新增API","harmonyos_api_changes/HarmonyOS_5.1.0(18).json","declare","","const type = event.type;","ArkTS","ohos_library\src\main\ets\components\SideBar.ets:159","declare type AccessibilityFocusCallback = (isFocus: boolean) => void@ohos_library\src\main\ets\components\SideBar.ets:159","","5.1.0(18)","declare type AccessibilityFocusCallback = (isFocus: boolean) => void"
"declare type AccessibilityTransparentCallback = (event: TouchEvent) => void","新增API","harmonyos_api_changes/HarmonyOS_6.0.0(20)_Beta1.json","declare","","if (item.type === ITEM_TYPE_HEADER) {","ArkTS","entry\src\main\ets\pages\Index.ets:105","declare type AccessibilityTransparentCallback = (event: TouchEvent) => void@entry\src\main\ets\pages\Index.ets:105","","6.0.0(20)","declare type AccessibilityTransparentCallback = (event: TouchEvent) => void"
"declare type AccessibilityTransparentCallback = (event: TouchEvent) => void","新增API","harmonyos_api_changes/HarmonyOS_6.0.0(20)_Beta1.json","declare","","const type = event.type;","ArkTS","ohos_library\src\main\ets\components\SideBar.ets:159","declare type AccessibilityTransparentCallback = (event: TouchEvent) => void@ohos_library\src\main\ets\components\SideBar.ets:159","","6.0.0(20)","declare type AccessibilityTransparentCallback = (event: TouchEvent) => void"
"declare type AnimationEndHandler = (index: number, event: SwiperAnimationEvent) => void","新增API","harmonyos_api_changes/HarmonyOS_5.1.0(18).json","declare","","if (item.type === ITEM_TYPE_HEADER) {","ArkTS","entry\src\main\ets\pages\Index.ets:105","declare type AnimationEndHandler = (index: number, event: SwiperAnimationEvent) => void@entry\src\main\ets\pages\Index.ets:105","","5.1.0(18)","declare type AnimationEndHandler = (index: number, event: SwiperAnimationEvent) => void"
"declare type AnimationEndHandler = (index: number, event: SwiperAnimationEvent) => void","新增API","harmonyos_api_changes/HarmonyOS_5.1.0(18).json","declare","","const type = event.type;","ArkTS","ohos_library\src\main\ets\components\SideBar.ets:159","declare type AnimationEndHandler = (index: number, event: SwiperAnimationEvent) => void@ohos_library\src\main\ets\components\SideBar.ets:159","","5.1.0(18)","declare type AnimationEndHandler = (index: number, event: SwiperAnimationEvent) => void"
"declare type AnimationStartHandler = (index: number, targetIndex: number, event: SwiperAnimationEvent) => void","新增API","harmonyos_api_changes/HarmonyOS_5.1.0(18).json","declare","","if (item.type === ITEM_TYPE_HEADER) {","ArkTS","entry\src\main\ets\pages\Index.ets:105","declare type AnimationStartHandler = (index: number, targetIndex: number, event: SwiperAnimationEvent) => void@entry\src\main\ets\pages\Index.ets:105","","5.1.0(18)","declare type AnimationStartHandler = (index: number, targetIndex: number, event: SwiperAnimationEvent) => void"
"declare type AnimationStartHandler = (index: number, targetIndex: number, event: SwiperAnimationEvent) => void","新增API","harmonyos_api_changes/HarmonyOS_5.1.0(18).json","declare","","const type = event.type;","ArkTS","ohos_library\src\main\ets\components\SideBar.ets:159","declare type AnimationStartHandler = (index: number, targetIndex: number, event: SwiperAnimationEvent) => void@ohos_library\src\main\ets\components\SideBar.ets:159","","5.1.0(18)","declare type AnimationStartHandler = (index: number, targetIndex: number, event: SwiperAnimationEvent) => void"
"declare type ArcScrollIndexHandler = (start: number, end: number, center: number) => void","新增API","harmonyos_api_changes/HarmonyOS_5.1.0(18).json","declare","","if (item.type === ITEM_TYPE_HEADER) {","ArkTS","entry\src\main\ets\pages\Index.ets:105","declare type ArcScrollIndexHandler = (start: number, end: number, center: number) => void@entry\src\main\ets\pages\Index.ets:105","","5.1.0(18)","declare type ArcScrollIndexHandler = (start: number, end: number, center: number) => void"
"declare type ArcScrollIndexHandler = (start: number, end: number, center: number) => void","新增API","harmonyos_api_changes/HarmonyOS_5.1.0(18).json","declare","","const type = event.type;","ArkTS","ohos_library\src\main\ets\components\SideBar.ets:159","declare type ArcScrollIndexHandler = (start: number, end: number, center: number) => void@ohos_library\src\main\ets\components\SideBar.ets:159","","5.1.0(18)","declare type ArcScrollIndexHandler = (start: number, end: number, center: number) => void"
"declare type ArcSliderChangeHandler = (progress: number) => void","新增API","harmonyos_api_changes/HarmonyOS_5.1.0(18).json","declare","","if (item.type === ITEM_TYPE_HEADER) {","ArkTS","entry\src\main\ets\pages\Index.ets:105","declare type ArcSliderChangeHandler = (progress: number) => void@entry\src\main\ets\pages\Index.ets:105","","5.1.0(18)","declare type ArcSliderChangeHandler = (progress: number) => void"
"declare type ArcSliderChangeHandler = (progress: number) => void","新增API","harmonyos_api_changes/HarmonyOS_5.1.0(18).json","declare","","const type = event.type;","ArkTS","ohos_library\src\main\ets\components\SideBar.ets:159","declare type ArcSliderChangeHandler = (progress: number) => void@ohos_library\src\main\ets\components\SideBar.ets:159","","5.1.0(18)","declare type ArcSliderChangeHandler = (progress: number) => void"
"declare type ArcSliderEnlargeHandler = (isEnlarged: boolean) => void","新增API","harmonyos_api_changes/HarmonyOS_5.1.0(18).json","declare","","if (item.type === ITEM_TYPE_HEADER) {","ArkTS","entry\src\main\ets\pages\Index.ets:105","declare type ArcSliderEnlargeHandler = (isEnlarged: boolean) => void@entry\src\main\ets\pages\Index.ets:105","","5.1.0(18)","declare type ArcSliderEnlargeHandler = (isEnlarged: boolean) => void"
"declare type ArcSliderEnlargeHandler = (isEnlarged: boolean) => void","新增API","harmonyos_api_changes/HarmonyOS_5.1.0(18).json","declare","","const type = event.type;","ArkTS","ohos_library\src\main\ets\components\SideBar.ets:159","declare type ArcSliderEnlargeHandler = (isEnlarged: boolean) => void@ohos_library\src\main\ets\components\SideBar.ets:159","","5.1.0(18)","declare type ArcSliderEnlargeHandler = (isEnlarged: boolean) => void"
"declare type ArcSliderTouchHandler = (event: TouchEvent) => void","新增API","harmonyos_api_changes/HarmonyOS_5.1.0(18).json","declare","","if (item.type === ITEM_TYPE_HEADER) {","ArkTS","entry\src\main\ets\pages\Index.ets:105","declare type ArcSliderTouchHandler = (event: TouchEvent) => void@entry\src\main\ets\pages\Index.ets:105","","5.1.0(18)","declare type ArcSliderTouchHandler = (event: TouchEvent) => void"
"declare type ArcSliderTouchHandler = (event: TouchEvent) => void","新增API","harmonyos_api_changes/HarmonyOS_5.1.0(18).json","declare","","const type = event.type;","ArkTS","ohos_library\src\main\ets\components\SideBar.ets:159","declare type ArcSliderTouchHandler = (event: TouchEvent) => void@ohos_library\src\main\ets\components\SideBar.ets:159","","5.1.0(18)","declare type ArcSliderTouchHandler = (event: TouchEvent) => void"
"declare type AreaChangeCallback = (oldValue: Area, newValue: Area) => void","新增API","harmonyos_api_changes/HarmonyOS_26.0.0_Beta1.json","declare","","if (item.type === ITEM_TYPE_HEADER) {","ArkTS","entry\src\main\ets\pages\Index.ets:105","declare type AreaChangeCallback = (oldValue: Area, newValue: Area) => void@entry\src\main\ets\pages\Index.ets:105","","26.0.0 Beta2","declare type AreaChangeCallback = (oldValue: Area, newValue: Area) => void"
"declare type AreaChangeCallback = (oldValue: Area, newValue: Area) => void","新增API","harmonyos_api_changes/HarmonyOS_26.0.0_Beta1.json","declare","","const type = event.type;","ArkTS","ohos_library\src\main\ets\components\SideBar.ets:159","declare type AreaChangeCallback = (oldValue: Area, newValue: Area) => void@ohos_library\src\main\ets\components\SideBar.ets:159","","26.0.0 Beta2","declare type AreaChangeCallback = (oldValue: Area, newValue: Area) => void"
"declare type BuilderCallback = (...args: Args) => void","新增API","harmonyos_api_changes/HarmonyOS_6.0.2(22).json","declare","","if (item.type === ITEM_TYPE_HEADER) {","ArkTS","entry\src\main\ets\pages\Index.ets:105","declare type BuilderCallback = (...args: Args) => void@entry\src\main\ets\pages\Index.ets:105","","6.0.2(22)","declare type BuilderCallback = (...args: Args) => void"
"declare type BuilderCallback = (...args: Args) => void","新增API","harmonyos_api_changes/HarmonyOS_6.0.2(22).json","declare","","const type = event.type;","ArkTS","ohos_library\src\main\ets\components\SideBar.ets:159","declare type BuilderCallback = (...args: Args) => void@ohos_library\src\main\ets\components\SideBar.ets:159","","6.0.2(22)","declare type BuilderCallback = (...args: Args) => void"
"declare type BusinessError<T> = import('../api/@ohos.base').BusinessError<T>","新增API","harmonyos_api_changes/HarmonyOS_6.0.0(20)_Beta1.json","declare","","if (item.type === ITEM_TYPE_HEADER) {","ArkTS","entry\src\main\ets\pages\Index.ets:105","declare type BusinessError<T> = import('../api/@ohos.base').BusinessError<T>@entry\src\main\ets\pages\Index.ets:105","","6.0.0(20)","declare type BusinessError<T> = import('../api/@ohos.base').BusinessError<T>"
"declare type BusinessError<T> = import('../api/@ohos.base').BusinessError<T>","新增API","harmonyos_api_changes/HarmonyOS_6.0.0(20)_Beta1.json","declare","","const type = event.type;","ArkTS","ohos_library\src\main\ets\components\SideBar.ets:159","declare type BusinessError<T> = import('../api/@ohos.base').BusinessError<T>@ohos_library\src\main\ets\components\SideBar.ets:159","","6.0.0(20)","declare type BusinessError<T> = import('../api/@ohos.base').BusinessError<T>"
"declare type CommonModifier = import('../api/arkui/CommonModifier').CommonModifier","新增API","harmonyos_api_changes/HarmonyOS_5.0.3(15)_Beta2.json","declare","","if (item.type === ITEM_TYPE_HEADER) {","ArkTS","entry\src\main\ets\pages\Index.ets:105","declare type CommonModifier = import('../api/arkui/CommonModifier').CommonModifier@entry\src\main\ets\pages\Index.ets:105","","5.0.3(15)","declare type CommonModifier = import('../api/arkui/CommonModifier').CommonModifier"
"declare type CommonModifier = import('../api/arkui/CommonModifier').CommonModifier","新增API","harmonyos_api_changes/HarmonyOS_5.0.3(15)_Beta2.json","declare","","const type = event.type;","ArkTS","ohos_library\src\main\ets\components\SideBar.ets:159","declare type CommonModifier = import('../api/arkui/CommonModifier').CommonModifier@ohos_library\src\main\ets\components\SideBar.ets:159","","5.0.3(15)","declare type CommonModifier = import('../api/arkui/CommonModifier').CommonModifier"
"declare type ContentWillScrollCallback = (result: SwiperContentWillScrollResult) => boolean","新增API","harmonyos_api_changes/HarmonyOS_5.0.3(15)_Beta1.json","declare","","if (item.type === ITEM_TYPE_HEADER) {","ArkTS","entry\src\main\ets\pages\Index.ets:105","declare type ContentWillScrollCallback = (result: SwiperContentWillScrollResult) => boolean@entry\src\main\ets\pages\Index.ets:105","","5.0.3(15)","declare type ContentWillScrollCallback = (result: SwiperContentWillScrollResult) => boolean"
"declare type ContentWillScrollCallback = (result: SwiperContentWillScrollResult) => boolean","新增API","harmonyos_api_changes/HarmonyOS_5.0.3(15)_Beta1.json","declare","","const type = event.type;","ArkTS","ohos_library\src\main\ets\components\SideBar.ets:159","declare type ContentWillScrollCallback = (result: SwiperContentWillScrollResult) => boolean@ohos_library\src\main\ets\components\SideBar.ets:159","","5.0.3(15)","declare type ContentWillScrollCallback = (result: SwiperContentWillScrollResult) => boolean"
"declare type CustomBuilderT<T> = (t: T) => void","新增API","harmonyos_api_changes/HarmonyOS_6.1.0(23)_Beta1.json","declare","","if (item.type === ITEM_TYPE_HEADER) {","ArkTS","entry\src\main\ets\pages\Index.ets:105","declare type CustomBuilderT<T> = (t: T) => void@entry\src\main\ets\pages\Index.ets:105","","6.1.0(23)","declare type CustomBuilderT<T> = (t: T) => void"
"declare type CustomBuilderT<T> = (t: T) => void","新增API","harmonyos_api_changes/HarmonyOS_6.1.0(23)_Beta1.json","declare","","const type = event.type;","ArkTS","ohos_library\src\main\ets\components\SideBar.ets:159","declare type CustomBuilderT<T> = (t: T) => void@ohos_library\src\main\ets\components\SideBar.ets:159","","6.1.0(23)","declare type CustomBuilderT<T> = (t: T) => void"
"declare type CustomBuilderWithId = (id: number) => void","新增API","harmonyos_api_changes/HarmonyOS_5.1.0(18).json","declare","","if (item.type === ITEM_TYPE_HEADER) {","ArkTS","entry\src\main\ets\pages\Index.ets:105","declare type CustomBuilderWithId = (id: number) => void@entry\src\main\ets\pages\Index.ets:105","","5.1.0(18)","declare type CustomBuilderWithId = (id: number) => void"
"declare type CustomBuilderWithId = (id: number) => void","新增API","harmonyos_api_changes/HarmonyOS_5.1.0(18).json","declare","","const type = event.type;","ArkTS","ohos_library\src\main\ets\components\SideBar.ets:159","declare type CustomBuilderWithId = (id: number) => void@ohos_library\src\main\ets\components\SideBar.ets:159","","5.1.0(18)","declare type CustomBuilderWithId = (id: number) => void"
"declare type DataLoadParams = import('../api/@ohos.data.unifiedDataChannel').default.DataLoadParams","新增API","harmonyos_api_changes/HarmonyOS_6.0.0(20)_Beta2.json","declare","","if (item.type === ITEM_TYPE_HEADER) {","ArkTS","entry\src\main\ets\pages\Index.ets:105","declare type DataLoadParams = import('../api/@ohos.data.unifiedDataChannel').default.DataLoadParams@entry\src\main\ets\pages\Index.ets:105","","6.0.0(20)","declare type DataLoadParams = import('../api/@ohos.data.unifiedDataChannel').default.DataLoadParams"
"declare type DataLoadParams = import('../api/@ohos.data.unifiedDataChannel').default.DataLoadParams","新增API","harmonyos_api_changes/HarmonyOS_6.0.0(20)_Beta2.json","declare","","const type = event.type;","ArkTS","ohos_library\src\main\ets\components\SideBar.ets:159","declare type DataLoadParams = import('../api/@ohos.data.unifiedDataChannel').default.DataLoadParams@ohos_library\src\main\ets\components\SideBar.ets:159","","6.0.0(20)","declare type DataLoadParams = import('../api/@ohos.data.unifiedDataChannel').default.DataLoadParams"
"declare type DataSyncOptions = import('../api/@ohos.data.unifiedDataChannel').default.GetDataParams","新增API","harmonyos_api_changes/HarmonyOS_5.0.3(15)_Beta2.json","declare","","if (item.type === ITEM_TYPE_HEADER) {","ArkTS","entry\src\main\ets\pages\Index.ets:105","declare type DataSyncOptions = import('../api/@ohos.data.unifiedDataChannel').default.GetDataParams@entry\src\main\ets\pages\Index.ets:105","","5.0.3(15)","declare type DataSyncOptions = import('../api/@ohos.data.unifiedDataChannel').default.GetDataParams"
"declare type DataSyncOptions = import('../api/@ohos.data.unifiedDataChannel').default.GetDataParams","新增API","harmonyos_api_changes/HarmonyOS_5.0.3(15)_Beta2.json","declare","","const type = event.type;","ArkTS","ohos_library\src\main\ets\components\SideBar.ets:159","declare type DataSyncOptions = import('../api/@ohos.data.unifiedDataChannel').default.GetDataParams@ohos_library\src\main\ets\components\SideBar.ets:159","","5.0.3(15)","declare type DataSyncOptions = import('../api/@ohos.data.unifiedDataChannel').default.GetDataParams"
"declare type DidScrollCallback = (yOffset: number) => void","新增API","harmonyos_api_changes/HarmonyOS_6.1.0(23)_Beta1.json","declare","","if (item.type === ITEM_TYPE_HEADER) {","ArkTS","entry\src\main\ets\pages\Index.ets:105","declare type DidScrollCallback = (yOffset: number) => void@entry\src\main\ets\pages\Index.ets:105","","6.1.0(23)","declare type DidScrollCallback = (yOffset: number) => void"
"declare type DidScrollCallback = (yOffset: number) => void","新增API","harmonyos_api_changes/HarmonyOS_6.1.0(23)_Beta1.json","declare","","const type = event.type;","ArkTS","ohos_library\src\main\ets\components\SideBar.ets:159","declare type DidScrollCallback = (yOffset: number) => void@ohos_library\src\main\ets\components\SideBar.ets:159","","6.1.0(23)","declare type DidScrollCallback = (yOffset: number) => void"
"declare type DragSpringLoadingConfiguration = import('../api/@ohos.arkui.dragController').default.DragSpringLoadingConfiguration","新增API","harmonyos_api_changes/HarmonyOS_6.0.0(20)_Beta2.json","declare","","if (item.type === ITEM_TYPE_HEADER) {","ArkTS","entry\src\main\ets\pages\Index.ets:105","declare type DragSpringLoadingConfiguration = import('../api/@ohos.arkui.dragController').default.DragSpringLoadingConfiguration@entry\src\main\ets\pages\Index.ets:105","","6.0.0(20)","declare type DragSpringLoadingConfiguration = import('../api/@ohos.arkui.dragController').default.DragSpringLoadingConfiguration"
"declare type DragSpringLoadingConfiguration = import('../api/@ohos.arkui.dragController').default.DragSpringLoadingConfiguration","新增API","harmonyos_api_changes/HarmonyOS_6.0.0(20)_Beta2.json","declare","","const type = event.type;","ArkTS","ohos_library\src\main\ets\components\SideBar.ets:159","declare type DragSpringLoadingConfiguration = import('../api/@ohos.arkui.dragController').default.DragSpringLoadingConfiguration@ohos_library\src\main\ets\components\SideBar.ets:159","","6.0.0(20)","declare type DragSpringLoadingConfiguration = import('../api/@ohos.arkui.dragController').default.DragSpringLoadingConfiguration"
"declare type DrawableDescriptor = import('../api/@ohos.arkui.drawableDescriptor').DrawableDescriptor","新增API","harmonyos_api_changes/HarmonyOS_6.0.2(22).json","declare","","if (item.type === ITEM_TYPE_HEADER) {","ArkTS","entry\src\main\ets\pages\Index.ets:105","declare type DrawableDescriptor = import('../api/@ohos.arkui.drawableDescriptor').DrawableDescriptor@entry\src\main\ets\pages\Index.ets:105","","6.0.2(22)","declare type DrawableDescriptor = import('../api/@ohos.arkui.drawableDescriptor').DrawableDescriptor"
"declare type DrawableDescriptor = import('../api/@ohos.arkui.drawableDescriptor').DrawableDescriptor","新增API","harmonyos_api_changes/HarmonyOS_6.0.2(22).json","declare","","const type = event.type;","ArkTS","ohos_library\src\main\ets\components\SideBar.ets:159","declare type DrawableDescriptor = import('../api/@ohos.arkui.drawableDescriptor').DrawableDescriptor@ohos_library\src\main\ets\components\SideBar.ets:159","","6.0.2(22)","declare type DrawableDescriptor = import('../api/@ohos.arkui.drawableDescriptor').DrawableDescriptor"
"declare type EditableTextOnChangeCallback = (value: string, previewText?: PreviewText) => void","自定义类型变更","harmonyos_api_changes/HarmonyOS_5.0.3(15)_Beta2.json","declare","","if (item.type === ITEM_TYPE_HEADER) {","ArkTS","entry\src\main\ets\pages\Index.ets:105","declare type EditableTextOnChangeCallback = (value: string, previewText?: PreviewText) => void@entry\src\main\ets\pages\Index.ets:105","","5.0.3(15)","declare type EditableTextOnChangeCallback = (value: string, previewText?: PreviewText) => void"
"declare type EditableTextOnChangeCallback = (value: string, previewText?: PreviewText) => void","自定义类型变更","harmonyos_api_changes/HarmonyOS_5.0.3(15)_Beta2.json","declare","","const type = event.type;","ArkTS","ohos_library\src\main\ets\components\SideBar.ets:159","declare type EditableTextOnChangeCallback = (value: string, previewText?: PreviewText) => void@ohos_library\src\main\ets\components\SideBar.ets:159","","5.0.3(15)","declare type EditableTextOnChangeCallback = (value: string, previewText?: PreviewText) => void"
"declare type EnvDecorator = (value: SystemProperties) => PropertyDecorator","新增API","harmonyos_api_changes/HarmonyOS_6.0.2(22).json","declare","","if (item.type === ITEM_TYPE_HEADER) {","ArkTS","entry\src\main\ets\pages\Index.ets:105","declare type EnvDecorator = (value: SystemProperties) => PropertyDecorator@entry\src\main\ets\pages\Index.ets:105","","6.0.2(22)","declare type EnvDecorator = (value: SystemProperties) => PropertyDecorator"
"declare type EnvDecorator = (value: SystemProperties) => PropertyDecorator","新增API","harmonyos_api_changes/HarmonyOS_6.0.2(22).json","declare","","const type = event.type;","ArkTS","ohos_library\src\main\ets\components\SideBar.ets:159","declare type EnvDecorator = (value: SystemProperties) => PropertyDecorator@ohos_library\src\main\ets\components\SideBar.ets:159","","6.0.2(22)","declare type EnvDecorator = (value: SystemProperties) => PropertyDecorator"
"declare type FinishAnimationHandler = () => void","新增API","harmonyos_api_changes/HarmonyOS_5.1.0(18).json","declare","","if (item.type === ITEM_TYPE_HEADER) {","ArkTS","entry\src\main\ets\pages\Index.ets:105","declare type FinishAnimationHandler = () => void@entry\src\main\ets\pages\Index.ets:105","","5.1.0(18)","declare type FinishAnimationHandler = () => void"
"declare type FinishAnimationHandler = () => void","新增API","harmonyos_api_changes/HarmonyOS_5.1.0(18).json","declare","","const type = event.type;","ArkTS","ohos_library\src\main\ets\components\SideBar.ets:159","declare type FinishAnimationHandler = () => void@ohos_library\src\main\ets\components\SideBar.ets:159","","5.1.0(18)","declare type FinishAnimationHandler = () => void"
"declare type FontVariation = import('../api/@ohos.graphics.text').default.FontVariation","新增API","harmonyos_api_changes/HarmonyOS_26.0.0_Beta1.json","declare","","if (item.type === ITEM_TYPE_HEADER) {","ArkTS","entry\src\main\ets\pages\Index.ets:105","declare type FontVariation = import('../api/@ohos.graphics.text').default.FontVariation@entry\src\main\ets\pages\Index.ets:105","","26.0.0 Beta2","declare type FontVariation = import('../api/@ohos.graphics.text').default.FontVariation"
"declare type FontVariation = import('../api/@ohos.graphics.text').default.FontVariation","新增API","harmonyos_api_changes/HarmonyOS_26.0.0_Beta1.json","declare","","const type = event.type;","ArkTS","ohos_library\src\main\ets\components\SideBar.ets:159","declare type FontVariation = import('../api/@ohos.graphics.text').default.FontVariation@ohos_library\src\main\ets\components\SideBar.ets:159","","26.0.0 Beta2","declare type FontVariation = import('../api/@ohos.graphics.text').default.FontVariation"
"declare type FrameNode = import('../api/arkui/FrameNode').FrameNode","新增API","harmonyos_api_changes/HarmonyOS_5.0.1(13)_Beta3.json","declare","","if (item.type === ITEM_TYPE_HEADER) {","ArkTS","entry\src\main\ets\pages\Index.ets:105","declare type FrameNode = import('../api/arkui/FrameNode').FrameNode@entry\src\main\ets\pages\Index.ets:105","","5.0.1(13)","declare type FrameNode = import('../api/arkui/FrameNode').FrameNode"
"declare type FrameNode = import('../api/arkui/FrameNode').FrameNode","新增API","harmonyos_api_changes/HarmonyOS_5.0.1(13)_Beta3.json","declare","","const type = event.type;","ArkTS","ohos_library\src\main\ets\components\SideBar.ets:159","declare type FrameNode = import('../api/arkui/FrameNode').FrameNode@ohos_library\src\main\ets\components\SideBar.ets:159","","5.0.1(13)","declare type FrameNode = import('../api/arkui/FrameNode').FrameNode"
"declare type GestureCollectInterceptCallback = (recognizers: Array<GestureRecognizer>, touchRecognizers?: Array<TouchRecognizer>) => GestureCollectIntervention","新增API","harmonyos_api_changes/HarmonyOS_26.0.0_Beta1.json","declare","","if (item.type === ITEM_TYPE_HEADER) {","ArkTS","entry\src\main\ets\pages\Index.ets:105","declare type GestureCollectInterceptCallback = (recognizers: Array<GestureRecognizer>, touchRecognizers?: Array<TouchRecognizer>) => GestureCollectIntervention@entry\src\main\ets\pages\Index.ets:105","","26.0.0 Beta2","declare type GestureCollectInterceptCallback = (recognizers: Array<GestureRecognizer>, touchRecognizers?: Array<TouchRecognizer>) => GestureCollectIntervention"
"declare type GestureCollectInterceptCallback = (recognizers: Array<GestureRecognizer>, touchRecognizers?: Array<TouchRecognizer>) => GestureCollectIntervention","新增API","harmonyos_api_changes/HarmonyOS_26.0.0_Beta1.json","declare","","const type = event.type;","ArkTS","ohos_library\src\main\ets\components\SideBar.ets:159","declare type GestureCollectInterceptCallback = (recognizers: Array<GestureRecognizer>, touchRecognizers?: Array<TouchRecognizer>) => GestureCollectIntervention@ohos_library\src\main\ets\components\SideBar.ets:159","","26.0.0 Beta2","declare type GestureCollectInterceptCallback = (recognizers: Array<GestureRecognizer>, touchRecognizers?: Array<TouchRecognizer>) => GestureCollectIntervention"
"declare type GestureRecognizerJudgeBeginCallback = (event: BaseGestureEvent, current: GestureRecognizer, recognizers: Array<GestureRecognizer>) => GestureJudgeResult","自定义类型变更","harmonyos_api_changes/HarmonyOS_6.0.0(20)_Beta2.json","declare","","if (item.type === ITEM_TYPE_HEADER) {","ArkTS","entry\src\main\ets\pages\Index.ets:105","declare type GestureRecognizerJudgeBeginCallback = (event: BaseGestureEvent, current: GestureRecognizer, recognizers: Array<GestureRecognizer>) => GestureJudgeResult@entry\src\main\ets\pages\Index.ets:105","","6.0.0(20)","declare type GestureRecognizerJudgeBeginCallback = (event: BaseGestureEvent, current: GestureRecognizer, recognizers: Array<GestureRecognizer>) => GestureJudgeResult"
"declare type GestureRecognizerJudgeBeginCallback = (event: BaseGestureEvent, current: GestureRecognizer, recognizers: Array<GestureRecognizer>) => GestureJudgeResult","自定义类型变更","harmonyos_api_changes/HarmonyOS_6.0.0(20)_Beta2.json","declare","","const type = event.type;","ArkTS","ohos_library\src\main\ets\components\SideBar.ets:159","declare type GestureRecognizerJudgeBeginCallback = (event: BaseGestureEvent, current: GestureRecognizer, recognizers: Array<GestureRecognizer>) => GestureJudgeResult@ohos_library\src\main\ets\components\SideBar.ets:159","","6.0.0(20)","declare type GestureRecognizerJudgeBeginCallback = (event: BaseGestureEvent, current: GestureRecognizer, recognizers: Array<GestureRecognizer>) => GestureJudgeResult"
"declare type GestureSwipeHandler = (index: number, event: SwiperAnimationEvent) => void","新增API","harmonyos_api_changes/HarmonyOS_5.1.0(18).json","declare","","if (item.type === ITEM_TYPE_HEADER) {","ArkTS","entry\src\main\ets\pages\Index.ets:105","declare type GestureSwipeHandler = (index: number, event: SwiperAnimationEvent) => void@entry\src\main\ets\pages\Index.ets:105","","5.1.0(18)","declare type GestureSwipeHandler = (index: number, event: SwiperAnimationEvent) => void"
"declare type GestureSwipeHandler = (index: number, event: SwiperAnimationEvent) => void","新增API","harmonyos_api_changes/HarmonyOS_5.1.0(18).json","declare","","const type = event.type;","ArkTS","ohos_library\src\main\ets\components\SideBar.ets:159","declare type GestureSwipeHandler = (index: number, event: SwiperAnimationEvent) => void@ohos_library\src\main\ets\components\SideBar.ets:159","","5.1.0(18)","declare type GestureSwipeHandler = (index: number, event: SwiperAnimationEvent) => void"
"declare type HdsListItemCardInterface = (options: HdsListItemCardOptions) => HdsListItemCardAttribute","新增API","harmonyos_api_changes/HarmonyOS_6.0.0(20)_Beta1.json","declare","","if (item.type === ITEM_TYPE_HEADER) {","ArkTS","entry\src\main\ets\pages\Index.ets:105","declare type HdsListItemCardInterface = (options: HdsListItemCardOptions) => HdsListItemCardAttribute@entry\src\main\ets\pages\Index.ets:105","","6.0.0(20)","declare type HdsListItemCardInterface = (options: HdsListItemCardOptions) => HdsListItemCardAttribute"
"declare type HdsListItemCardInterface = (options: HdsListItemCardOptions) => HdsListItemCardAttribute","新增API","harmonyos_api_changes/HarmonyOS_6.0.0(20)_Beta1.json","declare","","const type = event.type;","ArkTS","ohos_library\src\main\ets\components\SideBar.ets:159","declare type HdsListItemCardInterface = (options: HdsListItemCardOptions) => HdsListItemCardAttribute@ohos_library\src\main\ets\components\SideBar.ets:159","","6.0.0(20)","declare type HdsListItemCardInterface = (options: HdsListItemCardOptions) => HdsListItemCardAttribute"
"declare type HdsSceneFinishCallback = () => void","新增API","harmonyos_api_changes/HarmonyOS_6.0.0(20)_Beta1.json","declare","","if (item.type === ITEM_TYPE_HEADER) {","ArkTS","entry\src\main\ets\pages\Index.ets:105","declare type HdsSceneFinishCallback = () => void@entry\src\main\ets\pages\Index.ets:105","","6.0.0(20)","declare type HdsSceneFinishCallback = () => void"
"declare type HdsSceneFinishCallback = () => void","新增API","harmonyos_api_changes/HarmonyOS_6.0.0(20)_Beta1.json","declare","","const type = event.type;","ArkTS","ohos_library\src\main\ets\components\SideBar.ets:159","declare type HdsSceneFinishCallback = () => void@ohos_library\src\main\ets\components\SideBar.ets:159","","6.0.0(20)","declare type HdsSceneFinishCallback = () => void"
"declare type HdsTabsInterface = (options?: HdsTabsOptions) => HdsTabsAttribute","新增API","harmonyos_api_changes/HarmonyOS_6.0.0(20)_Beta1.json","declare","","if (item.type === ITEM_TYPE_HEADER) {","ArkTS","entry\src\main\ets\pages\Index.ets:105","declare type HdsTabsInterface = (options?: HdsTabsOptions) => HdsTabsAttribute@entry\src\main\ets\pages\Index.ets:105","","6.0.0(20)","declare type HdsTabsInterface = (options?: HdsTabsOptions) => HdsTabsAttribute"
"declare type HdsTabsInterface = (options?: HdsTabsOptions) => HdsTabsAttribute","新增API","harmonyos_api_changes/HarmonyOS_6.0.0(20)_Beta1.json","declare","","const type = event.type;","ArkTS","ohos_library\src\main\ets\components\SideBar.ets:159","declare type HdsTabsInterface = (options?: HdsTabsOptions) => HdsTabsAttribute@ohos_library\src\main\ets\components\SideBar.ets:159","","6.0.0(20)","declare type HdsTabsInterface = (options?: HdsTabsOptions) => HdsTabsAttribute"
"declare type HdsVisualComponentInterface = () => HdsVisualComponentAttribute","新增API","harmonyos_api_changes/HarmonyOS_6.0.0(20)_Beta1.json","declare","","if (item.type === ITEM_TYPE_HEADER) {","ArkTS","entry\src\main\ets\pages\Index.ets:105","declare type HdsVisualComponentInterface = () => HdsVisualComponentAttribute@entry\src\main\ets\pages\Index.ets:105","","6.0.0(20)","declare type HdsVisualComponentInterface = () => HdsVisualComponentAttribute"
"declare type HdsVisualComponentInterface = () => HdsVisualComponentAttribute","新增API","harmonyos_api_changes/HarmonyOS_6.0.0(20)_Beta1.json","declare","","const type = event.type;","ArkTS","ohos_library\src\main\ets\components\SideBar.ets:159","declare type HdsVisualComponentInterface = () => HdsVisualComponentAttribute@ohos_library\src\main\ets\components\SideBar.ets:159","","6.0.0(20)","declare type HdsVisualComponentInterface = () => HdsVisualComponentAttribute"
"declare type ImageMatrix = import('../api/@ohos.matrix4').default.Matrix4Transit","新增API","harmonyos_api_changes/HarmonyOS_5.0.3(15)_Beta2.json","declare","","if (item.type === ITEM_TYPE_HEADER) {","ArkTS","entry\src\main\ets\pages\Index.ets:105","declare type ImageMatrix = import('../api/@ohos.matrix4').default.Matrix4Transit@entry\src\main\ets\pages\Index.ets:105","","5.0.3(15)","declare type ImageMatrix = import('../api/@ohos.matrix4').default.Matrix4Transit"
"declare type ImageMatrix = import('../api/@ohos.matrix4').default.Matrix4Transit","新增API","harmonyos_api_changes/HarmonyOS_5.0.3(15)_Beta2.json","declare","","const type = event.type;","ArkTS","ohos_library\src\main\ets\components\SideBar.ets:159","declare type ImageMatrix = import('../api/@ohos.matrix4').default.Matrix4Transit@ohos_library\src\main\ets\components\SideBar.ets:159","","5.0.3(15)","declare type ImageMatrix = import('../api/@ohos.matrix4').default.Matrix4Transit"
"declare type ImmersiveMode = import('../api/@ohos.promptAction').ImmersiveMode","新增API","harmonyos_api_changes/HarmonyOS_5.0.3(15)_Beta2.json","declare","","if (item.type === ITEM_TYPE_HEADER) {","ArkTS","entry\src\main\ets\pages\Index.ets:105","declare type ImmersiveMode = import('../api/@ohos.promptAction').ImmersiveMode@entry\src\main\ets\pages\Index.ets:105","","5.0.3(15)","declare type ImmersiveMode = import('../api/@ohos.promptAction').ImmersiveMode"
"declare type ImmersiveMode = import('../api/@ohos.promptAction').ImmersiveMode","新增API","harmonyos_api_changes/HarmonyOS_5.0.3(15)_Beta2.json","declare","","const type = event.type;","ArkTS","ohos_library\src\main\ets\components\SideBar.ets:159","declare type ImmersiveMode = import('../api/@ohos.promptAction').ImmersiveMode@ohos_library\src\main\ets\components\SideBar.ets:159","","5.0.3(15)","declare type ImmersiveMode = import('../api/@ohos.promptAction').ImmersiveMode"
"declare type IndexChangedHandler = (index: number) => void","新增API","harmonyos_api_changes/HarmonyOS_5.1.0(18).json","declare","","if (item.type === ITEM_TYPE_HEADER) {","ArkTS","entry\src\main\ets\pages\Index.ets:105","declare type IndexChangedHandler = (index: number) => void@entry\src\main\ets\pages\Index.ets:105","","5.1.0(18)","declare type IndexChangedHandler = (index: number) => void"
"declare type IndexChangedHandler = (index: number) => void","新增API","harmonyos_api_changes/HarmonyOS_5.1.0(18).json","declare","","const type = event.type;","ArkTS","ohos_library\src\main\ets\components\SideBar.ets:159","declare type IndexChangedHandler = (index: number) => void@ohos_library\src\main\ets\components\SideBar.ets:159","","5.1.0(18)","declare type IndexChangedHandler = (index: number) => void"
"declare type InitCallback = () => void","新增API","harmonyos_api_changes/HarmonyOS_5.1.0(18).json","declare","","if (item.type === ITEM_TYPE_HEADER) {","ArkTS","entry\src\main\ets\pages\Index.ets:105","declare type InitCallback = () => void@entry\src\main\ets\pages\Index.ets:105","","5.1.0(18)","declare type InitCallback = () => void"
"declare type InitCallback = () => void","新增API","harmonyos_api_changes/HarmonyOS_5.1.0(18).json","declare","","const type = event.type;","ArkTS","ohos_library\src\main\ets\components\SideBar.ets:159","declare type InitCallback = () => void@ohos_library\src\main\ets\components\SideBar.ets:159","","5.1.0(18)","declare type InitCallback = () => void"
"declare type InputEventListener = (event: RawInputEventWrapper) => InputEventInterceptResult","新增API","harmonyos_api_changes/HarmonyOS_26.0.0_Beta1.json","declare","","if (item.type === ITEM_TYPE_HEADER) {","ArkTS","entry\src\main\ets\pages\Index.ets:105","declare type InputEventListener = (event: RawInputEventWrapper) => InputEventInterceptResult@entry\src\main\ets\pages\Index.ets:105","","26.0.0 Beta2","declare type InputEventListener = (event: RawInputEventWrapper) => InputEventInterceptResult"
"declare type InputEventListener = (event: RawInputEventWrapper) => InputEventInterceptResult","新增API","harmonyos_api_changes/HarmonyOS_26.0.0_Beta1.json","declare","","const type = event.type;","ArkTS","ohos_library\src\main\ets\components\SideBar.ets:159","declare type InputEventListener = (event: RawInputEventWrapper) => InputEventInterceptResult@ohos_library\src\main\ets\components\SideBar.ets:159","","26.0.0 Beta2","declare type InputEventListener = (event: RawInputEventWrapper) => InputEventInterceptResult"
"declare type InputMethodExtraConfig = import('../api/@ohos.inputMethod.ExtraConfig').InputMethodExtraConfig","新增API","harmonyos_api_changes/HarmonyOS_6.0.2(22).json","declare","","if (item.type === ITEM_TYPE_HEADER) {","ArkTS","entry\src\main\ets\pages\Index.ets:105","declare type InputMethodExtraConfig = import('../api/@ohos.inputMethod.ExtraConfig').InputMethodExtraConfig@entry\src\main\ets\pages\Index.ets:105","","6.0.2(22)","declare type InputMethodExtraConfig = import('../api/@ohos.inputMethod.ExtraConfig').InputMethodExtraConfig"
"declare type InputMethodExtraConfig = import('../api/@ohos.inputMethod.ExtraConfig').InputMethodExtraConfig","新增API","harmonyos_api_changes/HarmonyOS_6.0.2(22).json","declare","","const type = event.type;","ArkTS","ohos_library\src\main\ets\components\SideBar.ets:159","declare type InputMethodExtraConfig = import('../api/@ohos.inputMethod.ExtraConfig').InputMethodExtraConfig@ohos_library\src\main\ets\components\SideBar.ets:159","","6.0.2(22)","declare type InputMethodExtraConfig = import('../api/@ohos.inputMethod.ExtraConfig').InputMethodExtraConfig"
"declare type InterceptionCallback = (from: NavPathInfo | NavBar, to: NavPathInfo | NavBar, pathStack: NavPathStack, operation: NavigationOperation, isAnimated: boolean) => void","新增API","harmonyos_api_changes/HarmonyOS_6.0.2(22).json","declare","","if (item.type === ITEM_TYPE_HEADER) {","ArkTS","entry\src\main\ets\pages\Index.ets:105","declare type InterceptionCallback = (from: NavPathInfo | NavBar, to: NavPathInfo | NavBar, pathStack: NavPathStack, operation: NavigationOperation, isAnimated: boolean) => void@entry\src\main\ets\pages\Index.ets:105","","6.0.2(22)","declare type InterceptionCallback = (from: NavPathInfo | NavBar, to: NavPathInfo | NavBar, pathStack: NavPathStack, operation: NavigationOperation, isAnimated: boolean) => void"
"declare type InterceptionCallback = (from: NavPathInfo | NavBar, to: NavPathInfo | NavBar, pathStack: NavPathStack, operation: NavigationOperation, isAnimated: boolean) => void","新增API","harmonyos_api_changes/HarmonyOS_6.0.2(22).json","declare","","const type = event.type;","ArkTS","ohos_library\src\main\ets\components\SideBar.ets:159","declare type InterceptionCallback = (from: NavPathInfo | NavBar, to: NavPathInfo | NavBar, pathStack: NavPathStack, operation: NavigationOperation, isAnimated: boolean) => void@ohos_library\src\main\ets\components\SideBar.ets:159","","6.0.2(22)","declare type InterceptionCallback = (from: NavPathInfo | NavBar, to: NavPathInfo | NavBar, pathStack: NavPathStack, operation: NavigationOperation, isAnimated: boolean) => void"
"declare type LevelMode = import('../api/@ohos.promptAction').LevelMode","新增API","harmonyos_api_changes/HarmonyOS_5.0.3(15)_Beta2.json","declare","","if (item.type === ITEM_TYPE_HEADER) {","ArkTS","entry\src\main\ets\pages\Index.ets:105","declare type LevelMode = import('../api/@ohos.promptAction').LevelMode@entry\src\main\ets\pages\Index.ets:105","","5.0.3(15)","declare type LevelMode = import('../api/@ohos.promptAction').LevelMode"
"declare type LevelMode = import('../api/@ohos.promptAction').LevelMode","新增API","harmonyos_api_changes/HarmonyOS_5.0.3(15)_Beta2.json","declare","","const type = event.type;","ArkTS","ohos_library\src\main\ets\components\SideBar.ets:159","declare type LevelMode = import('../api/@ohos.promptAction').LevelMode@ohos_library\src\main\ets\components\SideBar.ets:159","","5.0.3(15)","declare type LevelMode = import('../api/@ohos.promptAction').LevelMode"
"declare type LevelOrder = import('../api/@ohos.promptAction').LevelOrder","新增API","harmonyos_api_changes/HarmonyOS_5.1.0(18).json","declare","","if (item.type === ITEM_TYPE_HEADER) {","ArkTS","entry\src\main\ets\pages\Index.ets:105","declare type LevelOrder = import('../api/@ohos.promptAction').LevelOrder@entry\src\main\ets\pages\Index.ets:105","","5.1.0(18)","declare type LevelOrder = import('../api/@ohos.promptAction').LevelOrder"
"declare type LevelOrder = import('../api/@ohos.promptAction').LevelOrder","新增API","harmonyos_api_changes/HarmonyOS_5.1.0(18).json","declare","","const type = event.type;","ArkTS","ohos_library\src\main\ets\components\SideBar.ets:159","declare type LevelOrder = import('../api/@ohos.promptAction').LevelOrder@ohos_library\src\main\ets\components\SideBar.ets:159","","5.1.0(18)","declare type LevelOrder = import('../api/@ohos.promptAction').LevelOrder"
"declare type Material = import('../api/@ohos.arkui.uiMaterial').default.Material","新增API","harmonyos_api_changes/HarmonyOS_26.0.0_Beta2.json","declare","","if (item.type === ITEM_TYPE_HEADER) {","ArkTS","entry\src\main\ets\pages\Index.ets:105","declare type Material = import('../api/@ohos.arkui.uiMaterial').default.Material@entry\src\main\ets\pages\Index.ets:105","","26.0.0 Beta2","declare type Material = import('../api/@ohos.arkui.uiMaterial').default.Material"
"declare type Material = import('../api/@ohos.arkui.uiMaterial').default.Material","新增API","harmonyos_api_changes/HarmonyOS_26.0.0_Beta2.json","declare","","const type = event.type;","ArkTS","ohos_library\src\main\ets\components\SideBar.ets:159","declare type Material = import('../api/@ohos.arkui.uiMaterial').default.Material@ohos_library\src\main\ets\components\SideBar.ets:159","","26.0.0 Beta2","declare type Material = import('../api/@ohos.arkui.uiMaterial').default.Material"
"declare type Matrix4Transit = import('../api/@ohos.matrix4').default.Matrix4Transit","新增API","harmonyos_api_changes/HarmonyOS_6.0.0(20)_Beta2.json","declare","","if (item.type === ITEM_TYPE_HEADER) {","ArkTS","entry\src\main\ets\pages\Index.ets:105","declare type Matrix4Transit = import('../api/@ohos.matrix4').default.Matrix4Transit@entry\src\main\ets\pages\Index.ets:105","","6.0.0(20)","declare type Matrix4Transit = import('../api/@ohos.matrix4').default.Matrix4Transit"
"declare type Matrix4Transit = import('../api/@ohos.matrix4').default.Matrix4Transit","新增API","harmonyos_api_changes/HarmonyOS_6.0.0(20)_Beta2.json","declare","","const type = event.type;","ArkTS","ohos_library\src\main\ets\components\SideBar.ets:159","declare type Matrix4Transit = import('../api/@ohos.matrix4').default.Matrix4Transit@ohos_library\src\main\ets\components\SideBar.ets:159","","6.0.0(20)","declare type Matrix4Transit = import('../api/@ohos.matrix4').default.Matrix4Transit"
"declare type MenuCallback = (start: number, end: number) => void","新增API","harmonyos_api_changes/HarmonyOS_5.0.3(15)_Beta2.json","declare","","if (item.type === ITEM_TYPE_HEADER) {","ArkTS","entry\src\main\ets\pages\Index.ets:105","declare type MenuCallback = (start: number, end: number) => void@entry\src\main\ets\pages\Index.ets:105","","5.0.3(15)","declare type MenuCallback = (start: number, end: number) => void"
"declare type MenuCallback = (start: number, end: number) => void","新增API","harmonyos_api_changes/HarmonyOS_5.0.3(15)_Beta2.json","declare","","const type = event.type;","ArkTS","ohos_library\src\main\ets\components\SideBar.ets:159","declare type MenuCallback = (start: number, end: number) => void@ohos_library\src\main\ets\components\SideBar.ets:159","","5.0.3(15)","declare type MenuCallback = (start: number, end: number) => void"
"declare type MonitorDecorator = (value: string, ...args: string\[\]) => MethodDecorator","API卡片权限变更","harmonyos_api_changes/HarmonyOS_6.1.0(23)_Beta1.json","declare","","if (item.type === ITEM_TYPE_HEADER) {","ArkTS","entry\src\main\ets\pages\Index.ets:105","declare type MonitorDecorator = (value: string, ...args: string\[\]) => MethodDecorator@entry\src\main\ets\pages\Index.ets:105","","6.1.0(23)","declare type MonitorDecorator = (value: string, ...args: string\[\]) => MethodDecorator"
"declare type MonitorDecorator = (value: string, ...args: string\[\]) => MethodDecorator","API卡片权限变更","harmonyos_api_changes/HarmonyOS_6.1.0(23)_Beta1.json","declare","","const type = event.type;","ArkTS","ohos_library\src\main\ets\components\SideBar.ets:159","declare type MonitorDecorator = (value: string, ...args: string\[\]) => MethodDecorator@ohos_library\src\main\ets\components\SideBar.ets:159","","6.1.0(23)","declare type MonitorDecorator = (value: string, ...args: string\[\]) => MethodDecorator"
"declare type NavDestinationBuildFunction = (name: string, param?: object) => void","新增API","harmonyos_api_changes/HarmonyOS_5.0.2(14).json","declare","","if (item.type === ITEM_TYPE_HEADER) {","ArkTS","entry\src\main\ets\pages\Index.ets:105","declare type NavDestinationBuildFunction = (name: string, param?: object) => void@entry\src\main\ets\pages\Index.ets:105","","5.0.2(14)","declare type NavDestinationBuildFunction = (name: string, param?: object) => void"
"declare type NavDestinationBuildFunction = (name: string, param?: object) => void","新增API","harmonyos_api_changes/HarmonyOS_5.0.2(14).json","declare","","const type = event.type;","ArkTS","ohos_library\src\main\ets\components\SideBar.ets:159","declare type NavDestinationBuildFunction = (name: string, param?: object) => void@ohos_library\src\main\ets\components\SideBar.ets:159","","5.0.2(14)","declare type NavDestinationBuildFunction = (name: string, param?: object) => void"
"declare type NavDestinationTransitionDelegate = (operation: NavigationOperation, isEnter: boolean) => Array<NavDestinationTransition> | undefined","新增API","harmonyos_api_changes/HarmonyOS_5.0.3(15)_Beta2.json","declare","","if (item.type === ITEM_TYPE_HEADER) {","ArkTS","entry\src\main\ets\pages\Index.ets:105","declare type NavDestinationTransitionDelegate = (operation: NavigationOperation, isEnter: boolean) => Array<NavDestinationTransition> | undefined@entry\src\main\ets\pages\Index.ets:105","","5.0.3(15)","declare type NavDestinationTransitionDelegate = (operation: NavigationOperation, isEnter: boolean) => Array<NavDestinationTransition> | undefined"
"declare type NavDestinationTransitionDelegate = (operation: NavigationOperation, isEnter: boolean) => Array<NavDestinationTransition> | undefined","新增API","harmonyos_api_changes/HarmonyOS_5.0.3(15)_Beta2.json","declare","","const type = event.type;","ArkTS","ohos_library\src\main\ets\components\SideBar.ets:159","declare type NavDestinationTransitionDelegate = (operation: NavigationOperation, isEnter: boolean) => Array<NavDestinationTransition> | undefined@ohos_library\src\main\ets\components\SideBar.ets:159","","5.0.3(15)","declare type NavDestinationTransitionDelegate = (operation: NavigationOperation, isEnter: boolean) => Array<NavDestinationTransition> | undefined"
"declare type NodeRenderStateChangeCallback = (state: NodeRenderState, node?: FrameNode) => void","新增API","harmonyos_api_changes/HarmonyOS_6.0.0(20)_Beta1.json","declare","","if (item.type === ITEM_TYPE_HEADER) {","ArkTS","entry\src\main\ets\pages\Index.ets:105","declare type NodeRenderStateChangeCallback = (state: NodeRenderState, node?: FrameNode) => void@entry\src\main\ets\pages\Index.ets:105","","6.0.0(20)","declare type NodeRenderStateChangeCallback = (state: NodeRenderState, node?: FrameNode) => void"
"declare type NodeRenderStateChangeCallback = (state: NodeRenderState, node?: FrameNode) => void","新增API","harmonyos_api_changes/HarmonyOS_6.0.0(20)_Beta1.json","declare","","const type = event.type;","ArkTS","ohos_library\src\main\ets\components\SideBar.ets:159","declare type NodeRenderStateChangeCallback = (state: NodeRenderState, node?: FrameNode) => void@ohos_library\src\main\ets\components\SideBar.ets:159","","6.0.0(20)","declare type NodeRenderStateChangeCallback = (state: NodeRenderState, node?: FrameNode) => void"
"declare type OnActionCallback = () => void","新增API","harmonyos_api_changes/HarmonyOS_26.0.0_Beta2.json","declare","","if (item.type === ITEM_TYPE_HEADER) {","ArkTS","entry\src\main\ets\pages\Index.ets:105","declare type OnActionCallback = () => void@entry\src\main\ets\pages\Index.ets:105","","26.0.0 Beta2","declare type OnActionCallback = () => void"
"declare type OnActionCallback = () => void","新增API","harmonyos_api_changes/HarmonyOS_26.0.0_Beta2.json","declare","","const type = event.type;","ArkTS","ohos_library\src\main\ets\components\SideBar.ets:159","declare type OnActionCallback = () => void@ohos_library\src\main\ets\components\SideBar.ets:159","","26.0.0 Beta2","declare type OnActionCallback = () => void"
"declare type OnActionTextClickCallback = () => void","新增API","harmonyos_api_changes/HarmonyOS_26.0.0_Beta2.json","declare","","if (item.type === ITEM_TYPE_HEADER) {","ArkTS","entry\src\main\ets\pages\Index.ets:105","declare type OnActionTextClickCallback = () => void@entry\src\main\ets\pages\Index.ets:105","","26.0.0 Beta2","declare type OnActionTextClickCallback = () => void"
"declare type OnActionTextClickCallback = () => void","新增API","harmonyos_api_changes/HarmonyOS_26.0.0_Beta2.json","declare","","const type = event.type;","ArkTS","ohos_library\src\main\ets\components\SideBar.ets:159","declare type OnActionTextClickCallback = () => void@ohos_library\src\main\ets\components\SideBar.ets:159","","26.0.0 Beta2","declare type OnActionTextClickCallback = () => void"
"declare type OnAlphabetIndexerPopupSelectCallback = (index: number) => void","新增API","harmonyos_api_changes/HarmonyOS_5.1.0(18).json","declare","","if (item.type === ITEM_TYPE_HEADER) {","ArkTS","entry\src\main\ets\pages\Index.ets:105","declare type OnAlphabetIndexerPopupSelectCallback = (index: number) => void@entry\src\main\ets\pages\Index.ets:105","","5.1.0(18)","declare type OnAlphabetIndexerPopupSelectCallback = (index: number) => void"
"declare type OnAlphabetIndexerPopupSelectCallback = (index: number) => void","新增API","harmonyos_api_changes/HarmonyOS_5.1.0(18).json","declare","","const type = event.type;","ArkTS","ohos_library\src\main\ets\components\SideBar.ets:159","declare type OnAlphabetIndexerPopupSelectCallback = (index: number) => void@ohos_library\src\main\ets\components\SideBar.ets:159","","5.1.0(18)","declare type OnAlphabetIndexerPopupSelectCallback = (index: number) => void"
"declare type OnAlphabetIndexerRequestPopupDataCallback = (index: number) => Array<string>","新增API","harmonyos_api_changes/HarmonyOS_5.1.0(18).json","declare","","if (item.type === ITEM_TYPE_HEADER) {","ArkTS","entry\src\main\ets\pages\Index.ets:105","declare type OnAlphabetIndexerRequestPopupDataCallback = (index: number) => Array<string>@entry\src\main\ets\pages\Index.ets:105","","5.1.0(18)","declare type OnAlphabetIndexerRequestPopupDataCallback = (index: number) => Array<string>"
"declare type OnAlphabetIndexerRequestPopupDataCallback = (index: number) => Array<string>","新增API","harmonyos_api_changes/HarmonyOS_5.1.0(18).json","declare","","const type = event.type;","ArkTS","ohos_library\src\main\ets\components\SideBar.ets:159","declare type OnAlphabetIndexerRequestPopupDataCallback = (index: number) => Array<string>@ohos_library\src\main\ets\components\SideBar.ets:159","","5.1.0(18)","declare type OnAlphabetIndexerRequestPopupDataCallback = (index: number) => Array<string>"
"declare type OnAlphabetIndexerSelectCallback = (index: number) => void","新增API","harmonyos_api_changes/HarmonyOS_5.1.0(18).json","declare","","if (item.type === ITEM_TYPE_HEADER) {","ArkTS","entry\src\main\ets\pages\Index.ets:105","declare type OnAlphabetIndexerSelectCallback = (index: number) => void@entry\src\main\ets\pages\Index.ets:105","","5.1.0(18)","declare type OnAlphabetIndexerSelectCallback = (index: number) => void"
"declare type OnAlphabetIndexerSelectCallback = (index: number) => void","新增API","harmonyos_api_changes/HarmonyOS_5.1.0(18).json","declare","","const type = event.type;","ArkTS","ohos_library\src\main\ets\components\SideBar.ets:159","declare type OnAlphabetIndexerSelectCallback = (index: number) => void@ohos_library\src\main\ets\components\SideBar.ets:159","","5.1.0(18)","declare type OnAlphabetIndexerSelectCallback = (index: number) => void"
"declare type OnChangeCallback = (value: boolean) => void","新增API","harmonyos_api_changes/HarmonyOS_26.0.0_Beta2.json","declare","","if (item.type === ITEM_TYPE_HEADER) {","ArkTS","entry\src\main\ets\pages\Index.ets:105","declare type OnChangeCallback = (value: boolean) => void@entry\src\main\ets\pages\Index.ets:105","","26.0.0 Beta2","declare type OnChangeCallback = (value: boolean) => void"
"declare type OnChangeCallback = (value: boolean) => void","新增API","harmonyos_api_changes/HarmonyOS_26.0.0_Beta2.json","declare","","const type = event.type;","ArkTS","ohos_library\src\main\ets\components\SideBar.ets:159","declare type OnChangeCallback = (value: boolean) => void@ohos_library\src\main\ets\components\SideBar.ets:159","","26.0.0 Beta2","declare type OnChangeCallback = (value: boolean) => void"
"declare type OnChangedCallback = (callbackParam: CallbackParamV2) => void","新增API","harmonyos_api_changes/HarmonyOS_26.0.0_Beta2.json","declare","","if (item.type === ITEM_TYPE_HEADER) {","ArkTS","entry\src\main\ets\pages\Index.ets:105","declare type OnChangedCallback = (callbackParam: CallbackParamV2) => void@entry\src\main\ets\pages\Index.ets:105","","26.0.0 Beta2","declare type OnChangedCallback = (callbackParam: CallbackParamV2) => void"
"declare type OnChangedCallback = (callbackParam: CallbackParamV2) => void","新增API","harmonyos_api_changes/HarmonyOS_26.0.0_Beta2.json","declare","","const type = event.type;","ArkTS","ohos_library\src\main\ets\components\SideBar.ets:159","declare type OnChangedCallback = (callbackParam: CallbackParamV2) => void@ohos_library\src\main\ets\components\SideBar.ets:159","","26.0.0 Beta2","declare type OnChangedCallback = (callbackParam: CallbackParamV2) => void"
"declare type OnCheckboxChangeCallback = (value: boolean) => void","新增API","harmonyos_api_changes/HarmonyOS_5.1.0(18).json","declare","","if (item.type === ITEM_TYPE_HEADER) {","ArkTS","entry\src\main\ets\pages\Index.ets:105","declare type OnCheckboxChangeCallback = (value: boolean) => void@entry\src\main\ets\pages\Index.ets:105","","5.1.0(18)","declare type OnCheckboxChangeCallback = (value: boolean) => void"
"declare type OnCheckboxChangeCallback = (value: boolean) => void","新增API","harmonyos_api_changes/HarmonyOS_5.1.0(18).json","declare","","const type = event.type;","ArkTS","ohos_library\src\main\ets\components\SideBar.ets:159","declare type OnCheckboxChangeCallback = (value: boolean) => void@ohos_library\src\main\ets\components\SideBar.ets:159","","5.1.0(18)","declare type OnCheckboxChangeCallback = (value: boolean) => void"
"declare type OnCheckboxGroupChangeCallback = (value: CheckboxGroupResult) => void","新增API","harmonyos_api_changes/HarmonyOS_5.1.0(18).json","declare","","if (item.type === ITEM_TYPE_HEADER) {","ArkTS","entry\src\main\ets\pages\Index.ets:105","declare type OnCheckboxGroupChangeCallback = (value: CheckboxGroupResult) => void@entry\src\main\ets\pages\Index.ets:105","","5.1.0(18)","declare type OnCheckboxGroupChangeCallback = (value: CheckboxGroupResult) => void"
"declare type OnCheckboxGroupChangeCallback = (value: CheckboxGroupResult) => void","新增API","harmonyos_api_changes/HarmonyOS_5.1.0(18).json","declare","","const type = event.type;","ArkTS","ohos_library\src\main\ets\components\SideBar.ets:159","declare type OnCheckboxGroupChangeCallback = (value: CheckboxGroupResult) => void@ohos_library\src\main\ets\components\SideBar.ets:159","","5.1.0(18)","declare type OnCheckboxGroupChangeCallback = (value: CheckboxGroupResult) => void"
"declare type OnContainerCallback = () => void","新增API","harmonyos_api_changes/HarmonyOS_26.0.0_Beta2.json","declare","","if (item.type === ITEM_TYPE_HEADER) {","ArkTS","entry\src\main\ets\pages\Index.ets:105","declare type OnContainerCallback = () => void@entry\src\main\ets\pages\Index.ets:105","","26.0.0 Beta2","declare type OnContainerCallback = () => void"
"declare type OnContainerCallback = () => void","新增API","harmonyos_api_changes/HarmonyOS_26.0.0_Beta2.json","declare","","const type = event.type;","ArkTS","ohos_library\src\main\ets\components\SideBar.ets:159","declare type OnContainerCallback = () => void@ohos_library\src\main\ets\components\SideBar.ets:159","","26.0.0 Beta2","declare type OnContainerCallback = () => void"
"declare type OnContentScrollCallback = (totalOffsetX: number, totalOffsetY: number) => void","新增API","harmonyos_api_changes/HarmonyOS_5.1.0(18).json","declare","","if (item.type === ITEM_TYPE_HEADER) {","ArkTS","entry\src\main\ets\pages\Index.ets:105","declare type OnContentScrollCallback = (totalOffsetX: number, totalOffsetY: number) => void@entry\src\main\ets\pages\Index.ets:105","","5.1.0(18)","declare type OnContentScrollCallback = (totalOffsetX: number, totalOffsetY: number) => void"
"declare type OnContentScrollCallback = (totalOffsetX: number, totalOffsetY: number) => void","新增API","harmonyos_api_changes/HarmonyOS_5.1.0(18).json","declare","","const type = event.type;","ArkTS","ohos_library\src\main\ets\components\SideBar.ets:159","declare type OnContentScrollCallback = (totalOffsetX: number, totalOffsetY: number) => void@ohos_library\src\main\ets\components\SideBar.ets:159","","5.1.0(18)","declare type OnContentScrollCallback = (totalOffsetX: number, totalOffsetY: number) => void"
"declare type OnDidStopDraggingCallback = (willFling: boolean) => void","新增API","harmonyos_api_changes/HarmonyOS_6.0.1(21)_Beta1.json","declare","","if (item.type === ITEM_TYPE_HEADER) {","ArkTS","entry\src\main\ets\pages\Index.ets:105","declare type OnDidStopDraggingCallback = (willFling: boolean) => void@entry\src\main\ets\pages\Index.ets:105","","6.0.1(21)","declare type OnDidStopDraggingCallback = (willFling: boolean) => void"
"declare type OnDidStopDraggingCallback = (willFling: boolean) => void","新增API","harmonyos_api_changes/HarmonyOS_6.0.1(21)_Beta1.json","declare","","const type = event.type;","ArkTS","ohos_library\src\main\ets\components\SideBar.ets:159","declare type OnDidStopDraggingCallback = (willFling: boolean) => void@ohos_library\src\main\ets\components\SideBar.ets:159","","6.0.1(21)","declare type OnDidStopDraggingCallback = (willFling: boolean) => void"
"declare type OnDragEventCallback = (event: DragEvent, extraParams?: string) => void","新增API","harmonyos_api_changes/HarmonyOS_5.0.3(15)_Beta2.json","declare","","if (item.type === ITEM_TYPE_HEADER) {","ArkTS","entry\src\main\ets\pages\Index.ets:105","declare type OnDragEventCallback = (event: DragEvent, extraParams?: string) => void@entry\src\main\ets\pages\Index.ets:105","","5.0.3(15)","declare type OnDragEventCallback = (event: DragEvent, extraParams?: string) => void"
"declare type OnDragEventCallback = (event: DragEvent, extraParams?: string) => void","新增API","harmonyos_api_changes/HarmonyOS_5.0.3(15)_Beta2.json","declare","","const type = event.type;","ArkTS","ohos_library\src\main\ets\components\SideBar.ets:159","declare type OnDragEventCallback = (event: DragEvent, extraParams?: string) => void@ohos_library\src\main\ets\components\SideBar.ets:159","","5.0.3(15)","declare type OnDragEventCallback = (event: DragEvent, extraParams?: string) => void"
"declare type OnFoldStatusChangeCallback = (event: OnFoldStatusChangeInfo) => void","新增API","harmonyos_api_changes/HarmonyOS_5.1.0(18).json","declare","","if (item.type === ITEM_TYPE_HEADER) {","ArkTS","entry\src\main\ets\pages\Index.ets:105","declare type OnFoldStatusChangeCallback = (event: OnFoldStatusChangeInfo) => void@entry\src\main\ets\pages\Index.ets:105","","5.1.0(18)","declare type OnFoldStatusChangeCallback = (event: OnFoldStatusChangeInfo) => void"
"declare type OnFoldStatusChangeCallback = (event: OnFoldStatusChangeInfo) => void","新增API","harmonyos_api_changes/HarmonyOS_5.1.0(18).json","declare","","const type = event.type;","ArkTS","ohos_library\src\main\ets\components\SideBar.ets:159","declare type OnFoldStatusChangeCallback = (event: OnFoldStatusChangeInfo) => void@ohos_library\src\main\ets\components\SideBar.ets:159","","5.1.0(18)","declare type OnFoldStatusChangeCallback = (event: OnFoldStatusChangeInfo) => void"
"declare type OnGetPreviewBadgeCallback = () => boolean | number","新增API","harmonyos_api_changes/HarmonyOS_6.1.0(23)_Beta1.json","declare","","if (item.type === ITEM_TYPE_HEADER) {","ArkTS","entry\src\main\ets\pages\Index.ets:105","declare type OnGetPreviewBadgeCallback = () => boolean | number@entry\src\main\ets\pages\Index.ets:105","","6.1.0(23)","declare type OnGetPreviewBadgeCallback = () => boolean | number"
"declare type OnGetPreviewBadgeCallback = () => boolean | number","新增API","harmonyos_api_changes/HarmonyOS_6.1.0(23)_Beta1.json","declare","","const type = event.type;","ArkTS","ohos_library\src\main\ets\components\SideBar.ets:159","declare type OnGetPreviewBadgeCallback = () => boolean | number@ohos_library\src\main\ets\components\SideBar.ets:159","","6.1.0(23)","declare type OnGetPreviewBadgeCallback = () => boolean | number"
"declare type OnGridScrollIndexCallback = (first: number, last: number) => void","新增API","harmonyos_api_changes/HarmonyOS_5.1.1(19)_Beta1.json","declare","","if (item.type === ITEM_TYPE_HEADER) {","ArkTS","entry\src\main\ets\pages\Index.ets:105","declare type OnGridScrollIndexCallback = (first: number, last: number) => void@entry\src\main\ets\pages\Index.ets:105","","5.1.1(19)","declare type OnGridScrollIndexCallback = (first: number, last: number) => void"
"declare type OnGridScrollIndexCallback = (first: number, last: number) => void","新增API","harmonyos_api_changes/HarmonyOS_5.1.1(19)_Beta1.json","declare","","const type = event.type;","ArkTS","ohos_library\src\main\ets\components\SideBar.ets:159","declare type OnGridScrollIndexCallback = (first: number, last: number) => void@ohos_library\src\main\ets\components\SideBar.ets:159","","5.1.1(19)","declare type OnGridScrollIndexCallback = (first: number, last: number) => void"
"declare type OnHomeShowOnTopCallback = (name: string) => void","新增API","harmonyos_api_changes/HarmonyOS_5.0.2(14).json","declare","","if (item.type === ITEM_TYPE_HEADER) {","ArkTS","entry\src\main\ets\pages\Index.ets:105","declare type OnHomeShowOnTopCallback = (name: string) => void@entry\src\main\ets\pages\Index.ets:105","","5.0.2(14)","declare type OnHomeShowOnTopCallback = (name: string) => void"
"declare type OnHomeShowOnTopCallback = (name: string) => void","新增API","harmonyos_api_changes/HarmonyOS_5.0.2(14).json","declare","","const type = event.type;","ArkTS","ohos_library\src\main\ets\components\SideBar.ets:159","declare type OnHomeShowOnTopCallback = (name: string) => void@ohos_library\src\main\ets\components\SideBar.ets:159","","5.0.2(14)","declare type OnHomeShowOnTopCallback = (name: string) => void"
"declare type OnHoverCallback = (status: boolean, event: HoverEvent) => void","新增API","harmonyos_api_changes/HarmonyOS_5.0.2(14).json","declare","","if (item.type === ITEM_TYPE_HEADER) {","ArkTS","entry\src\main\ets\pages\Index.ets:105","declare type OnHoverCallback = (status: boolean, event: HoverEvent) => void@entry\src\main\ets\pages\Index.ets:105","","5.0.2(14)","declare type OnHoverCallback = (status: boolean, event: HoverEvent) => void"
"declare type OnHoverCallback = (status: boolean, event: HoverEvent) => void","新增API","harmonyos_api_changes/HarmonyOS_5.0.2(14).json","declare","","const type = event.type;","ArkTS","ohos_library\src\main\ets\components\SideBar.ets:159","declare type OnHoverCallback = (status: boolean, event: HoverEvent) => void@ohos_library\src\main\ets\components\SideBar.ets:159","","5.0.2(14)","declare type OnHoverCallback = (status: boolean, event: HoverEvent) => void"
"declare type OnHoverStatusChangeCallback = (param: HoverEventParam) => void","新增API","harmonyos_api_changes/HarmonyOS_5.1.0(18).json","declare","","if (item.type === ITEM_TYPE_HEADER) {","ArkTS","entry\src\main\ets\pages\Index.ets:105","declare type OnHoverStatusChangeCallback = (param: HoverEventParam) => void@entry\src\main\ets\pages\Index.ets:105","","5.1.0(18)","declare type OnHoverStatusChangeCallback = (param: HoverEventParam) => void"
"declare type OnHoverStatusChangeCallback = (param: HoverEventParam) => void","新增API","harmonyos_api_changes/HarmonyOS_5.1.0(18).json","declare","","const type = event.type;","ArkTS","ohos_library\src\main\ets\components\SideBar.ets:159","declare type OnHoverStatusChangeCallback = (param: HoverEventParam) => void@ohos_library\src\main\ets\components\SideBar.ets:159","","5.1.0(18)","declare type OnHoverStatusChangeCallback = (param: HoverEventParam) => void"
"declare type OnItemDragStartCallback = (event: ItemDragInfo, itemIndex: number) => CustomBuilder","新增API","harmonyos_api_changes/HarmonyOS_6.1.0(23)_Beta1.json","declare","","if (item.type === ITEM_TYPE_HEADER) {","ArkTS","entry\src\main\ets\pages\Index.ets:105","declare type OnItemDragStartCallback = (event: ItemDragInfo, itemIndex: number) => CustomBuilder@entry\src\main\ets\pages\Index.ets:105","","6.1.0(23)","declare type OnItemDragStartCallback = (event: ItemDragInfo, itemIndex: number) => CustomBuilder"
"declare type OnItemDragStartCallback = (event: ItemDragInfo, itemIndex: number) => CustomBuilder","新增API","harmonyos_api_changes/HarmonyOS_6.1.0(23)_Beta1.json","declare","","const type = event.type;","ArkTS","ohos_library\src\main\ets\components\SideBar.ets:159","declare type OnItemDragStartCallback = (event: ItemDragInfo, itemIndex: number) => CustomBuilder@ohos_library\src\main\ets\components\SideBar.ets:159","","6.1.0(23)","declare type OnItemDragStartCallback = (event: ItemDragInfo, itemIndex: number) => CustomBuilder"
"declare type OnListScrollIndexCallback = (start: number, end: number, center: number) => void","新增API","harmonyos_api_changes/HarmonyOS_5.1.1(19)_Beta1.json","declare","","if (item.type === ITEM_TYPE_HEADER) {","ArkTS","entry\src\main\ets\pages\Index.ets:105","declare type OnListScrollIndexCallback = (start: number, end: number, center: number) => void@entry\src\main\ets\pages\Index.ets:105","","5.1.1(19)","declare type OnListScrollIndexCallback = (start: number, end: number, center: number) => void"
"declare type OnListScrollIndexCallback = (start: number, end: number, center: number) => void","新增API","harmonyos_api_changes/HarmonyOS_5.1.1(19)_Beta1.json","declare","","const type = event.type;","ArkTS","ohos_library\src\main\ets\components\SideBar.ets:159","declare type OnListScrollIndexCallback = (start: number, end: number, center: number) => void@ohos_library\src\main\ets\components\SideBar.ets:159","","5.1.1(19)","declare type OnListScrollIndexCallback = (start: number, end: number, center: number) => void"
"declare type OnNativeLoadCallback = (event?: object) => void","新增API","harmonyos_api_changes/HarmonyOS_5.1.0(18).json","declare","","if (item.type === ITEM_TYPE_HEADER) {","ArkTS","entry\src\main\ets\pages\Index.ets:105","declare type OnNativeLoadCallback = (event?: object) => void@entry\src\main\ets\pages\Index.ets:105","","5.1.0(18)","declare type OnNativeLoadCallback = (event?: object) => void"
"declare type OnNativeLoadCallback = (event?: object) => void","新增API","harmonyos_api_changes/HarmonyOS_5.1.0(18).json","declare","","const type = event.type;","ArkTS","ohos_library\src\main\ets\components\SideBar.ets:159","declare type OnNativeLoadCallback = (event?: object) => void@ohos_library\src\main\ets\components\SideBar.ets:159","","5.1.0(18)","declare type OnNativeLoadCallback = (event?: object) => void"
"declare type OnNavigationModeChangeCallback = (mode: NavigationMode) => void","新增API","harmonyos_api_changes/HarmonyOS_5.0.2(14).json","declare","","if (item.type === ITEM_TYPE_HEADER) {","ArkTS","entry\src\main\ets\pages\Index.ets:105","declare type OnNavigationModeChangeCallback = (mode: NavigationMode) => void@entry\src\main\ets\pages\Index.ets:105","","5.0.2(14)","declare type OnNavigationModeChangeCallback = (mode: NavigationMode) => void"
"declare type OnNavigationModeChangeCallback = (mode: NavigationMode) => void","新增API","harmonyos_api_changes/HarmonyOS_5.0.2(14).json","declare","","const type = event.type;","ArkTS","ohos_library\src\main\ets\components\SideBar.ets:159","declare type OnNavigationModeChangeCallback = (mode: NavigationMode) => void@ohos_library\src\main\ets\components\SideBar.ets:159","","5.0.2(14)","declare type OnNavigationModeChangeCallback = (mode: NavigationMode) => void"
"declare type OnNeedSoftkeyboardCallback = () => boolean","新增API","harmonyos_api_changes/HarmonyOS_6.1.1(24)_Beta1.json","declare","","if (item.type === ITEM_TYPE_HEADER) {","ArkTS","entry\src\main\ets\pages\Index.ets:105","declare type OnNeedSoftkeyboardCallback = () => boolean@entry\src\main\ets\pages\Index.ets:105","","6.1.1(24)","declare type OnNeedSoftkeyboardCallback = () => boolean"
"declare type OnNeedSoftkeyboardCallback = () => boolean","新增API","harmonyos_api_changes/HarmonyOS_6.1.1(24)_Beta1.json","declare","","const type = event.type;","ArkTS","ohos_library\src\main\ets\components\SideBar.ets:159","declare type OnNeedSoftkeyboardCallback = () => boolean@ohos_library\src\main\ets\components\SideBar.ets:159","","6.1.1(24)","declare type OnNeedSoftkeyboardCallback = () => boolean"
"declare type OnPasteCallback = (content: string, event: PasteEvent) => void","新增API","harmonyos_api_changes/HarmonyOS_5.1.0(18).json","declare","","if (item.type === ITEM_TYPE_HEADER) {","ArkTS","entry\src\main\ets\pages\Index.ets:105","declare type OnPasteCallback = (content: string, event: PasteEvent) => void@entry\src\main\ets\pages\Index.ets:105","","5.1.0(18)","declare type OnPasteCallback = (content: string, event: PasteEvent) => void"
"declare type OnPasteCallback = (content: string, event: PasteEvent) => void","新增API","harmonyos_api_changes/HarmonyOS_5.1.0(18).json","declare","","const type = event.type;","ArkTS","ohos_library\src\main\ets\components\SideBar.ets:159","declare type OnPasteCallback = (content: string, event: PasteEvent) => void@ohos_library\src\main\ets\components\SideBar.ets:159","","5.1.0(18)","declare type OnPasteCallback = (content: string, event: PasteEvent) => void"
"declare type OnPasteCallback = (pasteValue: string, event: PasteEvent) => void","新增API","harmonyos_api_changes/HarmonyOS_5.1.0(18).json","declare","","if (item.type === ITEM_TYPE_HEADER) {","ArkTS","entry\src\main\ets\pages\Index.ets:105","declare type OnPasteCallback = (pasteValue: string, event: PasteEvent) => void@entry\src\main\ets\pages\Index.ets:105","","5.1.0(18)","declare type OnPasteCallback = (pasteValue: string, event: PasteEvent) => void"
"declare type OnPasteCallback = (pasteValue: string, event: PasteEvent) => void","新增API","harmonyos_api_changes/HarmonyOS_5.1.0(18).json","declare","","const type = event.type;","ArkTS","ohos_library\src\main\ets\components\SideBar.ets:159","declare type OnPasteCallback = (pasteValue: string, event: PasteEvent) => void@ohos_library\src\main\ets\components\SideBar.ets:159","","5.1.0(18)","declare type OnPasteCallback = (pasteValue: string, event: PasteEvent) => void"
"declare type OnRadioChangeCallback = (isChecked: boolean) => void","新增API","harmonyos_api_changes/HarmonyOS_5.1.0(18).json","declare","","if (item.type === ITEM_TYPE_HEADER) {","ArkTS","entry\src\main\ets\pages\Index.ets:105","declare type OnRadioChangeCallback = (isChecked: boolean) => void@entry\src\main\ets\pages\Index.ets:105","","5.1.0(18)","declare type OnRadioChangeCallback = (isChecked: boolean) => void"
"declare type OnRadioChangeCallback = (isChecked: boolean) => void","新增API","harmonyos_api_changes/HarmonyOS_5.1.0(18).json","declare","","const type = event.type;","ArkTS","ohos_library\src\main\ets\components\SideBar.ets:159","declare type OnRadioChangeCallback = (isChecked: boolean) => void@ohos_library\src\main\ets\components\SideBar.ets:159","","5.1.0(18)","declare type OnRadioChangeCallback = (isChecked: boolean) => void"
"declare type OnRatingChangeCallback = (rating: number) => void","新增API","harmonyos_api_changes/HarmonyOS_5.1.0(18).json","declare","","if (item.type === ITEM_TYPE_HEADER) {","ArkTS","entry\src\main\ets\pages\Index.ets:105","declare type OnRatingChangeCallback = (rating: number) => void@entry\src\main\ets\pages\Index.ets:105","","5.1.0(18)","declare type OnRatingChangeCallback = (rating: number) => void"
"declare type OnRatingChangeCallback = (rating: number) => void","新增API","harmonyos_api_changes/HarmonyOS_5.1.0(18).json","declare","","const type = event.type;","ArkTS","ohos_library\src\main\ets\components\SideBar.ets:159","declare type OnRatingChangeCallback = (rating: number) => void@ohos_library\src\main\ets\components\SideBar.ets:159","","5.1.0(18)","declare type OnRatingChangeCallback = (rating: number) => void"
"declare type OnScrollEdgeCallback = (side: Edge) => void","新增API","harmonyos_api_changes/HarmonyOS_5.1.0(18).json","declare","","if (item.type === ITEM_TYPE_HEADER) {","ArkTS","entry\src\main\ets\pages\Index.ets:105","declare type OnScrollEdgeCallback = (side: Edge) => void@entry\src\main\ets\pages\Index.ets:105","","5.1.0(18)","declare type OnScrollEdgeCallback = (side: Edge) => void"
"declare type OnScrollEdgeCallback = (side: Edge) => void","新增API","harmonyos_api_changes/HarmonyOS_5.1.0(18).json","declare","","const type = event.type;","ArkTS","ohos_library\src\main\ets\components\SideBar.ets:159","declare type OnScrollEdgeCallback = (side: Edge) => void@ohos_library\src\main\ets\components\SideBar.ets:159","","5.1.0(18)","declare type OnScrollEdgeCallback = (side: Edge) => void"
"declare type OnScrollFrameBeginCallback = (offset: number, state: ScrollState) => OnScrollFrameBeginHandlerResult","新增API","harmonyos_api_changes/HarmonyOS_5.1.0(18).json","declare","","if (item.type === ITEM_TYPE_HEADER) {","ArkTS","entry\src\main\ets\pages\Index.ets:105","declare type OnScrollFrameBeginCallback = (offset: number, state: ScrollState) => OnScrollFrameBeginHandlerResult@entry\src\main\ets\pages\Index.ets:105","","5.1.0(18)","declare type OnScrollFrameBeginCallback = (offset: number, state: ScrollState) => OnScrollFrameBeginHandlerResult"
"declare type OnScrollFrameBeginCallback = (offset: number, state: ScrollState) => OnScrollFrameBeginHandlerResult","新增API","harmonyos_api_changes/HarmonyOS_5.1.0(18).json","declare","","const type = event.type;","ArkTS","ohos_library\src\main\ets\components\SideBar.ets:159","declare type OnScrollFrameBeginCallback = (offset: number, state: ScrollState) => OnScrollFrameBeginHandlerResult@ohos_library\src\main\ets\components\SideBar.ets:159","","5.1.0(18)","declare type OnScrollFrameBeginCallback = (offset: number, state: ScrollState) => OnScrollFrameBeginHandlerResult"
"declare type OnSelectCallback = (index: number) => void","新增API","harmonyos_api_changes/HarmonyOS_5.1.0(18).json","declare","","if (item.type === ITEM_TYPE_HEADER) {","ArkTS","entry\src\main\ets\pages\Index.ets:105","declare type OnSelectCallback = (index: number) => void@entry\src\main\ets\pages\Index.ets:105","","5.1.0(18)","declare type OnSelectCallback = (index: number) => void"
"declare type OnSelectCallback = (index: number) => void","新增API","harmonyos_api_changes/HarmonyOS_5.1.0(18).json","declare","","const type = event.type;","ArkTS","ohos_library\src\main\ets\components\SideBar.ets:159","declare type OnSelectCallback = (index: number) => void@ohos_library\src\main\ets\components\SideBar.ets:159","","5.1.0(18)","declare type OnSelectCallback = (index: number) => void"
"declare type OnSelectCallback = (index: number, selectStr: string) => void","新增API","harmonyos_api_changes/HarmonyOS_5.1.0(18).json","declare","","if (item.type === ITEM_TYPE_HEADER) {","ArkTS","entry\src\main\ets\pages\Index.ets:105","declare type OnSelectCallback = (index: number, selectStr: string) => void@entry\src\main\ets\pages\Index.ets:105","","5.1.0(18)","declare type OnSelectCallback = (index: number, selectStr: string) => void"
"declare type OnSelectCallback = (index: number, selectStr: string) => void","新增API","harmonyos_api_changes/HarmonyOS_5.1.0(18).json","declare","","const type = event.type;","ArkTS","ohos_library\src\main\ets\components\SideBar.ets:159","declare type OnSelectCallback = (index: number, selectStr: string) => void@ohos_library\src\main\ets\components\SideBar.ets:159","","5.1.0(18)","declare type OnSelectCallback = (index: number, selectStr: string) => void"
"declare type OnSelectCallback = (index: number, selectValue: string) => void","新增API","harmonyos_api_changes/HarmonyOS_5.1.0(18).json","declare","","if (item.type === ITEM_TYPE_HEADER) {","ArkTS","entry\src\main\ets\pages\Index.ets:105","declare type OnSelectCallback = (index: number, selectValue: string) => void@entry\src\main\ets\pages\Index.ets:105","","5.1.0(18)","declare type OnSelectCallback = (index: number, selectValue: string) => void"
"declare type OnSelectCallback = (index: number, selectValue: string) => void","新增API","harmonyos_api_changes/HarmonyOS_5.1.0(18).json","declare","","const type = event.type;","ArkTS","ohos_library\src\main\ets\components\SideBar.ets:159","declare type OnSelectCallback = (index: number, selectValue: string) => void@ohos_library\src\main\ets\components\SideBar.ets:159","","5.1.0(18)","declare type OnSelectCallback = (index: number, selectValue: string) => void"
"declare type OnStateChangeCallback = (state: SwipeActionState) => void","新增API","harmonyos_api_changes/HarmonyOS_6.1.0(23)_Beta1.json","declare","","if (item.type === ITEM_TYPE_HEADER) {","ArkTS","entry\src\main\ets\pages\Index.ets:105","declare type OnStateChangeCallback = (state: SwipeActionState) => void@entry\src\main\ets\pages\Index.ets:105","","6.1.0(23)","declare type OnStateChangeCallback = (state: SwipeActionState) => void"
"declare type OnStateChangeCallback = (state: SwipeActionState) => void","新增API","harmonyos_api_changes/HarmonyOS_6.1.0(23)_Beta1.json","declare","","const type = event.type;","ArkTS","ohos_library\src\main\ets\components\SideBar.ets:159","declare type OnStateChangeCallback = (state: SwipeActionState) => void@ohos_library\src\main\ets\components\SideBar.ets:159","","6.1.0(23)","declare type OnStateChangeCallback = (state: SwipeActionState) => void"
"declare type OnSubmitCallback = (enterKey: EnterKeyType, event: SubmitEvent) => void","新增API","harmonyos_api_changes/HarmonyOS_5.1.0(18).json","declare","","if (item.type === ITEM_TYPE_HEADER) {","ArkTS","entry\src\main\ets\pages\Index.ets:105","declare type OnSubmitCallback = (enterKey: EnterKeyType, event: SubmitEvent) => void@entry\src\main\ets\pages\Index.ets:105","","5.1.0(18)","declare type OnSubmitCallback = (enterKey: EnterKeyType, event: SubmitEvent) => void"
"declare type OnSubmitCallback = (enterKey: EnterKeyType, event: SubmitEvent) => void","新增API","harmonyos_api_changes/HarmonyOS_5.1.0(18).json","declare","","const type = event.type;","ArkTS","ohos_library\src\main\ets\components\SideBar.ets:159","declare type OnSubmitCallback = (enterKey: EnterKeyType, event: SubmitEvent) => void@ohos_library\src\main\ets\components\SideBar.ets:159","","5.1.0(18)","declare type OnSubmitCallback = (enterKey: EnterKeyType, event: SubmitEvent) => void"
"declare type OnSwiperAnimationEndCallback = (index: number, extraInfo: SwiperAnimationEvent) => void","新增API","harmonyos_api_changes/HarmonyOS_5.1.0(18).json","declare","","if (item.type === ITEM_TYPE_HEADER) {","ArkTS","entry\src\main\ets\pages\Index.ets:105","declare type OnSwiperAnimationEndCallback = (index: number, extraInfo: SwiperAnimationEvent) => void@entry\src\main\ets\pages\Index.ets:105","","5.1.0(18)","declare type OnSwiperAnimationEndCallback = (index: number, extraInfo: SwiperAnimationEvent) => void"
"declare type OnSwiperAnimationEndCallback = (index: number, extraInfo: SwiperAnimationEvent) => void","新增API","harmonyos_api_changes/HarmonyOS_5.1.0(18).json","declare","","const type = event.type;","ArkTS","ohos_library\src\main\ets\components\SideBar.ets:159","declare type OnSwiperAnimationEndCallback = (index: number, extraInfo: SwiperAnimationEvent) => void@ohos_library\src\main\ets\components\SideBar.ets:159","","5.1.0(18)","declare type OnSwiperAnimationEndCallback = (index: number, extraInfo: SwiperAnimationEvent) => void"
"declare type OnSwiperAnimationStartCallback = (index: number, targetIndex: number, extraInfo: SwiperAnimationEvent) => void","新增API","harmonyos_api_changes/HarmonyOS_5.1.0(18).json","declare","","if (item.type === ITEM_TYPE_HEADER) {","ArkTS","entry\src\main\ets\pages\Index.ets:105","declare type OnSwiperAnimationStartCallback = (index: number, targetIndex: number, extraInfo: SwiperAnimationEvent) => void@entry\src\main\ets\pages\Index.ets:105","","5.1.0(18)","declare type OnSwiperAnimationStartCallback = (index: number, targetIndex: number, extraInfo: SwiperAnimationEvent) => void"
"declare type OnSwiperAnimationStartCallback = (index: number, targetIndex: number, extraInfo: SwiperAnimationEvent) => void","新增API","harmonyos_api_changes/HarmonyOS_5.1.0(18).json","declare","","const type = event.type;","ArkTS","ohos_library\src\main\ets\components\SideBar.ets:159","declare type OnSwiperAnimationStartCallback = (index: number, targetIndex: number, extraInfo: SwiperAnimationEvent) => void@ohos_library\src\main\ets\components\SideBar.ets:159","","5.1.0(18)","declare type OnSwiperAnimationStartCallback = (index: number, targetIndex: number, extraInfo: SwiperAnimationEvent) => void"
"declare type OnSwiperGestureSwipeCallback = (index: number, extraInfo: SwiperAnimationEvent) => void","新增API","harmonyos_api_changes/HarmonyOS_5.1.0(18).json","declare","","if (item.type === ITEM_TYPE_HEADER) {","ArkTS","entry\src\main\ets\pages\Index.ets:105","declare type OnSwiperGestureSwipeCallback = (index: number, extraInfo: SwiperAnimationEvent) => void@entry\src\main\ets\pages\Index.ets:105","","5.1.0(18)","declare type OnSwiperGestureSwipeCallback = (index: number, extraInfo: SwiperAnimationEvent) => void"
"declare type OnSwiperGestureSwipeCallback = (index: number, extraInfo: SwiperAnimationEvent) => void","新增API","harmonyos_api_changes/HarmonyOS_5.1.0(18).json","declare","","const type = event.type;","ArkTS","ohos_library\src\main\ets\components\SideBar.ets:159","declare type OnSwiperGestureSwipeCallback = (index: number, extraInfo: SwiperAnimationEvent) => void@ohos_library\src\main\ets\components\SideBar.ets:159","","5.1.0(18)","declare type OnSwiperGestureSwipeCallback = (index: number, extraInfo: SwiperAnimationEvent) => void"
"declare type OnTabsAnimationEndCallback = (index: number, extraInfo: TabsAnimationEvent) => void","新增API","harmonyos_api_changes/HarmonyOS_5.1.0(18).json","declare","","if (item.type === ITEM_TYPE_HEADER) {","ArkTS","entry\src\main\ets\pages\Index.ets:105","declare type OnTabsAnimationEndCallback = (index: number, extraInfo: TabsAnimationEvent) => void@entry\src\main\ets\pages\Index.ets:105","","5.1.0(18)","declare type OnTabsAnimationEndCallback = (index: number, extraInfo: TabsAnimationEvent) => void"
"declare type OnTabsAnimationEndCallback = (index: number, extraInfo: TabsAnimationEvent) => void","新增API","harmonyos_api_changes/HarmonyOS_5.1.0(18).json","declare","","const type = event.type;","ArkTS","ohos_library\src\main\ets\components\SideBar.ets:159","declare type OnTabsAnimationEndCallback = (index: number, extraInfo: TabsAnimationEvent) => void@ohos_library\src\main\ets\components\SideBar.ets:159","","5.1.0(18)","declare type OnTabsAnimationEndCallback = (index: number, extraInfo: TabsAnimationEvent) => void"
"declare type OnTabsAnimationStartCallback = (index: number, targetIndex: number, extraInfo: TabsAnimationEvent) => void","新增API","harmonyos_api_changes/HarmonyOS_5.1.0(18).json","declare","","if (item.type === ITEM_TYPE_HEADER) {","ArkTS","entry\src\main\ets\pages\Index.ets:105","declare type OnTabsAnimationStartCallback = (index: number, targetIndex: number, extraInfo: TabsAnimationEvent) => void@entry\src\main\ets\pages\Index.ets:105","","5.1.0(18)","declare type OnTabsAnimationStartCallback = (index: number, targetIndex: number, extraInfo: TabsAnimationEvent) => void"
"declare type OnTabsAnimationStartCallback = (index: number, targetIndex: number, extraInfo: TabsAnimationEvent) => void","新增API","harmonyos_api_changes/HarmonyOS_5.1.0(18).json","declare","","const type = event.type;","ArkTS","ohos_library\src\main\ets\components\SideBar.ets:159","declare type OnTabsAnimationStartCallback = (index: number, targetIndex: number, extraInfo: TabsAnimationEvent) => void@ohos_library\src\main\ets\components\SideBar.ets:159","","5.1.0(18)","declare type OnTabsAnimationStartCallback = (index: number, targetIndex: number, extraInfo: TabsAnimationEvent) => void"
"declare type OnTabsContentDidScrollCallback = (selectedIndex: number, index: number, position: number, mainAxisLength: number) => void","新增API","harmonyos_api_changes/HarmonyOS_6.1.0(23)_Beta1.json","declare","","if (item.type === ITEM_TYPE_HEADER) {","ArkTS","entry\src\main\ets\pages\Index.ets:105","declare type OnTabsContentDidScrollCallback = (selectedIndex: number, index: number, position: number, mainAxisLength: number) => void@entry\src\main\ets\pages\Index.ets:105","","6.1.0(23)","declare type OnTabsContentDidScrollCallback = (selectedIndex: number, index: number, position: number, mainAxisLength: number) => void"
"declare type OnTabsContentDidScrollCallback = (selectedIndex: number, index: number, position: number, mainAxisLength: number) => void","新增API","harmonyos_api_changes/HarmonyOS_6.1.0(23)_Beta1.json","declare","","const type = event.type;","ArkTS","ohos_library\src\main\ets\components\SideBar.ets:159","declare type OnTabsContentDidScrollCallback = (selectedIndex: number, index: number, position: number, mainAxisLength: number) => void@ohos_library\src\main\ets\components\SideBar.ets:159","","6.1.0(23)","declare type OnTabsContentDidScrollCallback = (selectedIndex: number, index: number, position: number, mainAxisLength: number) => void"
"declare type OnTabsContentWillChangeCallback = (currentIndex: number, comingIndex: number) => boolean","新增API","harmonyos_api_changes/HarmonyOS_5.1.0(18).json","declare","","if (item.type === ITEM_TYPE_HEADER) {","ArkTS","entry\src\main\ets\pages\Index.ets:105","declare type OnTabsContentWillChangeCallback = (currentIndex: number, comingIndex: number) => boolean@entry\src\main\ets\pages\Index.ets:105","","5.1.0(18)","declare type OnTabsContentWillChangeCallback = (currentIndex: number, comingIndex: number) => boolean"
"declare type OnTabsContentWillChangeCallback = (currentIndex: number, comingIndex: number) => boolean","新增API","harmonyos_api_changes/HarmonyOS_5.1.0(18).json","declare","","const type = event.type;","ArkTS","ohos_library\src\main\ets\components\SideBar.ets:159","declare type OnTabsContentWillChangeCallback = (currentIndex: number, comingIndex: number) => boolean@ohos_library\src\main\ets\components\SideBar.ets:159","","5.1.0(18)","declare type OnTabsContentWillChangeCallback = (currentIndex: number, comingIndex: number) => boolean"
"declare type OnTabsGestureSwipeCallback = (index: number, extraInfo: TabsAnimationEvent) => void","新增API","harmonyos_api_changes/HarmonyOS_5.1.0(18).json","declare","","if (item.type === ITEM_TYPE_HEADER) {","ArkTS","entry\src\main\ets\pages\Index.ets:105","declare type OnTabsGestureSwipeCallback = (index: number, extraInfo: TabsAnimationEvent) => void@entry\src\main\ets\pages\Index.ets:105","","5.1.0(18)","declare type OnTabsGestureSwipeCallback = (index: number, extraInfo: TabsAnimationEvent) => void"
"declare type OnTabsGestureSwipeCallback = (index: number, extraInfo: TabsAnimationEvent) => void","新增API","harmonyos_api_changes/HarmonyOS_5.1.0(18).json","declare","","const type = event.type;","ArkTS","ohos_library\src\main\ets\components\SideBar.ets:159","declare type OnTabsGestureSwipeCallback = (index: number, extraInfo: TabsAnimationEvent) => void@ohos_library\src\main\ets\components\SideBar.ets:159","","5.1.0(18)","declare type OnTabsGestureSwipeCallback = (index: number, extraInfo: TabsAnimationEvent) => void"
"declare type OnTextPickerChangeCallback = (selectItem: string | string\[\], index: number | number\[\]) => void","新增API","harmonyos_api_changes/HarmonyOS_5.1.0(18).json","declare","","if (item.type === ITEM_TYPE_HEADER) {","ArkTS","entry\src\main\ets\pages\Index.ets:105","declare type OnTextPickerChangeCallback = (selectItem: string | string\[\], index: number | number\[\]) => void@entry\src\main\ets\pages\Index.ets:105","","5.1.0(18)","declare type OnTextPickerChangeCallback = (selectItem: string | string\[\], index: number | number\[\]) => void"
"declare type OnTextPickerChangeCallback = (selectItem: string | string\[\], index: number | number\[\]) => void","新增API","harmonyos_api_changes/HarmonyOS_5.1.0(18).json","declare","","const type = event.type;","ArkTS","ohos_library\src\main\ets\components\SideBar.ets:159","declare type OnTextPickerChangeCallback = (selectItem: string | string\[\], index: number | number\[\]) => void@ohos_library\src\main\ets\components\SideBar.ets:159","","5.1.0(18)","declare type OnTextPickerChangeCallback = (selectItem: string | string\[\], index: number | number\[\]) => void"
"declare type OnTextSelectionChangeCallback = (selectionStart: number, selectionEnd: number) => void","新增API","harmonyos_api_changes/HarmonyOS_5.1.0(18).json","declare","","if (item.type === ITEM_TYPE_HEADER) {","ArkTS","entry\src\main\ets\pages\Index.ets:105","declare type OnTextSelectionChangeCallback = (selectionStart: number, selectionEnd: number) => void@entry\src\main\ets\pages\Index.ets:105","","5.1.0(18)","declare type OnTextSelectionChangeCallback = (selectionStart: number, selectionEnd: number) => void"
"declare type OnTextSelectionChangeCallback = (selectionStart: number, selectionEnd: number) => void","新增API","harmonyos_api_changes/HarmonyOS_5.1.0(18).json","declare","","const type = event.type;","ArkTS","ohos_library\src\main\ets\components\SideBar.ets:159","declare type OnTextSelectionChangeCallback = (selectionStart: number, selectionEnd: number) => void@ohos_library\src\main\ets\components\SideBar.ets:159","","5.1.0(18)","declare type OnTextSelectionChangeCallback = (selectionStart: number, selectionEnd: number) => void"
"declare type OnTimePickerChangeCallback = (result: TimePickerResult) => void","新增API","harmonyos_api_changes/HarmonyOS_5.1.0(18).json","declare","","if (item.type === ITEM_TYPE_HEADER) {","ArkTS","entry\src\main\ets\pages\Index.ets:105","declare type OnTimePickerChangeCallback = (result: TimePickerResult) => void@entry\src\main\ets\pages\Index.ets:105","","5.1.0(18)","declare type OnTimePickerChangeCallback = (result: TimePickerResult) => void"
"declare type OnTimePickerChangeCallback = (result: TimePickerResult) => void","新增API","harmonyos_api_changes/HarmonyOS_5.1.0(18).json","declare","","const type = event.type;","ArkTS","ohos_library\src\main\ets\components\SideBar.ets:159","declare type OnTimePickerChangeCallback = (result: TimePickerResult) => void@ohos_library\src\main\ets\components\SideBar.ets:159","","5.1.0(18)","declare type OnTimePickerChangeCallback = (result: TimePickerResult) => void"
"declare type OnTipClickCallback = () => void","新增API","harmonyos_api_changes/HarmonyOS_26.0.0_Beta2.json","declare","","if (item.type === ITEM_TYPE_HEADER) {","ArkTS","entry\src\main\ets\pages\Index.ets:105","declare type OnTipClickCallback = () => void@entry\src\main\ets\pages\Index.ets:105","","26.0.0 Beta2","declare type OnTipClickCallback = () => void"
"declare type OnTipClickCallback = () => void","新增API","harmonyos_api_changes/HarmonyOS_26.0.0_Beta2.json","declare","","const type = event.type;","ArkTS","ohos_library\src\main\ets\components\SideBar.ets:159","declare type OnTipClickCallback = () => void@ohos_library\src\main\ets\components\SideBar.ets:159","","26.0.0 Beta2","declare type OnTipClickCallback = () => void"
"declare type OnUIPickerComponentCallback = (selectedIndex: number) => void","新增API","harmonyos_api_changes/HarmonyOS_6.0.2(22).json","declare","","if (item.type === ITEM_TYPE_HEADER) {","ArkTS","entry\src\main\ets\pages\Index.ets:105","declare type OnUIPickerComponentCallback = (selectedIndex: number) => void@entry\src\main\ets\pages\Index.ets:105","","6.0.2(22)","declare type OnUIPickerComponentCallback = (selectedIndex: number) => void"
"declare type OnUIPickerComponentCallback = (selectedIndex: number) => void","新增API","harmonyos_api_changes/HarmonyOS_6.0.2(22).json","declare","","const type = event.type;","ArkTS","ohos_library\src\main\ets\components\SideBar.ets:159","declare type OnUIPickerComponentCallback = (selectedIndex: number) => void@ohos_library\src\main\ets\components\SideBar.ets:159","","6.0.2(22)","declare type OnUIPickerComponentCallback = (selectedIndex: number) => void"
"declare type OnVisibleIndexesChangeCallback = (start: number, end: number) => void","新增API","harmonyos_api_changes/HarmonyOS_26.0.0_Beta1.json","declare","","if (item.type === ITEM_TYPE_HEADER) {","ArkTS","entry\src\main\ets\pages\Index.ets:105","declare type OnVisibleIndexesChangeCallback = (start: number, end: number) => void@entry\src\main\ets\pages\Index.ets:105","","26.0.0 Beta2","declare type OnVisibleIndexesChangeCallback = (start: number, end: number) => void"
"declare type OnVisibleIndexesChangeCallback = (start: number, end: number) => void","新增API","harmonyos_api_changes/HarmonyOS_26.0.0_Beta1.json","declare","","const type = event.type;","ArkTS","ohos_library\src\main\ets\components\SideBar.ets:159","declare type OnVisibleIndexesChangeCallback = (start: number, end: number) => void@ohos_library\src\main\ets\components\SideBar.ets:159","","26.0.0 Beta2","declare type OnVisibleIndexesChangeCallback = (start: number, end: number) => void"
"declare type OnWaterFlowScrollIndexCallback = (first: number, last: number) => void","新增API","harmonyos_api_changes/HarmonyOS_5.1.1(19)_Beta1.json","declare","","if (item.type === ITEM_TYPE_HEADER) {","ArkTS","entry\src\main\ets\pages\Index.ets:105","declare type OnWaterFlowScrollIndexCallback = (first: number, last: number) => void@entry\src\main\ets\pages\Index.ets:105","","5.1.1(19)","declare type OnWaterFlowScrollIndexCallback = (first: number, last: number) => void"
"declare type OnWaterFlowScrollIndexCallback = (first: number, last: number) => void","新增API","harmonyos_api_changes/HarmonyOS_5.1.1(19)_Beta1.json","declare","","const type = event.type;","ArkTS","ohos_library\src\main\ets\components\SideBar.ets:159","declare type OnWaterFlowScrollIndexCallback = (first: number, last: number) => void@ohos_library\src\main\ets\components\SideBar.ets:159","","5.1.1(19)","declare type OnWaterFlowScrollIndexCallback = (first: number, last: number) => void"
"declare type OnWillStopDraggingCallback = (velocity: number) => void","新增API","harmonyos_api_changes/HarmonyOS_6.0.0(20)_Beta2.json","declare","","if (item.type === ITEM_TYPE_HEADER) {","ArkTS","entry\src\main\ets\pages\Index.ets:105","declare type OnWillStopDraggingCallback = (velocity: number) => void@entry\src\main\ets\pages\Index.ets:105","","6.0.0(20)","declare type OnWillStopDraggingCallback = (velocity: number) => void"
"declare type OnWillStopDraggingCallback = (velocity: number) => void","新增API","harmonyos_api_changes/HarmonyOS_6.0.0(20)_Beta2.json","declare","","const type = event.type;","ArkTS","ohos_library\src\main\ets\components\SideBar.ets:159","declare type OnWillStopDraggingCallback = (velocity: number) => void@ohos_library\src\main\ets\components\SideBar.ets:159","","6.0.0(20)","declare type OnWillStopDraggingCallback = (velocity: number) => void"
"declare type Orientation = import('../api/@ohos.window').default.Orientation","新增API","harmonyos_api_changes/HarmonyOS_5.1.1(19)_Beta1.json","declare","","if (item.type === ITEM_TYPE_HEADER) {","ArkTS","entry\src\main\ets\pages\Index.ets:105","declare type Orientation = import('../api/@ohos.window').default.Orientation@entry\src\main\ets\pages\Index.ets:105","","5.1.1(19)","declare type Orientation = import('../api/@ohos.window').default.Orientation"
"declare type Orientation = import('../api/@ohos.window').default.Orientation","新增API","harmonyos_api_changes/HarmonyOS_5.1.1(19)_Beta1.json","declare","","const type = event.type;","ArkTS","ohos_library\src\main\ets\components\SideBar.ets:159","declare type Orientation = import('../api/@ohos.window').default.Orientation@ohos_library\src\main\ets\components\SideBar.ets:159","","5.1.1(19)","declare type Orientation = import('../api/@ohos.window').default.Orientation"
"declare type PageTransitionCallback = (type: RouteType, progress: number) => void","新增API","harmonyos_api_changes/HarmonyOS_5.1.0(18).json","declare","","if (item.type === ITEM_TYPE_HEADER) {","ArkTS","entry\src\main\ets\pages\Index.ets:105","declare type PageTransitionCallback = (type: RouteType, progress: number) => void@entry\src\main\ets\pages\Index.ets:105","","5.1.0(18)","declare type PageTransitionCallback = (type: RouteType, progress: number) => void"
"declare type PageTransitionCallback = (type: RouteType, progress: number) => void","新增API","harmonyos_api_changes/HarmonyOS_5.1.0(18).json","declare","","const type = event.type;","ArkTS","ohos_library\src\main\ets\components\SideBar.ets:159","declare type PageTransitionCallback = (type: RouteType, progress: number) => void@ohos_library\src\main\ets\components\SideBar.ets:159","","5.1.0(18)","declare type PageTransitionCallback = (type: RouteType, progress: number) => void"
"declare type PanListenerCallback = (event: GestureEvent, current: GestureRecognizer, node?: FrameNode) => void","新增API","harmonyos_api_changes/HarmonyOS_5.1.1(19)_Beta1.json","declare","","if (item.type === ITEM_TYPE_HEADER) {","ArkTS","entry\src\main\ets\pages\Index.ets:105","declare type PanListenerCallback = (event: GestureEvent, current: GestureRecognizer, node?: FrameNode) => void@entry\src\main\ets\pages\Index.ets:105","","5.1.1(19)","declare type PanListenerCallback = (event: GestureEvent, current: GestureRecognizer, node?: FrameNode) => void"
"declare type PanListenerCallback = (event: GestureEvent, current: GestureRecognizer, node?: FrameNode) => void","新增API","harmonyos_api_changes/HarmonyOS_5.1.1(19)_Beta1.json","declare","","const type = event.type;","ArkTS","ohos_library\src\main\ets\components\SideBar.ets:159","declare type PanListenerCallback = (event: GestureEvent, current: GestureRecognizer, node?: FrameNode) => void@ohos_library\src\main\ets\components\SideBar.ets:159","","5.1.1(19)","declare type PanListenerCallback = (event: GestureEvent, current: GestureRecognizer, node?: FrameNode) => void"
"declare type Paragraph = import('../api/@ohos.graphics.text').default.Paragraph","新增API","harmonyos_api_changes/HarmonyOS_6.0.0(20)_Beta3.json","declare","","if (item.type === ITEM_TYPE_HEADER) {","ArkTS","entry\src\main\ets\pages\Index.ets:105","declare type Paragraph = import('../api/@ohos.graphics.text').default.Paragraph@entry\src\main\ets\pages\Index.ets:105","","6.0.0(20)","declare type Paragraph = import('../api/@ohos.graphics.text').default.Paragraph"
"declare type Paragraph = import('../api/@ohos.graphics.text').default.Paragraph","新增API","harmonyos_api_changes/HarmonyOS_6.0.0(20)_Beta3.json","declare","","const type = event.type;","ArkTS","ohos_library\src\main\ets\components\SideBar.ets:159","declare type Paragraph = import('../api/@ohos.graphics.text').default.Paragraph@ohos_library\src\main\ets\components\SideBar.ets:159","","6.0.0(20)","declare type Paragraph = import('../api/@ohos.graphics.text').default.Paragraph"
"declare type PopupStateChangeCallback = (event: PopupStateChangeParam) => void","新增API","harmonyos_api_changes/HarmonyOS_5.1.0(18).json","declare","","if (item.type === ITEM_TYPE_HEADER) {","ArkTS","entry\src\main\ets\pages\Index.ets:105","declare type PopupStateChangeCallback = (event: PopupStateChangeParam) => void@entry\src\main\ets\pages\Index.ets:105","","5.1.0(18)","declare type PopupStateChangeCallback = (event: PopupStateChangeParam) => void"
"declare type PopupStateChangeCallback = (event: PopupStateChangeParam) => void","新增API","harmonyos_api_changes/HarmonyOS_5.1.0(18).json","declare","","const type = event.type;","ArkTS","ohos_library\src\main\ets\components\SideBar.ets:159","declare type PopupStateChangeCallback = (event: PopupStateChangeParam) => void@ohos_library\src\main\ets\components\SideBar.ets:159","","5.1.0(18)","declare type PopupStateChangeCallback = (event: PopupStateChangeParam) => void"
"declare type PromptActionCommonState = import('../api/@ohos.promptAction').promptAction.CommonState","新增API","harmonyos_api_changes/HarmonyOS_6.0.0(20)_Beta1.json","declare","","if (item.type === ITEM_TYPE_HEADER) {","ArkTS","entry\src\main\ets\pages\Index.ets:105","declare type PromptActionCommonState = import('../api/@ohos.promptAction').promptAction.CommonState@entry\src\main\ets\pages\Index.ets:105","","6.0.0(20)","declare type PromptActionCommonState = import('../api/@ohos.promptAction').promptAction.CommonState"
"declare type PromptActionCommonState = import('../api/@ohos.promptAction').promptAction.CommonState","新增API","harmonyos_api_changes/HarmonyOS_6.0.0(20)_Beta1.json","declare","","const type = event.type;","ArkTS","ohos_library\src\main\ets\components\SideBar.ets:159","declare type PromptActionCommonState = import('../api/@ohos.promptAction').promptAction.CommonState@ohos_library\src\main\ets\components\SideBar.ets:159","","6.0.0(20)","declare type PromptActionCommonState = import('../api/@ohos.promptAction').promptAction.CommonState"
"declare type PromptActionDialogController = import('../api/@ohos.promptAction').promptAction.DialogController","新增API","harmonyos_api_changes/HarmonyOS_5.1.0(18).json","declare","","if (item.type === ITEM_TYPE_HEADER) {","ArkTS","entry\src\main\ets\pages\Index.ets:105","declare type PromptActionDialogController = import('../api/@ohos.promptAction').promptAction.DialogController@entry\src\main\ets\pages\Index.ets:105","","5.1.0(18)","declare type PromptActionDialogController = import('../api/@ohos.promptAction').promptAction.DialogController"
"declare type PromptActionDialogController = import('../api/@ohos.promptAction').promptAction.DialogController","新增API","harmonyos_api_changes/HarmonyOS_5.1.0(18).json","declare","","const type = event.type;","ArkTS","ohos_library\src\main\ets\components\SideBar.ets:159","declare type PromptActionDialogController = import('../api/@ohos.promptAction').promptAction.DialogController@ohos_library\src\main\ets\components\SideBar.ets:159","","5.1.0(18)","declare type PromptActionDialogController = import('../api/@ohos.promptAction').promptAction.DialogController"
"declare type RectHeightStyle = import('../api/@ohos.graphics.text').default.RectHeightStyle","新增API","harmonyos_api_changes/HarmonyOS_5.0.2(14).json","declare","","if (item.type === ITEM_TYPE_HEADER) {","ArkTS","entry\src\main\ets\pages\Index.ets:105","declare type RectHeightStyle = import('../api/@ohos.graphics.text').default.RectHeightStyle@entry\src\main\ets\pages\Index.ets:105","","5.0.2(14)","declare type RectHeightStyle = import('../api/@ohos.graphics.text').default.RectHeightStyle"
"declare type RectHeightStyle = import('../api/@ohos.graphics.text').default.RectHeightStyle","新增API","harmonyos_api_changes/HarmonyOS_5.0.2(14).json","declare","","const type = event.type;","ArkTS","ohos_library\src\main\ets\components\SideBar.ets:159","declare type RectHeightStyle = import('../api/@ohos.graphics.text').default.RectHeightStyle@ohos_library\src\main\ets\components\SideBar.ets:159","","5.0.2(14)","declare type RectHeightStyle = import('../api/@ohos.graphics.text').default.RectHeightStyle"
"declare type RectWidthStyle = import('../api/@ohos.graphics.text').default.RectWidthStyle","新增API","harmonyos_api_changes/HarmonyOS_5.0.2(14).json","declare","","if (item.type === ITEM_TYPE_HEADER) {","ArkTS","entry\src\main\ets\pages\Index.ets:105","declare type RectWidthStyle = import('../api/@ohos.graphics.text').default.RectWidthStyle@entry\src\main\ets\pages\Index.ets:105","","5.0.2(14)","declare type RectWidthStyle = import('../api/@ohos.graphics.text').default.RectWidthStyle"
"declare type RectWidthStyle = import('../api/@ohos.graphics.text').default.RectWidthStyle","新增API","harmonyos_api_changes/HarmonyOS_5.0.2(14).json","declare","","const type = event.type;","ArkTS","ohos_library\src\main\ets\components\SideBar.ets:159","declare type RectWidthStyle = import('../api/@ohos.graphics.text').default.RectWidthStyle@ohos_library\src\main\ets\components\SideBar.ets:159","","5.0.2(14)","declare type RectWidthStyle = import('../api/@ohos.graphics.text').default.RectWidthStyle"
"declare type RepeatInterface = <T>(arr: RepeatArray<T>) => RepeatAttribute<T>","新增API","harmonyos_api_changes/HarmonyOS_5.1.0(18).json","declare","","if (item.type === ITEM_TYPE_HEADER) {","ArkTS","entry\src\main\ets\pages\Index.ets:105","declare type RepeatInterface = <T>(arr: RepeatArray<T>) => RepeatAttribute<T>@entry\src\main\ets\pages\Index.ets:105","","5.1.0(18)","declare type RepeatInterface = <T>(arr: RepeatArray<T>) => RepeatAttribute<T>"
"declare type RepeatInterface = <T>(arr: RepeatArray<T>) => RepeatAttribute<T>","新增API","harmonyos_api_changes/HarmonyOS_5.1.0(18).json","declare","","const type = event.type;","ArkTS","ohos_library\src\main\ets\components\SideBar.ets:159","declare type RepeatInterface = <T>(arr: RepeatArray<T>) => RepeatAttribute<T>@ohos_library\src\main\ets\components\SideBar.ets:159","","5.1.0(18)","declare type RepeatInterface = <T>(arr: RepeatArray<T>) => RepeatAttribute<T>"
"declare type RequestDownloadInfo = import('../api/@ohos.request.cacheDownload').default.DownloadInfo","新增API","harmonyos_api_changes/HarmonyOS_6.1.0(23)_Beta1.json","declare","","if (item.type === ITEM_TYPE_HEADER) {","ArkTS","entry\src\main\ets\pages\Index.ets:105","declare type RequestDownloadInfo = import('../api/@ohos.request.cacheDownload').default.DownloadInfo@entry\src\main\ets\pages\Index.ets:105","","6.1.0(23)","declare type RequestDownloadInfo = import('../api/@ohos.request.cacheDownload').default.DownloadInfo"
"declare type RequestDownloadInfo = import('../api/@ohos.request.cacheDownload').default.DownloadInfo","新增API","harmonyos_api_changes/HarmonyOS_6.1.0(23)_Beta1.json","declare","","const type = event.type;","ArkTS","ohos_library\src\main\ets\components\SideBar.ets:159","declare type RequestDownloadInfo = import('../api/@ohos.request.cacheDownload').default.DownloadInfo@ohos_library\src\main\ets\components\SideBar.ets:159","","6.1.0(23)","declare type RequestDownloadInfo = import('../api/@ohos.request.cacheDownload').default.DownloadInfo"
"declare type RestoreStateCallback = (savedState: Record<string, Object> | null) => void","新增API","harmonyos_api_changes/HarmonyOS_26.0.0_Beta2.json","declare","","if (item.type === ITEM_TYPE_HEADER) {","ArkTS","entry\src\main\ets\pages\Index.ets:105","declare type RestoreStateCallback = (savedState: Record<string, Object> | null) => void@entry\src\main\ets\pages\Index.ets:105","","26.0.0 Beta2","declare type RestoreStateCallback = (savedState: Record<string, Object> | null) => void"
"declare type RestoreStateCallback = (savedState: Record<string, Object> | null) => void","新增API","harmonyos_api_changes/HarmonyOS_26.0.0_Beta2.json","declare","","const type = event.type;","ArkTS","ohos_library\src\main\ets\components\SideBar.ets:159","declare type RestoreStateCallback = (savedState: Record<string, Object> | null) => void@ohos_library\src\main\ets\components\SideBar.ets:159","","26.0.0 Beta2","declare type RestoreStateCallback = (savedState: Record<string, Object> | null) => void"
"declare type ReuseIdCallback = () => string","新增API","harmonyos_api_changes/HarmonyOS_5.1.0(18).json","declare","","if (item.type === ITEM_TYPE_HEADER) {","ArkTS","entry\src\main\ets\pages\Index.ets:105","declare type ReuseIdCallback = () => string@entry\src\main\ets\pages\Index.ets:105","","5.1.0(18)","declare type ReuseIdCallback = () => string"
"declare type ReuseIdCallback = () => string","新增API","harmonyos_api_changes/HarmonyOS_5.1.0(18).json","declare","","const type = event.type;","ArkTS","ohos_library\src\main\ets\components\SideBar.ets:159","declare type ReuseIdCallback = () => string@ohos_library\src\main\ets\components\SideBar.ets:159","","5.1.0(18)","declare type ReuseIdCallback = () => string"
"declare type SaveStateCallback = () => Record<string, Object> | null","新增API","harmonyos_api_changes/HarmonyOS_26.0.0_Beta2.json","declare","","if (item.type === ITEM_TYPE_HEADER) {","ArkTS","entry\src\main\ets\pages\Index.ets:105","declare type SaveStateCallback = () => Record<string, Object> | null@entry\src\main\ets\pages\Index.ets:105","","26.0.0 Beta2","declare type SaveStateCallback = () => Record<string, Object> | null"
"declare type SaveStateCallback = () => Record<string, Object> | null","新增API","harmonyos_api_changes/HarmonyOS_26.0.0_Beta2.json","declare","","const type = event.type;","ArkTS","ohos_library\src\main\ets\components\SideBar.ets:159","declare type SaveStateCallback = () => Record<string, Object> | null@ohos_library\src\main\ets\components\SideBar.ets:159","","26.0.0 Beta2","declare type SaveStateCallback = () => Record<string, Object> | null"
"declare type ScaleCallback = (scale: number) => void","新增API","harmonyos_api_changes/HarmonyOS_5.1.0(18).json","declare","","if (item.type === ITEM_TYPE_HEADER) {","ArkTS","entry\src\main\ets\pages\Index.ets:105","declare type ScaleCallback = (scale: number) => void@entry\src\main\ets\pages\Index.ets:105","","5.1.0(18)","declare type ScaleCallback = (scale: number) => void"
"declare type ScaleCallback = (scale: number) => void","新增API","harmonyos_api_changes/HarmonyOS_5.1.0(18).json","declare","","const type = event.type;","ArkTS","ohos_library\src\main\ets\components\SideBar.ets:159","declare type ScaleCallback = (scale: number) => void@ohos_library\src\main\ets\components\SideBar.ets:159","","5.1.0(18)","declare type ScaleCallback = (scale: number) => void"
"declare type ScrollOnDidZoomCallback = (scale: number) => void","新增API","harmonyos_api_changes/HarmonyOS_6.0.0(20)_Beta3.json","declare","","if (item.type === ITEM_TYPE_HEADER) {","ArkTS","entry\src\main\ets\pages\Index.ets:105","declare type ScrollOnDidZoomCallback = (scale: number) => void@entry\src\main\ets\pages\Index.ets:105","","6.0.0(20)","declare type ScrollOnDidZoomCallback = (scale: number) => void"
"declare type ScrollOnDidZoomCallback = (scale: number) => void","新增API","harmonyos_api_changes/HarmonyOS_6.0.0(20)_Beta3.json","declare","","const type = event.type;","ArkTS","ohos_library\src\main\ets\components\SideBar.ets:159","declare type ScrollOnDidZoomCallback = (scale: number) => void@ohos_library\src\main\ets\components\SideBar.ets:159","","6.0.0(20)","declare type ScrollOnDidZoomCallback = (scale: number) => void"
"declare type SearchSubmitCallback = (searchContent: string, event?: SubmitEvent) => void","新增API","harmonyos_api_changes/HarmonyOS_5.0.2(14).json","declare","","if (item.type === ITEM_TYPE_HEADER) {","ArkTS","entry\src\main\ets\pages\Index.ets:105","declare type SearchSubmitCallback = (searchContent: string, event?: SubmitEvent) => void@entry\src\main\ets\pages\Index.ets:105","","5.0.2(14)","declare type SearchSubmitCallback = (searchContent: string, event?: SubmitEvent) => void"
"declare type SearchSubmitCallback = (searchContent: string, event?: SubmitEvent) => void","新增API","harmonyos_api_changes/HarmonyOS_5.0.2(14).json","declare","","const type = event.type;","ArkTS","ohos_library\src\main\ets\components\SideBar.ets:159","declare type SearchSubmitCallback = (searchContent: string, event?: SubmitEvent) => void@ohos_library\src\main\ets\components\SideBar.ets:159","","5.0.2(14)","declare type SearchSubmitCallback = (searchContent: string, event?: SubmitEvent) => void"
"declare type ShouldRecognizerParallelWithCallback = (current: GestureRecognizer, others: Array<GestureRecognizer>) => GestureRecognizer","新增API","harmonyos_api_changes/HarmonyOS_26.0.0_Beta2.json","declare","","if (item.type === ITEM_TYPE_HEADER) {","ArkTS","entry\src\main\ets\pages\Index.ets:105","declare type ShouldRecognizerParallelWithCallback = (current: GestureRecognizer, others: Array<GestureRecognizer>) => GestureRecognizer@entry\src\main\ets\pages\Index.ets:105","","26.0.0 Beta2","declare type ShouldRecognizerParallelWithCallback = (current: GestureRecognizer, others: Array<GestureRecognizer>) => GestureRecognizer"
"declare type ShouldRecognizerParallelWithCallback = (current: GestureRecognizer, others: Array<GestureRecognizer>) => GestureRecognizer","新增API","harmonyos_api_changes/HarmonyOS_26.0.0_Beta2.json","declare","","const type = event.type;","ArkTS","ohos_library\src\main\ets\components\SideBar.ets:159","declare type ShouldRecognizerParallelWithCallback = (current: GestureRecognizer, others: Array<GestureRecognizer>) => GestureRecognizer@ohos_library\src\main\ets\components\SideBar.ets:159","","26.0.0 Beta2","declare type ShouldRecognizerParallelWithCallback = (current: GestureRecognizer, others: Array<GestureRecognizer>) => GestureRecognizer"
"declare type SpringLoadingContext = import('../api/@ohos.arkui.dragController').default.SpringLoadingContext","新增API","harmonyos_api_changes/HarmonyOS_6.0.0(20)_Beta2.json","declare","","if (item.type === ITEM_TYPE_HEADER) {","ArkTS","entry\src\main\ets\pages\Index.ets:105","declare type SpringLoadingContext = import('../api/@ohos.arkui.dragController').default.SpringLoadingContext@entry\src\main\ets\pages\Index.ets:105","","6.0.0(20)","declare type SpringLoadingContext = import('../api/@ohos.arkui.dragController').default.SpringLoadingContext"
"declare type SpringLoadingContext = import('../api/@ohos.arkui.dragController').default.SpringLoadingContext","新增API","harmonyos_api_changes/HarmonyOS_6.0.0(20)_Beta2.json","declare","","const type = event.type;","ArkTS","ohos_library\src\main\ets\components\SideBar.ets:159","declare type SpringLoadingContext = import('../api/@ohos.arkui.dragController').default.SpringLoadingContext@ohos_library\src\main\ets\components\SideBar.ets:159","","6.0.0(20)","declare type SpringLoadingContext = import('../api/@ohos.arkui.dragController').default.SpringLoadingContext"
"declare type SwipeActionCallback = () => void","新增API","harmonyos_api_changes/HarmonyOS_6.0.0(20)_Beta1.json","declare","","if (item.type === ITEM_TYPE_HEADER) {","ArkTS","entry\src\main\ets\pages\Index.ets:105","declare type SwipeActionCallback = () => void@entry\src\main\ets\pages\Index.ets:105","","6.0.0(20)","declare type SwipeActionCallback = () => void"
"declare type SwipeActionCallback = () => void","新增API","harmonyos_api_changes/HarmonyOS_6.0.0(20)_Beta1.json","declare","","const type = event.type;","ArkTS","ohos_library\src\main\ets\components\SideBar.ets:159","declare type SwipeActionCallback = () => void@ohos_library\src\main\ets\components\SideBar.ets:159","","6.0.0(20)","declare type SwipeActionCallback = () => void"
"declare type SystemUiMaterial = import('../api/@ohos.arkui.uiMaterial').default.Material","新增API","harmonyos_api_changes/HarmonyOS_26.0.0_Beta1.json","declare","","if (item.type === ITEM_TYPE_HEADER) {","ArkTS","entry\src\main\ets\pages\Index.ets:105","declare type SystemUiMaterial = import('../api/@ohos.arkui.uiMaterial').default.Material@entry\src\main\ets\pages\Index.ets:105","","26.0.0 Beta2","declare type SystemUiMaterial = import('../api/@ohos.arkui.uiMaterial').default.Material"
"declare type SystemUiMaterial = import('../api/@ohos.arkui.uiMaterial').default.Material","新增API","harmonyos_api_changes/HarmonyOS_26.0.0_Beta1.json","declare","","const type = event.type;","ArkTS","ohos_library\src\main\ets\components\SideBar.ets:159","declare type SystemUiMaterial = import('../api/@ohos.arkui.uiMaterial').default.Material@ohos_library\src\main\ets\components\SideBar.ets:159","","26.0.0 Beta2","declare type SystemUiMaterial = import('../api/@ohos.arkui.uiMaterial').default.Material"
"declare type TabsCustomContentTransitionCallback = (from: number, to: number) => TabContentAnimatedTransition | undefined","新增API","harmonyos_api_changes/HarmonyOS_5.1.0(18).json","declare","","if (item.type === ITEM_TYPE_HEADER) {","ArkTS","entry\src\main\ets\pages\Index.ets:105","declare type TabsCustomContentTransitionCallback = (from: number, to: number) => TabContentAnimatedTransition | undefined@entry\src\main\ets\pages\Index.ets:105","","5.1.0(18)","declare type TabsCustomContentTransitionCallback = (from: number, to: number) => TabContentAnimatedTransition | undefined"
"declare type TabsCustomContentTransitionCallback = (from: number, to: number) => TabContentAnimatedTransition | undefined","新增API","harmonyos_api_changes/HarmonyOS_5.1.0(18).json","declare","","const type = event.type;","ArkTS","ohos_library\src\main\ets\components\SideBar.ets:159","declare type TabsCustomContentTransitionCallback = (from: number, to: number) => TabContentAnimatedTransition | undefined@ohos_library\src\main\ets\components\SideBar.ets:159","","5.1.0(18)","declare type TabsCustomContentTransitionCallback = (from: number, to: number) => TabContentAnimatedTransition | undefined"
"declare type TaskCallback = () => T","新增API","harmonyos_api_changes/HarmonyOS_6.0.2(22).json","declare","","if (item.type === ITEM_TYPE_HEADER) {","ArkTS","entry\src\main\ets\pages\Index.ets:105","declare type TaskCallback = () => T@entry\src\main\ets\pages\Index.ets:105","","6.0.2(22)","declare type TaskCallback = () => T"
"declare type TaskCallback = () => T","新增API","harmonyos_api_changes/HarmonyOS_6.0.2(22).json","declare","","const type = event.type;","ArkTS","ohos_library\src\main\ets\components\SideBar.ets:159","declare type TaskCallback = () => T@ohos_library\src\main\ets\components\SideBar.ets:159","","6.0.2(22)","declare type TaskCallback = () => T"
"declare type TextAreaSubmitCallback = (enterKeyType: EnterKeyType, event?: SubmitEvent) => void","新增API","harmonyos_api_changes/HarmonyOS_5.0.2(14).json","declare","","if (item.type === ITEM_TYPE_HEADER) {","ArkTS","entry\src\main\ets\pages\Index.ets:105","declare type TextAreaSubmitCallback = (enterKeyType: EnterKeyType, event?: SubmitEvent) => void@entry\src\main\ets\pages\Index.ets:105","","5.0.2(14)","declare type TextAreaSubmitCallback = (enterKeyType: EnterKeyType, event?: SubmitEvent) => void"
"declare type TextAreaSubmitCallback = (enterKeyType: EnterKeyType, event?: SubmitEvent) => void","新增API","harmonyos_api_changes/HarmonyOS_5.0.2(14).json","declare","","const type = event.type;","ArkTS","ohos_library\src\main\ets\components\SideBar.ets:159","declare type TextAreaSubmitCallback = (enterKeyType: EnterKeyType, event?: SubmitEvent) => void@ohos_library\src\main\ets\components\SideBar.ets:159","","5.0.2(14)","declare type TextAreaSubmitCallback = (enterKeyType: EnterKeyType, event?: SubmitEvent) => void"
"declare type TextBox = import('../api/@ohos.graphics.text').default.TextBox","新增API","harmonyos_api_changes/HarmonyOS_5.0.2(14).json","declare","","if (item.type === ITEM_TYPE_HEADER) {","ArkTS","entry\src\main\ets\pages\Index.ets:105","declare type TextBox = import('../api/@ohos.graphics.text').default.TextBox@entry\src\main\ets\pages\Index.ets:105","","5.0.2(14)","declare type TextBox = import('../api/@ohos.graphics.text').default.TextBox"
"declare type TextBox = import('../api/@ohos.graphics.text').default.TextBox","新增API","harmonyos_api_changes/HarmonyOS_5.0.2(14).json","declare","","const type = event.type;","ArkTS","ohos_library\src\main\ets\components\SideBar.ets:159","declare type TextBox = import('../api/@ohos.graphics.text').default.TextBox@ohos_library\src\main\ets\components\SideBar.ets:159","","5.0.2(14)","declare type TextBox = import('../api/@ohos.graphics.text').default.TextBox"
"declare type TextPickerEnterSelectedAreaCallback = (value: string | string\[\], index: number | number\[\]) => void","新增API","harmonyos_api_changes/HarmonyOS_5.1.0(18).json","declare","","if (item.type === ITEM_TYPE_HEADER) {","ArkTS","entry\src\main\ets\pages\Index.ets:105","declare type TextPickerEnterSelectedAreaCallback = (value: string | string\[\], index: number | number\[\]) => void@entry\src\main\ets\pages\Index.ets:105","","5.1.0(18)","declare type TextPickerEnterSelectedAreaCallback = (value: string | string\[\], index: number | number\[\]) => void"
"declare type TextPickerEnterSelectedAreaCallback = (value: string | string\[\], index: number | number\[\]) => void","新增API","harmonyos_api_changes/HarmonyOS_5.1.0(18).json","declare","","const type = event.type;","ArkTS","ohos_library\src\main\ets\components\SideBar.ets:159","declare type TextPickerEnterSelectedAreaCallback = (value: string | string\[\], index: number | number\[\]) => void@ohos_library\src\main\ets\components\SideBar.ets:159","","5.1.0(18)","declare type TextPickerEnterSelectedAreaCallback = (value: string | string\[\], index: number | number\[\]) => void"
"declare type TextPickerScrollStopCallback = (value: string | string\[\], index: number | number\[\]) => void","新增API","harmonyos_api_changes/HarmonyOS_5.0.2(14).json","declare","","if (item.type === ITEM_TYPE_HEADER) {","ArkTS","entry\src\main\ets\pages\Index.ets:105","declare type TextPickerScrollStopCallback = (value: string | string\[\], index: number | number\[\]) => void@entry\src\main\ets\pages\Index.ets:105","","5.0.2(14)","declare type TextPickerScrollStopCallback = (value: string | string\[\], index: number | number\[\]) => void"
"declare type TextPickerScrollStopCallback = (value: string | string\[\], index: number | number\[\]) => void","新增API","harmonyos_api_changes/HarmonyOS_5.0.2(14).json","declare","","const type = event.type;","ArkTS","ohos_library\src\main\ets\components\SideBar.ets:159","declare type TextPickerScrollStopCallback = (value: string | string\[\], index: number | number\[\]) => void@ohos_library\src\main\ets\components\SideBar.ets:159","","5.0.2(14)","declare type TextPickerScrollStopCallback = (value: string | string\[\], index: number | number\[\]) => void"
"declare type TouchTestDoneCallback = (event: BaseGestureEvent, recognizers: Array<GestureRecognizer>) => void","新增API","harmonyos_api_changes/HarmonyOS_6.0.0(20)_Beta2.json","declare","","if (item.type === ITEM_TYPE_HEADER) {","ArkTS","entry\src\main\ets\pages\Index.ets:105","declare type TouchTestDoneCallback = (event: BaseGestureEvent, recognizers: Array<GestureRecognizer>) => void@entry\src\main\ets\pages\Index.ets:105","","6.0.0(20)","declare type TouchTestDoneCallback = (event: BaseGestureEvent, recognizers: Array<GestureRecognizer>) => void"
"declare type TouchTestDoneCallback = (event: BaseGestureEvent, recognizers: Array<GestureRecognizer>) => void","新增API","harmonyos_api_changes/HarmonyOS_6.0.0(20)_Beta2.json","declare","","const type = event.type;","ArkTS","ohos_library\src\main\ets\components\SideBar.ets:159","declare type TouchTestDoneCallback = (event: BaseGestureEvent, recognizers: Array<GestureRecognizer>) => void@ohos_library\src\main\ets\components\SideBar.ets:159","","6.0.0(20)","declare type TouchTestDoneCallback = (event: BaseGestureEvent, recognizers: Array<GestureRecognizer>) => void"
"declare type UIMaterial = import('../api/@ohos.arkui.uiMaterial').uiMaterial","新增API","harmonyos_api_changes/HarmonyOS_26.0.0_Beta1.json","declare","","if (item.type === ITEM_TYPE_HEADER) {","ArkTS","entry\src\main\ets\pages\Index.ets:105","declare type UIMaterial = import('../api/@ohos.arkui.uiMaterial').uiMaterial@entry\src\main\ets\pages\Index.ets:105","","26.0.0 Beta2","declare type UIMaterial = import('../api/@ohos.arkui.uiMaterial').uiMaterial"
"declare type UIMaterial = import('../api/@ohos.arkui.uiMaterial').uiMaterial","新增API","harmonyos_api_changes/HarmonyOS_26.0.0_Beta1.json","declare","","const type = event.type;","ArkTS","ohos_library\src\main\ets\components\SideBar.ets:159","declare type UIMaterial = import('../api/@ohos.arkui.uiMaterial').uiMaterial@ohos_library\src\main\ets\components\SideBar.ets:159","","26.0.0 Beta2","declare type UIMaterial = import('../api/@ohos.arkui.uiMaterial').uiMaterial"
"declare type UIStatesChangeHandler = (node: FrameNode, currentUIStates: number) => void","新增API","harmonyos_api_changes/HarmonyOS_6.0.0(20)_Beta1.json","declare","","if (item.type === ITEM_TYPE_HEADER) {","ArkTS","entry\src\main\ets\pages\Index.ets:105","declare type UIStatesChangeHandler = (node: FrameNode, currentUIStates: number) => void@entry\src\main\ets\pages\Index.ets:105","","6.0.0(20)","declare type UIStatesChangeHandler = (node: FrameNode, currentUIStates: number) => void"
"declare type UIStatesChangeHandler = (node: FrameNode, currentUIStates: number) => void","新增API","harmonyos_api_changes/HarmonyOS_6.0.0(20)_Beta1.json","declare","","const type = event.type;","ArkTS","ohos_library\src\main\ets\components\SideBar.ets:159","declare type UIStatesChangeHandler = (node: FrameNode, currentUIStates: number) => void@ohos_library\src\main\ets\components\SideBar.ets:159","","6.0.0(20)","declare type UIStatesChangeHandler = (node: FrameNode, currentUIStates: number) => void"
"declare type Vector2T<T> = import('../api/arkui/Graphics').Vector2T<T>","新增API","harmonyos_api_changes/HarmonyOS_6.0.2(22).json","declare","","if (item.type === ITEM_TYPE_HEADER) {","ArkTS","entry\src\main\ets\pages\Index.ets:105","declare type Vector2T<T> = import('../api/arkui/Graphics').Vector2T<T>@entry\src\main\ets\pages\Index.ets:105","","6.0.2(22)","declare type Vector2T<T> = import('../api/arkui/Graphics').Vector2T<T>"
"declare type Vector2T<T> = import('../api/arkui/Graphics').Vector2T<T>","新增API","harmonyos_api_changes/HarmonyOS_6.0.2(22).json","declare","","const type = event.type;","ArkTS","ohos_library\src\main\ets\components\SideBar.ets:159","declare type Vector2T<T> = import('../api/arkui/Graphics').Vector2T<T>@ohos_library\src\main\ets\components\SideBar.ets:159","","6.0.2(22)","declare type Vector2T<T> = import('../api/arkui/Graphics').Vector2T<T>"
"declare type VisibleAreaChangeCallback = (isVisible: boolean, currentRatio: number) => void","自定义类型变更","harmonyos_api_changes/HarmonyOS_5.0.1(13)_Beta3.json","declare","","if (item.type === ITEM_TYPE_HEADER) {","ArkTS","entry\src\main\ets\pages\Index.ets:105","declare type VisibleAreaChangeCallback = (isVisible: boolean, currentRatio: number) => void@entry\src\main\ets\pages\Index.ets:105","","5.0.1(13)","declare type VisibleAreaChangeCallback = (isVisible: boolean, currentRatio: number) => void"
"declare type VisibleAreaChangeCallback = (isVisible: boolean, currentRatio: number) => void","自定义类型变更","harmonyos_api_changes/HarmonyOS_5.0.1(13)_Beta3.json","declare","","const type = event.type;","ArkTS","ohos_library\src\main\ets\components\SideBar.ets:159","declare type VisibleAreaChangeCallback = (isVisible: boolean, currentRatio: number) => void@ohos_library\src\main\ets\components\SideBar.ets:159","","5.0.1(13)","declare type VisibleAreaChangeCallback = (isVisible: boolean, currentRatio: number) => void"
"declare type WindowEventListener = (windowId: number, event: window.WindowEventType) => void","新增API","harmonyos_api_changes/HarmonyOS_26.0.0_Beta1.json","declare","","if (item.type === ITEM_TYPE_HEADER) {","ArkTS","entry\src\main\ets\pages\Index.ets:105","declare type WindowEventListener = (windowId: number, event: window.WindowEventType) => void@entry\src\main\ets\pages\Index.ets:105","","26.0.0 Beta2","declare type WindowEventListener = (windowId: number, event: window.WindowEventType) => void"
"declare type WindowEventListener = (windowId: number, event: window.WindowEventType) => void","新增API","harmonyos_api_changes/HarmonyOS_26.0.0_Beta1.json","declare","","const type = event.type;","ArkTS","ohos_library\src\main\ets\components\SideBar.ets:159","declare type WindowEventListener = (windowId: number, event: window.WindowEventType) => void@ohos_library\src\main\ets\components\SideBar.ets:159","","26.0.0 Beta2","declare type WindowEventListener = (windowId: number, event: window.WindowEventType) => void"
"declare type WithThemeInterface = (options: WithThemeOptions) => WithThemeAttribute","接口行为变更","harmonyos_behavior_changes/HarmonyOS_26.0.0(26)_Beta1.json","declare","","if (item.type === ITEM_TYPE_HEADER) {","ArkTS","entry\src\main\ets\pages\Index.ets:105","declare type WithThemeInterface = (options: WithThemeOptions) => WithThemeAttribute@entry\src\main\ets\pages\Index.ets:105","","26.0.0(26)","declare type WithThemeInterface = (options: WithThemeOptions) => WithThemeAttribute"
"declare type WithThemeInterface = (options: WithThemeOptions) => WithThemeAttribute","接口行为变更","harmonyos_behavior_changes/HarmonyOS_26.0.0(26)_Beta1.json","declare","","const type = event.type;","ArkTS","ohos_library\src\main\ets\components\SideBar.ets:159","declare type WithThemeInterface = (options: WithThemeOptions) => WithThemeAttribute@ohos_library\src\main\ets\components\SideBar.ets:159","","26.0.0(26)","declare type WithThemeInterface = (options: WithThemeOptions) => WithThemeAttribute"
"divider(value: { strokeWidth: Length; color?: ResourceColor; startMargin?: Length; endMargin?: Length; } | null): ListAttribute","函数变更","harmonyos_api_changes/HarmonyOS_5.1.0(18).json","divider","",".divider({ strokeWidth: 1, color: $r('app.color.list_divider_color'), startMargin: 15, endMargin: 0 })","ArkTS","entry\src\main\ets\pages\Index.ets:124","divider(value: { strokeWidth: Length; color?: ResourceColor; startMargin?: Length; endMargin?: Length; } | null): ListAttribute@entry\src\main\ets\pages\Index.ets:124","","5.1.0(18)","divider(value: { strokeWidth: Length; color?: ResourceColor; startMargin?: Length; endMargin?: Length; } | null): ListAttribute"
"enum ColorMode","API废弃版本变更","harmonyos_api_changes/HarmonyOS_6.0.0(20)_Beta1.json","ColorMode","","import { AbilityConstant, ConfigurationConstant, UIAbility, Want } from '@kit.AbilityKit';","ArkTS","entry\src\main\ets\entryability\EntryAbility.ets:1","enum ColorMode@entry\src\main\ets\entryability\EntryAbility.ets:1","","6.0.0(20)","enum ColorMode"
"enum ColorMode","API废弃版本变更","harmonyos_api_changes/HarmonyOS_6.0.0(20)_Beta1.json","ColorMode","","this.context.getApplicationContext().setColorMode(ConfigurationConstant.ColorMode.COLOR_MODE_NOT_SET);","ArkTS","entry\src\main\ets\entryability\EntryAbility.ets:10","enum ColorMode@entry\src\main\ets\entryability\EntryAbility.ets:10","this","6.0.0(20)","enum ColorMode"
"enum OutputType","新增API","harmonyos_api_changes/HarmonyOS_26.0.0_Beta2.json","OutputType","","hilog.error(DOMAIN, 'testTag', 'Failed to set colorMode. Cause: %{public}s', JSON.stringify(err));","ArkTS","entry\src\main\ets\entryability\EntryAbility.ets:12","enum OutputType@entry\src\main\ets\entryability\EntryAbility.ets:12","hilog","26.0.0 Beta2","enum OutputType"
"enum OutputType","新增API","harmonyos_api_changes/HarmonyOS_26.0.0_Beta2.json","OutputType","","hilog.info(DOMAIN, 'testTag', '%{public}s', 'Ability onCreate');","ArkTS","entry\src\main\ets\entryability\EntryAbility.ets:14","enum OutputType@entry\src\main\ets\entryability\EntryAbility.ets:14","hilog","26.0.0 Beta2","enum OutputType"
"enum OutputType","新增API","harmonyos_api_changes/HarmonyOS_26.0.0_Beta2.json","OutputType","","hilog.info(DOMAIN, 'testTag', '%{public}s', 'Ability onDestroy');","ArkTS","entry\src\main\ets\entryability\EntryAbility.ets:18","enum OutputType@entry\src\main\ets\entryability\EntryAbility.ets:18","hilog","26.0.0 Beta2","enum OutputType"
"enum OutputType","新增API","harmonyos_api_changes/HarmonyOS_26.0.0_Beta2.json","OutputType","","hilog.info(DOMAIN, 'testTag', '%{public}s', 'Ability onWindowStageCreate');","ArkTS","entry\src\main\ets\entryability\EntryAbility.ets:23","enum OutputType@entry\src\main\ets\entryability\EntryAbility.ets:23","hilog","26.0.0 Beta2","enum OutputType"
"enum OutputType","新增API","harmonyos_api_changes/HarmonyOS_26.0.0_Beta2.json","OutputType","","hilog.error(DOMAIN, 'testTag', 'Failed to load the content. Cause: %{public}s', JSON.stringify(err));","ArkTS","entry\src\main\ets\entryability\EntryAbility.ets:27","enum OutputType@entry\src\main\ets\entryability\EntryAbility.ets:27","hilog","26.0.0 Beta2","enum OutputType"
"enum OutputType","新增API","harmonyos_api_changes/HarmonyOS_26.0.0_Beta2.json","OutputType","","hilog.info(DOMAIN, 'testTag', 'Succeeded in loading the content.');","ArkTS","entry\src\main\ets\entryability\EntryAbility.ets:30","enum OutputType@entry\src\main\ets\entryability\EntryAbility.ets:30","hilog","26.0.0 Beta2","enum OutputType"
"enum OutputType","新增API","harmonyos_api_changes/HarmonyOS_26.0.0_Beta2.json","OutputType","","hilog.info(DOMAIN, 'testTag', '%{public}s', 'Ability onWindowStageDestroy');","ArkTS","entry\src\main\ets\entryability\EntryAbility.ets:36","enum OutputType@entry\src\main\ets\entryability\EntryAbility.ets:36","hilog","26.0.0 Beta2","enum OutputType"
"enum OutputType","新增API","harmonyos_api_changes/HarmonyOS_26.0.0_Beta2.json","OutputType","","hilog.info(DOMAIN, 'testTag', '%{public}s', 'Ability onForeground');","ArkTS","entry\src\main\ets\entryability\EntryAbility.ets:41","enum OutputType@entry\src\main\ets\entryability\EntryAbility.ets:41","hilog","26.0.0 Beta2","enum OutputType"
"enum OutputType","新增API","harmonyos_api_changes/HarmonyOS_26.0.0_Beta2.json","OutputType","","hilog.info(DOMAIN, 'testTag', '%{public}s', 'Ability onBackground');","ArkTS","entry\src\main\ets\entryability\EntryAbility.ets:46","enum OutputType@entry\src\main\ets\entryability\EntryAbility.ets:46","hilog","26.0.0 Beta2","enum OutputType"
"enum OutputType","新增API","harmonyos_api_changes/HarmonyOS_26.0.0_Beta2.json","OutputType","","hilog.info(DOMAIN, 'testTag', 'onRestore ok %{public}s', JSON.stringify(bundleVersion));","ArkTS","entry\src\main\ets\entrybackupability\EntryBackupAbility.ets:13","enum OutputType@entry\src\main\ets\entrybackupability\EntryBackupAbility.ets:13","hilog","26.0.0 Beta2","enum OutputType"
"enum OutputType","新增API","harmonyos_api_changes/HarmonyOS_26.0.0_Beta2.json","OutputType","","hilog.info(DOMAIN, 'testTag', 'onBackup ok');","ArkTS","entry\src\main\ets\entrybackupability\EntryBackupAbility.ets:8","enum OutputType@entry\src\main\ets\entrybackupability\EntryBackupAbility.ets:8","hilog","26.0.0 Beta2","enum OutputType"
"enum PreferStrategy","新增API","harmonyos_api_changes/HarmonyOS_6.0.1(21)_Beta1.json","PreferStrategy","","hilog.error(DOMAIN, 'testTag', 'Failed to set colorMode. Cause: %{public}s', JSON.stringify(err));","ArkTS","entry\src\main\ets\entryability\EntryAbility.ets:12","enum PreferStrategy@entry\src\main\ets\entryability\EntryAbility.ets:12","hilog","6.0.1(21)","enum PreferStrategy"
"enum PreferStrategy","新增API","harmonyos_api_changes/HarmonyOS_6.0.1(21)_Beta1.json","PreferStrategy","","hilog.info(DOMAIN, 'testTag', '%{public}s', 'Ability onCreate');","ArkTS","entry\src\main\ets\entryability\EntryAbility.ets:14","enum PreferStrategy@entry\src\main\ets\entryability\EntryAbility.ets:14","hilog","6.0.1(21)","enum PreferStrategy"
"enum PreferStrategy","新增API","harmonyos_api_changes/HarmonyOS_6.0.1(21)_Beta1.json","PreferStrategy","","hilog.info(DOMAIN, 'testTag', '%{public}s', 'Ability onDestroy');","ArkTS","entry\src\main\ets\entryability\EntryAbility.ets:18","enum PreferStrategy@entry\src\main\ets\entryability\EntryAbility.ets:18","hilog","6.0.1(21)","enum PreferStrategy"
"enum PreferStrategy","新增API","harmonyos_api_changes/HarmonyOS_6.0.1(21)_Beta1.json","PreferStrategy","","hilog.info(DOMAIN, 'testTag', '%{public}s', 'Ability onWindowStageCreate');","ArkTS","entry\src\main\ets\entryability\EntryAbility.ets:23","enum PreferStrategy@entry\src\main\ets\entryability\EntryAbility.ets:23","hilog","6.0.1(21)","enum PreferStrategy"
"enum PreferStrategy","新增API","harmonyos_api_changes/HarmonyOS_6.0.1(21)_Beta1.json","PreferStrategy","","hilog.error(DOMAIN, 'testTag', 'Failed to load the content. Cause: %{public}s', JSON.stringify(err));","ArkTS","entry\src\main\ets\entryability\EntryAbility.ets:27","enum PreferStrategy@entry\src\main\ets\entryability\EntryAbility.ets:27","hilog","6.0.1(21)","enum PreferStrategy"
"enum PreferStrategy","新增API","harmonyos_api_changes/HarmonyOS_6.0.1(21)_Beta1.json","PreferStrategy","","hilog.info(DOMAIN, 'testTag', 'Succeeded in loading the content.');","ArkTS","entry\src\main\ets\entryability\EntryAbility.ets:30","enum PreferStrategy@entry\src\main\ets\entryability\EntryAbility.ets:30","hilog","6.0.1(21)","enum PreferStrategy"
"enum PreferStrategy","新增API","harmonyos_api_changes/HarmonyOS_6.0.1(21)_Beta1.json","PreferStrategy","","hilog.info(DOMAIN, 'testTag', '%{public}s', 'Ability onWindowStageDestroy');","ArkTS","entry\src\main\ets\entryability\EntryAbility.ets:36","enum PreferStrategy@entry\src\main\ets\entryability\EntryAbility.ets:36","hilog","6.0.1(21)","enum PreferStrategy"
"enum PreferStrategy","新增API","harmonyos_api_changes/HarmonyOS_6.0.1(21)_Beta1.json","PreferStrategy","","hilog.info(DOMAIN, 'testTag', '%{public}s', 'Ability onForeground');","ArkTS","entry\src\main\ets\entryability\EntryAbility.ets:41","enum PreferStrategy@entry\src\main\ets\entryability\EntryAbility.ets:41","hilog","6.0.1(21)","enum PreferStrategy"
"enum PreferStrategy","新增API","harmonyos_api_changes/HarmonyOS_6.0.1(21)_Beta1.json","PreferStrategy","","hilog.info(DOMAIN, 'testTag', '%{public}s', 'Ability onBackground');","ArkTS","entry\src\main\ets\entryability\EntryAbility.ets:46","enum PreferStrategy@entry\src\main\ets\entryability\EntryAbility.ets:46","hilog","6.0.1(21)","enum PreferStrategy"
"enum PreferStrategy","新增API","harmonyos_api_changes/HarmonyOS_6.0.1(21)_Beta1.json","PreferStrategy","","hilog.info(DOMAIN, 'testTag', 'onRestore ok %{public}s', JSON.stringify(bundleVersion));","ArkTS","entry\src\main\ets\entrybackupability\EntryBackupAbility.ets:13","enum PreferStrategy@entry\src\main\ets\entrybackupability\EntryBackupAbility.ets:13","hilog","6.0.1(21)","enum PreferStrategy"
"enum PreferStrategy","新增API","harmonyos_api_changes/HarmonyOS_6.0.1(21)_Beta1.json","PreferStrategy","","hilog.info(DOMAIN, 'testTag', 'onBackup ok');","ArkTS","entry\src\main\ets\entrybackupability\EntryBackupAbility.ets:8","enum PreferStrategy@entry\src\main\ets\entrybackupability\EntryBackupAbility.ets:8","hilog","6.0.1(21)","enum PreferStrategy"
"export function getApplicationContext(): ApplicationContext","新增API","harmonyos_api_changes/HarmonyOS_5.0.2(14).json","export","","this.context.getApplicationContext().setColorMode(ConfigurationConstant.ColorMode.COLOR_MODE_NOT_SET);","ArkTS","entry\src\main\ets\entryability\EntryAbility.ets:10","export function getApplicationContext(): ApplicationContext@entry\src\main\ets\entryability\EntryAbility.ets:10","this","5.0.2(14)","export function getApplicationContext(): ApplicationContext"
"export type ArrayListComparatorFn<T> = (firstValue: T, secondValue: T) => number","新增API","harmonyos_api_changes/HarmonyOS_6.1.0(23)_Beta1.json","export","","if (item.type === ITEM_TYPE_HEADER) {","ArkTS","entry\src\main\ets\pages\Index.ets:105","export type ArrayListComparatorFn<T> = (firstValue: T, secondValue: T) => number@entry\src\main\ets\pages\Index.ets:105","","6.1.0(23)","export type ArrayListComparatorFn<T> = (firstValue: T, secondValue: T) => number"
"export type ArrayListComparatorFn<T> = (firstValue: T, secondValue: T) => number","新增API","harmonyos_api_changes/HarmonyOS_6.1.0(23)_Beta1.json","export","","const type = event.type;","ArkTS","ohos_library\src\main\ets\components\SideBar.ets:159","export type ArrayListComparatorFn<T> = (firstValue: T, secondValue: T) => number@ohos_library\src\main\ets\components\SideBar.ets:159","","6.1.0(23)","export type ArrayListComparatorFn<T> = (firstValue: T, secondValue: T) => number"
"export type ClickCallback = () => void","新增API","harmonyos_api_changes/HarmonyOS_5.1.0(18).json","export","","if (item.type === ITEM_TYPE_HEADER) {","ArkTS","entry\src\main\ets\pages\Index.ets:105","export type ClickCallback = () => void@entry\src\main\ets\pages\Index.ets:105","","5.1.0(18)","export type ClickCallback = () => void"
"export type ClickCallback = () => void","新增API","harmonyos_api_changes/HarmonyOS_5.1.0(18).json","export","","const type = event.type;","ArkTS","ohos_library\src\main\ets\components\SideBar.ets:159","export type ClickCallback = () => void@ohos_library\src\main\ets\components\SideBar.ets:159","","5.1.0(18)","export type ClickCallback = () => void"
"export type ClientConnectionCloseCallback = (clientConnection: WebSocketConnection, closeReason: CloseResult) => void","新增API","harmonyos_api_changes/HarmonyOS_5.1.1(19)_Beta1.json","export","","if (item.type === ITEM_TYPE_HEADER) {","ArkTS","entry\src\main\ets\pages\Index.ets:105","export type ClientConnectionCloseCallback = (clientConnection: WebSocketConnection, closeReason: CloseResult) => void@entry\src\main\ets\pages\Index.ets:105","","5.1.1(19)","export type ClientConnectionCloseCallback = (clientConnection: WebSocketConnection, closeReason: CloseResult) => void"
"export type ClientConnectionCloseCallback = (clientConnection: WebSocketConnection, closeReason: CloseResult) => void","新增API","harmonyos_api_changes/HarmonyOS_5.1.1(19)_Beta1.json","export","","const type = event.type;","ArkTS","ohos_library\src\main\ets\components\SideBar.ets:159","export type ClientConnectionCloseCallback = (clientConnection: WebSocketConnection, closeReason: CloseResult) => void@ohos_library\src\main\ets\components\SideBar.ets:159","","5.1.1(19)","export type ClientConnectionCloseCallback = (clientConnection: WebSocketConnection, closeReason: CloseResult) => void"
"export type ContentCoding = 'aes128gcm' | 'br' | 'compress' | 'deflate' | 'exi' | 'gzip' | 'pack200-gzip' | 'x-compress' | 'x-gzip' | 'zstd' | (string \& NonNullable<unknown>)","API模型切换","harmonyos_api_changes/HarmonyOS_6.1.0(23)_Beta1.json","export","","if (item.type === ITEM_TYPE_HEADER) {","ArkTS","entry\src\main\ets\pages\Index.ets:105","export type ContentCoding = 'aes128gcm' | 'br' | 'compress' | 'deflate' | 'exi' | 'gzip' | 'pack200-gzip' | 'x-compress' | 'x-gzip' | 'zstd' | (string \& NonNullable<unknown>)@entry\src\main\ets\pages\Index.ets:105","","6.1.0(23)","export type ContentCoding = 'aes128gcm' | 'br' | 'compress' | 'deflate' | 'exi' | 'gzip' | 'pack200-gzip' | 'x-compress' | 'x-gzip' | 'zstd' | (string \& NonNullable<unknown>)"
"export type ContentCoding = 'aes128gcm' | 'br' | 'compress' | 'deflate' | 'exi' | 'gzip' | 'pack200-gzip' | 'x-compress' | 'x-gzip' | 'zstd' | (string \& NonNullable<unknown>)","API模型切换","harmonyos_api_changes/HarmonyOS_6.1.0(23)_Beta1.json","export","","const type = event.type;","ArkTS","ohos_library\src\main\ets\components\SideBar.ets:159","export type ContentCoding = 'aes128gcm' | 'br' | 'compress' | 'deflate' | 'exi' | 'gzip' | 'pack200-gzip' | 'x-compress' | 'x-gzip' | 'zstd' | (string \& NonNullable<unknown>)@ohos_library\src\main\ets\components\SideBar.ets:159","","6.1.0(23)","export type ContentCoding = 'aes128gcm' | 'br' | 'compress' | 'deflate' | 'exi' | 'gzip' | 'pack200-gzip' | 'x-compress' | 'x-gzip' | 'zstd' | (string \& NonNullable<unknown>)"
"export type ContentType = 'application/json' | 'text/plain' | 'multipart/form-data' | 'application/octet-stream' | 'application/x-www-form-urlencoded' | (string \& NonNullable<unknown>)","API模型切换","harmonyos_api_changes/HarmonyOS_6.1.0(23)_Beta1.json","export","","if (item.type === ITEM_TYPE_HEADER) {","ArkTS","entry\src\main\ets\pages\Index.ets:105","export type ContentType = 'application/json' | 'text/plain' | 'multipart/form-data' | 'application/octet-stream' | 'application/x-www-form-urlencoded' | (string \& NonNullable<unknown>)@entry\src\main\ets\pages\Index.ets:105","","6.1.0(23)","export type ContentType = 'application/json' | 'text/plain' | 'multipart/form-data' | 'application/octet-stream' | 'application/x-www-form-urlencoded' | (string \& NonNullable<unknown>)"
"export type ContentType = 'application/json' | 'text/plain' | 'multipart/form-data' | 'application/octet-stream' | 'application/x-www-form-urlencoded' | (string \& NonNullable<unknown>)","API模型切换","harmonyos_api_changes/HarmonyOS_6.1.0(23)_Beta1.json","export","","const type = event.type;","ArkTS","ohos_library\src\main\ets\components\SideBar.ets:159","export type ContentType = 'application/json' | 'text/plain' | 'multipart/form-data' | 'application/octet-stream' | 'application/x-www-form-urlencoded' | (string \& NonNullable<unknown>)@ohos_library\src\main\ets\components\SideBar.ets:159","","6.1.0(23)","export type ContentType = 'application/json' | 'text/plain' | 'multipart/form-data' | 'application/octet-stream' | 'application/x-www-form-urlencoded' | (string \& NonNullable<unknown>)"
"export type CurrentAlbumDeletedCallback = () => void","新增API","harmonyos_api_changes/HarmonyOS_5.0.1(13)_Beta3.json","export","","if (item.type === ITEM_TYPE_HEADER) {","ArkTS","entry\src\main\ets\pages\Index.ets:105","export type CurrentAlbumDeletedCallback = () => void@entry\src\main\ets\pages\Index.ets:105","","5.0.1(13)","export type CurrentAlbumDeletedCallback = () => void"
"export type CurrentAlbumDeletedCallback = () => void","新增API","harmonyos_api_changes/HarmonyOS_5.0.1(13)_Beta3.json","export","","const type = event.type;","ArkTS","ohos_library\src\main\ets\components\SideBar.ets:159","export type CurrentAlbumDeletedCallback = () => void@ohos_library\src\main\ets\components\SideBar.ets:159","","5.0.1(13)","export type CurrentAlbumDeletedCallback = () => void"
"export type DynamicDnsRule = (host: string, port: number) => IpAddress\[\]","API模型切换","harmonyos_api_changes/HarmonyOS_6.1.0(23)_Beta1.json","export","","if (item.type === ITEM_TYPE_HEADER) {","ArkTS","entry\src\main\ets\pages\Index.ets:105","export type DynamicDnsRule = (host: string, port: number) => IpAddress\[\]@entry\src\main\ets\pages\Index.ets:105","","6.1.0(23)","export type DynamicDnsRule = (host: string, port: number) => IpAddress\[\]"
"export type DynamicDnsRule = (host: string, port: number) => IpAddress\[\]","API模型切换","harmonyos_api_changes/HarmonyOS_6.1.0(23)_Beta1.json","export","","const type = event.type;","ArkTS","ohos_library\src\main\ets\components\SideBar.ets:159","export type DynamicDnsRule = (host: string, port: number) => IpAddress\[\]@ohos_library\src\main\ets\components\SideBar.ets:159","","6.1.0(23)","export type DynamicDnsRule = (host: string, port: number) => IpAddress\[\]"
"export type DynamicExclusionRule = (url: URLOrString) => boolean","API模型切换","harmonyos_api_changes/HarmonyOS_6.1.0(23)_Beta1.json","export","","if (item.type === ITEM_TYPE_HEADER) {","ArkTS","entry\src\main\ets\pages\Index.ets:105","export type DynamicExclusionRule = (url: URLOrString) => boolean@entry\src\main\ets\pages\Index.ets:105","","6.1.0(23)","export type DynamicExclusionRule = (url: URLOrString) => boolean"
"export type DynamicExclusionRule = (url: URLOrString) => boolean","API模型切换","harmonyos_api_changes/HarmonyOS_6.1.0(23)_Beta1.json","export","","const type = event.type;","ArkTS","ohos_library\src\main\ets\components\SideBar.ets:159","export type DynamicExclusionRule = (url: URLOrString) => boolean@ohos_library\src\main\ets\components\SideBar.ets:159","","6.1.0(23)","export type DynamicExclusionRule = (url: URLOrString) => boolean"
"export type EmptyAreaClickCallback = () => void","新增API","harmonyos_api_changes/HarmonyOS_5.0.1(13)_Beta3.json","export","","if (item.type === ITEM_TYPE_HEADER) {","ArkTS","entry\src\main\ets\pages\Index.ets:105","export type EmptyAreaClickCallback = () => void@entry\src\main\ets\pages\Index.ets:105","","5.0.1(13)","export type EmptyAreaClickCallback = () => void"
"export type EmptyAreaClickCallback = () => void","新增API","harmonyos_api_changes/HarmonyOS_5.0.1(13)_Beta3.json","export","","const type = event.type;","ArkTS","ohos_library\src\main\ets\components\SideBar.ets:159","export type EmptyAreaClickCallback = () => void@ohos_library\src\main\ets\components\SideBar.ets:159","","5.0.1(13)","export type EmptyAreaClickCallback = () => void"
"export type ErrorCallback = (pickerError: PickerError) => void","新增API","harmonyos_api_changes/HarmonyOS_6.1.0(23)_Beta1.json","export","","if (item.type === ITEM_TYPE_HEADER) {","ArkTS","entry\src\main\ets\pages\Index.ets:105","export type ErrorCallback = (pickerError: PickerError) => void@entry\src\main\ets\pages\Index.ets:105","","6.1.0(23)","export type ErrorCallback = (pickerError: PickerError) => void"
"export type ErrorCallback = (pickerError: PickerError) => void","新增API","harmonyos_api_changes/HarmonyOS_6.1.0(23)_Beta1.json","export","","const type = event.type;","ArkTS","ohos_library\src\main\ets\components\SideBar.ets:159","export type ErrorCallback = (pickerError: PickerError) => void@ohos_library\src\main\ets\components\SideBar.ets:159","","6.1.0(23)","export type ErrorCallback = (pickerError: PickerError) => void"
"export type ErrorHandler = (errObject: Error) => void","新增API","harmonyos_api_changes/HarmonyOS_6.0.1(21)_Beta1.json","export","","if (item.type === ITEM_TYPE_HEADER) {","ArkTS","entry\src\main\ets\pages\Index.ets:105","export type ErrorHandler = (errObject: Error) => void@entry\src\main\ets\pages\Index.ets:105","","6.0.1(21)","export type ErrorHandler = (errObject: Error) => void"
"export type ErrorHandler = (errObject: Error) => void","新增API","harmonyos_api_changes/HarmonyOS_6.0.1(21)_Beta1.json","export","","const type = event.type;","ArkTS","ohos_library\src\main\ets\components\SideBar.ets:159","export type ErrorHandler = (errObject: Error) => void@ohos_library\src\main\ets\components\SideBar.ets:159","","6.0.1(21)","export type ErrorHandler = (errObject: Error) => void"
"export type ExceedMaxSelectedCallback = (exceedMaxCountType: MaxCountType) => void","新增API","harmonyos_api_changes/HarmonyOS_5.0.1(13)_Beta3.json","export","","if (item.type === ITEM_TYPE_HEADER) {","ArkTS","entry\src\main\ets\pages\Index.ets:105","export type ExceedMaxSelectedCallback = (exceedMaxCountType: MaxCountType) => void@entry\src\main\ets\pages\Index.ets:105","","5.0.1(13)","export type ExceedMaxSelectedCallback = (exceedMaxCountType: MaxCountType) => void"
"export type ExceedMaxSelectedCallback = (exceedMaxCountType: MaxCountType) => void","新增API","harmonyos_api_changes/HarmonyOS_5.0.1(13)_Beta3.json","export","","const type = event.type;","ArkTS","ohos_library\src\main\ets\components\SideBar.ets:159","export type ExceedMaxSelectedCallback = (exceedMaxCountType: MaxCountType) => void@ohos_library\src\main\ets\components\SideBar.ets:159","","5.0.1(13)","export type ExceedMaxSelectedCallback = (exceedMaxCountType: MaxCountType) => void"
"export type FreezeObserver = () => void","新增API","harmonyos_api_changes/HarmonyOS_5.1.0(18).json","export","","if (item.type === ITEM_TYPE_HEADER) {","ArkTS","entry\src\main\ets\pages\Index.ets:105","export type FreezeObserver = () => void@entry\src\main\ets\pages\Index.ets:105","","5.1.0(18)","export type FreezeObserver = () => void"
"export type FreezeObserver = () => void","新增API","harmonyos_api_changes/HarmonyOS_5.1.0(18).json","export","","const type = event.type;","ArkTS","ohos_library\src\main\ets\components\SideBar.ets:159","export type FreezeObserver = () => void@ohos_library\src\main\ets\components\SideBar.ets:159","","5.1.0(18)","export type FreezeObserver = () => void"
"export type GSTileRequestCallback = (tiles: GSTile\[\]) => void","新增API","harmonyos_api_changes/HarmonyOS_26.0.0_Beta2.json","export","","if (item.type === ITEM_TYPE_HEADER) {","ArkTS","entry\src\main\ets\pages\Index.ets:105","export type GSTileRequestCallback = (tiles: GSTile\[\]) => void@entry\src\main\ets\pages\Index.ets:105","","26.0.0 Beta2","export type GSTileRequestCallback = (tiles: GSTile\[\]) => void"
"export type GSTileRequestCallback = (tiles: GSTile\[\]) => void","新增API","harmonyos_api_changes/HarmonyOS_26.0.0_Beta2.json","export","","const type = event.type;","ArkTS","ohos_library\src\main\ets\components\SideBar.ets:159","export type GSTileRequestCallback = (tiles: GSTile\[\]) => void@ohos_library\src\main\ets\components\SideBar.ets:159","","26.0.0 Beta2","export type GSTileRequestCallback = (tiles: GSTile\[\]) => void"
"export type GetDataCallback = (maxSize: number) => ArrayBuffer | Promise<ArrayBuffer>","API模型切换","harmonyos_api_changes/HarmonyOS_6.1.0(23)_Beta1.json","export","","if (item.type === ITEM_TYPE_HEADER) {","ArkTS","entry\src\main\ets\pages\Index.ets:105","export type GetDataCallback = (maxSize: number) => ArrayBuffer | Promise<ArrayBuffer>@entry\src\main\ets\pages\Index.ets:105","","6.1.0(23)","export type GetDataCallback = (maxSize: number) => ArrayBuffer | Promise<ArrayBuffer>"
"export type GetDataCallback = (maxSize: number) => ArrayBuffer | Promise<ArrayBuffer>","API模型切换","harmonyos_api_changes/HarmonyOS_6.1.0(23)_Beta1.json","export","","const type = event.type;","ArkTS","ohos_library\src\main\ets\components\SideBar.ets:159","export type GetDataCallback = (maxSize: number) => ArrayBuffer | Promise<ArrayBuffer>@ohos_library\src\main\ets\components\SideBar.ets:159","","6.1.0(23)","export type GetDataCallback = (maxSize: number) => ArrayBuffer | Promise<ArrayBuffer>"
"export type GlobalObserver = (reason: GlobalError) => void","新增API","harmonyos_api_changes/HarmonyOS_5.1.0(18).json","export","","if (item.type === ITEM_TYPE_HEADER) {","ArkTS","entry\src\main\ets\pages\Index.ets:105","export type GlobalObserver = (reason: GlobalError) => void@entry\src\main\ets\pages\Index.ets:105","","5.1.0(18)","export type GlobalObserver = (reason: GlobalError) => void"
"export type GlobalObserver = (reason: GlobalError) => void","新增API","harmonyos_api_changes/HarmonyOS_5.1.0(18).json","export","","const type = event.type;","ArkTS","ohos_library\src\main\ets\components\SideBar.ets:159","export type GlobalObserver = (reason: GlobalError) => void@ohos_library\src\main\ets\components\SideBar.ets:159","","5.1.0(18)","export type GlobalObserver = (reason: GlobalError) => void"
"export type HttpMethod = 'GET' | 'POST' | 'HEAD' | 'PUT' | 'DELETE' | 'PATCH' | 'OPTIONS' | (string \& NonNullable<unknown>)","API模型切换","harmonyos_api_changes/HarmonyOS_6.1.0(23)_Beta1.json","export","","if (item.type === ITEM_TYPE_HEADER) {","ArkTS","entry\src\main\ets\pages\Index.ets:105","export type HttpMethod = 'GET' | 'POST' | 'HEAD' | 'PUT' | 'DELETE' | 'PATCH' | 'OPTIONS' | (string \& NonNullable<unknown>)@entry\src\main\ets\pages\Index.ets:105","","6.1.0(23)","export type HttpMethod = 'GET' | 'POST' | 'HEAD' | 'PUT' | 'DELETE' | 'PATCH' | 'OPTIONS' | (string \& NonNullable<unknown>)"
"export type HttpMethod = 'GET' | 'POST' | 'HEAD' | 'PUT' | 'DELETE' | 'PATCH' | 'OPTIONS' | (string \& NonNullable<unknown>)","API模型切换","harmonyos_api_changes/HarmonyOS_6.1.0(23)_Beta1.json","export","","const type = event.type;","ArkTS","ohos_library\src\main\ets\components\SideBar.ets:159","export type HttpMethod = 'GET' | 'POST' | 'HEAD' | 'PUT' | 'DELETE' | 'PATCH' | 'OPTIONS' | (string \& NonNullable<unknown>)@ohos_library\src\main\ets\components\SideBar.ets:159","","6.1.0(23)","export type HttpMethod = 'GET' | 'POST' | 'HEAD' | 'PUT' | 'DELETE' | 'PATCH' | 'OPTIONS' | (string \& NonNullable<unknown>)"
"export type HttpVersionSelectCallback = (url: URL) => HttpVersion","新增API","harmonyos_api_changes/HarmonyOS_26.0.0_Beta1.json","export","","if (item.type === ITEM_TYPE_HEADER) {","ArkTS","entry\src\main\ets\pages\Index.ets:105","export type HttpVersionSelectCallback = (url: URL) => HttpVersion@entry\src\main\ets\pages\Index.ets:105","","26.0.0 Beta2","export type HttpVersionSelectCallback = (url: URL) => HttpVersion"
"export type HttpVersionSelectCallback = (url: URL) => HttpVersion","新增API","harmonyos_api_changes/HarmonyOS_26.0.0_Beta1.json","export","","const type = event.type;","ArkTS","ohos_library\src\main\ets\components\SideBar.ets:159","export type HttpVersionSelectCallback = (url: URL) => HttpVersion@ohos_library\src\main\ets\components\SideBar.ets:159","","26.0.0 Beta2","export type HttpVersionSelectCallback = (url: URL) => HttpVersion"
"export type IncomingDataCallback = (incomingData: ArrayBuffer) => void | Promise<void>","API模型切换","harmonyos_api_changes/HarmonyOS_6.1.0(23)_Beta1.json","export","","if (item.type === ITEM_TYPE_HEADER) {","ArkTS","entry\src\main\ets\pages\Index.ets:105","export type IncomingDataCallback = (incomingData: ArrayBuffer) => void | Promise<void>@entry\src\main\ets\pages\Index.ets:105","","6.1.0(23)","export type IncomingDataCallback = (incomingData: ArrayBuffer) => void | Promise<void>"
"export type IncomingDataCallback = (incomingData: ArrayBuffer) => void | Promise<void>","API模型切换","harmonyos_api_changes/HarmonyOS_6.1.0(23)_Beta1.json","export","","const type = event.type;","ArkTS","ohos_library\src\main\ets\components\SideBar.ets:159","export type IncomingDataCallback = (incomingData: ArrayBuffer) => void | Promise<void>@ohos_library\src\main\ets\components\SideBar.ets:159","","6.1.0(23)","export type IncomingDataCallback = (incomingData: ArrayBuffer) => void | Promise<void>"
"export type ItemClickedNotifyCallback = (itemInfo: ItemInfo, clickType: ClickType) => void","新增API","harmonyos_api_changes/HarmonyOS_6.1.0(23)_Beta1.json","export","","if (item.type === ITEM_TYPE_HEADER) {","ArkTS","entry\src\main\ets\pages\Index.ets:105","export type ItemClickedNotifyCallback = (itemInfo: ItemInfo, clickType: ClickType) => void@entry\src\main\ets\pages\Index.ets:105","","6.1.0(23)","export type ItemClickedNotifyCallback = (itemInfo: ItemInfo, clickType: ClickType) => void"
"export type ItemClickedNotifyCallback = (itemInfo: ItemInfo, clickType: ClickType) => void","新增API","harmonyos_api_changes/HarmonyOS_6.1.0(23)_Beta1.json","export","","const type = event.type;","ArkTS","ohos_library\src\main\ets\components\SideBar.ets:159","export type ItemClickedNotifyCallback = (itemInfo: ItemInfo, clickType: ClickType) => void@ohos_library\src\main\ets\components\SideBar.ets:159","","6.1.0(23)","export type ItemClickedNotifyCallback = (itemInfo: ItemInfo, clickType: ClickType) => void"
"export type ItemsDeletedCallback = (baseItemInfos: Array<BaseItemInfo>) => void","新增API","harmonyos_api_changes/HarmonyOS_5.0.1(13)_Beta3.json","export","","if (item.type === ITEM_TYPE_HEADER) {","ArkTS","entry\src\main\ets\pages\Index.ets:105","export type ItemsDeletedCallback = (baseItemInfos: Array<BaseItemInfo>) => void@entry\src\main\ets\pages\Index.ets:105","","5.0.1(13)","export type ItemsDeletedCallback = (baseItemInfos: Array<BaseItemInfo>) => void"
"export type ItemsDeletedCallback = (baseItemInfos: Array<BaseItemInfo>) => void","新增API","harmonyos_api_changes/HarmonyOS_5.0.1(13)_Beta3.json","export","","const type = event.type;","ArkTS","ohos_library\src\main\ets\components\SideBar.ets:159","export type ItemsDeletedCallback = (baseItemInfos: Array<BaseItemInfo>) => void@ohos_library\src\main\ets\components\SideBar.ets:159","","5.0.1(13)","export type ItemsDeletedCallback = (baseItemInfos: Array<BaseItemInfo>) => void"
"export type ListComparatorFn<T> = (firstValue: T, secondValue: T) => number","新增API","harmonyos_api_changes/HarmonyOS_6.1.0(23)_Beta1.json","export","","if (item.type === ITEM_TYPE_HEADER) {","ArkTS","entry\src\main\ets\pages\Index.ets:105","export type ListComparatorFn<T> = (firstValue: T, secondValue: T) => number@entry\src\main\ets\pages\Index.ets:105","","6.1.0(23)","export type ListComparatorFn<T> = (firstValue: T, secondValue: T) => number"
"export type ListComparatorFn<T> = (firstValue: T, secondValue: T) => number","新增API","harmonyos_api_changes/HarmonyOS_6.1.0(23)_Beta1.json","export","","const type = event.type;","ArkTS","ohos_library\src\main\ets\components\SideBar.ets:159","export type ListComparatorFn<T> = (firstValue: T, secondValue: T) => number@ohos_library\src\main\ets\components\SideBar.ets:159","","6.1.0(23)","export type ListComparatorFn<T> = (firstValue: T, secondValue: T) => number"
"export type MovingPhotoBadgeStateChangedCallback = (uri: string, state: photoAccessHelper.MovingPhotoBadgeStateType) => void","新增API","harmonyos_api_changes/HarmonyOS_6.0.2(22).json","export","","if (item.type === ITEM_TYPE_HEADER) {","ArkTS","entry\src\main\ets\pages\Index.ets:105","export type MovingPhotoBadgeStateChangedCallback = (uri: string, state: photoAccessHelper.MovingPhotoBadgeStateType) => void@entry\src\main\ets\pages\Index.ets:105","","6.0.2(22)","export type MovingPhotoBadgeStateChangedCallback = (uri: string, state: photoAccessHelper.MovingPhotoBadgeStateType) => void"
"export type MovingPhotoBadgeStateChangedCallback = (uri: string, state: photoAccessHelper.MovingPhotoBadgeStateType) => void","新增API","harmonyos_api_changes/HarmonyOS_6.0.2(22).json","export","","const type = event.type;","ArkTS","ohos_library\src\main\ets\components\SideBar.ets:159","export type MovingPhotoBadgeStateChangedCallback = (uri: string, state: photoAccessHelper.MovingPhotoBadgeStateType) => void@ohos_library\src\main\ets\components\SideBar.ets:159","","6.0.2(22)","export type MovingPhotoBadgeStateChangedCallback = (uri: string, state: photoAccessHelper.MovingPhotoBadgeStateType) => void"
"export type OnAuthenticationChallenge = (info: AuthenticationChallengeInfo\[\], response: Response, challengeCount: number) => ServerAuthentication | null","新增API","harmonyos_api_changes/HarmonyOS_6.1.0(23)_Beta1.json","export","","if (item.type === ITEM_TYPE_HEADER) {","ArkTS","entry\src\main\ets\pages\Index.ets:105","export type OnAuthenticationChallenge = (info: AuthenticationChallengeInfo\[\], response: Response, challengeCount: number) => ServerAuthentication | null@entry\src\main\ets\pages\Index.ets:105","","6.1.0(23)","export type OnAuthenticationChallenge = (info: AuthenticationChallengeInfo\[\], response: Response, challengeCount: number) => ServerAuthentication | null"
"export type OnAuthenticationChallenge = (info: AuthenticationChallengeInfo\[\], response: Response, challengeCount: number) => ServerAuthentication | null","新增API","harmonyos_api_changes/HarmonyOS_6.1.0(23)_Beta1.json","export","","const type = event.type;","ArkTS","ohos_library\src\main\ets\components\SideBar.ets:159","export type OnAuthenticationChallenge = (info: AuthenticationChallengeInfo\[\], response: Response, challengeCount: number) => ServerAuthentication | null@ohos_library\src\main\ets\components\SideBar.ets:159","","6.1.0(23)","export type OnAuthenticationChallenge = (info: AuthenticationChallengeInfo\[\], response: Response, challengeCount: number) => ServerAuthentication | null"
"export type OnCanceled = () => void","自定义类型变更","harmonyos_api_changes/HarmonyOS_6.0.0(20)_Beta1.json","export","","if (item.type === ITEM_TYPE_HEADER) {","ArkTS","entry\src\main\ets\pages\Index.ets:105","export type OnCanceled = () => void@entry\src\main\ets\pages\Index.ets:105","","6.0.0(20)","export type OnCanceled = () => void"
"export type OnCanceled = () => void","自定义类型变更","harmonyos_api_changes/HarmonyOS_6.0.0(20)_Beta1.json","export","","const type = event.type;","ArkTS","ohos_library\src\main\ets\components\SideBar.ets:159","export type OnCanceled = () => void@ohos_library\src\main\ets\components\SideBar.ets:159","","6.0.0(20)","export type OnCanceled = () => void"
"export type OnCanceled = (request?: Request) => void","API模型切换","harmonyos_api_changes/HarmonyOS_6.1.0(23)_Beta1.json","export","","if (item.type === ITEM_TYPE_HEADER) {","ArkTS","entry\src\main\ets\pages\Index.ets:105","export type OnCanceled = (request?: Request) => void@entry\src\main\ets\pages\Index.ets:105","","6.1.0(23)","export type OnCanceled = (request?: Request) => void"
"export type OnCanceled = (request?: Request) => void","API模型切换","harmonyos_api_changes/HarmonyOS_6.1.0(23)_Beta1.json","export","","const type = event.type;","ArkTS","ohos_library\src\main\ets\components\SideBar.ets:159","export type OnCanceled = (request?: Request) => void@ohos_library\src\main\ets\components\SideBar.ets:159","","6.1.0(23)","export type OnCanceled = (request?: Request) => void"
"export type OnClosed = () => void","API模型切换","harmonyos_api_changes/HarmonyOS_6.1.0(23)_Beta1.json","export","","if (item.type === ITEM_TYPE_HEADER) {","ArkTS","entry\src\main\ets\pages\Index.ets:105","export type OnClosed = () => void@entry\src\main\ets\pages\Index.ets:105","","6.1.0(23)","export type OnClosed = () => void"
"export type OnClosed = () => void","API模型切换","harmonyos_api_changes/HarmonyOS_6.1.0(23)_Beta1.json","export","","const type = event.type;","ArkTS","ohos_library\src\main\ets\components\SideBar.ets:159","export type OnClosed = () => void@ohos_library\src\main\ets\components\SideBar.ets:159","","6.1.0(23)","export type OnClosed = () => void"
"export type OnCounterV2HoverCallback = (isHover: boolean) => void","新增API","harmonyos_api_changes/HarmonyOS_26.0.0_Beta2.json","export","","if (item.type === ITEM_TYPE_HEADER) {","ArkTS","entry\src\main\ets\pages\Index.ets:105","export type OnCounterV2HoverCallback = (isHover: boolean) => void@entry\src\main\ets\pages\Index.ets:105","","26.0.0 Beta2","export type OnCounterV2HoverCallback = (isHover: boolean) => void"
"export type OnCounterV2HoverCallback = (isHover: boolean) => void","新增API","harmonyos_api_changes/HarmonyOS_26.0.0_Beta2.json","export","","const type = event.type;","ArkTS","ohos_library\src\main\ets\components\SideBar.ets:159","export type OnCounterV2HoverCallback = (isHover: boolean) => void@ohos_library\src\main\ets\components\SideBar.ets:159","","26.0.0 Beta2","export type OnCounterV2HoverCallback = (isHover: boolean) => void"
"export type OnDataCallback = (method: AgentOperation, context: RequestContext) => void","新增API","harmonyos_api_changes/HarmonyOS_26.0.0_Beta2.json","export","","if (item.type === ITEM_TYPE_HEADER) {","ArkTS","entry\src\main\ets\pages\Index.ets:105","export type OnDataCallback = (method: AgentOperation, context: RequestContext) => void@entry\src\main\ets\pages\Index.ets:105","","26.0.0 Beta2","export type OnDataCallback = (method: AgentOperation, context: RequestContext) => void"
"export type OnDataCallback = (method: AgentOperation, context: RequestContext) => void","新增API","harmonyos_api_changes/HarmonyOS_26.0.0_Beta2.json","export","","const type = event.type;","ArkTS","ohos_library\src\main\ets\components\SideBar.ets:159","export type OnDataCallback = (method: AgentOperation, context: RequestContext) => void@ohos_library\src\main\ets\components\SideBar.ets:159","","26.0.0 Beta2","export type OnDataCallback = (method: AgentOperation, context: RequestContext) => void"
"export type OnDataEnd = () => void","自定义类型变更","harmonyos_api_changes/HarmonyOS_6.0.0(20)_Beta1.json","export","","if (item.type === ITEM_TYPE_HEADER) {","ArkTS","entry\src\main\ets\pages\Index.ets:105","export type OnDataEnd = () => void@entry\src\main\ets\pages\Index.ets:105","","6.0.0(20)","export type OnDataEnd = () => void"
"export type OnDataEnd = () => void","自定义类型变更","harmonyos_api_changes/HarmonyOS_6.0.0(20)_Beta1.json","export","","const type = event.type;","ArkTS","ohos_library\src\main\ets\components\SideBar.ets:159","export type OnDataEnd = () => void@ohos_library\src\main\ets\components\SideBar.ets:159","","6.0.0(20)","export type OnDataEnd = () => void"
"export type OnDataEnd = (request?: Request) => void","API模型切换","harmonyos_api_changes/HarmonyOS_6.1.0(23)_Beta1.json","export","","if (item.type === ITEM_TYPE_HEADER) {","ArkTS","entry\src\main\ets\pages\Index.ets:105","export type OnDataEnd = (request?: Request) => void@entry\src\main\ets\pages\Index.ets:105","","6.1.0(23)","export type OnDataEnd = (request?: Request) => void"
"export type OnDataEnd = (request?: Request) => void","API模型切换","harmonyos_api_changes/HarmonyOS_6.1.0(23)_Beta1.json","export","","const type = event.type;","ArkTS","ohos_library\src\main\ets\components\SideBar.ets:159","export type OnDataEnd = (request?: Request) => void@ohos_library\src\main\ets\components\SideBar.ets:159","","6.1.0(23)","export type OnDataEnd = (request?: Request) => void"
"export type OnDataReceive = (incomingData: ArrayBuffer) => number | void | Promise<void>","自定义类型变更","harmonyos_api_changes/HarmonyOS_6.0.0(20)_Beta1.json","export","","if (item.type === ITEM_TYPE_HEADER) {","ArkTS","entry\src\main\ets\pages\Index.ets:105","export type OnDataReceive = (incomingData: ArrayBuffer) => number | void | Promise<void>@entry\src\main\ets\pages\Index.ets:105","","6.0.0(20)","export type OnDataReceive = (incomingData: ArrayBuffer) => number | void | Promise<void>"
"export type OnDataReceive = (incomingData: ArrayBuffer) => number | void | Promise<void>","自定义类型变更","harmonyos_api_changes/HarmonyOS_6.0.0(20)_Beta1.json","export","","const type = event.type;","ArkTS","ohos_library\src\main\ets\components\SideBar.ets:159","export type OnDataReceive = (incomingData: ArrayBuffer) => number | void | Promise<void>@ohos_library\src\main\ets\components\SideBar.ets:159","","6.0.0(20)","export type OnDataReceive = (incomingData: ArrayBuffer) => number | void | Promise<void>"
"export type OnDataReceive = (incomingData: ArrayBuffer, request?: Request) => number | void | Promise<void>","API模型切换","harmonyos_api_changes/HarmonyOS_6.1.0(23)_Beta1.json","export","","if (item.type === ITEM_TYPE_HEADER) {","ArkTS","entry\src\main\ets\pages\Index.ets:105","export type OnDataReceive = (incomingData: ArrayBuffer, request?: Request) => number | void | Promise<void>@entry\src\main\ets\pages\Index.ets:105","","6.1.0(23)","export type OnDataReceive = (incomingData: ArrayBuffer, request?: Request) => number | void | Promise<void>"
"export type OnDataReceive = (incomingData: ArrayBuffer, request?: Request) => number | void | Promise<void>","API模型切换","harmonyos_api_changes/HarmonyOS_6.1.0(23)_Beta1.json","export","","const type = event.type;","ArkTS","ohos_library\src\main\ets\components\SideBar.ets:159","export type OnDataReceive = (incomingData: ArrayBuffer, request?: Request) => number | void | Promise<void>@ohos_library\src\main\ets\components\SideBar.ets:159","","6.1.0(23)","export type OnDataReceive = (incomingData: ArrayBuffer, request?: Request) => number | void | Promise<void>"
"export type OnDateCounterV2ChangeCallback = (date: CounterV2DateData) => void","新增API","harmonyos_api_changes/HarmonyOS_26.0.0_Beta2.json","export","","if (item.type === ITEM_TYPE_HEADER) {","ArkTS","entry\src\main\ets\pages\Index.ets:105","export type OnDateCounterV2ChangeCallback = (date: CounterV2DateData) => void@entry\src\main\ets\pages\Index.ets:105","","26.0.0 Beta2","export type OnDateCounterV2ChangeCallback = (date: CounterV2DateData) => void"
"export type OnDateCounterV2ChangeCallback = (date: CounterV2DateData) => void","新增API","harmonyos_api_changes/HarmonyOS_26.0.0_Beta2.json","export","","const type = event.type;","ArkTS","ohos_library\src\main\ets\components\SideBar.ets:159","export type OnDateCounterV2ChangeCallback = (date: CounterV2DateData) => void@ohos_library\src\main\ets\components\SideBar.ets:159","","26.0.0 Beta2","export type OnDateCounterV2ChangeCallback = (date: CounterV2DateData) => void"
"export type OnDownloadProgress = (totalSize: number, transferredSize: number) => void","自定义类型变更","harmonyos_api_changes/HarmonyOS_6.0.0(20)_Beta1.json","export","","if (item.type === ITEM_TYPE_HEADER) {","ArkTS","entry\src\main\ets\pages\Index.ets:105","export type OnDownloadProgress = (totalSize: number, transferredSize: number) => void@entry\src\main\ets\pages\Index.ets:105","","6.0.0(20)","export type OnDownloadProgress = (totalSize: number, transferredSize: number) => void"
"export type OnDownloadProgress = (totalSize: number, transferredSize: number) => void","自定义类型变更","harmonyos_api_changes/HarmonyOS_6.0.0(20)_Beta1.json","export","","const type = event.type;","ArkTS","ohos_library\src\main\ets\components\SideBar.ets:159","export type OnDownloadProgress = (totalSize: number, transferredSize: number) => void@ohos_library\src\main\ets\components\SideBar.ets:159","","6.0.0(20)","export type OnDownloadProgress = (totalSize: number, transferredSize: number) => void"
"export type OnDownloadProgress = (totalSize: number, transferredSize: number, request?: Request) => void","API模型切换","harmonyos_api_changes/HarmonyOS_6.1.0(23)_Beta1.json","export","","if (item.type === ITEM_TYPE_HEADER) {","ArkTS","entry\src\main\ets\pages\Index.ets:105","export type OnDownloadProgress = (totalSize: number, transferredSize: number, request?: Request) => void@entry\src\main\ets\pages\Index.ets:105","","6.1.0(23)","export type OnDownloadProgress = (totalSize: number, transferredSize: number, request?: Request) => void"
"export type OnDownloadProgress = (totalSize: number, transferredSize: number, request?: Request) => void","API模型切换","harmonyos_api_changes/HarmonyOS_6.1.0(23)_Beta1.json","export","","const type = event.type;","ArkTS","ohos_library\src\main\ets\components\SideBar.ets:159","export type OnDownloadProgress = (totalSize: number, transferredSize: number, request?: Request) => void@ohos_library\src\main\ets\components\SideBar.ets:159","","6.1.0(23)","export type OnDownloadProgress = (totalSize: number, transferredSize: number, request?: Request) => void"
"export type OnHeaderReceive = (headers: ResponseHeaders) => void","自定义类型变更","harmonyos_api_changes/HarmonyOS_6.0.0(20)_Beta1.json","export","","if (item.type === ITEM_TYPE_HEADER) {","ArkTS","entry\src\main\ets\pages\Index.ets:105","export type OnHeaderReceive = (headers: ResponseHeaders) => void@entry\src\main\ets\pages\Index.ets:105","","6.0.0(20)","export type OnHeaderReceive = (headers: ResponseHeaders) => void"
"export type OnHeaderReceive = (headers: ResponseHeaders) => void","自定义类型变更","harmonyos_api_changes/HarmonyOS_6.0.0(20)_Beta1.json","export","","const type = event.type;","ArkTS","ohos_library\src\main\ets\components\SideBar.ets:159","export type OnHeaderReceive = (headers: ResponseHeaders) => void@ohos_library\src\main\ets\components\SideBar.ets:159","","6.0.0(20)","export type OnHeaderReceive = (headers: ResponseHeaders) => void"
"export type OnHeaderReceive = (headers: ResponseHeaders, request?: Request) => void","API模型切换","harmonyos_api_changes/HarmonyOS_6.1.0(23)_Beta1.json","export","","if (item.type === ITEM_TYPE_HEADER) {","ArkTS","entry\src\main\ets\pages\Index.ets:105","export type OnHeaderReceive = (headers: ResponseHeaders, request?: Request) => void@entry\src\main\ets\pages\Index.ets:105","","6.1.0(23)","export type OnHeaderReceive = (headers: ResponseHeaders, request?: Request) => void"
"export type OnHeaderReceive = (headers: ResponseHeaders, request?: Request) => void","API模型切换","harmonyos_api_changes/HarmonyOS_6.1.0(23)_Beta1.json","export","","const type = event.type;","ArkTS","ohos_library\src\main\ets\components\SideBar.ets:159","export type OnHeaderReceive = (headers: ResponseHeaders, request?: Request) => void@ohos_library\src\main\ets\components\SideBar.ets:159","","6.1.0(23)","export type OnHeaderReceive = (headers: ResponseHeaders, request?: Request) => void"
"export type OnInlineCounterV2Change = (value: number) => void","新增API","harmonyos_api_changes/HarmonyOS_26.0.0_Beta2.json","export","","if (item.type === ITEM_TYPE_HEADER) {","ArkTS","entry\src\main\ets\pages\Index.ets:105","export type OnInlineCounterV2Change = (value: number) => void@entry\src\main\ets\pages\Index.ets:105","","26.0.0 Beta2","export type OnInlineCounterV2Change = (value: number) => void"
"export type OnInlineCounterV2Change = (value: number) => void","新增API","harmonyos_api_changes/HarmonyOS_26.0.0_Beta2.json","export","","const type = event.type;","ArkTS","ohos_library\src\main\ets\components\SideBar.ets:159","export type OnInlineCounterV2Change = (value: number) => void@ohos_library\src\main\ets\components\SideBar.ets:159","","26.0.0 Beta2","export type OnInlineCounterV2Change = (value: number) => void"
"export type OnMenuItemClickWithTextCallback = (menuItem: TextMenuItem, value: string) => boolean","新增API","harmonyos_api_changes/HarmonyOS_26.0.0_Beta2.json","export","","if (item.type === ITEM_TYPE_HEADER) {","ArkTS","entry\src\main\ets\pages\Index.ets:105","export type OnMenuItemClickWithTextCallback = (menuItem: TextMenuItem, value: string) => boolean@entry\src\main\ets\pages\Index.ets:105","","26.0.0 Beta2","export type OnMenuItemClickWithTextCallback = (menuItem: TextMenuItem, value: string) => boolean"
"export type OnMenuItemClickWithTextCallback = (menuItem: TextMenuItem, value: string) => boolean","新增API","harmonyos_api_changes/HarmonyOS_26.0.0_Beta2.json","export","","const type = event.type;","ArkTS","ohos_library\src\main\ets\components\SideBar.ets:159","export type OnMenuItemClickWithTextCallback = (menuItem: TextMenuItem, value: string) => boolean@ohos_library\src\main\ets\components\SideBar.ets:159","","26.0.0 Beta2","export type OnMenuItemClickWithTextCallback = (menuItem: TextMenuItem, value: string) => boolean"
"export type OnPickerStateCallback = (state: AVCastPickerState) => void","新增API","harmonyos_api_changes/HarmonyOS_6.0.0(20)_Beta1.json","export","","if (item.type === ITEM_TYPE_HEADER) {","ArkTS","entry\src\main\ets\pages\Index.ets:105","export type OnPickerStateCallback = (state: AVCastPickerState) => void@entry\src\main\ets\pages\Index.ets:105","","6.0.0(20)","export type OnPickerStateCallback = (state: AVCastPickerState) => void"
"export type OnPickerStateCallback = (state: AVCastPickerState) => void","新增API","harmonyos_api_changes/HarmonyOS_6.0.0(20)_Beta1.json","export","","const type = event.type;","ArkTS","ohos_library\src\main\ets\components\SideBar.ets:159","export type OnPickerStateCallback = (state: AVCastPickerState) => void@ohos_library\src\main\ets\components\SideBar.ets:159","","6.0.0(20)","export type OnPickerStateCallback = (state: AVCastPickerState) => void"
"export type OnRequestFailureFn = (name: string, failureCode: AbilityStartFailureCode, failureMessage: string) => void","新增API","harmonyos_api_changes/HarmonyOS_6.0.1(21)_Beta1.json","export","","if (item.type === ITEM_TYPE_HEADER) {","ArkTS","entry\src\main\ets\pages\Index.ets:105","export type OnRequestFailureFn = (name: string, failureCode: AbilityStartFailureCode, failureMessage: string) => void@entry\src\main\ets\pages\Index.ets:105","","6.0.1(21)","export type OnRequestFailureFn = (name: string, failureCode: AbilityStartFailureCode, failureMessage: string) => void"
"export type OnRequestFailureFn = (name: string, failureCode: AbilityStartFailureCode, failureMessage: string) => void","新增API","harmonyos_api_changes/HarmonyOS_6.0.1(21)_Beta1.json","export","","const type = event.type;","ArkTS","ohos_library\src\main\ets\components\SideBar.ets:159","export type OnRequestFailureFn = (name: string, failureCode: AbilityStartFailureCode, failureMessage: string) => void@ohos_library\src\main\ets\components\SideBar.ets:159","","6.0.1(21)","export type OnRequestFailureFn = (name: string, failureCode: AbilityStartFailureCode, failureMessage: string) => void"
"export type OnRequestSuccessFn = (name: string) => void","新增API","harmonyos_api_changes/HarmonyOS_6.0.1(21)_Beta1.json","export","","if (item.type === ITEM_TYPE_HEADER) {","ArkTS","entry\src\main\ets\pages\Index.ets:105","export type OnRequestSuccessFn = (name: string) => void@entry\src\main\ets\pages\Index.ets:105","","6.0.1(21)","export type OnRequestSuccessFn = (name: string) => void"
"export type OnRequestSuccessFn = (name: string) => void","新增API","harmonyos_api_changes/HarmonyOS_6.0.1(21)_Beta1.json","export","","const type = event.type;","ArkTS","ohos_library\src\main\ets\components\SideBar.ets:159","export type OnRequestSuccessFn = (name: string) => void@ohos_library\src\main\ets\components\SideBar.ets:159","","6.0.1(21)","export type OnRequestSuccessFn = (name: string) => void"
"export type OnSelectedIndexChange = (selectedIndex: number) => void","新增API","harmonyos_api_changes/HarmonyOS_5.1.0(18).json","export","","if (item.type === ITEM_TYPE_HEADER) {","ArkTS","entry\src\main\ets\pages\Index.ets:105","export type OnSelectedIndexChange = (selectedIndex: number) => void@entry\src\main\ets\pages\Index.ets:105","","5.1.0(18)","export type OnSelectedIndexChange = (selectedIndex: number) => void"
"export type OnSelectedIndexChange = (selectedIndex: number) => void","新增API","harmonyos_api_changes/HarmonyOS_5.1.0(18).json","export","","const type = event.type;","ArkTS","ohos_library\src\main\ets\components\SideBar.ets:159","export type OnSelectedIndexChange = (selectedIndex: number) => void@ohos_library\src\main\ets\components\SideBar.ets:159","","5.1.0(18)","export type OnSelectedIndexChange = (selectedIndex: number) => void"
"export type OnSelectedIndexesChange = (selectedIndexes: number\[\]) => void","新增API","harmonyos_api_changes/HarmonyOS_5.1.0(18).json","export","","if (item.type === ITEM_TYPE_HEADER) {","ArkTS","entry\src\main\ets\pages\Index.ets:105","export type OnSelectedIndexesChange = (selectedIndexes: number\[\]) => void@entry\src\main\ets\pages\Index.ets:105","","5.1.0(18)","export type OnSelectedIndexesChange = (selectedIndexes: number\[\]) => void"
"export type OnSelectedIndexesChange = (selectedIndexes: number\[\]) => void","新增API","harmonyos_api_changes/HarmonyOS_5.1.0(18).json","export","","const type = event.type;","ArkTS","ohos_library\src\main\ets\components\SideBar.ets:159","export type OnSelectedIndexesChange = (selectedIndexes: number\[\]) => void@ohos_library\src\main\ets\components\SideBar.ets:159","","5.1.0(18)","export type OnSelectedIndexesChange = (selectedIndexes: number\[\]) => void"
"export type OnStatusCodeReceive = (statusCode: number, request?: Request) => void","新增API","harmonyos_api_changes/HarmonyOS_6.0.0(20)_Beta1.json","export","","if (item.type === ITEM_TYPE_HEADER) {","ArkTS","entry\src\main\ets\pages\Index.ets:105","export type OnStatusCodeReceive = (statusCode: number, request?: Request) => void@entry\src\main\ets\pages\Index.ets:105","","6.0.0(20)","export type OnStatusCodeReceive = (statusCode: number, request?: Request) => void"
"export type OnStatusCodeReceive = (statusCode: number, request?: Request) => void","新增API","harmonyos_api_changes/HarmonyOS_6.0.0(20)_Beta1.json","export","","const type = event.type;","ArkTS","ohos_library\src\main\ets\components\SideBar.ets:159","export type OnStatusCodeReceive = (statusCode: number, request?: Request) => void@ohos_library\src\main\ets\components\SideBar.ets:159","","6.0.0(20)","export type OnStatusCodeReceive = (statusCode: number, request?: Request) => void"
"export type OnTimeInfo = (timeInfo: TimeInfo) => void","新增API","harmonyos_api_changes/HarmonyOS_5.0.3(15)_Beta2.json","export","","if (item.type === ITEM_TYPE_HEADER) {","ArkTS","entry\src\main\ets\pages\Index.ets:105","export type OnTimeInfo = (timeInfo: TimeInfo) => void@entry\src\main\ets\pages\Index.ets:105","","5.0.3(15)","export type OnTimeInfo = (timeInfo: TimeInfo) => void"
"export type OnTimeInfo = (timeInfo: TimeInfo) => void","新增API","harmonyos_api_changes/HarmonyOS_5.0.3(15)_Beta2.json","export","","const type = event.type;","ArkTS","ohos_library\src\main\ets\components\SideBar.ets:159","export type OnTimeInfo = (timeInfo: TimeInfo) => void@ohos_library\src\main\ets\components\SideBar.ets:159","","5.0.3(15)","export type OnTimeInfo = (timeInfo: TimeInfo) => void"
"export type OnTimeInfo = (timeInfo: TimeInfo, request?: Request) => void","API模型切换","harmonyos_api_changes/HarmonyOS_6.1.0(23)_Beta1.json","export","","if (item.type === ITEM_TYPE_HEADER) {","ArkTS","entry\src\main\ets\pages\Index.ets:105","export type OnTimeInfo = (timeInfo: TimeInfo, request?: Request) => void@entry\src\main\ets\pages\Index.ets:105","","6.1.0(23)","export type OnTimeInfo = (timeInfo: TimeInfo, request?: Request) => void"
"export type OnTimeInfo = (timeInfo: TimeInfo, request?: Request) => void","API模型切换","harmonyos_api_changes/HarmonyOS_6.1.0(23)_Beta1.json","export","","const type = event.type;","ArkTS","ohos_library\src\main\ets\components\SideBar.ets:159","export type OnTimeInfo = (timeInfo: TimeInfo, request?: Request) => void@ohos_library\src\main\ets\components\SideBar.ets:159","","6.1.0(23)","export type OnTimeInfo = (timeInfo: TimeInfo, request?: Request) => void"
"export type OnUploadProgress = (totalSize: number, transferredSize: number) => void","自定义类型变更","harmonyos_api_changes/HarmonyOS_6.0.0(20)_Beta1.json","export","","if (item.type === ITEM_TYPE_HEADER) {","ArkTS","entry\src\main\ets\pages\Index.ets:105","export type OnUploadProgress = (totalSize: number, transferredSize: number) => void@entry\src\main\ets\pages\Index.ets:105","","6.0.0(20)","export type OnUploadProgress = (totalSize: number, transferredSize: number) => void"
"export type OnUploadProgress = (totalSize: number, transferredSize: number) => void","自定义类型变更","harmonyos_api_changes/HarmonyOS_6.0.0(20)_Beta1.json","export","","const type = event.type;","ArkTS","ohos_library\src\main\ets\components\SideBar.ets:159","export type OnUploadProgress = (totalSize: number, transferredSize: number) => void@ohos_library\src\main\ets\components\SideBar.ets:159","","6.0.0(20)","export type OnUploadProgress = (totalSize: number, transferredSize: number) => void"
"export type OnUploadProgress = (totalSize: number, transferredSize: number, request?: Request) => void","API模型切换","harmonyos_api_changes/HarmonyOS_6.1.0(23)_Beta1.json","export","","if (item.type === ITEM_TYPE_HEADER) {","ArkTS","entry\src\main\ets\pages\Index.ets:105","export type OnUploadProgress = (totalSize: number, transferredSize: number, request?: Request) => void@entry\src\main\ets\pages\Index.ets:105","","6.1.0(23)","export type OnUploadProgress = (totalSize: number, transferredSize: number, request?: Request) => void"
"export type OnUploadProgress = (totalSize: number, transferredSize: number, request?: Request) => void","API模型切换","harmonyos_api_changes/HarmonyOS_6.1.0(23)_Beta1.json","export","","const type = event.type;","ArkTS","ohos_library\src\main\ets\components\SideBar.ets:159","export type OnUploadProgress = (totalSize: number, transferredSize: number, request?: Request) => void@ohos_library\src\main\ets\components\SideBar.ets:159","","6.1.0(23)","export type OnUploadProgress = (totalSize: number, transferredSize: number, request?: Request) => void"
"export type PhotoBrowserChangeStartCallback = (targetPhotoInfo: BaseItemInfo) => void","新增API","harmonyos_api_changes/HarmonyOS_6.1.0(23)_Beta1.json","export","","if (item.type === ITEM_TYPE_HEADER) {","ArkTS","entry\src\main\ets\pages\Index.ets:105","export type PhotoBrowserChangeStartCallback = (targetPhotoInfo: BaseItemInfo) => void@entry\src\main\ets\pages\Index.ets:105","","6.1.0(23)","export type PhotoBrowserChangeStartCallback = (targetPhotoInfo: BaseItemInfo) => void"
"export type PhotoBrowserChangeStartCallback = (targetPhotoInfo: BaseItemInfo) => void","新增API","harmonyos_api_changes/HarmonyOS_6.1.0(23)_Beta1.json","export","","const type = event.type;","ArkTS","ohos_library\src\main\ets\components\SideBar.ets:159","export type PhotoBrowserChangeStartCallback = (targetPhotoInfo: BaseItemInfo) => void@ohos_library\src\main\ets\components\SideBar.ets:159","","6.1.0(23)","export type PhotoBrowserChangeStartCallback = (targetPhotoInfo: BaseItemInfo) => void"
"export type PhotoBrowserZoomCallback = (scale: number) => void","新增API","harmonyos_api_changes/HarmonyOS_26.0.0_Beta2.json","export","","if (item.type === ITEM_TYPE_HEADER) {","ArkTS","entry\src\main\ets\pages\Index.ets:105","export type PhotoBrowserZoomCallback = (scale: number) => void@entry\src\main\ets\pages\Index.ets:105","","26.0.0 Beta2","export type PhotoBrowserZoomCallback = (scale: number) => void"
"export type PhotoBrowserZoomCallback = (scale: number) => void","新增API","harmonyos_api_changes/HarmonyOS_26.0.0_Beta2.json","export","","const type = event.type;","ArkTS","ohos_library\src\main\ets\components\SideBar.ets:159","export type PhotoBrowserZoomCallback = (scale: number) => void@ohos_library\src\main\ets\components\SideBar.ets:159","","26.0.0 Beta2","export type PhotoBrowserZoomCallback = (scale: number) => void"
"export type PinchGridSwitchedCallback = (gridLevel: photoAccessHelper.GridLevel) => void","新增API","harmonyos_api_changes/HarmonyOS_6.1.0(23)_Beta1.json","export","","if (item.type === ITEM_TYPE_HEADER) {","ArkTS","entry\src\main\ets\pages\Index.ets:105","export type PinchGridSwitchedCallback = (gridLevel: photoAccessHelper.GridLevel) => void@entry\src\main\ets\pages\Index.ets:105","","6.1.0(23)","export type PinchGridSwitchedCallback = (gridLevel: photoAccessHelper.GridLevel) => void"
"export type PinchGridSwitchedCallback = (gridLevel: photoAccessHelper.GridLevel) => void","新增API","harmonyos_api_changes/HarmonyOS_6.1.0(23)_Beta1.json","export","","const type = event.type;","ArkTS","ohos_library\src\main\ets\components\SideBar.ets:159","export type PinchGridSwitchedCallback = (gridLevel: photoAccessHelper.GridLevel) => void@ohos_library\src\main\ets\components\SideBar.ets:159","","6.1.0(23)","export type PinchGridSwitchedCallback = (gridLevel: photoAccessHelper.GridLevel) => void"
"export type ProxySender = (data: string) => void","新增API","harmonyos_api_changes/HarmonyOS_26.0.0_Beta2.json","export","","if (item.type === ITEM_TYPE_HEADER) {","ArkTS","entry\src\main\ets\pages\Index.ets:105","export type ProxySender = (data: string) => void@entry\src\main\ets\pages\Index.ets:105","","26.0.0 Beta2","export type ProxySender = (data: string) => void"
"export type ProxySender = (data: string) => void","新增API","harmonyos_api_changes/HarmonyOS_26.0.0_Beta2.json","export","","const type = event.type;","ArkTS","ohos_library\src\main\ets\components\SideBar.ets:159","export type ProxySender = (data: string) => void@ohos_library\src\main\ets\components\SideBar.ets:159","","26.0.0 Beta2","export type ProxySender = (data: string) => void"
"export type RecentPhotoCheckInfoCallback = (recentPhotoExists: boolean, info: RecentPhotoInfo) => void","新增API","harmonyos_api_changes/HarmonyOS_5.0.1(13)_Beta3.json","export","","if (item.type === ITEM_TYPE_HEADER) {","ArkTS","entry\src\main\ets\pages\Index.ets:105","export type RecentPhotoCheckInfoCallback = (recentPhotoExists: boolean, info: RecentPhotoInfo) => void@entry\src\main\ets\pages\Index.ets:105","","5.0.1(13)","export type RecentPhotoCheckInfoCallback = (recentPhotoExists: boolean, info: RecentPhotoInfo) => void"
"export type RecentPhotoCheckInfoCallback = (recentPhotoExists: boolean, info: RecentPhotoInfo) => void","新增API","harmonyos_api_changes/HarmonyOS_5.0.1(13)_Beta3.json","export","","const type = event.type;","ArkTS","ohos_library\src\main\ets\components\SideBar.ets:159","export type RecentPhotoCheckInfoCallback = (recentPhotoExists: boolean, info: RecentPhotoInfo) => void@ohos_library\src\main\ets\components\SideBar.ets:159","","5.0.1(13)","export type RecentPhotoCheckInfoCallback = (recentPhotoExists: boolean, info: RecentPhotoInfo) => void"
"export type ResourceUsageObserver = (resourceType: ResourceType, resourceSize: number, detailInfo?: Record<string, number>) => void","新增API","harmonyos_api_changes/HarmonyOS_6.1.1(24)_Beta1.json","export","","if (item.type === ITEM_TYPE_HEADER) {","ArkTS","entry\src\main\ets\pages\Index.ets:105","export type ResourceUsageObserver = (resourceType: ResourceType, resourceSize: number, detailInfo?: Record<string, number>) => void@entry\src\main\ets\pages\Index.ets:105","","6.1.1(24)","export type ResourceUsageObserver = (resourceType: ResourceType, resourceSize: number, detailInfo?: Record<string, number>) => void"
"export type ResourceUsageObserver = (resourceType: ResourceType, resourceSize: number, detailInfo?: Record<string, number>) => void","新增API","harmonyos_api_changes/HarmonyOS_6.1.1(24)_Beta1.json","export","","const type = event.type;","ArkTS","ohos_library\src\main\ets\components\SideBar.ets:159","export type ResourceUsageObserver = (resourceType: ResourceType, resourceSize: number, detailInfo?: Record<string, number>) => void@ohos_library\src\main\ets\components\SideBar.ets:159","","6.1.1(24)","export type ResourceUsageObserver = (resourceType: ResourceType, resourceSize: number, detailInfo?: Record<string, number>) => void"
"export type ResponseHeaders = { \[k: string\]: string | string\[\] | undefined; 'accept-ranges'?: 'none' | 'bytes' | (string \& NonNullable<unknown>); 'allow'?: HttpMethod | HttpMethod\[\]; 'cache-control'?: string | string\[\]; 'content-encoding'?: ContentCoding; 'content-range'?: string; 'content-type'?: ContentType; 'date'?: string; 'etag'?: string; 'expires'?: string; 'location'?: string; 'retry-after'?: string; 'set-cookie'?: string | string\[\]; 'server'?: string; 'www-authenticate'?: string | string\[\]; }","API模型切换","harmonyos_api_changes/HarmonyOS_6.1.0(23)_Beta1.json","export","","if (item.type === ITEM_TYPE_HEADER) {","ArkTS","entry\src\main\ets\pages\Index.ets:105","export type ResponseHeaders = { \[k: string\]: string | string\[\] | undefined; 'accept-ranges'?: 'none' | 'bytes' | (string \& NonNullable<unknown>); 'allow'?: HttpMethod | HttpMethod\[\]; 'cache-control'?: string | string\[\]; 'content-encoding'?: ContentCoding; 'content-range'?: string; 'content-type'?: ContentType; 'date'?: string; 'etag'?: string; 'expires'?: string; 'location'?: string; 'retry-after'?: string; 'set-cookie'?: string | string\[\]; 'server'?: string; 'www-authenticate'?: string | string\[\]; }@entry\src\main\ets\pages\Index.ets:105","","6.1.0(23)","export type ResponseHeaders = { \[k: string\]: string | string\[\] | undefined; 'accept-ranges'?: 'none' | 'bytes' | (string \& NonNullable<unknown>); 'allow'?: HttpMethod | HttpMethod\[\]; 'cache-control'?: string | string\[\]; 'content-encoding'?: ContentCoding; 'content-range'?: string; 'content-type'?: ContentType; 'date'?: string; 'etag'?: string; 'expires'?: string; 'location'?: string; 'retry-after'?: string; 'set-cookie'?: string | string\[\]; 'server'?: string; 'www-authenticate'?: string | string\[\]; }"
"export type ResponseHeaders = { \[k: string\]: string | string\[\] | undefined; 'accept-ranges'?: 'none' | 'bytes' | (string \& NonNullable<unknown>); 'allow'?: HttpMethod | HttpMethod\[\]; 'cache-control'?: string | string\[\]; 'content-encoding'?: ContentCoding; 'content-range'?: string; 'content-type'?: ContentType; 'date'?: string; 'etag'?: string; 'expires'?: string; 'location'?: string; 'retry-after'?: string; 'set-cookie'?: string | string\[\]; 'server'?: string; 'www-authenticate'?: string | string\[\]; }","API模型切换","harmonyos_api_changes/HarmonyOS_6.1.0(23)_Beta1.json","export","","const type = event.type;","ArkTS","ohos_library\src\main\ets\components\SideBar.ets:159","export type ResponseHeaders = { \[k: string\]: string | string\[\] | undefined; 'accept-ranges'?: 'none' | 'bytes' | (string \& NonNullable<unknown>); 'allow'?: HttpMethod | HttpMethod\[\]; 'cache-control'?: string | string\[\]; 'content-encoding'?: ContentCoding; 'content-range'?: string; 'content-type'?: ContentType; 'date'?: string; 'etag'?: string; 'expires'?: string; 'location'?: string; 'retry-after'?: string; 'set-cookie'?: string | string\[\]; 'server'?: string; 'www-authenticate'?: string | string\[\]; }@ohos_library\src\main\ets\components\SideBar.ets:159","","6.1.0(23)","export type ResponseHeaders = { \[k: string\]: string | string\[\] | undefined; 'accept-ranges'?: 'none' | 'bytes' | (string \& NonNullable<unknown>); 'allow'?: HttpMethod | HttpMethod\[\]; 'cache-control'?: string | string\[\]; 'content-encoding'?: ContentCoding; 'content-range'?: string; 'content-type'?: ContentType; 'date'?: string; 'etag'?: string; 'expires'?: string; 'location'?: string; 'retry-after'?: string; 'set-cookie'?: string | string\[\]; 'server'?: string; 'www-authenticate'?: string | string\[\]; }"
"export type ResponseValidationCallback = (response: Response) => boolean | Promise<boolean>","API模型切换","harmonyos_api_changes/HarmonyOS_6.1.0(23)_Beta1.json","export","","if (item.type === ITEM_TYPE_HEADER) {","ArkTS","entry\src\main\ets\pages\Index.ets:105","export type ResponseValidationCallback = (response: Response) => boolean | Promise<boolean>@entry\src\main\ets\pages\Index.ets:105","","6.1.0(23)","export type ResponseValidationCallback = (response: Response) => boolean | Promise<boolean>"
"export type ResponseValidationCallback = (response: Response) => boolean | Promise<boolean>","API模型切换","harmonyos_api_changes/HarmonyOS_6.1.0(23)_Beta1.json","export","","const type = event.type;","ArkTS","ohos_library\src\main\ets\components\SideBar.ets:159","export type ResponseValidationCallback = (response: Response) => boolean | Promise<boolean>@ohos_library\src\main\ets\components\SideBar.ets:159","","6.1.0(23)","export type ResponseValidationCallback = (response: Response) => boolean | Promise<boolean>"
"export type ScrollStopAtEndCallback = () => void","新增API","harmonyos_api_changes/HarmonyOS_6.1.0(23)_Beta1.json","export","","if (item.type === ITEM_TYPE_HEADER) {","ArkTS","entry\src\main\ets\pages\Index.ets:105","export type ScrollStopAtEndCallback = () => void@entry\src\main\ets\pages\Index.ets:105","","6.1.0(23)","export type ScrollStopAtEndCallback = () => void"
"export type ScrollStopAtEndCallback = () => void","新增API","harmonyos_api_changes/HarmonyOS_6.1.0(23)_Beta1.json","export","","const type = event.type;","ArkTS","ohos_library\src\main\ets\components\SideBar.ets:159","export type ScrollStopAtEndCallback = () => void@ohos_library\src\main\ets\components\SideBar.ets:159","","6.1.0(23)","export type ScrollStopAtEndCallback = () => void"
"export type ScrollStopAtStartCallback = () => void","新增API","harmonyos_api_changes/HarmonyOS_6.1.0(23)_Beta1.json","export","","if (item.type === ITEM_TYPE_HEADER) {","ArkTS","entry\src\main\ets\pages\Index.ets:105","export type ScrollStopAtStartCallback = () => void@entry\src\main\ets\pages\Index.ets:105","","6.1.0(23)","export type ScrollStopAtStartCallback = () => void"
"export type ScrollStopAtStartCallback = () => void","新增API","harmonyos_api_changes/HarmonyOS_6.1.0(23)_Beta1.json","export","","const type = event.type;","ArkTS","ohos_library\src\main\ets\components\SideBar.ets:159","export type ScrollStopAtStartCallback = () => void@ohos_library\src\main\ets\components\SideBar.ets:159","","6.1.0(23)","export type ScrollStopAtStartCallback = () => void"
"export type SearchKeyCallback = (results: SearchResultData\[\]) => boolean","新增API","harmonyos_api_changes/HarmonyOS_6.0.1(21)_Beta1.json","export","","if (item.type === ITEM_TYPE_HEADER) {","ArkTS","entry\src\main\ets\pages\Index.ets:105","export type SearchKeyCallback = (results: SearchResultData\[\]) => boolean@entry\src\main\ets\pages\Index.ets:105","","6.0.1(21)","export type SearchKeyCallback = (results: SearchResultData\[\]) => boolean"
"export type SearchKeyCallback = (results: SearchResultData\[\]) => boolean","新增API","harmonyos_api_changes/HarmonyOS_6.0.1(21)_Beta1.json","export","","const type = event.type;","ArkTS","ohos_library\src\main\ets\components\SideBar.ets:159","export type SearchKeyCallback = (results: SearchResultData\[\]) => boolean@ohos_library\src\main\ets\components\SideBar.ets:159","","6.0.1(21)","export type SearchKeyCallback = (results: SearchResultData\[\]) => boolean"
"export type SetPreviewTextCallback = (text: string, range: Range) => void","新增API","harmonyos_api_changes/HarmonyOS_5.0.5(17).json","export","","if (item.type === ITEM_TYPE_HEADER) {","ArkTS","entry\src\main\ets\pages\Index.ets:105","export type SetPreviewTextCallback = (text: string, range: Range) => void@entry\src\main\ets\pages\Index.ets:105","","5.0.5(17)","export type SetPreviewTextCallback = (text: string, range: Range) => void"
"export type SetPreviewTextCallback = (text: string, range: Range) => void","新增API","harmonyos_api_changes/HarmonyOS_5.0.5(17).json","export","","const type = event.type;","ArkTS","ohos_library\src\main\ets\components\SideBar.ets:159","export type SetPreviewTextCallback = (text: string, range: Range) => void@ohos_library\src\main\ets\components\SideBar.ets:159","","5.0.5(17)","export type SetPreviewTextCallback = (text: string, range: Range) => void"
"export type SizeChangeCallback = (size: window.Size, keyboardArea?: KeyboardArea) => void","新增API","harmonyos_api_changes/HarmonyOS_5.0.3(15)_Beta2.json","export","","if (item.type === ITEM_TYPE_HEADER) {","ArkTS","entry\src\main\ets\pages\Index.ets:105","export type SizeChangeCallback = (size: window.Size, keyboardArea?: KeyboardArea) => void@entry\src\main\ets\pages\Index.ets:105","","5.0.3(15)","export type SizeChangeCallback = (size: window.Size, keyboardArea?: KeyboardArea) => void"
"export type SizeChangeCallback = (size: window.Size, keyboardArea?: KeyboardArea) => void","新增API","harmonyos_api_changes/HarmonyOS_5.0.3(15)_Beta2.json","export","","const type = event.type;","ArkTS","ohos_library\src\main\ets\components\SideBar.ets:159","export type SizeChangeCallback = (size: window.Size, keyboardArea?: KeyboardArea) => void@ohos_library\src\main\ets\components\SideBar.ets:159","","5.0.3(15)","export type SizeChangeCallback = (size: window.Size, keyboardArea?: KeyboardArea) => void"
"export type SubHeaderV2OperationItemAction = () => void","新增API","harmonyos_api_changes/HarmonyOS_5.1.0(18).json","export","","if (item.type === ITEM_TYPE_HEADER) {","ArkTS","entry\src\main\ets\pages\Index.ets:105","export type SubHeaderV2OperationItemAction = () => void@entry\src\main\ets\pages\Index.ets:105","","5.1.0(18)","export type SubHeaderV2OperationItemAction = () => void"
"export type SubHeaderV2OperationItemAction = () => void","新增API","harmonyos_api_changes/HarmonyOS_5.1.0(18).json","export","","const type = event.type;","ArkTS","ohos_library\src\main\ets\components\SideBar.ets:159","export type SubHeaderV2OperationItemAction = () => void@ohos_library\src\main\ets\components\SideBar.ets:159","","5.1.0(18)","export type SubHeaderV2OperationItemAction = () => void"
"export type SubHeaderV2SelectOnSelect = (selectedIndex: number, selectedContent?: string) => void","新增API","harmonyos_api_changes/HarmonyOS_5.1.0(18).json","export","","if (item.type === ITEM_TYPE_HEADER) {","ArkTS","entry\src\main\ets\pages\Index.ets:105","export type SubHeaderV2SelectOnSelect = (selectedIndex: number, selectedContent?: string) => void@entry\src\main\ets\pages\Index.ets:105","","5.1.0(18)","export type SubHeaderV2SelectOnSelect = (selectedIndex: number, selectedContent?: string) => void"
"export type SubHeaderV2SelectOnSelect = (selectedIndex: number, selectedContent?: string) => void","新增API","harmonyos_api_changes/HarmonyOS_5.1.0(18).json","export","","const type = event.type;","ArkTS","ohos_library\src\main\ets\components\SideBar.ets:159","export type SubHeaderV2SelectOnSelect = (selectedIndex: number, selectedContent?: string) => void@ohos_library\src\main\ets\components\SideBar.ets:159","","5.1.0(18)","export type SubHeaderV2SelectOnSelect = (selectedIndex: number, selectedContent?: string) => void"
"export type SubHeaderV2TitleBuilder = () => void","新增API","harmonyos_api_changes/HarmonyOS_5.1.0(18).json","export","","if (item.type === ITEM_TYPE_HEADER) {","ArkTS","entry\src\main\ets\pages\Index.ets:105","export type SubHeaderV2TitleBuilder = () => void@entry\src\main\ets\pages\Index.ets:105","","5.1.0(18)","export type SubHeaderV2TitleBuilder = () => void"
"export type SubHeaderV2TitleBuilder = () => void","新增API","harmonyos_api_changes/HarmonyOS_5.1.0(18).json","export","","const type = event.type;","ArkTS","ohos_library\src\main\ets\components\SideBar.ets:159","export type SubHeaderV2TitleBuilder = () => void@ohos_library\src\main\ets\components\SideBar.ets:159","","5.1.0(18)","export type SubHeaderV2TitleBuilder = () => void"
"export type TargetFileCallback = (request: Request, suggestedPath: Path) => TargetFile | Promise<TargetFile>","API模型切换","harmonyos_api_changes/HarmonyOS_6.1.0(23)_Beta1.json","export","","if (item.type === ITEM_TYPE_HEADER) {","ArkTS","entry\src\main\ets\pages\Index.ets:105","export type TargetFileCallback = (request: Request, suggestedPath: Path) => TargetFile | Promise<TargetFile>@entry\src\main\ets\pages\Index.ets:105","","6.1.0(23)","export type TargetFileCallback = (request: Request, suggestedPath: Path) => TargetFile | Promise<TargetFile>"
"export type TargetFileCallback = (request: Request, suggestedPath: Path) => TargetFile | Promise<TargetFile>","API模型切换","harmonyos_api_changes/HarmonyOS_6.1.0(23)_Beta1.json","export","","const type = event.type;","ArkTS","ohos_library\src\main\ets\components\SideBar.ets:159","export type TargetFileCallback = (request: Request, suggestedPath: Path) => TargetFile | Promise<TargetFile>@ohos_library\src\main\ets\components\SideBar.ets:159","","6.1.0(23)","export type TargetFileCallback = (request: Request, suggestedPath: Path) => TargetFile | Promise<TargetFile>"
"export type ToolBarV2ItemAction = (index: number) => void","新增API","harmonyos_api_changes/HarmonyOS_5.1.0(18).json","export","","if (item.type === ITEM_TYPE_HEADER) {","ArkTS","entry\src\main\ets\pages\Index.ets:105","export type ToolBarV2ItemAction = (index: number) => void@entry\src\main\ets\pages\Index.ets:105","","5.1.0(18)","export type ToolBarV2ItemAction = (index: number) => void"
"export type ToolBarV2ItemAction = (index: number) => void","新增API","harmonyos_api_changes/HarmonyOS_5.1.0(18).json","export","","const type = event.type;","ArkTS","ohos_library\src\main\ets\components\SideBar.ets:159","export type ToolBarV2ItemAction = (index: number) => void@ohos_library\src\main\ets\components\SideBar.ets:159","","5.1.0(18)","export type ToolBarV2ItemAction = (index: number) => void"
"export type UpReadState = (readState: ReadStateCode) => void","新增API","harmonyos_api_changes/HarmonyOS_6.1.1(24)_Beta1.json","export","","if (item.type === ITEM_TYPE_HEADER) {","ArkTS","entry\src\main\ets\pages\Index.ets:105","export type UpReadState = (readState: ReadStateCode) => void@entry\src\main\ets\pages\Index.ets:105","","6.1.1(24)","export type UpReadState = (readState: ReadStateCode) => void"
"export type UpReadState = (readState: ReadStateCode) => void","新增API","harmonyos_api_changes/HarmonyOS_6.1.1(24)_Beta1.json","export","","const type = event.type;","ArkTS","ohos_library\src\main\ets\components\SideBar.ets:159","export type UpReadState = (readState: ReadStateCode) => void@ohos_library\src\main\ets\components\SideBar.ets:159","","6.1.1(24)","export type UpReadState = (readState: ReadStateCode) => void"
"export type ValidationCallback = (context: ValidationContext) => boolean | Promise<boolean>","API模型切换","harmonyos_api_changes/HarmonyOS_6.1.0(23)_Beta1.json","export","","if (item.type === ITEM_TYPE_HEADER) {","ArkTS","entry\src\main\ets\pages\Index.ets:105","export type ValidationCallback = (context: ValidationContext) => boolean | Promise<boolean>@entry\src\main\ets\pages\Index.ets:105","","6.1.0(23)","export type ValidationCallback = (context: ValidationContext) => boolean | Promise<boolean>"
"export type ValidationCallback = (context: ValidationContext) => boolean | Promise<boolean>","API模型切换","harmonyos_api_changes/HarmonyOS_6.1.0(23)_Beta1.json","export","","const type = event.type;","ArkTS","ohos_library\src\main\ets\components\SideBar.ets:159","export type ValidationCallback = (context: ValidationContext) => boolean | Promise<boolean>@ohos_library\src\main\ets\components\SideBar.ets:159","","6.1.0(23)","export type ValidationCallback = (context: ValidationContext) => boolean | Promise<boolean>"
"export type customInfoWindowCallback = (markerDelegate: map.MarkerDelegate) => void","修改导出符号","harmonyos_api_changes/HarmonyOS_26.0.0_Beta2.json","export","","if (item.type === ITEM_TYPE_HEADER) {","ArkTS","entry\src\main\ets\pages\Index.ets:105","export type customInfoWindowCallback = (markerDelegate: map.MarkerDelegate) => void@entry\src\main\ets\pages\Index.ets:105","","26.0.0 Beta2","export type customInfoWindowCallback = (markerDelegate: map.MarkerDelegate) => void"
"export type customInfoWindowCallback = (markerDelegate: map.MarkerDelegate) => void","修改导出符号","harmonyos_api_changes/HarmonyOS_26.0.0_Beta2.json","export","","const type = event.type;","ArkTS","ohos_library\src\main\ets\components\SideBar.ets:159","export type customInfoWindowCallback = (markerDelegate: map.MarkerDelegate) => void@ohos_library\src\main\ets\components\SideBar.ets:159","","26.0.0 Beta2","export type customInfoWindowCallback = (markerDelegate: map.MarkerDelegate) => void"
"export type videoPlayStateChangedCallback = (state: VideoPlayerState) => void","新增API","harmonyos_api_changes/HarmonyOS_5.0.2(14).json","export","","if (item.type === ITEM_TYPE_HEADER) {","ArkTS","entry\src\main\ets\pages\Index.ets:105","export type videoPlayStateChangedCallback = (state: VideoPlayerState) => void@entry\src\main\ets\pages\Index.ets:105","","5.0.2(14)","export type videoPlayStateChangedCallback = (state: VideoPlayerState) => void"
"export type videoPlayStateChangedCallback = (state: VideoPlayerState) => void","新增API","harmonyos_api_changes/HarmonyOS_5.0.2(14).json","export","","const type = event.type;","ArkTS","ohos_library\src\main\ets\components\SideBar.ets:159","export type videoPlayStateChangedCallback = (state: VideoPlayerState) => void@ohos_library\src\main\ets\components\SideBar.ets:159","","5.0.2(14)","export type videoPlayStateChangedCallback = (state: VideoPlayerState) => void"
"fillText(text: string, x: number, y: number, maxWidth?: number): void","接口行为变更","harmonyos_behavior_changes/HarmonyOS_5.0.1(13)_Release.json","fillText","","this.ctx.fillText(text, drawX, centerY);","ArkTS","ohos_library\src\main\ets\components\SideBar.ets:145","fillText(text: string, x: number, y: number, maxWidth?: number): void@ohos_library\src\main\ets\components\SideBar.ets:145","this","5.0.1(13)","fillText(text: string, x: number, y: number, maxWidth?: number): void"
"font: string","接口行为变更","harmonyos_behavior_changes/HarmonyOS_6.0.0(20)_Beta2.json","font","","this.ctx.font = `${this.textSize}vp sans-serif`;","ArkTS","ohos_library\src\main\ets\components\SideBar.ets:122","font: string@ohos_library\src\main\ets\components\SideBar.ets:122","this","6.0.0(20)","font: string"
"function back(index: number, params?: Object): void","API废弃版本变更","harmonyos_api_changes/HarmonyOS_5.1.0(18).json","back","","router.back();","ArkTS","entry\src\main\ets\pages\Settings.ets:37","function back(index: number, params?: Object): void@entry\src\main\ets\pages\Settings.ets:37","router","5.1.0(18)","function back(index: number, params?: Object): void"
"function back(options?: RouterOptions): void","API废弃版本变更","harmonyos_api_changes/HarmonyOS_5.1.0(18).json","back","","router.back();","ArkTS","entry\src\main\ets\pages\Settings.ets:37","function back(options?: RouterOptions): void@entry\src\main\ets\pages\Settings.ets:37","router","5.1.0(18)","function back(options?: RouterOptions): void"
"function pushUrl(options: RouterOptions): Promise<void>","API废弃版本变更","harmonyos_api_changes/HarmonyOS_5.1.0(18).json","pushUrl","","router.pushUrl({ url: 'pages/Settings' });","ArkTS","entry\src\main\ets\pages\Index.ets:91","function pushUrl(options: RouterOptions): Promise<void>@entry\src\main\ets\pages\Index.ets:91","router","5.1.0(18)","function pushUrl(options: RouterOptions): Promise<void>"
"function pushUrl(options: RouterOptions, callback: AsyncCallback<void>): void","API废弃版本变更","harmonyos_api_changes/HarmonyOS_5.1.0(18).json","pushUrl","","router.pushUrl({ url: 'pages/Settings' });","ArkTS","entry\src\main\ets\pages\Index.ets:91","function pushUrl(options: RouterOptions, callback: AsyncCallback<void>): void@entry\src\main\ets\pages\Index.ets:91","router","5.1.0(18)","function pushUrl(options: RouterOptions, callback: AsyncCallback<void>): void"
"function pushUrl(options: RouterOptions, mode: RouterMode): Promise<void>","API废弃版本变更","harmonyos_api_changes/HarmonyOS_5.1.0(18).json","pushUrl","","router.pushUrl({ url: 'pages/Settings' });","ArkTS","entry\src\main\ets\pages\Index.ets:91","function pushUrl(options: RouterOptions, mode: RouterMode): Promise<void>@entry\src\main\ets\pages\Index.ets:91","router","5.1.0(18)","function pushUrl(options: RouterOptions, mode: RouterMode): Promise<void>"
"function pushUrl(options: RouterOptions, mode: RouterMode, callback: AsyncCallback<void>): void","API废弃版本变更","harmonyos_api_changes/HarmonyOS_5.1.0(18).json","pushUrl","","router.pushUrl({ url: 'pages/Settings' });","ArkTS","entry\src\main\ets\pages\Index.ets:91","function pushUrl(options: RouterOptions, mode: RouterMode, callback: AsyncCallback<void>): void@entry\src\main\ets\pages\Index.ets:91","router","5.1.0(18)","function pushUrl(options: RouterOptions, mode: RouterMode, callback: AsyncCallback<void>): void"
"get(field: string): number","接口行为变更","harmonyos_behavior_changes/HarmonyOS_6.0.0(20)_Beta2.json","get","","let index = this.indexMap.get(selectedValue);","ArkTS","entry\src\main\ets\pages\Index.ets:51","get(field: string): number@entry\src\main\ets\pages\Index.ets:51","","6.0.0(20)","get(field: string): number"
"height?: number | string","接口定义变更","harmonyos_behavior_changes/HarmonyOS_6.0.0(20)_Beta1.json","height","","Path()","ArkTS","entry\src\main\ets\components\HintBubble.ets:43","height?: number | string@entry\src\main\ets\components\HintBubble.ets:43","","6.0.0(20)","height?: number | string"
"hitTestBehavior(value: HitTestMode): T","API卡片权限变更","harmonyos_api_changes/HarmonyOS_26.0.0_Beta2.json","hitTestBehavior","",".hitTestBehavior(HitTestMode.Block);","ArkTS","ohos_library\src\main\ets\components\SideBar.ets:223","hitTestBehavior(value: HitTestMode): T@ohos_library\src\main\ets\components\SideBar.ets:223","","26.0.0 Beta2","hitTestBehavior(value: HitTestMode): T"
"initialIndex?: number","接口行为变更","harmonyos_behavior_changes/HarmonyOS_5.0.2(14)_Beta1.json","initialIndex","","List({ scroller: this.scroller }) {","ArkTS","entry\src\main\ets\pages\Index.ets:102","initialIndex?: number@entry\src\main\ets\pages\Index.ets:102","","5.0.2(14)","initialIndex?: number"
"interface ApnInfo","新增API","harmonyos_api_changes/HarmonyOS_5.0.4(16).json","ApnInfo","","data.push(headerItem);","ArkTS","entry\src\main\ets\common\DataUtil.ets:59","interface ApnInfo@entry\src\main\ets\common\DataUtil.ets:59","data","5.0.4(16)","interface ApnInfo"
"interface ApnInfo","新增API","harmonyos_api_changes/HarmonyOS_5.0.4(16).json","ApnInfo","","data.push(contactItem);","ArkTS","entry\src\main\ets\common\DataUtil.ets:63","interface ApnInfo@entry\src\main\ets\common\DataUtil.ets:63","data","5.0.4(16)","interface ApnInfo"
"interface FlowFieldOverlay","新增API","harmonyos_api_changes/HarmonyOS_6.0.0(20)_Beta3.json","FlowFieldOverlay","","map.set(group.letter, index);","ArkTS","entry\src\main\ets\common\DataUtil.ets:77","interface FlowFieldOverlay@entry\src\main\ets\common\DataUtil.ets:77","map","6.0.0(20)","interface FlowFieldOverlay"
"interface Heatmap","新增API","harmonyos_api_changes/HarmonyOS_6.0.0(20)_Beta3.json","Heatmap","","map.set(group.letter, index);","ArkTS","entry\src\main\ets\common\DataUtil.ets:77","interface Heatmap@entry\src\main\ets\common\DataUtil.ets:77","map","6.0.0(20)","interface Heatmap"
"interface IndoorMapInfo","新增API","harmonyos_api_changes/HarmonyOS_5.1.1(19)_Beta1.json","IndoorMapInfo","","map.set(group.letter, index);","ArkTS","entry\src\main\ets\common\DataUtil.ets:77","interface IndoorMapInfo@entry\src\main\ets\common\DataUtil.ets:77","map","5.1.1(19)","interface IndoorMapInfo"
"interface MapSignalLine","新增API","harmonyos_api_changes/HarmonyOS_26.0.0_Beta2.json","MapSignalLine","","map.set(group.letter, index);","ArkTS","entry\src\main\ets\common\DataUtil.ets:77","interface MapSignalLine@entry\src\main\ets\common\DataUtil.ets:77","map","26.0.0 Beta2","interface MapSignalLine"
"interface MarkerClusterInfo","新增API","harmonyos_api_changes/HarmonyOS_5.0.3(15)_Beta2.json","MarkerClusterInfo","","map.set(group.letter, index);","ArkTS","entry\src\main\ets\common\DataUtil.ets:77","interface MarkerClusterInfo@entry\src\main\ets\common\DataUtil.ets:77","map","5.0.3(15)","interface MarkerClusterInfo"
"interface MassPointOverlay","新增API","harmonyos_api_changes/HarmonyOS_6.0.0(20)_Beta3.json","MassPointOverlay","","map.set(group.letter, index);","ArkTS","entry\src\main\ets\common\DataUtil.ets:77","interface MassPointOverlay@entry\src\main\ets\common\DataUtil.ets:77","map","6.0.0(20)","interface MassPointOverlay"
"interface MvtOverlay","新增API","harmonyos_api_changes/HarmonyOS_6.0.0(20)_Beta3.json","MvtOverlay","","map.set(group.letter, index);","ArkTS","entry\src\main\ets\common\DataUtil.ets:77","interface MvtOverlay@entry\src\main\ets\common\DataUtil.ets:77","map","6.0.0(20)","interface MvtOverlay"
"interface TileOverlay","新增API","harmonyos_api_changes/HarmonyOS_5.0.3(15)_Beta2.json","TileOverlay","","map.set(group.letter, index);","ArkTS","entry\src\main\ets\common\DataUtil.ets:77","interface TileOverlay@entry\src\main\ets\common\DataUtil.ets:77","map","5.0.3(15)","interface TileOverlay"
"loadContent(path: string, callback: AsyncCallback<void>): void","删除错误码","harmonyos_api_changes/HarmonyOS_5.1.1(19)_Release.json","loadContent","","windowStage.loadContent('pages/Index', (err) => {","ArkTS","entry\src\main\ets\entryability\EntryAbility.ets:25","loadContent(path: string, callback: AsyncCallback<void>): void@entry\src\main\ets\entryability\EntryAbility.ets:25","windowStage","5.1.1(19)","loadContent(path: string, callback: AsyncCallback<void>): void"
"loadContent(path: string, storage: LocalStorage): Promise<void>","删除错误码","harmonyos_api_changes/HarmonyOS_5.1.1(19)_Release.json","loadContent","","windowStage.loadContent('pages/Index', (err) => {","ArkTS","entry\src\main\ets\entryability\EntryAbility.ets:25","loadContent(path: string, storage: LocalStorage): Promise<void>@entry\src\main\ets\entryability\EntryAbility.ets:25","windowStage","5.1.1(19)","loadContent(path: string, storage: LocalStorage): Promise<void>"
"loadContent(path: string, storage: LocalStorage, callback: AsyncCallback<void>): void","删除错误码","harmonyos_api_changes/HarmonyOS_5.1.1(19)_Release.json","loadContent","","windowStage.loadContent('pages/Index', (err) => {","ArkTS","entry\src\main\ets\entryability\EntryAbility.ets:25","loadContent(path: string, storage: LocalStorage, callback: AsyncCallback<void>): void@entry\src\main\ets\entryability\EntryAbility.ets:25","windowStage","5.1.1(19)","loadContent(path: string, storage: LocalStorage, callback: AsyncCallback<void>): void"
"loadContent(path: string, storage?: LocalStorage): Promise<void>","删除错误码","harmonyos_api_changes/HarmonyOS_5.1.1(19)_Release.json","loadContent","","windowStage.loadContent('pages/Index', (err) => {","ArkTS","entry\src\main\ets\entryability\EntryAbility.ets:25","loadContent(path: string, storage?: LocalStorage): Promise<void>@entry\src\main\ets\entryability\EntryAbility.ets:25","windowStage","5.1.1(19)","loadContent(path: string, storage?: LocalStorage): Promise<void>"
"measureText(text: string, encoding: TextEncoding): number","API跨平台权限变更","harmonyos_api_changes/HarmonyOS_6.0.0(20)_Beta3.json","measureText","","const textWidth = this.ctx.measureText(text).width;","ArkTS","ohos_library\src\main\ets\components\SideBar.ets:128","measureText(text: string, encoding: TextEncoding): number@ohos_library\src\main\ets\components\SideBar.ets:128","","6.0.0(20)","measureText(text: string, encoding: TextEncoding): number"
"onAreaChange(event: (oldValue: Area, newValue: Area) => void): T","类新增同名方法且参数类型与已有的参数类型范围是包含关系","harmonyos_api_changes/HarmonyOS_26.0.0_Beta1.json","onAreaChange","",".onAreaChange((old: Area, newArea: Area) => {","ArkTS","entry\src\main\ets\pages\Index.ets:157","onAreaChange(event: (oldValue: Area, newValue: Area) => void): T@entry\src\main\ets\pages\Index.ets:157","","26.0.0 Beta2","onAreaChange(event: (oldValue: Area, newValue: Area) => void): T"
"onAreaChange(event: (oldValue: Area, newValue: Area) => void): T","类新增同名方法且参数类型与已有的参数类型范围是包含关系","harmonyos_api_changes/HarmonyOS_26.0.0_Beta1.json","onAreaChange","",".onAreaChange((oldValue: Area, newValue: Area) => {","ArkTS","ohos_library\src\main\ets\components\SideBar.ets:211","onAreaChange(event: (oldValue: Area, newValue: Area) => void): T@ohos_library\src\main\ets\components\SideBar.ets:211","","26.0.0 Beta2","onAreaChange(event: (oldValue: Area, newValue: Area) => void): T"
"onChange?: (value: Date) => void","函数变更","harmonyos_api_changes/HarmonyOS_5.1.0(18).json","onChange","",".onChange((value: number) => {","ArkTS","entry\src\main\ets\pages\Settings.ets:167","onChange?: (value: Date) => void@entry\src\main\ets\pages\Settings.ets:167","","5.1.0(18)","onChange?: (value: Date) => void"
"onChange?: (value: Date) => void","函数变更","harmonyos_api_changes/HarmonyOS_5.1.0(18).json","onChange","",".onChange((value: number) => {","ArkTS","entry\src\main\ets\pages\Settings.ets:199","onChange?: (value: Date) => void@entry\src\main\ets\pages\Settings.ets:199","","5.1.0(18)","onChange?: (value: Date) => void"
"onChange?: (value: Date) => void","函数变更","harmonyos_api_changes/HarmonyOS_5.1.0(18).json","onChange","",".onChange((value: number) => {","ArkTS","entry\src\main\ets\pages\Settings.ets:231","onChange?: (value: Date) => void@entry\src\main\ets\pages\Settings.ets:231","","5.1.0(18)","onChange?: (value: Date) => void"
"scroller: Scroller","新增API","harmonyos_api_changes/HarmonyOS_5.1.0(18).json","scroller","","this.scroller.scrollToIndex(index, true, ScrollAlign.START);","ArkTS","entry\src\main\ets\pages\Index.ets:53","scroller: Scroller@entry\src\main\ets\pages\Index.ets:53","this","5.1.0(18)","scroller: Scroller"
"scroller?: Scroller","新增API","harmonyos_api_changes/HarmonyOS_5.1.0(18).json","scroller","","this.scroller.scrollToIndex(index, true, ScrollAlign.START);","ArkTS","entry\src\main\ets\pages\Index.ets:53","scroller?: Scroller@entry\src\main\ets\pages\Index.ets:53","this","5.1.0(18)","scroller?: Scroller"
"selectedColor(value: ResourceColor): SliderAttribute","类新增同名方法且参数类型与已有的参数类型范围是包含关系","harmonyos_api_changes/HarmonyOS_5.1.0(18).json","selectedColor","",".selectedColor('#FF8800')","ArkTS","entry\src\main\ets\pages\Settings.ets:165","selectedColor(value: ResourceColor): SliderAttribute@entry\src\main\ets\pages\Settings.ets:165","","5.1.0(18)","selectedColor(value: ResourceColor): SliderAttribute"
"selectedColor(value: ResourceColor): SliderAttribute","类新增同名方法且参数类型与已有的参数类型范围是包含关系","harmonyos_api_changes/HarmonyOS_5.1.0(18).json","selectedColor","",".selectedColor('#FF8800')","ArkTS","entry\src\main\ets\pages\Settings.ets:197","selectedColor(value: ResourceColor): SliderAttribute@entry\src\main\ets\pages\Settings.ets:197","","5.1.0(18)","selectedColor(value: ResourceColor): SliderAttribute"
"selectedColor(value: ResourceColor): SliderAttribute","类新增同名方法且参数类型与已有的参数类型范围是包含关系","harmonyos_api_changes/HarmonyOS_5.1.0(18).json","selectedColor","",".selectedColor('#FF8800')","ArkTS","entry\src\main\ets\pages\Settings.ets:229","selectedColor(value: ResourceColor): SliderAttribute@entry\src\main\ets\pages\Settings.ets:229","","5.1.0(18)","selectedColor(value: ResourceColor): SliderAttribute"
"setColorMode(colorMode: ConfigurationConstant.ColorMode): void","类新增必选属性或非同名方法","harmonyos_api_changes/HarmonyOS_5.1.0(18).json","setColorMode","","this.context.getApplicationContext().setColorMode(ConfigurationConstant.ColorMode.COLOR_MODE_NOT_SET);","ArkTS","entry\src\main\ets\entryability\EntryAbility.ets:10","setColorMode(colorMode: ConfigurationConstant.ColorMode): void@entry\src\main\ets\entryability\EntryAbility.ets:10","this","5.1.0(18)","setColorMode(colorMode: ConfigurationConstant.ColorMode): void"
"static measureText(options: MeasureOptions): number","API废弃版本变更","harmonyos_api_changes/HarmonyOS_5.1.0(18).json","static","","const textWidth = this.ctx.measureText(text).width;","ArkTS","ohos_library\src\main\ets\components\SideBar.ets:128","static measureText(options: MeasureOptions): number@ohos_library\src\main\ets\components\SideBar.ets:128","","5.1.0(18)","static measureText(options: MeasureOptions): number"
"text?: LocationDescription","接口废弃变更","harmonyos_behavior_changes/HarmonyOS_6.0.0(20)_Beta2.json","text","","Text(this.text)","ArkTS","entry\src\main\ets\components\HintBubble.ets:33","text?: LocationDescription@entry\src\main\ets\components\HintBubble.ets:33","","6.0.0(20)","text?: LocationDescription"
"text?: LocationDescription","接口废弃变更","harmonyos_behavior_changes/HarmonyOS_6.0.0(20)_Beta2.json","text","","Text(item.text)","ArkTS","entry\src\main\ets\pages\Index.ets:106","text?: LocationDescription@entry\src\main\ets\pages\Index.ets:106","","6.0.0(20)","text?: LocationDescription"
"text?: LocationDescription","接口废弃变更","harmonyos_behavior_changes/HarmonyOS_6.0.0(20)_Beta2.json","text","","Text(item.text)","ArkTS","entry\src\main\ets\pages\Index.ets:113","text?: LocationDescription@entry\src\main\ets\pages\Index.ets:113","","6.0.0(20)","text?: LocationDescription"
"text?: PasteDescription","UX视觉布局变更","harmonyos_behavior_changes/HarmonyOS_26.0.0(26)_Beta1.json","text","","Text(this.text)","ArkTS","entry\src\main\ets\components\HintBubble.ets:33","text?: PasteDescription@entry\src\main\ets\components\HintBubble.ets:33","","26.0.0(26)","text?: PasteDescription"
"text?: PasteDescription","UX视觉布局变更","harmonyos_behavior_changes/HarmonyOS_26.0.0(26)_Beta1.json","text","","Text(item.text)","ArkTS","entry\src\main\ets\pages\Index.ets:106","text?: PasteDescription@entry\src\main\ets\pages\Index.ets:106","","26.0.0(26)","text?: PasteDescription"
"text?: PasteDescription","UX视觉布局变更","harmonyos_behavior_changes/HarmonyOS_26.0.0(26)_Beta1.json","text","","Text(item.text)","ArkTS","entry\src\main\ets\pages\Index.ets:113","text?: PasteDescription@entry\src\main\ets\pages\Index.ets:113","","26.0.0(26)","text?: PasteDescription"
"text?: SaveDescription","UX视觉布局变更","harmonyos_behavior_changes/HarmonyOS_26.0.0(26)_Beta1.json","text","","Text(this.text)","ArkTS","entry\src\main\ets\components\HintBubble.ets:33","text?: SaveDescription@entry\src\main\ets\components\HintBubble.ets:33","","26.0.0(26)","text?: SaveDescription"
"text?: SaveDescription","UX视觉布局变更","harmonyos_behavior_changes/HarmonyOS_26.0.0(26)_Beta1.json","text","","Text(item.text)","ArkTS","entry\src\main\ets\pages\Index.ets:106","text?: SaveDescription@entry\src\main\ets\pages\Index.ets:106","","26.0.0(26)","text?: SaveDescription"
"text?: SaveDescription","UX视觉布局变更","harmonyos_behavior_changes/HarmonyOS_26.0.0(26)_Beta1.json","text","","Text(item.text)","ArkTS","entry\src\main\ets\pages\Index.ets:113","text?: SaveDescription@entry\src\main\ets\pages\Index.ets:113","","26.0.0(26)","text?: SaveDescription"
"type LocationButtonCallback = (event: ClickEvent, result: LocationButtonOnClickResult, error?: BusinessError<void>) => void","接口废弃变更","harmonyos_behavior_changes/HarmonyOS_6.0.0(20)_Beta2.json","type","","if (item.type === ITEM_TYPE_HEADER) {","ArkTS","entry\src\main\ets\pages\Index.ets:105","type LocationButtonCallback = (event: ClickEvent, result: LocationButtonOnClickResult, error?: BusinessError<void>) => void@entry\src\main\ets\pages\Index.ets:105","","6.0.0(20)","type LocationButtonCallback = (event: ClickEvent, result: LocationButtonOnClickResult, error?: BusinessError<void>) => void"
"type LocationButtonCallback = (event: ClickEvent, result: LocationButtonOnClickResult, error?: BusinessError<void>) => void","接口废弃变更","harmonyos_behavior_changes/HarmonyOS_6.0.0(20)_Beta2.json","type","","const type = event.type;","ArkTS","ohos_library\src\main\ets\components\SideBar.ets:159","type LocationButtonCallback = (event: ClickEvent, result: LocationButtonOnClickResult, error?: BusinessError<void>) => void@ohos_library\src\main\ets\components\SideBar.ets:159","","6.0.0(20)","type LocationButtonCallback = (event: ClickEvent, result: LocationButtonOnClickResult, error?: BusinessError<void>) => void"
"width?: number | string","接口定义变更","harmonyos_behavior_changes/HarmonyOS_6.0.0(20)_Beta1.json","width","","Path()","ArkTS","entry\src\main\ets\components\HintBubble.ets:43","width?: number | string@entry\src\main\ets\components\HintBubble.ets:43","","6.0.0(20)","width?: number | string"
"windowStage: window.WindowStage","API跨平台权限变更","harmonyos_api_changes/HarmonyOS_6.0.1(21)_Release.json","windowStage","","windowStage.loadContent('pages/Index', (err) => {","ArkTS","entry\src\main\ets\entryability\EntryAbility.ets:25","windowStage: window.WindowStage@entry\src\main\ets\entryability\EntryAbility.ets:25","windowStage","6.0.1(21)","windowStage: window.WindowStage"
"windowStage?: window.WindowStage","新增API","harmonyos_api_changes/HarmonyOS_6.0.0(20)_Beta1.json","windowStage","","windowStage.loadContent('pages/Index', (err) => {","ArkTS","entry\src\main\ets\entryability\EntryAbility.ets:25","windowStage?: window.WindowStage@entry\src\main\ets\entryability\EntryAbility.ets:25","windowStage","6.0.0(20)","windowStage?: window.WindowStage"
