Api Name,Api Type,Api File Path,Api Prefix,Api Params,API Args,Invoke Method,Invoke Location,Api Key,Invoke Instance,ChangeId,MethodDefinition
this,Property,%unk,,,,%dflt,entry\src\main\ets\entryability\EntryAbility.ets:-1,@%unk/%unk: .()#this,,,
this,Property,%unk,,,,%dflt,entry\src\main\ets\entrybackupability\EntryBackupAbility.ets:-1,@%unk/%unk: .()#this,,,
this,Property,%unk,,,,%dflt,entry\src\main\ets\pages\Index.ets:-1,@%unk/%unk: .()#this,,,
this,Property,%unk,,,,%dflt,entry\src\ohosTest\ets\test\Ability.test.ets:-1,@%unk/%unk: .()#this,,,
this,Property,%unk,,,,%dflt,entry\src\ohosTest\ets\test\List.test.ets:-1,@%unk/%unk: .()#this,,,
this,Property,%unk,,,,%dflt,entry\src\test\List.test.ets:-1,@%unk/%unk: .()#this,,,
this,Property,%unk,,,,%dflt,entry\src\test\LocalUnit.test.ets:-1,@%unk/%unk: .()#this,,,
DOMAIN,Constant,%unk,,,,%dflt,entry\src\main\ets\entryability\EntryAbility.ets:5,@%unk/%unk: .()#DOMAIN,,,
DOMAIN,Constant,%unk,,,,onCreate,entry\src\main\ets\entryability\EntryAbility.ets:12,@%unk/%unk: .()#DOMAIN,,,
DOMAIN,Constant,%unk,,,,onCreate,entry\src\main\ets\entryability\EntryAbility.ets:14,@%unk/%unk: .()#DOMAIN,,,
DOMAIN,Constant,%unk,,,,onDestroy,entry\src\main\ets\entryability\EntryAbility.ets:18,@%unk/%unk: .()#DOMAIN,,,
DOMAIN,Constant,%unk,,,,onWindowStageCreate,entry\src\main\ets\entryability\EntryAbility.ets:23,@%unk/%unk: .()#DOMAIN,,,
DOMAIN,Constant,%unk,,,,onWindowStageDestroy,entry\src\main\ets\entryability\EntryAbility.ets:36,@%unk/%unk: .()#DOMAIN,,,
DOMAIN,Constant,%unk,,,,onForeground,entry\src\main\ets\entryability\EntryAbility.ets:41,@%unk/%unk: .()#DOMAIN,,,
DOMAIN,Constant,%unk,,,,onBackground,entry\src\main\ets\entryability\EntryAbility.ets:46,@%unk/%unk: .()#DOMAIN,,,
DOMAIN,Constant,%unk,,,,%AM0$onWindowStageCreate,entry\src\main\ets\entryability\EntryAbility.ets:27,@%unk/%unk: .()#DOMAIN,,,
DOMAIN,Constant,%unk,,,,%AM0$onWindowStageCreate,entry\src\main\ets\entryability\EntryAbility.ets:30,@%unk/%unk: .()#DOMAIN,,,
DOMAIN,Constant,%unk,,,,%dflt,entry\src\main\ets\entrybackupability\EntryBackupAbility.ets:4,@%unk/%unk: .()#DOMAIN,,,
DOMAIN,Constant,%unk,,,,onBackup,entry\src\main\ets\entrybackupability\EntryBackupAbility.ets:8,@%unk/%unk: .()#DOMAIN,,,
DOMAIN,Constant,%unk,,,,onRestore,entry\src\main\ets\entrybackupability\EntryBackupAbility.ets:13,@%unk/%unk: .()#DOMAIN,,,
UIAbility,Class,api/@ohos.app.ability.UIAbility.d.ts,,,,onCreate,entry\src\main\ets\entryability\EntryAbility.ets:8,@ohos/api/@ohos.app.ability.UIAbility.d.ts: UIAbility,,,
UIAbility,Class,api/@ohos.app.ability.UIAbility.d.ts,,,,onDestroy,entry\src\main\ets\entryability\EntryAbility.ets:17,@ohos/api/@ohos.app.ability.UIAbility.d.ts: UIAbility,,,
UIAbility,Class,api/@ohos.app.ability.UIAbility.d.ts,,,,onWindowStageCreate,entry\src\main\ets\entryability\EntryAbility.ets:21,@ohos/api/@ohos.app.ability.UIAbility.d.ts: UIAbility,,,
UIAbility,Class,api/@ohos.app.ability.UIAbility.d.ts,,,,onWindowStageDestroy,entry\src\main\ets\entryability\EntryAbility.ets:34,@ohos/api/@ohos.app.ability.UIAbility.d.ts: UIAbility,,,
UIAbility,Class,api/@ohos.app.ability.UIAbility.d.ts,,,,onForeground,entry\src\main\ets\entryability\EntryAbility.ets:39,@ohos/api/@ohos.app.ability.UIAbility.d.ts: UIAbility,,,
UIAbility,Class,api/@ohos.app.ability.UIAbility.d.ts,,,,onBackground,entry\src\main\ets\entryability\EntryAbility.ets:44,@ohos/api/@ohos.app.ability.UIAbility.d.ts: UIAbility,,,
onCreate,Method,api/@ohos.app.ability.UIAbility.d.ts,UIAbility,want:Want#launchParam:LaunchParam,,onCreate,entry\src\main\ets\entryability\EntryAbility.ets:8,"@ohos/api/@ohos.app.ability.UIAbility.d.ts: UIAbility.onCreate(@ohos/api/@ohos.app.ability.Want.d.ts: Want, @ohos/api/@ohos.app.ability.AbilityConstant.d.ts: AbilityConstant.LaunchParam)",,,
EntryAbility,Class,src/main/ets/entryability/EntryAbility.ets,,,,onCreate,entry\src\main\ets\entryability\EntryAbility.ets:8,@entry/src/main/ets/entryability/EntryAbility.ets: EntryAbility,,,
EntryAbility,Class,src/main/ets/entryability/EntryAbility.ets,,,,onDestroy,entry\src\main\ets\entryability\EntryAbility.ets:17,@entry/src/main/ets/entryability/EntryAbility.ets: EntryAbility,,,
EntryAbility,Class,src/main/ets/entryability/EntryAbility.ets,,,,onWindowStageCreate,entry\src\main\ets\entryability\EntryAbility.ets:21,@entry/src/main/ets/entryability/EntryAbility.ets: EntryAbility,,,
EntryAbility,Class,src/main/ets/entryability/EntryAbility.ets,,,,onWindowStageDestroy,entry\src\main\ets\entryability\EntryAbility.ets:34,@entry/src/main/ets/entryability/EntryAbility.ets: EntryAbility,,,
EntryAbility,Class,src/main/ets/entryability/EntryAbility.ets,,,,onForeground,entry\src\main\ets\entryability\EntryAbility.ets:39,@entry/src/main/ets/entryability/EntryAbility.ets: EntryAbility,,,
EntryAbility,Class,src/main/ets/entryability/EntryAbility.ets,,,,onBackground,entry\src\main\ets\entryability\EntryAbility.ets:44,@entry/src/main/ets/entryability/EntryAbility.ets: EntryAbility,,,
EntryAbility,Class,src/main/ets/entryability/EntryAbility.ets,,,,constructor,entry\src\main\ets\entryability\EntryAbility.ets:-1,@entry/src/main/ets/entryability/EntryAbility.ets: EntryAbility,,,
onCreate,Method,src/main/ets/entryability/EntryAbility.ets,EntryAbility,want:Want#launchParam:LaunchParam,,onCreate,entry\src\main\ets\entryability\EntryAbility.ets:8,"@entry/src/main/ets/entryability/EntryAbility.ets: EntryAbility.onCreate(@ohos/api/@ohos.app.ability.Want.d.ts: Want, @ohos/api/@ohos.app.ability.AbilityConstant.d.ts: AbilityConstant.LaunchParam)",,,
want,Property,%unk,,,,onCreate,entry\src\main\ets\entryability\EntryAbility.ets:-1,@%unk/%unk: .()#want,,,
launchParam,Property,%unk,,,,onCreate,entry\src\main\ets\entryability\EntryAbility.ets:-1,@%unk/%unk: .()#launchParam,,,
ColorMode,Enum,api/@ohos.app.ability.ConfigurationConstant.d.ts,ConfigurationConstant,,,onCreate,entry\src\main\ets\entryability\EntryAbility.ets:10,@ohos/api/@ohos.app.ability.ConfigurationConstant.d.ts: ConfigurationConstant.ColorMode,,,
ColorMode,Enum,api/@ohos.app.ability.ConfigurationConstant.d.ts,ConfigurationConstant,,,onCreate,entry\src\main\ets\entryability\EntryAbility.ets:10,@ohos/api/@ohos.app.ability.ConfigurationConstant.d.ts: ConfigurationConstant.ColorMode,,,
%0,Property,%unk,,,,onCreate,entry\src\main\ets\entryability\EntryAbility.ets:10,@%unk/%unk: .()#%0,,,
%0,Property,%unk,,,,%AM0$onWindowStageCreate,entry\src\main\ets\entryability\EntryAbility.ets:26,@%unk/%unk: .()#%0,,,
%0,Property,%unk,,,,onBackup,entry\src\main\ets\entrybackupability\EntryBackupAbility.ets:9,@%unk/%unk: .()#%0,,,
%0,Property,%unk,,,,onRestore,entry\src\main\ets\entrybackupability\EntryBackupAbility.ets:13,@%unk/%unk: .()#%0,,,
%0,Property,%unk,,,,%dflt,entry\src\main\ets\pages\Index.ets:38,@%unk/%unk: .()#%0,,,
%0,Property,%unk,,,,statusName,entry\src\main\ets\pages\Index.ets:51,@%unk/%unk: .()#%0,,,
%0,Property,%unk,,,,nextStatus,entry\src\main\ets\pages\Index.ets:60,@%unk/%unk: .()#%0,,,
%0,Property,%unk,,,,formatTime,entry\src\main\ets\pages\Index.ets:69,@%unk/%unk: .()#%0,,,
%0,Property,%unk,,,,%instInit,entry\src\main\ets\pages\Index.ets:79,@%unk/%unk: .()#%0,,,
%0,Property,%unk,,,,aboutToAppear,entry\src\main\ets\pages\Index.ets:90,@%unk/%unk: .()#%0,,,
%0,Property,%unk,,,,appendLog,entry\src\main\ets\pages\Index.ets:98,@%unk/%unk: .()#%0,,,
%0,Property,%unk,,,,showToast,entry\src\main\ets\pages\Index.ets:110,@%unk/%unk: .()#%0,,,
%0,Property,%unk,,,,build,entry\src\main\ets\pages\Index.ets:347,@%unk/%unk: .()#%0,,,
%0,Property,%unk,,,,onAvatarClick,entry\src\main\ets\pages\Index.ets:353,@%unk/%unk: .()#%0,,,
%0,Property,%unk,,,,onColorPreset,entry\src\main\ets\pages\Index.ets:364,@%unk/%unk: .()#%0,,,
%0,Property,%unk,,,,onImagePreset,entry\src\main\ets\pages\Index.ets:370,@%unk/%unk: .()#%0,,,
%0,Property,%unk,,,,onReset,entry\src\main\ets\pages\Index.ets:380,@%unk/%unk: .()#%0,,,
%0,Property,%unk,,,,%AM0$aboutToAppear,entry\src\main\ets\pages\Index.ets:92,@%unk/%unk: .()#%0,,,
%0,Property,%unk,,,,%AM3$build,entry\src\main\ets\pages\Index.ets:180,@%unk/%unk: .()#%0,,,
%0,Property,%unk,,,,%AM5$build,entry\src\main\ets\pages\Index.ets:208,@%unk/%unk: .()#%0,,,
%0,Property,%unk,,,,%AM6$build,entry\src\main\ets\pages\Index.ets:237,@%unk/%unk: .()#%0,,,
%0,Property,%unk,,,,%AM7$build,entry\src\main\ets\pages\Index.ets:262,@%unk/%unk: .()#%0,,,
%0,Property,%unk,,,,%AM9$build,entry\src\main\ets\pages\Index.ets:280,@%unk/%unk: .()#%0,,,
%0,Property,%unk,,,,%AM10$build,entry\src\main\ets\pages\Index.ets:290,@%unk/%unk: .()#%0,,,
%0,Property,%unk,,,,%AM11$build,entry\src\main\ets\pages\Index.ets:300,@%unk/%unk: .()#%0,,,
%0,Property,%unk,,,,%AM13$build,entry\src\main\ets\pages\Index.ets:329,@%unk/%unk: .()#%0,,,
%0,Property,%unk,,,,%AM14$build,entry\src\main\ets\pages\Index.ets:330,@%unk/%unk: .()#%0,,,
%0,Property,%unk,,,,%instInit,entry\src\main\ets\pages\Index.ets:99,@%unk/%unk: .()#%0,,,
%0,Property,%unk,,,,%instInit,entry\src\main\ets\pages\Index.ets:133,@%unk/%unk: .()#%0,,,
%0,Property,%unk,,,,%instInit,entry\src\main\ets\pages\Index.ets:135,@%unk/%unk: .()#%0,,,
%0,Property,%unk,,,,%instInit,entry\src\main\ets\pages\Index.ets:174,@%unk/%unk: .()#%0,,,
%0,Property,%unk,,,,%instInit,entry\src\main\ets\pages\Index.ets:202,@%unk/%unk: .()#%0,,,
%0,Property,%unk,,,,%instInit,entry\src\main\ets\pages\Index.ets:231,@%unk/%unk: .()#%0,,,
%0,Property,%unk,,,,%AM5$%AM0$abilityTest,entry\src\ohosTest\ets\test\Ability.test.ets:31,@%unk/%unk: .()#%0,,,
%0,Property,%unk,,,,%AM5$%AM0$localUnitTest,entry\src\test\LocalUnit.test.ets:29,@%unk/%unk: .()#%0,,,
COLOR_MODE_NOT_SET,EnumValue,api/@ohos.app.ability.ConfigurationConstant.d.ts,ConfigurationConstant#ColorMode,,,onCreate,entry\src\main\ets\entryability\EntryAbility.ets:10,@ohos/api/@ohos.app.ability.ConfigurationConstant.d.ts: ConfigurationConstant.ColorMode.COLOR_MODE_NOT_SET,,,
%1,Property,%unk,,,,onCreate,entry\src\main\ets\entryability\EntryAbility.ets:10,@%unk/%unk: .()#%1,,,
%1,Property,%unk,,,,%AM0$onWindowStageCreate,entry\src\main\ets\entryability\EntryAbility.ets:27,@%unk/%unk: .()#%1,,,
%1,Property,%unk,,,,onBackup,entry\src\main\ets\entrybackupability\EntryBackupAbility.ets:9,@%unk/%unk: .()#%1,,,
%1,Property,%unk,,,,onRestore,entry\src\main\ets\entrybackupability\EntryBackupAbility.ets:14,@%unk/%unk: .()#%1,,,
%1,Property,%unk,,,,%dflt,entry\src\main\ets\pages\Index.ets:39,@%unk/%unk: .()#%1,,,
%1,Property,%unk,,,,statusName,entry\src\main\ets\pages\Index.ets:53,@%unk/%unk: .()#%1,,,
%1,Property,%unk,,,,nextStatus,entry\src\main\ets\pages\Index.ets:61,@%unk/%unk: .()#%1,,,
%1,Property,%unk,,,,formatTime,entry\src\main\ets\pages\Index.ets:69,@%unk/%unk: .()#%1,,,
%1,Property,%unk,,,,%instInit,entry\src\main\ets\pages\Index.ets:82,@%unk/%unk: .()#%1,,,
%1,Property,%unk,,,,appendLog,entry\src\main\ets\pages\Index.ets:103,@%unk/%unk: .()#%1,,,
%1,Property,%unk,,,,showToast,entry\src\main\ets\pages\Index.ets:111,@%unk/%unk: .()#%1,,,
%1,Property,%unk,,,,build,entry\src\main\ets\pages\Index.ets:346,@%unk/%unk: .()#%1,,,
%1,Property,%unk,,,,onAvatarClick,entry\src\main\ets\pages\Index.ets:355,@%unk/%unk: .()#%1,,,
%1,Property,%unk,,,,onColorPreset,entry\src\main\ets\pages\Index.ets:364,@%unk/%unk: .()#%1,,,
%1,Property,%unk,,,,onImagePreset,entry\src\main\ets\pages\Index.ets:370,@%unk/%unk: .()#%1,,,
%1,Property,%unk,,,,onReset,entry\src\main\ets\pages\Index.ets:380,@%unk/%unk: .()#%1,,,
%1,Property,%unk,,,,%AM0$aboutToAppear,entry\src\main\ets\pages\Index.ets:92,@%unk/%unk: .()#%1,,,
%1,Property,%unk,,,,%AM3$build,entry\src\main\ets\pages\Index.ets:177,@%unk/%unk: .()#%1,,,
%1,Property,%unk,,,,%AM5$build,entry\src\main\ets\pages\Index.ets:208,@%unk/%unk: .()#%1,,,
%1,Property,%unk,,,,%AM6$build,entry\src\main\ets\pages\Index.ets:237,@%unk/%unk: .()#%1,,,
%1,Property,%unk,,,,%AM7$build,entry\src\main\ets\pages\Index.ets:262,@%unk/%unk: .()#%1,,,
%1,Property,%unk,,,,%AM9$build,entry\src\main\ets\pages\Index.ets:280,@%unk/%unk: .()#%1,,,
%1,Property,%unk,,,,%AM10$build,entry\src\main\ets\pages\Index.ets:290,@%unk/%unk: .()#%1,,,
%1,Property,%unk,,,,%AM11$build,entry\src\main\ets\pages\Index.ets:300,@%unk/%unk: .()#%1,,,
%1,Property,%unk,,,,%AM13$build,entry\src\main\ets\pages\Index.ets:325,@%unk/%unk: .()#%1,,,
%1,Property,%unk,,,,%AM14$build,entry\src\main\ets\pages\Index.ets:330,@%unk/%unk: .()#%1,,,
%1,Property,%unk,,,,%instInit,entry\src\main\ets\pages\Index.ets:99,@%unk/%unk: .()#%1,,,
%1,Property,%unk,,,,%instInit,entry\src\main\ets\pages\Index.ets:136,@%unk/%unk: .()#%1,,,
%1,Property,%unk,,,,%instInit,entry\src\main\ets\pages\Index.ets:174,@%unk/%unk: .()#%1,,,
%1,Property,%unk,,,,%instInit,entry\src\main\ets\pages\Index.ets:202,@%unk/%unk: .()#%1,,,
%1,Property,%unk,,,,%instInit,entry\src\main\ets\pages\Index.ets:231,@%unk/%unk: .()#%1,,,
%1,Property,%unk,,,,%AM5$%AM0$abilityTest,entry\src\ohosTest\ets\test\Ability.test.ets:32,@%unk/%unk: .()#%1,,,
%1,Property,%unk,,,,%AM5$%AM0$localUnitTest,entry\src\test\LocalUnit.test.ets:30,@%unk/%unk: .()#%1,,,
context,Property,api/@ohos.app.ability.UIAbility.d.ts,UIAbility,,,onCreate,entry\src\main\ets\entryability\EntryAbility.ets:10,@ohos/api/@ohos.app.ability.UIAbility.d.ts: UIAbility.context,,,
UIAbilityContext,Class,api/application/UIAbilityContext.d.ts,,,,onCreate,entry\src\main\ets\entryability\EntryAbility.ets:10,@ohos/api/application/UIAbilityContext.d.ts: UIAbilityContext,,,
%2,Property,%unk,,,,onCreate,entry\src\main\ets\entryability\EntryAbility.ets:10,@%unk/%unk: .()#%2,,,
%2,Property,%unk,,,,onRestore,entry\src\main\ets\entrybackupability\EntryBackupAbility.ets:14,@%unk/%unk: .()#%2,,,
%2,Property,%unk,,,,%dflt,entry\src\main\ets\pages\Index.ets:40,@%unk/%unk: .()#%2,,,
%2,Property,%unk,,,,nextStatus,entry\src\main\ets\pages\Index.ets:62,@%unk/%unk: .()#%2,,,
%2,Property,%unk,,,,formatTime,entry\src\main\ets\pages\Index.ets:70,@%unk/%unk: .()#%2,,,
%2,Property,%unk,,,,%instInit,entry\src\main\ets\pages\Index.ets:83,@%unk/%unk: .()#%2,,,
%2,Property,%unk,,,,appendLog,entry\src\main\ets\pages\Index.ets:104,@%unk/%unk: .()#%2,,,
%2,Property,%unk,,,,showToast,entry\src\main\ets\pages\Index.ets:111,@%unk/%unk: .()#%2,,,
%2,Property,%unk,,,,build,entry\src\main\ets\pages\Index.ets:115,@%unk/%unk: .()#%2,,,
%2,Property,%unk,,,,onColorPreset,entry\src\main\ets\pages\Index.ets:365,@%unk/%unk: .()#%2,,,
%2,Property,%unk,,,,onImagePreset,entry\src\main\ets\pages\Index.ets:373,@%unk/%unk: .()#%2,,,
%2,Property,%unk,,,,onReset,entry\src\main\ets\pages\Index.ets:380,@%unk/%unk: .()#%2,,,
%2,Property,%unk,,,,%AM0$aboutToAppear,entry\src\main\ets\pages\Index.ets:92,@%unk/%unk: .()#%2,,,
%2,Property,%unk,,,,%AM3$build,entry\src\main\ets\pages\Index.ets:176,@%unk/%unk: .()#%2,,,
%2,Property,%unk,,,,%AM5$build,entry\src\main\ets\pages\Index.ets:208,@%unk/%unk: .()#%2,,,
%2,Property,%unk,,,,%AM6$build,entry\src\main\ets\pages\Index.ets:237,@%unk/%unk: .()#%2,,,
%2,Property,%unk,,,,%AM7$build,entry\src\main\ets\pages\Index.ets:262,@%unk/%unk: .()#%2,,,
%2,Property,%unk,,,,%AM13$build,entry\src\main\ets\pages\Index.ets:325,@%unk/%unk: .()#%2,,,
%2,Property,%unk,,,,%instInit,entry\src\main\ets\pages\Index.ets:101,@%unk/%unk: .()#%2,,,
%2,Property,%unk,,,,%instInit,entry\src\main\ets\pages\Index.ets:137,@%unk/%unk: .()#%2,,,
Context,Class,api/application/Context.d.ts,,,,onCreate,entry\src\main\ets\entryability\EntryAbility.ets:10,@ohos/api/application/Context.d.ts: Context,,,
getApplicationContext,Method,api/application/Context.d.ts,Context,,,onCreate,entry\src\main\ets\entryability\EntryAbility.ets:10,@ohos/api/application/Context.d.ts: Context.getApplicationContext(),UIAbilityContext,,
ApplicationContext,Class,api/application/ApplicationContext.d.ts,,,,onCreate,entry\src\main\ets\entryability\EntryAbility.ets:10,@ohos/api/application/ApplicationContext.d.ts: ApplicationContext,,,
%3,Property,%unk,,,,onCreate,entry\src\main\ets\entryability\EntryAbility.ets:10,@%unk/%unk: .()#%3,,,
%3,Property,%unk,,,,%dflt,entry\src\main\ets\pages\Index.ets:41,@%unk/%unk: .()#%3,,,
%3,Property,%unk,,,,nextStatus,entry\src\main\ets\pages\Index.ets:63,@%unk/%unk: .()#%3,,,
%3,Property,%unk,,,,formatTime,entry\src\main\ets\pages\Index.ets:70,@%unk/%unk: .()#%3,,,
%3,Property,%unk,,,,%instInit,entry\src\main\ets\pages\Index.ets:83,@%unk/%unk: .()#%3,,,
%3,Property,%unk,,,,appendLog,entry\src\main\ets\pages\Index.ets:104,@%unk/%unk: .()#%3,,,
%3,Property,%unk,,,,build,entry\src\main\ets\pages\Index.ets:123,@%unk/%unk: .()#%3,,,
%3,Property,%unk,,,,onColorPreset,entry\src\main\ets\pages\Index.ets:365,@%unk/%unk: .()#%3,,,
%3,Property,%unk,,,,onImagePreset,entry\src\main\ets\pages\Index.ets:374,@%unk/%unk: .()#%3,,,
%3,Property,%unk,,,,onReset,entry\src\main\ets\pages\Index.ets:381,@%unk/%unk: .()#%3,,,
%3,Property,%unk,,,,%AM3$build,entry\src\main\ets\pages\Index.ets:176,@%unk/%unk: .()#%3,,,
%3,Property,%unk,,,,%AM5$build,entry\src\main\ets\pages\Index.ets:208,@%unk/%unk: .()#%3,,,
%3,Property,%unk,,,,%AM6$build,entry\src\main\ets\pages\Index.ets:237,@%unk/%unk: .()#%3,,,
%3,Property,%unk,,,,%AM7$build,entry\src\main\ets\pages\Index.ets:261,@%unk/%unk: .()#%3,,,
%3,Property,%unk,,,,%AM13$build,entry\src\main\ets\pages\Index.ets:325,@%unk/%unk: .()#%3,,,
%3,Property,%unk,,,,%instInit,entry\src\main\ets\pages\Index.ets:101,@%unk/%unk: .()#%3,,,
%3,Property,%unk,,,,%instInit,entry\src\main\ets\pages\Index.ets:137,@%unk/%unk: .()#%3,,,
setColorMode,Method,api/application/ApplicationContext.d.ts,ApplicationContext,colorMode:ColorMode,COLOR_MODE_NOT_SET:ColorMode.COLOR_MODE_NOT_SET,onCreate,entry\src\main\ets\entryability\EntryAbility.ets:10,@ohos/api/application/ApplicationContext.d.ts: ApplicationContext.setColorMode(@ohos/api/@ohos.app.ability.ConfigurationConstant.d.ts: ConfigurationConstant.ColorMode),ApplicationContext,,
err,Property,%unk,,,,onCreate,entry\src\main\ets\entryability\EntryAbility.ets:11,@%unk/%unk: .()#err,,,
err,Property,%unk,,,,onCreate,entry\src\main\ets\entryability\EntryAbility.ets:12,@%unk/%unk: .()#err,,,
err,Property,%unk,,,,%AM0$onWindowStageCreate,entry\src\main\ets\entryability\EntryAbility.ets:-1,@%unk/%unk: .()#err,,,
err,Property,%unk,,,,%AM0$onWindowStageCreate,entry\src\main\ets\entryability\EntryAbility.ets:27,@%unk/%unk: .()#err,,,
%4,Constant,%unk,,,,onCreate,entry\src\main\ets\entryability\EntryAbility.ets:12,@%unk/%unk: .()#%4,,,
%4,Constant,%unk,,,,%dflt,entry\src\main\ets\pages\Index.ets:37,@%unk/%unk: .()#%4,,,
%4,Constant,%unk,,,,nextStatus,entry\src\main\ets\pages\Index.ets:65,@%unk/%unk: .()#%4,,,
%4,Constant,%unk,,,,formatTime,entry\src\main\ets\pages\Index.ets:71,@%unk/%unk: .()#%4,,,
%4,Constant,%unk,,,,%instInit,entry\src\main\ets\pages\Index.ets:84,@%unk/%unk: .()#%4,,,
%4,Constant,%unk,,,,appendLog,entry\src\main\ets\pages\Index.ets:105,@%unk/%unk: .()#%4,,,
%4,Constant,%unk,,,,build,entry\src\main\ets\pages\Index.ets:122,@%unk/%unk: .()#%4,,,
%4,Constant,%unk,,,,onColorPreset,entry\src\main\ets\pages\Index.ets:366,@%unk/%unk: .()#%4,,,
%4,Constant,%unk,,,,onImagePreset,entry\src\main\ets\pages\Index.ets:375,@%unk/%unk: .()#%4,,,
%4,Constant,%unk,,,,onReset,entry\src\main\ets\pages\Index.ets:381,@%unk/%unk: .()#%4,,,
%4,Constant,%unk,,,,%AM3$build,entry\src\main\ets\pages\Index.ets:176,@%unk/%unk: .()#%4,,,
%4,Constant,%unk,,,,%AM5$build,entry\src\main\ets\pages\Index.ets:208,@%unk/%unk: .()#%4,,,
%4,Constant,%unk,,,,%AM6$build,entry\src\main\ets\pages\Index.ets:237,@%unk/%unk: .()#%4,,,
%4,Constant,%unk,,,,%AM7$build,entry\src\main\ets\pages\Index.ets:261,@%unk/%unk: .()#%4,,,
%4,Constant,%unk,,,,%AM13$build,entry\src\main\ets\pages\Index.ets:325,@%unk/%unk: .()#%4,,,
%4,Constant,%unk,,,,%instInit,entry\src\main\ets\pages\Index.ets:138,@%unk/%unk: .()#%4,,,
hilog,Namespace,api/@ohos.hilog.d.ts,,,,onCreate,entry\src\main\ets\entryability\EntryAbility.ets:12,@ohos/api/@ohos.hilog.d.ts: hilog,,,
hilog,Namespace,api/@ohos.hilog.d.ts,,,,onCreate,entry\src\main\ets\entryability\EntryAbility.ets:14,@ohos/api/@ohos.hilog.d.ts: hilog,,,
hilog,Namespace,api/@ohos.hilog.d.ts,,,,onDestroy,entry\src\main\ets\entryability\EntryAbility.ets:18,@ohos/api/@ohos.hilog.d.ts: hilog,,,
hilog,Namespace,api/@ohos.hilog.d.ts,,,,onWindowStageCreate,entry\src\main\ets\entryability\EntryAbility.ets:23,@ohos/api/@ohos.hilog.d.ts: hilog,,,
hilog,Namespace,api/@ohos.hilog.d.ts,,,,onWindowStageDestroy,entry\src\main\ets\entryability\EntryAbility.ets:36,@ohos/api/@ohos.hilog.d.ts: hilog,,,
hilog,Namespace,api/@ohos.hilog.d.ts,,,,onForeground,entry\src\main\ets\entryability\EntryAbility.ets:41,@ohos/api/@ohos.hilog.d.ts: hilog,,,
hilog,Namespace,api/@ohos.hilog.d.ts,,,,onBackground,entry\src\main\ets\entryability\EntryAbility.ets:46,@ohos/api/@ohos.hilog.d.ts: hilog,,,
hilog,Namespace,api/@ohos.hilog.d.ts,,,,%AM0$onWindowStageCreate,entry\src\main\ets\entryability\EntryAbility.ets:27,@ohos/api/@ohos.hilog.d.ts: hilog,,,
hilog,Namespace,api/@ohos.hilog.d.ts,,,,%AM0$onWindowStageCreate,entry\src\main\ets\entryability\EntryAbility.ets:30,@ohos/api/@ohos.hilog.d.ts: hilog,,,
hilog,Namespace,api/@ohos.hilog.d.ts,,,,onBackup,entry\src\main\ets\entrybackupability\EntryBackupAbility.ets:8,@ohos/api/@ohos.hilog.d.ts: hilog,,,
hilog,Namespace,api/@ohos.hilog.d.ts,,,,onRestore,entry\src\main\ets\entrybackupability\EntryBackupAbility.ets:13,@ohos/api/@ohos.hilog.d.ts: hilog,,,
hilog,Namespace,api/@ohos.hilog.d.ts,,,,%AM5$%AM0$abilityTest,entry\src\ohosTest\ets\test\Ability.test.ets:27,@ohos/api/@ohos.hilog.d.ts: hilog,,,
error,Method,api/@ohos.hilog.d.ts,hilog,domain:number#tag:string#format:string#args:any[],number#testTag:string#Failed to set colorMode. Cause: %{public}s:string#string,onCreate,entry\src\main\ets\entryability\EntryAbility.ets:12,"@ohos/api/@ohos.hilog.d.ts: hilog.%dflt.error(number, string, string, any[])",,,
error,Method,api/@ohos.hilog.d.ts,hilog,domain:number#tag:string#format:string#args:any[],number#testTag:string#Failed to load the content. Cause: %{public}s:string#string,%AM0$onWindowStageCreate,entry\src\main\ets\entryability\EntryAbility.ets:27,"@ohos/api/@ohos.hilog.d.ts: hilog.%dflt.error(number, string, string, any[])",,,
info,Method,api/@ohos.hilog.d.ts,hilog,domain:number#tag:string#format:string#args:any[],number#testTag:string#%{public}s:string#Ability onCreate:string,onCreate,entry\src\main\ets\entryability\EntryAbility.ets:14,"@ohos/api/@ohos.hilog.d.ts: hilog.%dflt.info(number, string, string, any[])",,,
info,Method,api/@ohos.hilog.d.ts,hilog,domain:number#tag:string#format:string#args:any[],number#testTag:string#%{public}s:string#Ability onDestroy:string,onDestroy,entry\src\main\ets\entryability\EntryAbility.ets:18,"@ohos/api/@ohos.hilog.d.ts: hilog.%dflt.info(number, string, string, any[])",,,
info,Method,api/@ohos.hilog.d.ts,hilog,domain:number#tag:string#format:string#args:any[],number#testTag:string#%{public}s:string#Ability onWindowStageCreate:string,onWindowStageCreate,entry\src\main\ets\entryability\EntryAbility.ets:23,"@ohos/api/@ohos.hilog.d.ts: hilog.%dflt.info(number, string, string, any[])",,,
info,Method,api/@ohos.hilog.d.ts,hilog,domain:number#tag:string#format:string#args:any[],number#testTag:string#%{public}s:string#Ability onWindowStageDestroy:string,onWindowStageDestroy,entry\src\main\ets\entryability\EntryAbility.ets:36,"@ohos/api/@ohos.hilog.d.ts: hilog.%dflt.info(number, string, string, any[])",,,
info,Method,api/@ohos.hilog.d.ts,hilog,domain:number#tag:string#format:string#args:any[],number#testTag:string#%{public}s:string#Ability onForeground:string,onForeground,entry\src\main\ets\entryability\EntryAbility.ets:41,"@ohos/api/@ohos.hilog.d.ts: hilog.%dflt.info(number, string, string, any[])",,,
info,Method,api/@ohos.hilog.d.ts,hilog,domain:number#tag:string#format:string#args:any[],number#testTag:string#%{public}s:string#Ability onBackground:string,onBackground,entry\src\main\ets\entryability\EntryAbility.ets:46,"@ohos/api/@ohos.hilog.d.ts: hilog.%dflt.info(number, string, string, any[])",,,
info,Method,api/@ohos.hilog.d.ts,hilog,domain:number#tag:string#format:string#args:any[],number#testTag:string#Succeeded in loading the content.:string,%AM0$onWindowStageCreate,entry\src\main\ets\entryability\EntryAbility.ets:30,"@ohos/api/@ohos.hilog.d.ts: hilog.%dflt.info(number, string, string, any[])",,,
info,Method,api/@ohos.hilog.d.ts,hilog,domain:number#tag:string#format:string#args:any[],number#testTag:string#onBackup ok:string,onBackup,entry\src\main\ets\entrybackupability\EntryBackupAbility.ets:8,"@ohos/api/@ohos.hilog.d.ts: hilog.%dflt.info(number, string, string, any[])",,,
info,Method,api/@ohos.hilog.d.ts,hilog,domain:number#tag:string#format:string#args:any[],number#testTag:string#onRestore ok %{public}s:string#string,onRestore,entry\src\main\ets\entrybackupability\EntryBackupAbility.ets:13,"@ohos/api/@ohos.hilog.d.ts: hilog.%dflt.info(number, string, string, any[])",,,
info,Method,api/@ohos.hilog.d.ts,hilog,domain:number#tag:string#format:string#args:any[],0:number#testTag:string#%{public}s:string#it begin:string,%AM5$%AM0$abilityTest,entry\src\ohosTest\ets\test\Ability.test.ets:27,"@ohos/api/@ohos.hilog.d.ts: hilog.%dflt.info(number, string, string, any[])",,,
onDestroy,Method,api/@ohos.app.ability.UIAbility.d.ts,UIAbility,,,onDestroy,entry\src\main\ets\entryability\EntryAbility.ets:17,@ohos/api/@ohos.app.ability.UIAbility.d.ts: UIAbility.onDestroy(),,,
onDestroy,Method,src/main/ets/entryability/EntryAbility.ets,EntryAbility,,,onDestroy,entry\src\main\ets\entryability\EntryAbility.ets:17,@entry/src/main/ets/entryability/EntryAbility.ets: EntryAbility.onDestroy(),,,
onWindowStageCreate,Method,api/@ohos.app.ability.UIAbility.d.ts,UIAbility,windowStage:WindowStage,,onWindowStageCreate,entry\src\main\ets\entryability\EntryAbility.ets:21,@ohos/api/@ohos.app.ability.UIAbility.d.ts: UIAbility.onWindowStageCreate(@ohos/api/@ohos.window.d.ts: window.WindowStage),,,
onWindowStageCreate,Method,src/main/ets/entryability/EntryAbility.ets,EntryAbility,windowStage:WindowStage,,onWindowStageCreate,entry\src\main\ets\entryability\EntryAbility.ets:21,@entry/src/main/ets/entryability/EntryAbility.ets: EntryAbility.onWindowStageCreate(@ohos/api/@ohos.window.d.ts: window.WindowStage),,,
windowStage,Property,%unk,,,,onWindowStageCreate,entry\src\main\ets\entryability\EntryAbility.ets:-1,@%unk/%unk: .()#windowStage,,,
%AM0$onWindowStageCreate,Property,%unk,,,,onWindowStageCreate,entry\src\main\ets\entryability\EntryAbility.ets:25,@%unk/%unk: .()#%AM0$onWindowStageCreate,,,
WindowStage,Interface,api/@ohos.window.d.ts,window,,,onWindowStageCreate,entry\src\main\ets\entryability\EntryAbility.ets:25,@ohos/api/@ohos.window.d.ts: window.WindowStage,,,
loadContent,Method,api/@ohos.window.d.ts,window#WindowStage,path:string#callback:AsyncCallback,pages/Index:string#%AM0$onWindowStageCreate,onWindowStageCreate,entry\src\main\ets\entryability\EntryAbility.ets:25,"@ohos/api/@ohos.window.d.ts: window.WindowStage.loadContent(string, @ohos/api/@ohos.base.d.ts: AsyncCallback<void,void>)",WindowStage,,
onWindowStageDestroy,Method,api/@ohos.app.ability.UIAbility.d.ts,UIAbility,,,onWindowStageDestroy,entry\src\main\ets\entryability\EntryAbility.ets:34,@ohos/api/@ohos.app.ability.UIAbility.d.ts: UIAbility.onWindowStageDestroy(),,,
onWindowStageDestroy,Method,src/main/ets/entryability/EntryAbility.ets,EntryAbility,,,onWindowStageDestroy,entry\src\main\ets\entryability\EntryAbility.ets:34,@entry/src/main/ets/entryability/EntryAbility.ets: EntryAbility.onWindowStageDestroy(),,,
onForeground,Method,api/@ohos.app.ability.UIAbility.d.ts,UIAbility,,,onForeground,entry\src\main\ets\entryability\EntryAbility.ets:39,@ohos/api/@ohos.app.ability.UIAbility.d.ts: UIAbility.onForeground(),,,
onForeground,Method,src/main/ets/entryability/EntryAbility.ets,EntryAbility,,,onForeground,entry\src\main\ets\entryability\EntryAbility.ets:39,@entry/src/main/ets/entryability/EntryAbility.ets: EntryAbility.onForeground(),,,
onBackground,Method,api/@ohos.app.ability.UIAbility.d.ts,UIAbility,,,onBackground,entry\src\main\ets\entryability\EntryAbility.ets:44,@ohos/api/@ohos.app.ability.UIAbility.d.ts: UIAbility.onBackground(),,,
onBackground,Method,src/main/ets/entryability/EntryAbility.ets,EntryAbility,,,onBackground,entry\src\main\ets\entryability\EntryAbility.ets:44,@entry/src/main/ets/entryability/EntryAbility.ets: EntryAbility.onBackground(),,,
code,Property,api/@ohos.base.d.ts,BusinessError,,,%AM0$onWindowStageCreate,entry\src\main\ets\entryability\EntryAbility.ets:26,@ohos/api/@ohos.base.d.ts: BusinessError.code,,,
constructor,Method,src/main/ets/entryability/EntryAbility.ets,EntryAbility,,,constructor,entry\src\main\ets\entryability\EntryAbility.ets:-1,@entry/src/main/ets/entryability/EntryAbility.ets: EntryAbility.constructor(),,,
BackupExtensionAbility,Class,api/@ohos.application.BackupExtensionAbility.d.ts,,,,onBackup,entry\src\main\ets\entrybackupability\EntryBackupAbility.ets:7,@ohos/api/@ohos.application.BackupExtensionAbility.d.ts: BackupExtensionAbility,,,
BackupExtensionAbility,Class,api/@ohos.application.BackupExtensionAbility.d.ts,,,,onRestore,entry\src\main\ets\entrybackupability\EntryBackupAbility.ets:12,@ohos/api/@ohos.application.BackupExtensionAbility.d.ts: BackupExtensionAbility,,,
onBackup,Method,api/@ohos.application.BackupExtensionAbility.d.ts,BackupExtensionAbility,,,onBackup,entry\src\main\ets\entrybackupability\EntryBackupAbility.ets:7,@ohos/api/@ohos.application.BackupExtensionAbility.d.ts: BackupExtensionAbility.onBackup(),,,
EntryBackupAbility,Class,src/main/ets/entrybackupability/EntryBackupAbility.ets,,,,onBackup,entry\src\main\ets\entrybackupability\EntryBackupAbility.ets:7,@entry/src/main/ets/entrybackupability/EntryBackupAbility.ets: EntryBackupAbility,,,
EntryBackupAbility,Class,src/main/ets/entrybackupability/EntryBackupAbility.ets,,,,onRestore,entry\src\main\ets\entrybackupability\EntryBackupAbility.ets:12,@entry/src/main/ets/entrybackupability/EntryBackupAbility.ets: EntryBackupAbility,,,
EntryBackupAbility,Class,src/main/ets/entrybackupability/EntryBackupAbility.ets,,,,constructor,entry\src\main\ets\entrybackupability\EntryBackupAbility.ets:-1,@entry/src/main/ets/entrybackupability/EntryBackupAbility.ets: EntryBackupAbility,,,
onBackup,Method,src/main/ets/entrybackupability/EntryBackupAbility.ets,EntryBackupAbility,,,onBackup,entry\src\main\ets\entrybackupability\EntryBackupAbility.ets:7,@entry/src/main/ets/entrybackupability/EntryBackupAbility.ets: EntryBackupAbility.onBackup(),,,
onRestore,Method,api/@ohos.application.BackupExtensionAbility.d.ts,BackupExtensionAbility,bundleVersion:BundleVersion,,onRestore,entry\src\main\ets\entrybackupability\EntryBackupAbility.ets:12,@ohos/api/@ohos.application.BackupExtensionAbility.d.ts: BackupExtensionAbility.onRestore(@ohos/api/@ohos.application.BackupExtensionAbility.d.ts: BundleVersion),,,
onRestore,Method,src/main/ets/entrybackupability/EntryBackupAbility.ets,EntryBackupAbility,bundleVersion:BundleVersion,,onRestore,entry\src\main\ets\entrybackupability\EntryBackupAbility.ets:12,@entry/src/main/ets/entrybackupability/EntryBackupAbility.ets: EntryBackupAbility.onRestore(@ohos/api/@ohos.application.BackupExtensionAbility.d.ts: BundleVersion),,,
bundleVersion,Property,%unk,,,,onRestore,entry\src\main\ets\entrybackupability\EntryBackupAbility.ets:-1,@%unk/%unk: .()#bundleVersion,,,
bundleVersion,Property,%unk,,,,onRestore,entry\src\main\ets\entrybackupability\EntryBackupAbility.ets:13,@%unk/%unk: .()#bundleVersion,,,
constructor,Method,src/main/ets/entrybackupability/EntryBackupAbility.ets,EntryBackupAbility,,,constructor,entry\src\main\ets\entrybackupability\EntryBackupAbility.ets:-1,@entry/src/main/ets/entrybackupability/EntryBackupAbility.ets: EntryBackupAbility.constructor(),,,
%AC1$%dflt.%dflt,Object,src/main/ets/pages/Index.ets,,,,%dflt,entry\src\main\ets\pages\Index.ets:37,@entry/src/main/ets/pages/Index.ets: %AC1$%dflt.%dflt,,,
%AC1$%dflt.%dflt,Object,src/main/ets/pages/Index.ets,,,,%dflt,entry\src\main\ets\pages\Index.ets:38,@entry/src/main/ets/pages/Index.ets: %AC1$%dflt.%dflt,,,
%AC1$%dflt.%dflt,Object,src/main/ets/pages/Index.ets,,,,constructor,entry\src\main\ets\pages\Index.ets:-1,@entry/src/main/ets/pages/Index.ets: %AC1$%dflt.%dflt,,,
constructor,Method,src/main/ets/pages/Index.ets,%AC1$%dflt.%dflt,,,%dflt,entry\src\main\ets\pages\Index.ets:38,@entry/src/main/ets/pages/Index.ets: %AC1$%dflt.%dflt.constructor(),%AC1$%dflt.%dflt,,
constructor,Method,src/main/ets/pages/Index.ets,%AC1$%dflt.%dflt,,,constructor,entry\src\main\ets\pages\Index.ets:-1,@entry/src/main/ets/pages/Index.ets: %AC1$%dflt.%dflt.constructor(),,,
%AC2$%dflt.%dflt,Object,src/main/ets/pages/Index.ets,,,,%dflt,entry\src\main\ets\pages\Index.ets:37,@entry/src/main/ets/pages/Index.ets: %AC2$%dflt.%dflt,,,
%AC2$%dflt.%dflt,Object,src/main/ets/pages/Index.ets,,,,%dflt,entry\src\main\ets\pages\Index.ets:39,@entry/src/main/ets/pages/Index.ets: %AC2$%dflt.%dflt,,,
%AC2$%dflt.%dflt,Object,src/main/ets/pages/Index.ets,,,,constructor,entry\src\main\ets\pages\Index.ets:-1,@entry/src/main/ets/pages/Index.ets: %AC2$%dflt.%dflt,,,
constructor,Method,src/main/ets/pages/Index.ets,%AC2$%dflt.%dflt,,,%dflt,entry\src\main\ets\pages\Index.ets:39,@entry/src/main/ets/pages/Index.ets: %AC2$%dflt.%dflt.constructor(),%AC2$%dflt.%dflt,,
constructor,Method,src/main/ets/pages/Index.ets,%AC2$%dflt.%dflt,,,constructor,entry\src\main\ets\pages\Index.ets:-1,@entry/src/main/ets/pages/Index.ets: %AC2$%dflt.%dflt.constructor(),,,
%AC3$%dflt.%dflt,Object,src/main/ets/pages/Index.ets,,,,%dflt,entry\src\main\ets\pages\Index.ets:37,@entry/src/main/ets/pages/Index.ets: %AC3$%dflt.%dflt,,,
%AC3$%dflt.%dflt,Object,src/main/ets/pages/Index.ets,,,,%dflt,entry\src\main\ets\pages\Index.ets:40,@entry/src/main/ets/pages/Index.ets: %AC3$%dflt.%dflt,,,
%AC3$%dflt.%dflt,Object,src/main/ets/pages/Index.ets,,,,constructor,entry\src\main\ets\pages\Index.ets:-1,@entry/src/main/ets/pages/Index.ets: %AC3$%dflt.%dflt,,,
constructor,Method,src/main/ets/pages/Index.ets,%AC3$%dflt.%dflt,,,%dflt,entry\src\main\ets\pages\Index.ets:40,@entry/src/main/ets/pages/Index.ets: %AC3$%dflt.%dflt.constructor(),%AC3$%dflt.%dflt,,
constructor,Method,src/main/ets/pages/Index.ets,%AC3$%dflt.%dflt,,,constructor,entry\src\main\ets\pages\Index.ets:-1,@entry/src/main/ets/pages/Index.ets: %AC3$%dflt.%dflt.constructor(),,,
%AC4$%dflt.%dflt,Object,src/main/ets/pages/Index.ets,,,,%dflt,entry\src\main\ets\pages\Index.ets:37,@entry/src/main/ets/pages/Index.ets: %AC4$%dflt.%dflt,,,
%AC4$%dflt.%dflt,Object,src/main/ets/pages/Index.ets,,,,%dflt,entry\src\main\ets\pages\Index.ets:41,@entry/src/main/ets/pages/Index.ets: %AC4$%dflt.%dflt,,,
%AC4$%dflt.%dflt,Object,src/main/ets/pages/Index.ets,,,,constructor,entry\src\main\ets\pages\Index.ets:-1,@entry/src/main/ets/pages/Index.ets: %AC4$%dflt.%dflt,,,
constructor,Method,src/main/ets/pages/Index.ets,%AC4$%dflt.%dflt,,,%dflt,entry\src\main\ets\pages\Index.ets:41,@entry/src/main/ets/pages/Index.ets: %AC4$%dflt.%dflt.constructor(),%AC4$%dflt.%dflt,,
constructor,Method,src/main/ets/pages/Index.ets,%AC4$%dflt.%dflt,,,constructor,entry\src\main\ets\pages\Index.ets:-1,@entry/src/main/ets/pages/Index.ets: %AC4$%dflt.%dflt.constructor(),,,
COLOR_PRESETS,Property,%unk,,,,%dflt,entry\src\main\ets\pages\Index.ets:37,@%unk/%unk: .()#COLOR_PRESETS,,,
COLOR_PRESETS,Property,%unk,,,,build,entry\src\main\ets\pages\Index.ets:175,@%unk/%unk: .()#COLOR_PRESETS,,,
%AC5$%dflt.%dflt,Object,src/main/ets/pages/Index.ets,,,,%dflt,entry\src\main\ets\pages\Index.ets:44,@entry/src/main/ets/pages/Index.ets: %AC5$%dflt.%dflt,,,
%AC5$%dflt.%dflt,Object,src/main/ets/pages/Index.ets,,,,%dflt,entry\src\main\ets\pages\Index.ets:45,@entry/src/main/ets/pages/Index.ets: %AC5$%dflt.%dflt,,,
%AC5$%dflt.%dflt,Object,src/main/ets/pages/Index.ets,,,,constructor,entry\src\main\ets\pages\Index.ets:-1,@entry/src/main/ets/pages/Index.ets: %AC5$%dflt.%dflt,,,
%5,Property,%unk,,,,%dflt,entry\src\main\ets\pages\Index.ets:45,@%unk/%unk: .()#%5,,,
%5,Property,%unk,,,,formatTime,entry\src\main\ets\pages\Index.ets:71,@%unk/%unk: .()#%5,,,
%5,Property,%unk,,,,%instInit,entry\src\main\ets\pages\Index.ets:84,@%unk/%unk: .()#%5,,,
%5,Property,%unk,,,,appendLog,entry\src\main\ets\pages\Index.ets:105,@%unk/%unk: .()#%5,,,
%5,Property,%unk,,,,build,entry\src\main\ets\pages\Index.ets:119,@%unk/%unk: .()#%5,,,
%5,Property,%unk,,,,onColorPreset,entry\src\main\ets\pages\Index.ets:366,@%unk/%unk: .()#%5,,,
%5,Property,%unk,,,,onImagePreset,entry\src\main\ets\pages\Index.ets:375,@%unk/%unk: .()#%5,,,
%5,Property,%unk,,,,onReset,entry\src\main\ets\pages\Index.ets:381,@%unk/%unk: .()#%5,,,
%5,Property,%unk,,,,%AM3$build,entry\src\main\ets\pages\Index.ets:176,@%unk/%unk: .()#%5,,,
%5,Property,%unk,,,,%AM5$build,entry\src\main\ets\pages\Index.ets:210,@%unk/%unk: .()#%5,,,
%5,Property,%unk,,,,%AM6$build,entry\src\main\ets\pages\Index.ets:239,@%unk/%unk: .()#%5,,,
%5,Property,%unk,,,,%AM7$build,entry\src\main\ets\pages\Index.ets:261,@%unk/%unk: .()#%5,,,
%5,Property,%unk,,,,%AM13$build,entry\src\main\ets\pages\Index.ets:325,@%unk/%unk: .()#%5,,,
%5,Property,%unk,,,,%instInit,entry\src\main\ets\pages\Index.ets:138,@%unk/%unk: .()#%5,,,
constructor,Method,src/main/ets/pages/Index.ets,%AC5$%dflt.%dflt,,,%dflt,entry\src\main\ets\pages\Index.ets:45,@entry/src/main/ets/pages/Index.ets: %AC5$%dflt.%dflt.constructor(),%AC5$%dflt.%dflt,,
constructor,Method,src/main/ets/pages/Index.ets,%AC5$%dflt.%dflt,,,constructor,entry\src\main\ets\pages\Index.ets:-1,@entry/src/main/ets/pages/Index.ets: %AC5$%dflt.%dflt.constructor(),,,
%AC6$%dflt.%dflt,Object,src/main/ets/pages/Index.ets,,,,%dflt,entry\src\main\ets\pages\Index.ets:44,@entry/src/main/ets/pages/Index.ets: %AC6$%dflt.%dflt,,,
%AC6$%dflt.%dflt,Object,src/main/ets/pages/Index.ets,,,,%dflt,entry\src\main\ets\pages\Index.ets:46,@entry/src/main/ets/pages/Index.ets: %AC6$%dflt.%dflt,,,
%AC6$%dflt.%dflt,Object,src/main/ets/pages/Index.ets,,,,constructor,entry\src\main\ets\pages\Index.ets:-1,@entry/src/main/ets/pages/Index.ets: %AC6$%dflt.%dflt,,,
%6,Property,%unk,,,,%dflt,entry\src\main\ets\pages\Index.ets:46,@%unk/%unk: .()#%6,,,
%6,Property,%unk,,,,formatTime,entry\src\main\ets\pages\Index.ets:72,@%unk/%unk: .()#%6,,,
%6,Property,%unk,,,,%instInit,entry\src\main\ets\pages\Index.ets:87,@%unk/%unk: .()#%6,,,
%6,Property,%unk,,,,appendLog,entry\src\main\ets\pages\Index.ets:105,@%unk/%unk: .()#%6,,,
%6,Property,%unk,,,,build,entry\src\main\ets\pages\Index.ets:117,@%unk/%unk: .()#%6,,,
%6,Property,%unk,,,,onColorPreset,entry\src\main\ets\pages\Index.ets:366,@%unk/%unk: .()#%6,,,
%6,Property,%unk,,,,onImagePreset,entry\src\main\ets\pages\Index.ets:376,@%unk/%unk: .()#%6,,,
%6,Property,%unk,,,,onReset,entry\src\main\ets\pages\Index.ets:384,@%unk/%unk: .()#%6,,,
%6,Property,%unk,,,,%AM3$build,entry\src\main\ets\pages\Index.ets:176,@%unk/%unk: .()#%6,,,
%6,Property,%unk,,,,%AM5$build,entry\src\main\ets\pages\Index.ets:212,@%unk/%unk: .()#%6,,,
%6,Property,%unk,,,,%AM6$build,entry\src\main\ets\pages\Index.ets:241,@%unk/%unk: .()#%6,,,
%6,Property,%unk,,,,%AM7$build,entry\src\main\ets\pages\Index.ets:260,@%unk/%unk: .()#%6,,,
%6,Property,%unk,,,,%AM13$build,entry\src\main\ets\pages\Index.ets:325,@%unk/%unk: .()#%6,,,
%6,Property,%unk,,,,%instInit,entry\src\main\ets\pages\Index.ets:139,@%unk/%unk: .()#%6,,,
constructor,Method,src/main/ets/pages/Index.ets,%AC6$%dflt.%dflt,,,%dflt,entry\src\main\ets\pages\Index.ets:46,@entry/src/main/ets/pages/Index.ets: %AC6$%dflt.%dflt.constructor(),%AC6$%dflt.%dflt,,
constructor,Method,src/main/ets/pages/Index.ets,%AC6$%dflt.%dflt,,,constructor,entry\src\main\ets\pages\Index.ets:-1,@entry/src/main/ets/pages/Index.ets: %AC6$%dflt.%dflt.constructor(),,,
%AC7$%dflt.%dflt,Object,src/main/ets/pages/Index.ets,,,,%dflt,entry\src\main\ets\pages\Index.ets:44,@entry/src/main/ets/pages/Index.ets: %AC7$%dflt.%dflt,,,
%AC7$%dflt.%dflt,Object,src/main/ets/pages/Index.ets,,,,%dflt,entry\src\main\ets\pages\Index.ets:47,@entry/src/main/ets/pages/Index.ets: %AC7$%dflt.%dflt,,,
%AC7$%dflt.%dflt,Object,src/main/ets/pages/Index.ets,,,,constructor,entry\src\main\ets\pages\Index.ets:-1,@entry/src/main/ets/pages/Index.ets: %AC7$%dflt.%dflt,,,
%7,Property,%unk,,,,%dflt,entry\src\main\ets\pages\Index.ets:47,@%unk/%unk: .()#%7,,,
%7,Property,%unk,,,,formatTime,entry\src\main\ets\pages\Index.ets:72,@%unk/%unk: .()#%7,,,
%7,Property,%unk,,,,%instInit,entry\src\main\ets\pages\Index.ets:350,@%unk/%unk: .()#%7,,,
%7,Property,%unk,,,,appendLog,entry\src\main\ets\pages\Index.ets:105,@%unk/%unk: .()#%7,,,
%7,Property,%unk,,,,build,entry\src\main\ets\pages\Index.ets:117,@%unk/%unk: .()#%7,,,
%7,Property,%unk,,,,onColorPreset,entry\src\main\ets\pages\Index.ets:366,@%unk/%unk: .()#%7,,,
%7,Property,%unk,,,,onImagePreset,entry\src\main\ets\pages\Index.ets:376,@%unk/%unk: .()#%7,,,
%7,Property,%unk,,,,onReset,entry\src\main\ets\pages\Index.ets:385,@%unk/%unk: .()#%7,,,
%7,Property,%unk,,,,%AM3$build,entry\src\main\ets\pages\Index.ets:176,@%unk/%unk: .()#%7,,,
%7,Property,%unk,,,,%AM5$build,entry\src\main\ets\pages\Index.ets:213,@%unk/%unk: .()#%7,,,
%7,Property,%unk,,,,%AM6$build,entry\src\main\ets\pages\Index.ets:242,@%unk/%unk: .()#%7,,,
%7,Property,%unk,,,,%AM7$build,entry\src\main\ets\pages\Index.ets:256,@%unk/%unk: .()#%7,,,
%7,Property,%unk,,,,%AM13$build,entry\src\main\ets\pages\Index.ets:325,@%unk/%unk: .()#%7,,,
%7,Property,%unk,,,,%instInit,entry\src\main\ets\pages\Index.ets:140,@%unk/%unk: .()#%7,,,
constructor,Method,src/main/ets/pages/Index.ets,%AC7$%dflt.%dflt,,,%dflt,entry\src\main\ets\pages\Index.ets:47,@entry/src/main/ets/pages/Index.ets: %AC7$%dflt.%dflt.constructor(),%AC7$%dflt.%dflt,,
constructor,Method,src/main/ets/pages/Index.ets,%AC7$%dflt.%dflt,,,constructor,entry\src\main\ets\pages\Index.ets:-1,@entry/src/main/ets/pages/Index.ets: %AC7$%dflt.%dflt.constructor(),,,
%8,Property,%unk,,,,%dflt,entry\src\main\ets\pages\Index.ets:44,@%unk/%unk: .()#%8,,,
%8,Property,%unk,,,,formatTime,entry\src\main\ets\pages\Index.ets:73,@%unk/%unk: .()#%8,,,
%8,Property,%unk,,,,build,entry\src\main\ets\pages\Index.ets:117,@%unk/%unk: .()#%8,,,
%8,Property,%unk,,,,onColorPreset,entry\src\main\ets\pages\Index.ets:366,@%unk/%unk: .()#%8,,,
%8,Property,%unk,,,,onImagePreset,entry\src\main\ets\pages\Index.ets:376,@%unk/%unk: .()#%8,,,
%8,Property,%unk,,,,onReset,entry\src\main\ets\pages\Index.ets:386,@%unk/%unk: .()#%8,,,
%8,Property,%unk,,,,%AM3$build,entry\src\main\ets\pages\Index.ets:176,@%unk/%unk: .()#%8,,,
%8,Property,%unk,,,,%AM5$build,entry\src\main\ets\pages\Index.ets:213,@%unk/%unk: .()#%8,,,
%8,Property,%unk,,,,%AM6$build,entry\src\main\ets\pages\Index.ets:242,@%unk/%unk: .()#%8,,,
%8,Property,%unk,,,,%AM7$build,entry\src\main\ets\pages\Index.ets:255,@%unk/%unk: .()#%8,,,
%8,Property,%unk,,,,%AM13$build,entry\src\main\ets\pages\Index.ets:325,@%unk/%unk: .()#%8,,,
%8,Property,%unk,,,,%instInit,entry\src\main\ets\pages\Index.ets:142,@%unk/%unk: .()#%8,,,
IMAGE_PRESETS,Property,%unk,,,,%dflt,entry\src\main\ets\pages\Index.ets:44,@%unk/%unk: .()#IMAGE_PRESETS,,,
IMAGE_PRESETS,Property,%unk,,,,build,entry\src\main\ets\pages\Index.ets:254,@%unk/%unk: .()#IMAGE_PRESETS,,,
statusName,Method,src/main/ets/pages/Index.ets,,s:InsStatus,,statusName,entry\src\main\ets\pages\Index.ets:50,@entry/src/main/ets/pages/Index.ets: %dflt.statusName(InsStatus),,,
statusName,Method,src/main/ets/pages/Index.ets,,s:InsStatus,unknown,build,entry\src\main\ets\pages\Index.ets:157,@entry/src/main/ets/pages/Index.ets: %dflt.statusName(InsStatus),,,
statusName,Method,src/main/ets/pages/Index.ets,,s:InsStatus,InsStatus,%AM0$aboutToAppear,entry\src\main\ets\pages\Index.ets:92,@entry/src/main/ets/pages/Index.ets: %dflt.statusName(InsStatus),,,
s,Property,%unk,,,,statusName,entry\src\main\ets\pages\Index.ets:-1,@%unk/%unk: .()#s,,,
s,Property,%unk,,,,formatTime,entry\src\main\ets\pages\Index.ets:71,@%unk/%unk: .()#s,,,
LOADING,Property,%unk,,,,statusName,entry\src\main\ets\pages\Index.ets:51,@%unk/%unk: .LOADING,,,
LOADING,Property,%unk,,,,nextStatus,entry\src\main\ets\pages\Index.ets:61,@%unk/%unk: .LOADING,,,
LOADING,Property,%unk,,,,nextStatus,entry\src\main\ets\pages\Index.ets:62,@%unk/%unk: .LOADING,,,
LOADING,Property,%unk,,,,%instInit,entry\src\main\ets\pages\Index.ets:82,@%unk/%unk: .LOADING,,,
LOADING,Property,%unk,,,,onReset,entry\src\main\ets\pages\Index.ets:389,@%unk/%unk: .LOADING,,,
LOADING,Property,%unk,,,,%AM9$build,entry\src\main\ets\pages\Index.ets:280,@%unk/%unk: .LOADING,,,
LOADING,Property,%unk,,,,%instInit,entry\src\main\ets\pages\Index.ets:136,@%unk/%unk: .LOADING,,,
CLICKED,Property,%unk,,,,statusName,entry\src\main\ets\pages\Index.ets:53,@%unk/%unk: .CLICKED,,,
CLICKED,Property,%unk,,,,nextStatus,entry\src\main\ets\pages\Index.ets:63,@%unk/%unk: .CLICKED,,,
CLICKED,Property,%unk,,,,%AM11$build,entry\src\main\ets\pages\Index.ets:300,@%unk/%unk: .CLICKED,,,
nextStatus,Method,src/main/ets/pages/Index.ets,,s:InsStatus,,nextStatus,entry\src\main\ets\pages\Index.ets:59,@entry/src/main/ets/pages/Index.ets: %dflt.nextStatus(InsStatus),,,
nextStatus,Method,src/main/ets/pages/Index.ets,,s:InsStatus,InsStatus,onAvatarClick,entry\src\main\ets\pages\Index.ets:354,@entry/src/main/ets/pages/Index.ets: %dflt.nextStatus(InsStatus),,,
UNCLICKED,Property,%unk,,,,nextStatus,entry\src\main\ets\pages\Index.ets:60,@%unk/%unk: .UNCLICKED,,,
UNCLICKED,Property,%unk,,,,nextStatus,entry\src\main\ets\pages\Index.ets:65,@%unk/%unk: .UNCLICKED,,,
UNCLICKED,Property,%unk,,,,%AM10$build,entry\src\main\ets\pages\Index.ets:290,@%unk/%unk: .UNCLICKED,,,
formatTime,Method,src/main/ets/pages/Index.ets,,d:Date,,formatTime,entry\src\main\ets\pages\Index.ets:68,@entry/src/main/ets/pages/Index.ets: %dflt.formatTime(@built-in/lib.es5.d.ts: Date),,,
formatTime,Method,src/main/ets/pages/Index.ets,,d:Date,Date,%instInit,entry\src\main\ets\pages\Index.ets:101,@entry/src/main/ets/pages/Index.ets: %dflt.formatTime(@built-in/lib.es5.d.ts: Date),,,
d,Property,%unk,,,,formatTime,entry\src\main\ets\pages\Index.ets:-1,@%unk/%unk: .()#d,,,
getHours,Method,%unk,,,,formatTime,entry\src\main\ets\pages\Index.ets:69,@%unk/%unk: .getHours(),Date,,
toString,Method,%unk,,,,formatTime,entry\src\main\ets\pages\Index.ets:69,@%unk/%unk: .toString(),,,
toString,Method,%unk,,,,formatTime,entry\src\main\ets\pages\Index.ets:70,@%unk/%unk: .toString(),,,
toString,Method,%unk,,,,formatTime,entry\src\main\ets\pages\Index.ets:71,@%unk/%unk: .toString(),,,
toString,Method,%unk,,,,formatTime,entry\src\main\ets\pages\Index.ets:72,@%unk/%unk: .toString(),,,
toString,Method,%unk,,,,formatTime,entry\src\main\ets\pages\Index.ets:73,@%unk/%unk: .toString(),,,
toString,Method,%unk,,,,showToast,entry\src\main\ets\pages\Index.ets:111,@%unk/%unk: .toString(),,,
toString,Method,%unk,,,,build,entry\src\main\ets\pages\Index.ets:157,@%unk/%unk: .toString(),,,
toString,Method,%unk,,,,build,entry\src\main\ets\pages\Index.ets:195,@%unk/%unk: .toString(),,,
toString,Method,%unk,,,,build,entry\src\main\ets\pages\Index.ets:224,@%unk/%unk: .toString(),,,
toString,Method,%unk,,,,onColorPreset,entry\src\main\ets\pages\Index.ets:366,@%unk/%unk: .toString(),,,
toString,Method,%unk,,,,onImagePreset,entry\src\main\ets\pages\Index.ets:376,@%unk/%unk: .toString(),,,
toString,Method,%unk,,,,%AM0$aboutToAppear,entry\src\main\ets\pages\Index.ets:92,@%unk/%unk: .toString(),,,
toString,Method,%unk,,,,%AM5$build,entry\src\main\ets\pages\Index.ets:213,@%unk/%unk: .toString(),,,
toString,Method,%unk,,,,%AM6$build,entry\src\main\ets\pages\Index.ets:242,@%unk/%unk: .toString(),,,
toString,Method,%unk,,,,%AM13$build,entry\src\main\ets\pages\Index.ets:325,@%unk/%unk: .toString(),,,
toString,Method,%unk,,,,%AM14$build,entry\src\main\ets\pages\Index.ets:330,@%unk/%unk: .toString(),,,
padStart,Method,%unk,,,,formatTime,entry\src\main\ets\pages\Index.ets:69,@%unk/%unk: .padStart(),,,
padStart,Method,%unk,,,,formatTime,entry\src\main\ets\pages\Index.ets:70,@%unk/%unk: .padStart(),,,
padStart,Method,%unk,,,,formatTime,entry\src\main\ets\pages\Index.ets:71,@%unk/%unk: .padStart(),,,
padStart,Method,%unk,,,,formatTime,entry\src\main\ets\pages\Index.ets:72,@%unk/%unk: .padStart(),,,
h,Constant,%unk,,,,formatTime,entry\src\main\ets\pages\Index.ets:69,@%unk/%unk: .()#h,,,
getMinutes,Method,%unk,,,,formatTime,entry\src\main\ets\pages\Index.ets:70,@%unk/%unk: .getMinutes(),Date,,
m,Constant,%unk,,,,formatTime,entry\src\main\ets\pages\Index.ets:70,@%unk/%unk: .()#m,,,
getSeconds,Method,%unk,,,,formatTime,entry\src\main\ets\pages\Index.ets:71,@%unk/%unk: .getSeconds(),Date,,
getMilliseconds,Method,%unk,,,,formatTime,entry\src\main\ets\pages\Index.ets:72,@%unk/%unk: .getMilliseconds(),Date,,
ms,Constant,%unk,,,,formatTime,entry\src\main\ets\pages\Index.ets:72,@%unk/%unk: .()#ms,,,
%9,Constant,%unk,,,,formatTime,entry\src\main\ets\pages\Index.ets:73,@%unk/%unk: .()#%9,,,
%9,Constant,%unk,,,,build,entry\src\main\ets\pages\Index.ets:117,@%unk/%unk: .()#%9,,,
%9,Constant,%unk,,,,onColorPreset,entry\src\main\ets\pages\Index.ets:366,@%unk/%unk: .()#%9,,,
%9,Constant,%unk,,,,onImagePreset,entry\src\main\ets\pages\Index.ets:376,@%unk/%unk: .()#%9,,,
%9,Constant,%unk,,,,onReset,entry\src\main\ets\pages\Index.ets:386,@%unk/%unk: .()#%9,,,
%9,Constant,%unk,,,,%AM3$build,entry\src\main\ets\pages\Index.ets:176,@%unk/%unk: .()#%9,,,
%9,Constant,%unk,,,,%AM5$build,entry\src\main\ets\pages\Index.ets:213,@%unk/%unk: .()#%9,,,
%9,Constant,%unk,,,,%AM6$build,entry\src\main\ets\pages\Index.ets:242,@%unk/%unk: .()#%9,,,
%9,Constant,%unk,,,,%AM7$build,entry\src\main\ets\pages\Index.ets:255,@%unk/%unk: .()#%9,,,
%9,Constant,%unk,,,,%AM13$build,entry\src\main\ets\pages\Index.ets:325,@%unk/%unk: .()#%9,,,
%10,Constant,%unk,,,,formatTime,entry\src\main\ets\pages\Index.ets:73,@%unk/%unk: .()#%10,,,
%10,Constant,%unk,,,,build,entry\src\main\ets\pages\Index.ets:117,@%unk/%unk: .()#%10,,,
%10,Constant,%unk,,,,onColorPreset,entry\src\main\ets\pages\Index.ets:366,@%unk/%unk: .()#%10,,,
%10,Constant,%unk,,,,onReset,entry\src\main\ets\pages\Index.ets:387,@%unk/%unk: .()#%10,,,
%10,Constant,%unk,,,,%AM7$build,entry\src\main\ets\pages\Index.ets:255,@%unk/%unk: .()#%10,,,
%10,Constant,%unk,,,,%AM13$build,entry\src\main\ets\pages\Index.ets:325,@%unk/%unk: .()#%10,,,
%11,Constant,%unk,,,,formatTime,entry\src\main\ets\pages\Index.ets:73,@%unk/%unk: .()#%11,,,
%11,Constant,%unk,,,,build,entry\src\main\ets\pages\Index.ets:117,@%unk/%unk: .()#%11,,,
%11,Constant,%unk,,,,onColorPreset,entry\src\main\ets\pages\Index.ets:366,@%unk/%unk: .()#%11,,,
%11,Constant,%unk,,,,onReset,entry\src\main\ets\pages\Index.ets:387,@%unk/%unk: .()#%11,,,
%11,Constant,%unk,,,,%AM7$build,entry\src\main\ets\pages\Index.ets:255,@%unk/%unk: .()#%11,,,
%12,Constant,%unk,,,,formatTime,entry\src\main\ets\pages\Index.ets:73,@%unk/%unk: .()#%12,,,
%12,Constant,%unk,,,,build,entry\src\main\ets\pages\Index.ets:130,@%unk/%unk: .()#%12,,,
%12,Constant,%unk,,,,onReset,entry\src\main\ets\pages\Index.ets:388,@%unk/%unk: .()#%12,,,
%12,Constant,%unk,,,,%AM7$build,entry\src\main\ets\pages\Index.ets:255,@%unk/%unk: .()#%12,,,
%13,Constant,%unk,,,,formatTime,entry\src\main\ets\pages\Index.ets:73,@%unk/%unk: .()#%13,,,
%13,Constant,%unk,,,,build,entry\src\main\ets\pages\Index.ets:129,@%unk/%unk: .()#%13,,,
%13,Constant,%unk,,,,onReset,entry\src\main\ets\pages\Index.ets:388,@%unk/%unk: .()#%13,,,
%13,Constant,%unk,,,,%AM7$build,entry\src\main\ets\pages\Index.ets:255,@%unk/%unk: .()#%13,,,
%14,Constant,%unk,,,,formatTime,entry\src\main\ets\pages\Index.ets:73,@%unk/%unk: .()#%14,,,
%14,Constant,%unk,,,,build,entry\src\main\ets\pages\Index.ets:125,@%unk/%unk: .()#%14,,,
%14,Constant,%unk,,,,onReset,entry\src\main\ets\pages\Index.ets:388,@%unk/%unk: .()#%14,,,
%14,Constant,%unk,,,,%AM7$build,entry\src\main\ets\pages\Index.ets:255,@%unk/%unk: .()#%14,,,
%15,Constant,%unk,,,,formatTime,entry\src\main\ets\pages\Index.ets:73,@%unk/%unk: .()#%15,,,
%15,Constant,%unk,,,,build,entry\src\main\ets\pages\Index.ets:125,@%unk/%unk: .()#%15,,,
%15,Constant,%unk,,,,onReset,entry\src\main\ets\pages\Index.ets:389,@%unk/%unk: .()#%15,,,
%15,Constant,%unk,,,,%AM7$build,entry\src\main\ets\pages\Index.ets:255,@%unk/%unk: .()#%15,,,
%16,Constant,%unk,,,,formatTime,entry\src\main\ets\pages\Index.ets:73,@%unk/%unk: .()#%16,,,
%16,Constant,%unk,,,,build,entry\src\main\ets\pages\Index.ets:125,@%unk/%unk: .()#%16,,,
%16,Constant,%unk,,,,onReset,entry\src\main\ets\pages\Index.ets:389,@%unk/%unk: .()#%16,,,
%16,Constant,%unk,,,,%AM7$build,entry\src\main\ets\pages\Index.ets:255,@%unk/%unk: .()#%16,,,
%17,Constant,%unk,,,,formatTime,entry\src\main\ets\pages\Index.ets:73,@%unk/%unk: .()#%17,,,
%17,Constant,%unk,,,,build,entry\src\main\ets\pages\Index.ets:125,@%unk/%unk: .()#%17,,,
name,Property,src/main/ets/pages/Index.ets,ColorPreset,,,name,entry\src\main\ets\pages\Index.ets:21,@entry/src/main/ets/pages/Index.ets: ColorPreset.name,,,
name,Property,src/main/ets/pages/Index.ets,ColorPreset,,,%AM3$build,entry\src\main\ets\pages\Index.ets:176,@entry/src/main/ets/pages/Index.ets: ColorPreset.name,,,
start,Property,src/main/ets/pages/Index.ets,ColorPreset,,,start,entry\src\main\ets\pages\Index.ets:22,@entry/src/main/ets/pages/Index.ets: ColorPreset.start,,,
start,Property,src/main/ets/pages/Index.ets,ColorPreset,,,onColorPreset,entry\src\main\ets\pages\Index.ets:364,@entry/src/main/ets/pages/Index.ets: ColorPreset.start,,,
start,Property,src/main/ets/pages/Index.ets,ColorPreset,,,onColorPreset,entry\src\main\ets\pages\Index.ets:366,@entry/src/main/ets/pages/Index.ets: ColorPreset.start,,,
start,Property,src/main/ets/pages/Index.ets,ColorPreset,,,onReset,entry\src\main\ets\pages\Index.ets:380,@entry/src/main/ets/pages/Index.ets: ColorPreset.start,,,
start,Property,src/main/ets/pages/Index.ets,ColorPreset,,,%instInit,entry\src\main\ets\pages\Index.ets:137,@entry/src/main/ets/pages/Index.ets: ColorPreset.start,,,
end,Property,src/main/ets/pages/Index.ets,ColorPreset,,,end,entry\src\main\ets\pages\Index.ets:23,@entry/src/main/ets/pages/Index.ets: ColorPreset.end,,,
end,Property,src/main/ets/pages/Index.ets,ColorPreset,,,onColorPreset,entry\src\main\ets\pages\Index.ets:365,@entry/src/main/ets/pages/Index.ets: ColorPreset.end,,,
end,Property,src/main/ets/pages/Index.ets,ColorPreset,,,onColorPreset,entry\src\main\ets\pages\Index.ets:366,@entry/src/main/ets/pages/Index.ets: ColorPreset.end,,,
end,Property,src/main/ets/pages/Index.ets,ColorPreset,,,onReset,entry\src\main\ets\pages\Index.ets:381,@entry/src/main/ets/pages/Index.ets: ColorPreset.end,,,
end,Property,src/main/ets/pages/Index.ets,ColorPreset,,,%instInit,entry\src\main\ets\pages\Index.ets:138,@entry/src/main/ets/pages/Index.ets: ColorPreset.end,,,
name,Property,src/main/ets/pages/Index.ets,ImagePreset,,,name,entry\src\main\ets\pages\Index.ets:27,@entry/src/main/ets/pages/Index.ets: ImagePreset.name,,,
name,Property,src/main/ets/pages/Index.ets,ImagePreset,,,%instInit,entry\src\main\ets\pages\Index.ets:84,@entry/src/main/ets/pages/Index.ets: ImagePreset.name,,,
name,Property,src/main/ets/pages/Index.ets,ImagePreset,,,onImagePreset,entry\src\main\ets\pages\Index.ets:370,@entry/src/main/ets/pages/Index.ets: ImagePreset.name,,,
name,Property,src/main/ets/pages/Index.ets,ImagePreset,,,onImagePreset,entry\src\main\ets\pages\Index.ets:373,@entry/src/main/ets/pages/Index.ets: ImagePreset.name,,,
name,Property,src/main/ets/pages/Index.ets,ImagePreset,,,onReset,entry\src\main\ets\pages\Index.ets:386,@entry/src/main/ets/pages/Index.ets: ImagePreset.name,,,
name,Property,src/main/ets/pages/Index.ets,ImagePreset,,,%AM7$build,entry\src\main\ets\pages\Index.ets:262,@entry/src/main/ets/pages/Index.ets: ImagePreset.name,,,
name,Property,src/main/ets/pages/Index.ets,ImagePreset,,,%AM7$build,entry\src\main\ets\pages\Index.ets:261,@entry/src/main/ets/pages/Index.ets: ImagePreset.name,,,
name,Property,src/main/ets/pages/Index.ets,ImagePreset,,,%AM7$build,entry\src\main\ets\pages\Index.ets:255,@entry/src/main/ets/pages/Index.ets: ImagePreset.name,,,
src,Property,src/main/ets/pages/Index.ets,ImagePreset,,,src,entry\src\main\ets\pages\Index.ets:28,@entry/src/main/ets/pages/Index.ets: ImagePreset.src,,,
src,Property,src/main/ets/pages/Index.ets,ImagePreset,,,%instInit,entry\src\main\ets\pages\Index.ets:83,@entry/src/main/ets/pages/Index.ets: ImagePreset.src,,,
src,Property,src/main/ets/pages/Index.ets,ImagePreset,,,onImagePreset,entry\src\main\ets\pages\Index.ets:374,@entry/src/main/ets/pages/Index.ets: ImagePreset.src,,,
src,Property,src/main/ets/pages/Index.ets,ImagePreset,,,onImagePreset,entry\src\main\ets\pages\Index.ets:375,@entry/src/main/ets/pages/Index.ets: ImagePreset.src,,,
src,Property,src/main/ets/pages/Index.ets,ImagePreset,,,onImagePreset,entry\src\main\ets\pages\Index.ets:376,@entry/src/main/ets/pages/Index.ets: ImagePreset.src,,,
src,Property,src/main/ets/pages/Index.ets,ImagePreset,,,onReset,entry\src\main\ets\pages\Index.ets:387,@entry/src/main/ets/pages/Index.ets: ImagePreset.src,,,
src,Property,src/main/ets/pages/Index.ets,ImagePreset,,,onReset,entry\src\main\ets\pages\Index.ets:388,@entry/src/main/ets/pages/Index.ets: ImagePreset.src,,,
id,Property,src/main/ets/pages/Index.ets,LogEntry,,,id,entry\src\main\ets\pages\Index.ets:32,@entry/src/main/ets/pages/Index.ets: LogEntry.id,,,
id,Property,src/main/ets/pages/Index.ets,LogEntry,,,%AM14$build,entry\src\main\ets\pages\Index.ets:330,@entry/src/main/ets/pages/Index.ets: LogEntry.id,,,
text,Property,src/main/ets/pages/Index.ets,LogEntry,,,text,entry\src\main\ets\pages\Index.ets:33,@entry/src/main/ets/pages/Index.ets: LogEntry.text,,,
text,Property,src/main/ets/pages/Index.ets,LogEntry,,,%AM13$build,entry\src\main\ets\pages\Index.ets:325,@entry/src/main/ets/pages/Index.ets: LogEntry.text,,,
time,Property,src/main/ets/pages/Index.ets,LogEntry,,,time,entry\src\main\ets\pages\Index.ets:34,@entry/src/main/ets/pages/Index.ets: LogEntry.time,,,
time,Property,src/main/ets/pages/Index.ets,LogEntry,,,%AM13$build,entry\src\main\ets\pages\Index.ets:325,@entry/src/main/ets/pages/Index.ets: LogEntry.time,,,
controller,Property,src/main/ets/pages/Index.ets,%AC0,,,controller,entry\src\main\ets\pages\Index.ets:1,@entry/src/main/ets/pages/Index.ets: %AC0.controller,,,
logId,Property,src/main/ets/pages/Index.ets,%AC0,,,logId,entry\src\main\ets\pages\Index.ets:1,@entry/src/main/ets/pages/Index.ets: %AC0.logId,,,
currentStatus,Property,src/main/ets/pages/Index.ets,%AC0,,,currentStatus,entry\src\main\ets\pages\Index.ets:1,@entry/src/main/ets/pages/Index.ets: %AC0.currentStatus,,,
currentImageSrc,Property,src/main/ets/pages/Index.ets,%AC0,,,currentImageSrc,entry\src\main\ets\pages\Index.ets:1,@entry/src/main/ets/pages/Index.ets: %AC0.currentImageSrc,,,
currentImageName,Property,src/main/ets/pages/Index.ets,%AC0,,,currentImageName,entry\src\main\ets\pages\Index.ets:1,@entry/src/main/ets/pages/Index.ets: %AC0.currentImageName,,,
circleDuration,Property,src/main/ets/pages/Index.ets,%AC0,,,circleDuration,entry\src\main\ets\pages\Index.ets:1,@entry/src/main/ets/pages/Index.ets: %AC0.circleDuration,,,
rotateDuration,Property,src/main/ets/pages/Index.ets,%AC0,,,rotateDuration,entry\src\main\ets\pages\Index.ets:1,@entry/src/main/ets/pages/Index.ets: %AC0.rotateDuration,,,
logs,Property,src/main/ets/pages/Index.ets,%AC0,,,logs,entry\src\main\ets\pages\Index.ets:1,@entry/src/main/ets/pages/Index.ets: %AC0.logs,,,
LogEntry,Interface,src/main/ets/pages/Index.ets,,,,%instInit,entry\src\main\ets\pages\Index.ets:1,@entry/src/main/ets/pages/Index.ets: LogEntry,,,
LogEntry,Interface,src/main/ets/pages/Index.ets,,,,%instInit,entry\src\main\ets\pages\Index.ets:-1,@entry/src/main/ets/pages/Index.ets: LogEntry,,,
LogEntry,Interface,src/main/ets/pages/Index.ets,,,,appendLog,entry\src\main\ets\pages\Index.ets:103,@entry/src/main/ets/pages/Index.ets: LogEntry,,,
LogEntry,Interface,src/main/ets/pages/Index.ets,,,,appendLog,entry\src\main\ets\pages\Index.ets:104,@entry/src/main/ets/pages/Index.ets: LogEntry,,,
LogEntry,Interface,src/main/ets/pages/Index.ets,,,,appendLog,entry\src\main\ets\pages\Index.ets:105,@entry/src/main/ets/pages/Index.ets: LogEntry,,,
LogEntry,Interface,src/main/ets/pages/Index.ets,,,,build,entry\src\main\ets\pages\Index.ets:324,@entry/src/main/ets/pages/Index.ets: LogEntry,,,
LogEntry,Interface,src/main/ets/pages/Index.ets,,,,%instInit,entry\src\main\ets\pages\Index.ets:87,@entry/src/main/ets/pages/Index.ets: LogEntry,,,
scroller,Property,src/main/ets/pages/Index.ets,%AC0,,,scroller,entry\src\main\ets\pages\Index.ets:1,@entry/src/main/ets/pages/Index.ets: %AC0.scroller,,,
Scroller,Class,component/scroll.d.ts,,,,%instInit,entry\src\main\ets\pages\Index.ets:1,@ohos/component/scroll.d.ts: Scroller,,,
Scroller,Class,component/scroll.d.ts,,,,%instInit,entry\src\main\ets\pages\Index.ets:350,@ohos/component/scroll.d.ts: Scroller,,,
Scroller,Class,component/scroll.d.ts,,,,%instInit,entry\src\main\ets\pages\Index.ets:-1,@ohos/component/scroll.d.ts: Scroller,,,
Scroller,Class,component/scroll.d.ts,,,,build,entry\src\main\ets\pages\Index.ets:322,@ohos/component/scroll.d.ts: Scroller,,,
Entry,Property,component/common.d.ts,,,,Index,entry\src\main\ets\pages\Index.ets:76,@ohos/component/common.d.ts: %dflt.%dflt()#Entry,,,
Component,Property,component/common.d.ts,,,,Index,entry\src\main\ets\pages\Index.ets:77,@ohos/component/common.d.ts: %dflt.%dflt()#Component,,,
InsLoadingController,Unknown,%unk,,,,%instInit,entry\src\main\ets\pages\Index.ets:79,@%unk/%unk: InsLoadingController,,,
constructor,Method,%unk,InsLoadingController,,,%instInit,entry\src\main\ets\pages\Index.ets:79,@%unk/%unk: InsLoadingController.constructor(),InsLoadingController,,
controller,Property,src/main/ets/pages/Index.ets,Index,,,%instInit,entry\src\main\ets\pages\Index.ets:-1,@entry/src/main/ets/pages/Index.ets: Index.controller,,,
controller,Property,src/main/ets/pages/Index.ets,Index,,,aboutToAppear,entry\src\main\ets\pages\Index.ets:90,@entry/src/main/ets/pages/Index.ets: Index.controller,,,
controller,Property,src/main/ets/pages/Index.ets,Index,,,onAvatarClick,entry\src\main\ets\pages\Index.ets:353,@entry/src/main/ets/pages/Index.ets: Index.controller,,,
controller,Property,src/main/ets/pages/Index.ets,Index,,,onAvatarClick,entry\src\main\ets\pages\Index.ets:355,@entry/src/main/ets/pages/Index.ets: Index.controller,,,
controller,Property,src/main/ets/pages/Index.ets,Index,,,onColorPreset,entry\src\main\ets\pages\Index.ets:364,@entry/src/main/ets/pages/Index.ets: Index.controller,,,
controller,Property,src/main/ets/pages/Index.ets,Index,,,onColorPreset,entry\src\main\ets\pages\Index.ets:365,@entry/src/main/ets/pages/Index.ets: Index.controller,,,
controller,Property,src/main/ets/pages/Index.ets,Index,,,onImagePreset,entry\src\main\ets\pages\Index.ets:375,@entry/src/main/ets/pages/Index.ets: Index.controller,,,
controller,Property,src/main/ets/pages/Index.ets,Index,,,onReset,entry\src\main\ets\pages\Index.ets:380,@entry/src/main/ets/pages/Index.ets: Index.controller,,,
controller,Property,src/main/ets/pages/Index.ets,Index,,,onReset,entry\src\main\ets\pages\Index.ets:381,@entry/src/main/ets/pages/Index.ets: Index.controller,,,
controller,Property,src/main/ets/pages/Index.ets,Index,,,onReset,entry\src\main\ets\pages\Index.ets:384,@entry/src/main/ets/pages/Index.ets: Index.controller,,,
controller,Property,src/main/ets/pages/Index.ets,Index,,,onReset,entry\src\main\ets\pages\Index.ets:385,@entry/src/main/ets/pages/Index.ets: Index.controller,,,
controller,Property,src/main/ets/pages/Index.ets,Index,,,onReset,entry\src\main\ets\pages\Index.ets:388,@entry/src/main/ets/pages/Index.ets: Index.controller,,,
controller,Property,src/main/ets/pages/Index.ets,Index,,,onReset,entry\src\main\ets\pages\Index.ets:389,@entry/src/main/ets/pages/Index.ets: Index.controller,,,
controller,Property,src/main/ets/pages/Index.ets,Index,,,%AM5$build,entry\src\main\ets\pages\Index.ets:212,@entry/src/main/ets/pages/Index.ets: Index.controller,,,
controller,Property,src/main/ets/pages/Index.ets,Index,,,%AM6$build,entry\src\main\ets\pages\Index.ets:241,@entry/src/main/ets/pages/Index.ets: Index.controller,,,
controller,Property,src/main/ets/pages/Index.ets,Index,,,%AM9$build,entry\src\main\ets\pages\Index.ets:280,@entry/src/main/ets/pages/Index.ets: Index.controller,,,
controller,Property,src/main/ets/pages/Index.ets,Index,,,%AM10$build,entry\src\main\ets\pages\Index.ets:290,@entry/src/main/ets/pages/Index.ets: Index.controller,,,
controller,Property,src/main/ets/pages/Index.ets,Index,,,%AM11$build,entry\src\main\ets\pages\Index.ets:300,@entry/src/main/ets/pages/Index.ets: Index.controller,,,
controller,Property,src/main/ets/pages/Index.ets,Index,,,controller,entry\src\main\ets\pages\Index.ets:79,@entry/src/main/ets/pages/Index.ets: Index.controller,,,
controller,Property,src/main/ets/pages/Index.ets,Index,,,%instInit,entry\src\main\ets\pages\Index.ets:142,@entry/src/main/ets/pages/Index.ets: Index.controller,,,
logId,Property,src/main/ets/pages/Index.ets,Index,,,%instInit,entry\src\main\ets\pages\Index.ets:-1,@entry/src/main/ets/pages/Index.ets: Index.logId,,,
logId,Property,src/main/ets/pages/Index.ets,Index,,,logId,entry\src\main\ets\pages\Index.ets:80,@entry/src/main/ets/pages/Index.ets: Index.logId,,,
logId,Property,src/main/ets/pages/Index.ets,Index,,,%instInit,entry\src\main\ets\pages\Index.ets:99,@entry/src/main/ets/pages/Index.ets: Index.logId,,,
currentStatus,Property,src/main/ets/pages/Index.ets,Index,,,%instInit,entry\src\main\ets\pages\Index.ets:-1,@entry/src/main/ets/pages/Index.ets: Index.currentStatus,,,
currentStatus,Property,src/main/ets/pages/Index.ets,Index,,,build,entry\src\main\ets\pages\Index.ets:157,@entry/src/main/ets/pages/Index.ets: Index.currentStatus,,,
currentStatus,Property,src/main/ets/pages/Index.ets,Index,,,%AM0$aboutToAppear,entry\src\main\ets\pages\Index.ets:91,@entry/src/main/ets/pages/Index.ets: Index.currentStatus,,,
currentStatus,Property,src/main/ets/pages/Index.ets,Index,,,currentStatus,entry\src\main\ets\pages\Index.ets:82,@entry/src/main/ets/pages/Index.ets: Index.currentStatus,,,
currentImageSrc,Property,src/main/ets/pages/Index.ets,Index,,,%instInit,entry\src\main\ets\pages\Index.ets:-1,@entry/src/main/ets/pages/Index.ets: Index.currentImageSrc,,,
currentImageSrc,Property,src/main/ets/pages/Index.ets,Index,,,onImagePreset,entry\src\main\ets\pages\Index.ets:374,@entry/src/main/ets/pages/Index.ets: Index.currentImageSrc,,,
currentImageSrc,Property,src/main/ets/pages/Index.ets,Index,,,onReset,entry\src\main\ets\pages\Index.ets:387,@entry/src/main/ets/pages/Index.ets: Index.currentImageSrc,,,
currentImageSrc,Property,src/main/ets/pages/Index.ets,Index,,,currentImageSrc,entry\src\main\ets\pages\Index.ets:83,@entry/src/main/ets/pages/Index.ets: Index.currentImageSrc,,,
currentImageSrc,Property,src/main/ets/pages/Index.ets,Index,,,%instInit,entry\src\main\ets\pages\Index.ets:135,@entry/src/main/ets/pages/Index.ets: Index.currentImageSrc,,,
currentImageName,Property,src/main/ets/pages/Index.ets,Index,,,%instInit,entry\src\main\ets\pages\Index.ets:-1,@entry/src/main/ets/pages/Index.ets: Index.currentImageName,,,
currentImageName,Property,src/main/ets/pages/Index.ets,Index,,,onImagePreset,entry\src\main\ets\pages\Index.ets:370,@entry/src/main/ets/pages/Index.ets: Index.currentImageName,,,
currentImageName,Property,src/main/ets/pages/Index.ets,Index,,,onImagePreset,entry\src\main\ets\pages\Index.ets:373,@entry/src/main/ets/pages/Index.ets: Index.currentImageName,,,
currentImageName,Property,src/main/ets/pages/Index.ets,Index,,,onReset,entry\src\main\ets\pages\Index.ets:386,@entry/src/main/ets/pages/Index.ets: Index.currentImageName,,,
currentImageName,Property,src/main/ets/pages/Index.ets,Index,,,%AM7$build,entry\src\main\ets\pages\Index.ets:262,@entry/src/main/ets/pages/Index.ets: Index.currentImageName,,,
currentImageName,Property,src/main/ets/pages/Index.ets,Index,,,%AM7$build,entry\src\main\ets\pages\Index.ets:261,@entry/src/main/ets/pages/Index.ets: Index.currentImageName,,,
currentImageName,Property,src/main/ets/pages/Index.ets,Index,,,currentImageName,entry\src\main\ets\pages\Index.ets:84,@entry/src/main/ets/pages/Index.ets: Index.currentImageName,,,
circleDuration,Property,src/main/ets/pages/Index.ets,Index,,,%instInit,entry\src\main\ets\pages\Index.ets:-1,@entry/src/main/ets/pages/Index.ets: Index.circleDuration,,,
circleDuration,Property,src/main/ets/pages/Index.ets,Index,,,build,entry\src\main\ets\pages\Index.ets:195,@entry/src/main/ets/pages/Index.ets: Index.circleDuration,,,
circleDuration,Property,src/main/ets/pages/Index.ets,Index,,,onReset,entry\src\main\ets\pages\Index.ets:382,@entry/src/main/ets/pages/Index.ets: Index.circleDuration,,,
circleDuration,Property,src/main/ets/pages/Index.ets,Index,,,%AM5$build,entry\src\main\ets\pages\Index.ets:210,@entry/src/main/ets/pages/Index.ets: Index.circleDuration,,,
circleDuration,Property,src/main/ets/pages/Index.ets,Index,,,%AM5$build,entry\src\main\ets\pages\Index.ets:211,@entry/src/main/ets/pages/Index.ets: Index.circleDuration,,,
circleDuration,Property,src/main/ets/pages/Index.ets,Index,,,circleDuration,entry\src\main\ets\pages\Index.ets:85,@entry/src/main/ets/pages/Index.ets: Index.circleDuration,,,
circleDuration,Property,src/main/ets/pages/Index.ets,Index,,,%instInit,entry\src\main\ets\pages\Index.ets:139,@entry/src/main/ets/pages/Index.ets: Index.circleDuration,,,
circleDuration,Property,src/main/ets/pages/Index.ets,Index,,,%instInit,entry\src\main\ets\pages\Index.ets:202,@entry/src/main/ets/pages/Index.ets: Index.circleDuration,,,
rotateDuration,Property,src/main/ets/pages/Index.ets,Index,,,%instInit,entry\src\main\ets\pages\Index.ets:-1,@entry/src/main/ets/pages/Index.ets: Index.rotateDuration,,,
rotateDuration,Property,src/main/ets/pages/Index.ets,Index,,,build,entry\src\main\ets\pages\Index.ets:224,@entry/src/main/ets/pages/Index.ets: Index.rotateDuration,,,
rotateDuration,Property,src/main/ets/pages/Index.ets,Index,,,onReset,entry\src\main\ets\pages\Index.ets:383,@entry/src/main/ets/pages/Index.ets: Index.rotateDuration,,,
rotateDuration,Property,src/main/ets/pages/Index.ets,Index,,,%AM6$build,entry\src\main\ets\pages\Index.ets:239,@entry/src/main/ets/pages/Index.ets: Index.rotateDuration,,,
rotateDuration,Property,src/main/ets/pages/Index.ets,Index,,,%AM6$build,entry\src\main\ets\pages\Index.ets:240,@entry/src/main/ets/pages/Index.ets: Index.rotateDuration,,,
rotateDuration,Property,src/main/ets/pages/Index.ets,Index,,,rotateDuration,entry\src\main\ets\pages\Index.ets:86,@entry/src/main/ets/pages/Index.ets: Index.rotateDuration,,,
rotateDuration,Property,src/main/ets/pages/Index.ets,Index,,,%instInit,entry\src\main\ets\pages\Index.ets:140,@entry/src/main/ets/pages/Index.ets: Index.rotateDuration,,,
rotateDuration,Property,src/main/ets/pages/Index.ets,Index,,,%instInit,entry\src\main\ets\pages\Index.ets:231,@entry/src/main/ets/pages/Index.ets: Index.rotateDuration,,,
logs,Property,src/main/ets/pages/Index.ets,Index,,,%instInit,entry\src\main\ets\pages\Index.ets:-1,@entry/src/main/ets/pages/Index.ets: Index.logs,,,
logs,Property,src/main/ets/pages/Index.ets,Index,,,appendLog,entry\src\main\ets\pages\Index.ets:103,@entry/src/main/ets/pages/Index.ets: Index.logs,,,
logs,Property,src/main/ets/pages/Index.ets,Index,,,appendLog,entry\src\main\ets\pages\Index.ets:104,@entry/src/main/ets/pages/Index.ets: Index.logs,,,
logs,Property,src/main/ets/pages/Index.ets,Index,,,appendLog,entry\src\main\ets\pages\Index.ets:105,@entry/src/main/ets/pages/Index.ets: Index.logs,,,
logs,Property,src/main/ets/pages/Index.ets,Index,,,build,entry\src\main\ets\pages\Index.ets:324,@entry/src/main/ets/pages/Index.ets: Index.logs,,,
logs,Property,src/main/ets/pages/Index.ets,Index,,,logs,entry\src\main\ets\pages\Index.ets:87,@entry/src/main/ets/pages/Index.ets: Index.logs,,,
constructor,Method,component/scroll.d.ts,Scroller,,,%instInit,entry\src\main\ets\pages\Index.ets:350,@ohos/component/scroll.d.ts: Scroller.constructor(),Scroller,,
scroller,Property,src/main/ets/pages/Index.ets,Index,,,%instInit,entry\src\main\ets\pages\Index.ets:-1,@entry/src/main/ets/pages/Index.ets: Index.scroller,,,
scroller,Property,src/main/ets/pages/Index.ets,Index,,,build,entry\src\main\ets\pages\Index.ets:322,@entry/src/main/ets/pages/Index.ets: Index.scroller,,,
scroller,Property,src/main/ets/pages/Index.ets,Index,,,scroller,entry\src\main\ets\pages\Index.ets:350,@entry/src/main/ets/pages/Index.ets: Index.scroller,,,
Index,Struct,src/main/ets/pages/Index.ets,,,,constructor,entry\src\main\ets\pages\Index.ets:74,@entry/src/main/ets/pages/Index.ets: Index,,,
Index,Struct,src/main/ets/pages/Index.ets,,,,aboutToAppear,entry\src\main\ets\pages\Index.ets:89,@entry/src/main/ets/pages/Index.ets: Index,,,
Index,Struct,src/main/ets/pages/Index.ets,,,,aboutToAppear,entry\src\main\ets\pages\Index.ets:94,@entry/src/main/ets/pages/Index.ets: Index,,,
Index,Struct,src/main/ets/pages/Index.ets,,,,appendLog,entry\src\main\ets\pages\Index.ets:97,@entry/src/main/ets/pages/Index.ets: Index,,,
Index,Struct,src/main/ets/pages/Index.ets,,,,showToast,entry\src\main\ets\pages\Index.ets:109,@entry/src/main/ets/pages/Index.ets: Index,,,
Index,Struct,src/main/ets/pages/Index.ets,,,,showToast,entry\src\main\ets\pages\Index.ets:111,@entry/src/main/ets/pages/Index.ets: Index,,,
Index,Struct,src/main/ets/pages/Index.ets,,,,build,entry\src\main\ets\pages\Index.ets:114,@entry/src/main/ets/pages/Index.ets: Index,,,
Index,Struct,src/main/ets/pages/Index.ets,,,,onAvatarClick,entry\src\main\ets\pages\Index.ets:352,@entry/src/main/ets/pages/Index.ets: Index,,,
Index,Struct,src/main/ets/pages/Index.ets,,,,onAvatarClick,entry\src\main\ets\pages\Index.ets:356,@entry/src/main/ets/pages/Index.ets: Index,,,
Index,Struct,src/main/ets/pages/Index.ets,,,,onAvatarLongPress,entry\src\main\ets\pages\Index.ets:359,@entry/src/main/ets/pages/Index.ets: Index,,,
Index,Struct,src/main/ets/pages/Index.ets,,,,onAvatarLongPress,entry\src\main\ets\pages\Index.ets:360,@entry/src/main/ets/pages/Index.ets: Index,,,
Index,Struct,src/main/ets/pages/Index.ets,,,,onColorPreset,entry\src\main\ets\pages\Index.ets:363,@entry/src/main/ets/pages/Index.ets: Index,,,
Index,Struct,src/main/ets/pages/Index.ets,,,,onColorPreset,entry\src\main\ets\pages\Index.ets:366,@entry/src/main/ets/pages/Index.ets: Index,,,
Index,Struct,src/main/ets/pages/Index.ets,,,,onImagePreset,entry\src\main\ets\pages\Index.ets:369,@entry/src/main/ets/pages/Index.ets: Index,,,
Index,Struct,src/main/ets/pages/Index.ets,,,,onImagePreset,entry\src\main\ets\pages\Index.ets:376,@entry/src/main/ets/pages/Index.ets: Index,,,
Index,Struct,src/main/ets/pages/Index.ets,,,,onReset,entry\src\main\ets\pages\Index.ets:379,@entry/src/main/ets/pages/Index.ets: Index,,,
Index,Struct,src/main/ets/pages/Index.ets,,,,onReset,entry\src\main\ets\pages\Index.ets:390,@entry/src/main/ets/pages/Index.ets: Index,,,
Index,Struct,src/main/ets/pages/Index.ets,,,,%AM0$aboutToAppear,entry\src\main\ets\pages\Index.ets:92,@entry/src/main/ets/pages/Index.ets: Index,,,
Index,Struct,src/main/ets/pages/Index.ets,,,,%AM1$build,entry\src\main\ets\pages\Index.ets:149,@entry/src/main/ets/pages/Index.ets: Index,,,
Index,Struct,src/main/ets/pages/Index.ets,,,,%AM2$build,entry\src\main\ets\pages\Index.ets:146,@entry/src/main/ets/pages/Index.ets: Index,,,
Index,Struct,src/main/ets/pages/Index.ets,,,,%AM4$%AM3$build,entry\src\main\ets\pages\Index.ets:183,@entry/src/main/ets/pages/Index.ets: Index,,,
Index,Struct,src/main/ets/pages/Index.ets,,,,%AM5$build,entry\src\main\ets\pages\Index.ets:213,@entry/src/main/ets/pages/Index.ets: Index,,,
Index,Struct,src/main/ets/pages/Index.ets,,,,%AM6$build,entry\src\main\ets\pages\Index.ets:242,@entry/src/main/ets/pages/Index.ets: Index,,,
Index,Struct,src/main/ets/pages/Index.ets,,,,%AM8$%AM7$build,entry\src\main\ets\pages\Index.ets:263,@entry/src/main/ets/pages/Index.ets: Index,,,
Index,Struct,src/main/ets/pages/Index.ets,,,,%AM12$build,entry\src\main\ets\pages\Index.ets:312,@entry/src/main/ets/pages/Index.ets: Index,,,
constructor,Method,src/main/ets/pages/Index.ets,Index,value:Index###storage:LocalStorage,,constructor,entry\src\main\ets\pages\Index.ets:74,"@entry/src/main/ets/pages/Index.ets: Index.constructor(@entry/src/main/ets/pages/Index.ets: Index, @ohos/component/common_ts_ets_api.d.ts: LocalStorage)",,,
value,Property,%unk,,,,constructor,entry\src\main\ets\pages\Index.ets:-1,@%unk/%unk: .()#value,,,
value,Property,%unk,,,,%AM5$build,entry\src\main\ets\pages\Index.ets:209,@%unk/%unk: .()#value,,,
value,Property,%unk,,,,%AM6$build,entry\src\main\ets\pages\Index.ets:238,@%unk/%unk: .()#value,,,
##storage,Property,%unk,,,,constructor,entry\src\main\ets\pages\Index.ets:-1,@%unk/%unk: .()###storage,,,
aboutToAppear,Method,src/main/ets/pages/Index.ets,Index,,,aboutToAppear,entry\src\main\ets\pages\Index.ets:89,@entry/src/main/ets/pages/Index.ets: Index.aboutToAppear(),,,
%AM0$aboutToAppear,Property,%unk,,,,aboutToAppear,entry\src\main\ets\pages\Index.ets:90,@%unk/%unk: .()#%AM0$aboutToAppear,,,
onStatusChange,Method,%unk,,,,aboutToAppear,entry\src\main\ets\pages\Index.ets:90,@%unk/%unk: .onStatusChange(),,,
appendLog,Method,src/main/ets/pages/Index.ets,Index,text:string,Demo 启动，默认 status = LOADING:string,aboutToAppear,entry\src\main\ets\pages\Index.ets:94,@entry/src/main/ets/pages/Index.ets: Index.appendLog(string),Index,,
appendLog,Method,src/main/ets/pages/Index.ets,Index,text:string,,appendLog,entry\src\main\ets\pages\Index.ets:97,@entry/src/main/ets/pages/Index.ets: Index.appendLog(string),,,
appendLog,Method,src/main/ets/pages/Index.ets,Index,text:string,string,showToast,entry\src\main\ets\pages\Index.ets:111,@entry/src/main/ets/pages/Index.ets: Index.appendLog(string),Index,,
appendLog,Method,src/main/ets/pages/Index.ets,Index,text:string,string,onColorPreset,entry\src\main\ets\pages\Index.ets:366,@entry/src/main/ets/pages/Index.ets: Index.appendLog(string),Index,,
appendLog,Method,src/main/ets/pages/Index.ets,Index,text:string,string,onImagePreset,entry\src\main\ets\pages\Index.ets:376,@entry/src/main/ets/pages/Index.ets: Index.appendLog(string),Index,,
appendLog,Method,src/main/ets/pages/Index.ets,Index,text:string,重置全部参数为默认值:string,onReset,entry\src\main\ets\pages\Index.ets:390,@entry/src/main/ets/pages/Index.ets: Index.appendLog(string),Index,,
appendLog,Method,src/main/ets/pages/Index.ets,Index,text:string,string,%AM0$aboutToAppear,entry\src\main\ets\pages\Index.ets:92,@entry/src/main/ets/pages/Index.ets: Index.appendLog(string),Index,,
appendLog,Method,src/main/ets/pages/Index.ets,Index,text:string,string,%AM5$build,entry\src\main\ets\pages\Index.ets:213,@entry/src/main/ets/pages/Index.ets: Index.appendLog(string),Index,,
appendLog,Method,src/main/ets/pages/Index.ets,Index,text:string,string,%AM6$build,entry\src\main\ets\pages\Index.ets:242,@entry/src/main/ets/pages/Index.ets: Index.appendLog(string),Index,,
text,Constant,%unk,,,,appendLog,entry\src\main\ets\pages\Index.ets:-1,@%unk/%unk: .()#text,,,
%AC8$Index.appendLog,Object,src/main/ets/pages/Index.ets,,,,appendLog,entry\src\main\ets\pages\Index.ets:98,@entry/src/main/ets/pages/Index.ets: %AC8$Index.appendLog,,,
%AC8$Index.appendLog,Object,src/main/ets/pages/Index.ets,,,,appendLog,entry\src\main\ets\pages\Index.ets:102,@entry/src/main/ets/pages/Index.ets: %AC8$Index.appendLog,,,
%AC8$Index.appendLog,Object,src/main/ets/pages/Index.ets,,,,constructor,entry\src\main\ets\pages\Index.ets:-1,@entry/src/main/ets/pages/Index.ets: %AC8$Index.appendLog,,,
constructor,Method,src/main/ets/pages/Index.ets,%AC8$Index.appendLog,,,appendLog,entry\src\main\ets\pages\Index.ets:102,@entry/src/main/ets/pages/Index.ets: %AC8$Index.appendLog.constructor(),%AC8$Index.appendLog,,
constructor,Method,src/main/ets/pages/Index.ets,%AC8$Index.appendLog,,,constructor,entry\src\main\ets\pages\Index.ets:-1,@entry/src/main/ets/pages/Index.ets: %AC8$Index.appendLog.constructor(),,,
entry,Property,%unk,,,,appendLog,entry\src\main\ets\pages\Index.ets:98,@%unk/%unk: .()#entry,,,
entry,Property,%unk,,,,appendLog,entry\src\main\ets\pages\Index.ets:103,@%unk/%unk: .()#entry,,,
entry,Property,%unk,,,,%AM13$build,entry\src\main\ets\pages\Index.ets:-1,@%unk/%unk: .()#entry,,,
length,Property,%unk,,,,appendLog,entry\src\main\ets\pages\Index.ets:104,@%unk/%unk: .length,,,
length,Property,%unk,,,,appendLog,entry\src\main\ets\pages\Index.ets:105,@%unk/%unk: .length,,,
showToast,Method,src/main/ets/pages/Index.ets,Index,msg:string,,showToast,entry\src\main\ets\pages\Index.ets:109,@entry/src/main/ets/pages/Index.ets: Index.showToast(string),,,
showToast,Method,src/main/ets/pages/Index.ets,Index,msg:string,click !:string,onAvatarClick,entry\src\main\ets\pages\Index.ets:356,@entry/src/main/ets/pages/Index.ets: Index.showToast(string),Index,,
showToast,Method,src/main/ets/pages/Index.ets,Index,msg:string,long click !:string,onAvatarLongPress,entry\src\main\ets\pages\Index.ets:360,@entry/src/main/ets/pages/Index.ets: Index.showToast(string),Index,,
msg,Constant,%unk,,,,showToast,entry\src\main\ets\pages\Index.ets:-1,@%unk/%unk: .()#msg,,,
%AC9$Index.showToast,Object,src/main/ets/pages/Index.ets,,,,showToast,entry\src\main\ets\pages\Index.ets:110,@entry/src/main/ets/pages/Index.ets: %AC9$Index.showToast,,,
%AC9$Index.showToast,Object,src/main/ets/pages/Index.ets,,,,constructor,entry\src\main\ets\pages\Index.ets:-1,@entry/src/main/ets/pages/Index.ets: %AC9$Index.showToast,,,
constructor,Method,src/main/ets/pages/Index.ets,%AC9$Index.showToast,,,showToast,entry\src\main\ets\pages\Index.ets:110,@entry/src/main/ets/pages/Index.ets: %AC9$Index.showToast.constructor(),%AC9$Index.showToast,,
constructor,Method,src/main/ets/pages/Index.ets,%AC9$Index.showToast,,,constructor,entry\src\main\ets\pages\Index.ets:-1,@entry/src/main/ets/pages/Index.ets: %AC9$Index.showToast.constructor(),,,
promptAction,Namespace,api/@ohos.promptAction.d.ts,,,,showToast,entry\src\main\ets\pages\Index.ets:110,@ohos/api/@ohos.promptAction.d.ts: promptAction,,,
showToast,Method,api/@ohos.promptAction.d.ts,promptAction,options:ShowToastOptions,%AC9$Index.showToast,showToast,entry\src\main\ets\pages\Index.ets:110,@ohos/api/@ohos.promptAction.d.ts: promptAction.%dflt.showToast(@ohos/api/@ohos.promptAction.d.ts: promptAction.ShowToastOptions),,,
build,Method,src/main/ets/pages/Index.ets,Index,,,build,entry\src\main\ets\pages\Index.ets:114,@entry/src/main/ets/pages/Index.ets: Index.build(),,,
Start,EnumValue,component/enums.d.ts,HorizontalAlign,,,build,entry\src\main\ets\pages\Index.ets:347,@ohos/component/enums.d.ts: HorizontalAlign.Start,,,
Start,EnumValue,component/enums.d.ts,HorizontalAlign,,,build,entry\src\main\ets\pages\Index.ets:333,@ohos/component/enums.d.ts: HorizontalAlign.Start,,,
%AC10$Index.build,Object,src/main/ets/pages/Index.ets,,,,build,entry\src\main\ets\pages\Index.ets:115,@entry/src/main/ets/pages/Index.ets: %AC10$Index.build,,,
%AC10$Index.build,Object,src/main/ets/pages/Index.ets,,,,build,entry\src\main\ets\pages\Index.ets:346,@entry/src/main/ets/pages/Index.ets: %AC10$Index.build,,,
%AC10$Index.build,Object,src/main/ets/pages/Index.ets,,,,constructor,entry\src\main\ets\pages\Index.ets:-1,@entry/src/main/ets/pages/Index.ets: %AC10$Index.build,,,
constructor,Method,src/main/ets/pages/Index.ets,%AC10$Index.build,,,build,entry\src\main\ets\pages\Index.ets:346,@entry/src/main/ets/pages/Index.ets: %AC10$Index.build.constructor(),%AC10$Index.build,,
constructor,Method,src/main/ets/pages/Index.ets,%AC10$Index.build,,,constructor,entry\src\main\ets\pages\Index.ets:-1,@entry/src/main/ets/pages/Index.ets: %AC10$Index.build.constructor(),,,
ColumnInterface,Interface,component/column.d.ts,,,,build,entry\src\main\ets\pages\Index.ets:115,@ohos/component/column.d.ts: ColumnInterface,,,
ColumnInterface,Interface,component/column.d.ts,,,,build,entry\src\main\ets\pages\Index.ets:323,@ohos/component/column.d.ts: ColumnInterface,,,
constructor,Method,component/column.d.ts,ColumnInterface,options:ColumnOptions,,build,entry\src\main\ets\pages\Index.ets:115,@ohos/component/column.d.ts: ColumnInterface.create(@ohos/component/column.d.ts: ColumnOptions),,,
constructor,Method,component/column.d.ts,ColumnInterface,options:ColumnOptions,,build,entry\src\main\ets\pages\Index.ets:323,@ohos/component/column.d.ts: ColumnInterface.create(@ohos/component/column.d.ts: ColumnOptions),,,
Column,Property,component/column.d.ts,,,,build,entry\src\main\ets\pages\Index.ets:115,@ohos/component/column.d.ts: %dflt.%dflt()#Column,,,
Column,Property,component/column.d.ts,,,,build,entry\src\main\ets\pages\Index.ets:323,@ohos/component/column.d.ts: %dflt.%dflt()#Column,,,
ColumnAttribute,Class,component/column.d.ts,,,,build,entry\src\main\ets\pages\Index.ets:115,@ohos/component/column.d.ts: ColumnAttribute,,,
ColumnAttribute,Class,component/column.d.ts,,,,build,entry\src\main\ets\pages\Index.ets:323,@ohos/component/column.d.ts: ColumnAttribute,,,
ColumnAttribute,Class,component/column.d.ts,,,,build,entry\src\main\ets\pages\Index.ets:333,@ohos/component/column.d.ts: ColumnAttribute,,,
ColumnAttribute,Class,component/column.d.ts,,,,build,entry\src\main\ets\pages\Index.ets:347,@ohos/component/column.d.ts: ColumnAttribute,,,
%AC11$Index.build,Object,src/main/ets/pages/Index.ets,,,,build,entry\src\main\ets\pages\Index.ets:117,@entry/src/main/ets/pages/Index.ets: %AC11$Index.build,,,
%AC11$Index.build,Object,src/main/ets/pages/Index.ets,,,,build,entry\src\main\ets\pages\Index.ets:123,@entry/src/main/ets/pages/Index.ets: %AC11$Index.build,,,
%AC11$Index.build,Object,src/main/ets/pages/Index.ets,,,,constructor,entry\src\main\ets\pages\Index.ets:-1,@entry/src/main/ets/pages/Index.ets: %AC11$Index.build,,,
constructor,Method,src/main/ets/pages/Index.ets,%AC11$Index.build,,,build,entry\src\main\ets\pages\Index.ets:123,@entry/src/main/ets/pages/Index.ets: %AC11$Index.build.constructor(),%AC11$Index.build,,
constructor,Method,src/main/ets/pages/Index.ets,%AC11$Index.build,,,constructor,entry\src\main\ets\pages\Index.ets:-1,@entry/src/main/ets/pages/Index.ets: %AC11$Index.build.constructor(),,,
Center,EnumValue,component/enums.d.ts,TextAlign,,,build,entry\src\main\ets\pages\Index.ets:122,@ohos/component/enums.d.ts: TextAlign.Center,,,
Center,EnumValue,component/enums.d.ts,TextAlign,,,build,entry\src\main\ets\pages\Index.ets:129,@ohos/component/enums.d.ts: TextAlign.Center,,,
Bold,EnumValue,component/enums.d.ts,FontWeight,,,build,entry\src\main\ets\pages\Index.ets:119,@ohos/component/enums.d.ts: FontWeight.Bold,,,
TextInterface,Interface,component/text.d.ts,,,,build,entry\src\main\ets\pages\Index.ets:117,@ohos/component/text.d.ts: TextInterface,,,
TextInterface,Interface,component/text.d.ts,,,,build,entry\src\main\ets\pages\Index.ets:125,@ohos/component/text.d.ts: TextInterface,,,
TextInterface,Interface,component/text.d.ts,,,,build,entry\src\main\ets\pages\Index.ets:157,@ohos/component/text.d.ts: TextInterface,,,
TextInterface,Interface,component/text.d.ts,,,,build,entry\src\main\ets\pages\Index.ets:163,@ohos/component/text.d.ts: TextInterface,,,
TextInterface,Interface,component/text.d.ts,,,,build,entry\src\main\ets\pages\Index.ets:169,@ohos/component/text.d.ts: TextInterface,,,
TextInterface,Interface,component/text.d.ts,,,,build,entry\src\main\ets\pages\Index.ets:191,@ohos/component/text.d.ts: TextInterface,,,
TextInterface,Interface,component/text.d.ts,,,,build,entry\src\main\ets\pages\Index.ets:195,@ohos/component/text.d.ts: TextInterface,,,
TextInterface,Interface,component/text.d.ts,,,,build,entry\src\main\ets\pages\Index.ets:220,@ohos/component/text.d.ts: TextInterface,,,
TextInterface,Interface,component/text.d.ts,,,,build,entry\src\main\ets\pages\Index.ets:224,@ohos/component/text.d.ts: TextInterface,,,
TextInterface,Interface,component/text.d.ts,,,,build,entry\src\main\ets\pages\Index.ets:248,@ohos/component/text.d.ts: TextInterface,,,
TextInterface,Interface,component/text.d.ts,,,,build,entry\src\main\ets\pages\Index.ets:316,@ohos/component/text.d.ts: TextInterface,,,
TextInterface,Interface,component/text.d.ts,,,,%AM13$build,entry\src\main\ets\pages\Index.ets:325,@ohos/component/text.d.ts: TextInterface,,,
constructor,Method,component/text.d.ts,TextInterface,content:string|Resource#value:TextOptions,InsLoadingAnimation:string,build,entry\src\main\ets\pages\Index.ets:117,"@ohos/component/text.d.ts: TextInterface.create(string|@ohos/component/units.d.ts: %dflt.%dflt()#Resource, @ohos/component/text.d.ts: TextOptions)",,,
constructor,Method,component/text.d.ts,TextInterface,content:string|Resource#value:TextOptions,仿 Instagram / 微博 头像加载动画（HarmonyOS / ArkTS）:string,build,entry\src\main\ets\pages\Index.ets:125,"@ohos/component/text.d.ts: TextInterface.create(string|@ohos/component/units.d.ts: %dflt.%dflt()#Resource, @ohos/component/text.d.ts: TextOptions)",,,
constructor,Method,component/text.d.ts,TextInterface,content:string|Resource#value:TextOptions,string,build,entry\src\main\ets\pages\Index.ets:157,"@ohos/component/text.d.ts: TextInterface.create(string|@ohos/component/units.d.ts: %dflt.%dflt()#Resource, @ohos/component/text.d.ts: TextOptions)",,,
constructor,Method,component/text.d.ts,TextInterface,content:string|Resource#value:TextOptions,点击头像：UNCLICKED → LOADING → CLICKED 循环 ｜ 长按：触发长按事件:string,build,entry\src\main\ets\pages\Index.ets:163,"@ohos/component/text.d.ts: TextInterface.create(string|@ohos/component/units.d.ts: %dflt.%dflt()#Resource, @ohos/component/text.d.ts: TextOptions)",,,
constructor,Method,component/text.d.ts,TextInterface,content:string|Resource#value:TextOptions,进度弧颜色（setStartColor / setEndColor）:string,build,entry\src\main\ets\pages\Index.ets:169,"@ohos/component/text.d.ts: TextInterface.create(string|@ohos/component/units.d.ts: %dflt.%dflt()#Resource, @ohos/component/text.d.ts: TextOptions)",,,
constructor,Method,component/text.d.ts,TextInterface,content:string|Resource#value:TextOptions,进度弧时长 circleDuration:string,build,entry\src\main\ets\pages\Index.ets:191,"@ohos/component/text.d.ts: TextInterface.create(string|@ohos/component/units.d.ts: %dflt.%dflt()#Resource, @ohos/component/text.d.ts: TextOptions)",,,
constructor,Method,component/text.d.ts,TextInterface,content:string|Resource#value:TextOptions,string,build,entry\src\main\ets\pages\Index.ets:195,"@ohos/component/text.d.ts: TextInterface.create(string|@ohos/component/units.d.ts: %dflt.%dflt()#Resource, @ohos/component/text.d.ts: TextOptions)",,,
constructor,Method,component/text.d.ts,TextInterface,content:string|Resource#value:TextOptions,旋转时长 rotateDuration:string,build,entry\src\main\ets\pages\Index.ets:220,"@ohos/component/text.d.ts: TextInterface.create(string|@ohos/component/units.d.ts: %dflt.%dflt()#Resource, @ohos/component/text.d.ts: TextOptions)",,,
constructor,Method,component/text.d.ts,TextInterface,content:string|Resource#value:TextOptions,string,build,entry\src\main\ets\pages\Index.ets:224,"@ohos/component/text.d.ts: TextInterface.create(string|@ohos/component/units.d.ts: %dflt.%dflt()#Resource, @ohos/component/text.d.ts: TextOptions)",,,
constructor,Method,component/text.d.ts,TextInterface,content:string|Resource#value:TextOptions,头像图片源（setImageSrc）:string,build,entry\src\main\ets\pages\Index.ets:248,"@ohos/component/text.d.ts: TextInterface.create(string|@ohos/component/units.d.ts: %dflt.%dflt()#Resource, @ohos/component/text.d.ts: TextOptions)",,,
constructor,Method,component/text.d.ts,TextInterface,content:string|Resource#value:TextOptions,日志区（真实返回值 / 状态变化 / 副作用）:string,build,entry\src\main\ets\pages\Index.ets:316,"@ohos/component/text.d.ts: TextInterface.create(string|@ohos/component/units.d.ts: %dflt.%dflt()#Resource, @ohos/component/text.d.ts: TextOptions)",,,
constructor,Method,component/text.d.ts,TextInterface,content:string|Resource#value:TextOptions,string,%AM13$build,entry\src\main\ets\pages\Index.ets:325,"@ohos/component/text.d.ts: TextInterface.create(string|@ohos/component/units.d.ts: %dflt.%dflt()#Resource, @ohos/component/text.d.ts: TextOptions)",,,
Text,Property,component/text.d.ts,,,,build,entry\src\main\ets\pages\Index.ets:117,@ohos/component/text.d.ts: %dflt.%dflt()#Text,,,
Text,Property,component/text.d.ts,,,,build,entry\src\main\ets\pages\Index.ets:125,@ohos/component/text.d.ts: %dflt.%dflt()#Text,,,
Text,Property,component/text.d.ts,,,,build,entry\src\main\ets\pages\Index.ets:157,@ohos/component/text.d.ts: %dflt.%dflt()#Text,,,
Text,Property,component/text.d.ts,,,,build,entry\src\main\ets\pages\Index.ets:163,@ohos/component/text.d.ts: %dflt.%dflt()#Text,,,
Text,Property,component/text.d.ts,,,,build,entry\src\main\ets\pages\Index.ets:169,@ohos/component/text.d.ts: %dflt.%dflt()#Text,,,
Text,Property,component/text.d.ts,,,,build,entry\src\main\ets\pages\Index.ets:191,@ohos/component/text.d.ts: %dflt.%dflt()#Text,,,
Text,Property,component/text.d.ts,,,,build,entry\src\main\ets\pages\Index.ets:195,@ohos/component/text.d.ts: %dflt.%dflt()#Text,,,
Text,Property,component/text.d.ts,,,,build,entry\src\main\ets\pages\Index.ets:220,@ohos/component/text.d.ts: %dflt.%dflt()#Text,,,
Text,Property,component/text.d.ts,,,,build,entry\src\main\ets\pages\Index.ets:224,@ohos/component/text.d.ts: %dflt.%dflt()#Text,,,
Text,Property,component/text.d.ts,,,,build,entry\src\main\ets\pages\Index.ets:248,@ohos/component/text.d.ts: %dflt.%dflt()#Text,,,
Text,Property,component/text.d.ts,,,,build,entry\src\main\ets\pages\Index.ets:316,@ohos/component/text.d.ts: %dflt.%dflt()#Text,,,
Text,Property,component/text.d.ts,,,,%AM13$build,entry\src\main\ets\pages\Index.ets:325,@ohos/component/text.d.ts: %dflt.%dflt()#Text,,,
TextAttribute,Class,component/text.d.ts,,,,build,entry\src\main\ets\pages\Index.ets:117,@ohos/component/text.d.ts: TextAttribute,,,
TextAttribute,Class,component/text.d.ts,,,,build,entry\src\main\ets\pages\Index.ets:118,@ohos/component/text.d.ts: TextAttribute,,,
TextAttribute,Class,component/text.d.ts,,,,build,entry\src\main\ets\pages\Index.ets:119,@ohos/component/text.d.ts: TextAttribute,,,
TextAttribute,Class,component/text.d.ts,,,,build,entry\src\main\ets\pages\Index.ets:120,@ohos/component/text.d.ts: TextAttribute,,,
TextAttribute,Class,component/text.d.ts,,,,build,entry\src\main\ets\pages\Index.ets:122,@ohos/component/text.d.ts: TextAttribute,,,
TextAttribute,Class,component/text.d.ts,,,,build,entry\src\main\ets\pages\Index.ets:125,@ohos/component/text.d.ts: TextAttribute,,,
TextAttribute,Class,component/text.d.ts,,,,build,entry\src\main\ets\pages\Index.ets:126,@ohos/component/text.d.ts: TextAttribute,,,
TextAttribute,Class,component/text.d.ts,,,,build,entry\src\main\ets\pages\Index.ets:127,@ohos/component/text.d.ts: TextAttribute,,,
TextAttribute,Class,component/text.d.ts,,,,build,entry\src\main\ets\pages\Index.ets:129,@ohos/component/text.d.ts: TextAttribute,,,
TextAttribute,Class,component/text.d.ts,,,,build,entry\src\main\ets\pages\Index.ets:157,@ohos/component/text.d.ts: TextAttribute,,,
TextAttribute,Class,component/text.d.ts,,,,build,entry\src\main\ets\pages\Index.ets:158,@ohos/component/text.d.ts: TextAttribute,,,
TextAttribute,Class,component/text.d.ts,,,,build,entry\src\main\ets\pages\Index.ets:159,@ohos/component/text.d.ts: TextAttribute,,,
TextAttribute,Class,component/text.d.ts,,,,build,entry\src\main\ets\pages\Index.ets:160,@ohos/component/text.d.ts: TextAttribute,,,
TextAttribute,Class,component/text.d.ts,,,,build,entry\src\main\ets\pages\Index.ets:163,@ohos/component/text.d.ts: TextAttribute,,,
TextAttribute,Class,component/text.d.ts,,,,build,entry\src\main\ets\pages\Index.ets:164,@ohos/component/text.d.ts: TextAttribute,,,
TextAttribute,Class,component/text.d.ts,,,,build,entry\src\main\ets\pages\Index.ets:165,@ohos/component/text.d.ts: TextAttribute,,,
TextAttribute,Class,component/text.d.ts,,,,build,entry\src\main\ets\pages\Index.ets:169,@ohos/component/text.d.ts: TextAttribute,,,
TextAttribute,Class,component/text.d.ts,,,,build,entry\src\main\ets\pages\Index.ets:170,@ohos/component/text.d.ts: TextAttribute,,,
TextAttribute,Class,component/text.d.ts,,,,build,entry\src\main\ets\pages\Index.ets:171,@ohos/component/text.d.ts: TextAttribute,,,
TextAttribute,Class,component/text.d.ts,,,,build,entry\src\main\ets\pages\Index.ets:191,@ohos/component/text.d.ts: TextAttribute,,,
TextAttribute,Class,component/text.d.ts,,,,build,entry\src\main\ets\pages\Index.ets:192,@ohos/component/text.d.ts: TextAttribute,,,
TextAttribute,Class,component/text.d.ts,,,,build,entry\src\main\ets\pages\Index.ets:193,@ohos/component/text.d.ts: TextAttribute,,,
TextAttribute,Class,component/text.d.ts,,,,build,entry\src\main\ets\pages\Index.ets:195,@ohos/component/text.d.ts: TextAttribute,,,
TextAttribute,Class,component/text.d.ts,,,,build,entry\src\main\ets\pages\Index.ets:196,@ohos/component/text.d.ts: TextAttribute,,,
TextAttribute,Class,component/text.d.ts,,,,build,entry\src\main\ets\pages\Index.ets:197,@ohos/component/text.d.ts: TextAttribute,,,
TextAttribute,Class,component/text.d.ts,,,,build,entry\src\main\ets\pages\Index.ets:199,@ohos/component/text.d.ts: TextAttribute,,,
TextAttribute,Class,component/text.d.ts,,,,build,entry\src\main\ets\pages\Index.ets:220,@ohos/component/text.d.ts: TextAttribute,,,
TextAttribute,Class,component/text.d.ts,,,,build,entry\src\main\ets\pages\Index.ets:221,@ohos/component/text.d.ts: TextAttribute,,,
TextAttribute,Class,component/text.d.ts,,,,build,entry\src\main\ets\pages\Index.ets:222,@ohos/component/text.d.ts: TextAttribute,,,
TextAttribute,Class,component/text.d.ts,,,,build,entry\src\main\ets\pages\Index.ets:224,@ohos/component/text.d.ts: TextAttribute,,,
TextAttribute,Class,component/text.d.ts,,,,build,entry\src\main\ets\pages\Index.ets:225,@ohos/component/text.d.ts: TextAttribute,,,
TextAttribute,Class,component/text.d.ts,,,,build,entry\src\main\ets\pages\Index.ets:226,@ohos/component/text.d.ts: TextAttribute,,,
TextAttribute,Class,component/text.d.ts,,,,build,entry\src\main\ets\pages\Index.ets:228,@ohos/component/text.d.ts: TextAttribute,,,
TextAttribute,Class,component/text.d.ts,,,,build,entry\src\main\ets\pages\Index.ets:248,@ohos/component/text.d.ts: TextAttribute,,,
TextAttribute,Class,component/text.d.ts,,,,build,entry\src\main\ets\pages\Index.ets:249,@ohos/component/text.d.ts: TextAttribute,,,
TextAttribute,Class,component/text.d.ts,,,,build,entry\src\main\ets\pages\Index.ets:250,@ohos/component/text.d.ts: TextAttribute,,,
TextAttribute,Class,component/text.d.ts,,,,build,entry\src\main\ets\pages\Index.ets:316,@ohos/component/text.d.ts: TextAttribute,,,
TextAttribute,Class,component/text.d.ts,,,,build,entry\src\main\ets\pages\Index.ets:317,@ohos/component/text.d.ts: TextAttribute,,,
TextAttribute,Class,component/text.d.ts,,,,build,entry\src\main\ets\pages\Index.ets:318,@ohos/component/text.d.ts: TextAttribute,,,
TextAttribute,Class,component/text.d.ts,,,,build,entry\src\main\ets\pages\Index.ets:319,@ohos/component/text.d.ts: TextAttribute,,,
TextAttribute,Class,component/text.d.ts,,,,%AM13$build,entry\src\main\ets\pages\Index.ets:325,@ohos/component/text.d.ts: TextAttribute,,,
TextAttribute,Class,component/text.d.ts,,,,%AM13$build,entry\src\main\ets\pages\Index.ets:326,@ohos/component/text.d.ts: TextAttribute,,,
TextAttribute,Class,component/text.d.ts,,,,%AM13$build,entry\src\main\ets\pages\Index.ets:327,@ohos/component/text.d.ts: TextAttribute,,,
pop,Method,%unk,Text,,,build,entry\src\main\ets\pages\Index.ets:117,@%unk/%unk: Text.pop(),,,
pop,Method,%unk,Text,,,build,entry\src\main\ets\pages\Index.ets:125,@%unk/%unk: Text.pop(),,,
pop,Method,%unk,Text,,,build,entry\src\main\ets\pages\Index.ets:157,@%unk/%unk: Text.pop(),,,
pop,Method,%unk,Text,,,build,entry\src\main\ets\pages\Index.ets:163,@%unk/%unk: Text.pop(),,,
pop,Method,%unk,Text,,,build,entry\src\main\ets\pages\Index.ets:169,@%unk/%unk: Text.pop(),,,
pop,Method,%unk,Text,,,build,entry\src\main\ets\pages\Index.ets:191,@%unk/%unk: Text.pop(),,,
pop,Method,%unk,Text,,,build,entry\src\main\ets\pages\Index.ets:195,@%unk/%unk: Text.pop(),,,
pop,Method,%unk,Text,,,build,entry\src\main\ets\pages\Index.ets:220,@%unk/%unk: Text.pop(),,,
pop,Method,%unk,Text,,,build,entry\src\main\ets\pages\Index.ets:224,@%unk/%unk: Text.pop(),,,
pop,Method,%unk,Text,,,build,entry\src\main\ets\pages\Index.ets:248,@%unk/%unk: Text.pop(),,,
pop,Method,%unk,Text,,,build,entry\src\main\ets\pages\Index.ets:316,@%unk/%unk: Text.pop(),,,
pop,Method,%unk,Text,,,%AM13$build,entry\src\main\ets\pages\Index.ets:325,@%unk/%unk: Text.pop(),,,
fontSize,Method,component/text.d.ts,TextAttribute,value:number|string|Resource,22:number,build,entry\src\main\ets\pages\Index.ets:118,@ohos/component/text.d.ts: TextAttribute.fontSize(number|string|@ohos/component/units.d.ts: %dflt.%dflt()#Resource),TextAttribute,,
fontSize,Method,component/text.d.ts,TextAttribute,value:number|string|Resource,12:number,build,entry\src\main\ets\pages\Index.ets:126,@ohos/component/text.d.ts: TextAttribute.fontSize(number|string|@ohos/component/units.d.ts: %dflt.%dflt()#Resource),TextAttribute,,
fontSize,Method,component/text.d.ts,TextAttribute,value:number|string|Resource,15:number,build,entry\src\main\ets\pages\Index.ets:158,@ohos/component/text.d.ts: TextAttribute.fontSize(number|string|@ohos/component/units.d.ts: %dflt.%dflt()#Resource),TextAttribute,,
fontSize,Method,component/text.d.ts,TextAttribute,value:number|string|Resource,12:number,build,entry\src\main\ets\pages\Index.ets:164,@ohos/component/text.d.ts: TextAttribute.fontSize(number|string|@ohos/component/units.d.ts: %dflt.%dflt()#Resource),TextAttribute,,
fontSize,Method,component/text.d.ts,TextAttribute,value:number|string|Resource,13:number,build,entry\src\main\ets\pages\Index.ets:170,@ohos/component/text.d.ts: TextAttribute.fontSize(number|string|@ohos/component/units.d.ts: %dflt.%dflt()#Resource),TextAttribute,,
fontSize,Method,component/text.d.ts,TextAttribute,value:number|string|Resource,13:number,build,entry\src\main\ets\pages\Index.ets:192,@ohos/component/text.d.ts: TextAttribute.fontSize(number|string|@ohos/component/units.d.ts: %dflt.%dflt()#Resource),TextAttribute,,
fontSize,Method,component/text.d.ts,TextAttribute,value:number|string|Resource,13:number,build,entry\src\main\ets\pages\Index.ets:196,@ohos/component/text.d.ts: TextAttribute.fontSize(number|string|@ohos/component/units.d.ts: %dflt.%dflt()#Resource),TextAttribute,,
fontSize,Method,component/text.d.ts,TextAttribute,value:number|string|Resource,13:number,build,entry\src\main\ets\pages\Index.ets:221,@ohos/component/text.d.ts: TextAttribute.fontSize(number|string|@ohos/component/units.d.ts: %dflt.%dflt()#Resource),TextAttribute,,
fontSize,Method,component/text.d.ts,TextAttribute,value:number|string|Resource,13:number,build,entry\src\main\ets\pages\Index.ets:225,@ohos/component/text.d.ts: TextAttribute.fontSize(number|string|@ohos/component/units.d.ts: %dflt.%dflt()#Resource),TextAttribute,,
fontSize,Method,component/text.d.ts,TextAttribute,value:number|string|Resource,13:number,build,entry\src\main\ets\pages\Index.ets:249,@ohos/component/text.d.ts: TextAttribute.fontSize(number|string|@ohos/component/units.d.ts: %dflt.%dflt()#Resource),TextAttribute,,
fontSize,Method,component/text.d.ts,TextAttribute,value:number|string|Resource,12:number,build,entry\src\main\ets\pages\Index.ets:317,@ohos/component/text.d.ts: TextAttribute.fontSize(number|string|@ohos/component/units.d.ts: %dflt.%dflt()#Resource),TextAttribute,,
fontSize,Method,component/text.d.ts,TextAttribute,value:number|string|Resource,11:number,%AM13$build,entry\src\main\ets\pages\Index.ets:326,@ohos/component/text.d.ts: TextAttribute.fontSize(number|string|@ohos/component/units.d.ts: %dflt.%dflt()#Resource),TextAttribute,,
fontWeight,Method,component/text.d.ts,TextAttribute,value:number|FontWeight|ResourceStr,Bold:FontWeight.Bold,build,entry\src\main\ets\pages\Index.ets:119,@ohos/component/text.d.ts: TextAttribute.fontWeight(number|@ohos/component/enums.d.ts: FontWeight|@ohos/component/units.d.ts: %dflt.%dflt()#ResourceStr),TextAttribute,,
fontWeight,Method,component/text.d.ts,TextAttribute,value:number|FontWeight|ResourceStr,Medium:FontWeight.Medium,build,entry\src\main\ets\pages\Index.ets:159,@ohos/component/text.d.ts: TextAttribute.fontWeight(number|@ohos/component/enums.d.ts: FontWeight|@ohos/component/units.d.ts: %dflt.%dflt()#ResourceStr),TextAttribute,,
fontWeight,Method,component/text.d.ts,TextAttribute,value:number|FontWeight|ResourceStr,Medium:FontWeight.Medium,build,entry\src\main\ets\pages\Index.ets:318,@ohos/component/text.d.ts: TextAttribute.fontWeight(number|@ohos/component/enums.d.ts: FontWeight|@ohos/component/units.d.ts: %dflt.%dflt()#ResourceStr),TextAttribute,,
fontColor,Method,component/text.d.ts,TextAttribute,value:ResourceColor,#FF1F2937:string,build,entry\src\main\ets\pages\Index.ets:120,@ohos/component/text.d.ts: TextAttribute.fontColor(@ohos/component/units.d.ts: %dflt.%dflt()#ResourceColor),TextAttribute,,
fontColor,Method,component/text.d.ts,TextAttribute,value:ResourceColor,#FF6B7280:string,build,entry\src\main\ets\pages\Index.ets:127,@ohos/component/text.d.ts: TextAttribute.fontColor(@ohos/component/units.d.ts: %dflt.%dflt()#ResourceColor),TextAttribute,,
fontColor,Method,component/text.d.ts,TextAttribute,value:ResourceColor,#FF111827:string,build,entry\src\main\ets\pages\Index.ets:160,@ohos/component/text.d.ts: TextAttribute.fontColor(@ohos/component/units.d.ts: %dflt.%dflt()#ResourceColor),TextAttribute,,
fontColor,Method,component/text.d.ts,TextAttribute,value:ResourceColor,#FF4B5563:string,build,entry\src\main\ets\pages\Index.ets:165,@ohos/component/text.d.ts: TextAttribute.fontColor(@ohos/component/units.d.ts: %dflt.%dflt()#ResourceColor),TextAttribute,,
fontColor,Method,component/text.d.ts,TextAttribute,value:ResourceColor,#FF374151:string,build,entry\src\main\ets\pages\Index.ets:171,@ohos/component/text.d.ts: TextAttribute.fontColor(@ohos/component/units.d.ts: %dflt.%dflt()#ResourceColor),TextAttribute,,
fontColor,Method,component/text.d.ts,TextAttribute,value:ResourceColor,#FF374151:string,build,entry\src\main\ets\pages\Index.ets:193,@ohos/component/text.d.ts: TextAttribute.fontColor(@ohos/component/units.d.ts: %dflt.%dflt()#ResourceColor),TextAttribute,,
fontColor,Method,component/text.d.ts,TextAttribute,value:ResourceColor,#FF111827:string,build,entry\src\main\ets\pages\Index.ets:197,@ohos/component/text.d.ts: TextAttribute.fontColor(@ohos/component/units.d.ts: %dflt.%dflt()#ResourceColor),TextAttribute,,
fontColor,Method,component/text.d.ts,TextAttribute,value:ResourceColor,#FF374151:string,build,entry\src\main\ets\pages\Index.ets:222,@ohos/component/text.d.ts: TextAttribute.fontColor(@ohos/component/units.d.ts: %dflt.%dflt()#ResourceColor),TextAttribute,,
fontColor,Method,component/text.d.ts,TextAttribute,value:ResourceColor,#FF111827:string,build,entry\src\main\ets\pages\Index.ets:226,@ohos/component/text.d.ts: TextAttribute.fontColor(@ohos/component/units.d.ts: %dflt.%dflt()#ResourceColor),TextAttribute,,
fontColor,Method,component/text.d.ts,TextAttribute,value:ResourceColor,#FF374151:string,build,entry\src\main\ets\pages\Index.ets:250,@ohos/component/text.d.ts: TextAttribute.fontColor(@ohos/component/units.d.ts: %dflt.%dflt()#ResourceColor),TextAttribute,,
fontColor,Method,component/text.d.ts,TextAttribute,value:ResourceColor,#FF374151:string,build,entry\src\main\ets\pages\Index.ets:319,@ohos/component/text.d.ts: TextAttribute.fontColor(@ohos/component/units.d.ts: %dflt.%dflt()#ResourceColor),TextAttribute,,
fontColor,Method,component/text.d.ts,TextAttribute,value:ResourceColor,#FF1F2937:string,%AM13$build,entry\src\main\ets\pages\Index.ets:327,@ohos/component/text.d.ts: TextAttribute.fontColor(@ohos/component/units.d.ts: %dflt.%dflt()#ResourceColor),TextAttribute,,
CommonMethod,Class,component/common.d.ts,,,,build,entry\src\main\ets\pages\Index.ets:121,@ohos/component/common.d.ts: CommonMethod,,,
CommonMethod,Class,component/common.d.ts,,,,build,entry\src\main\ets\pages\Index.ets:123,@ohos/component/common.d.ts: CommonMethod,,,
CommonMethod,Class,component/common.d.ts,,,,build,entry\src\main\ets\pages\Index.ets:128,@ohos/component/common.d.ts: CommonMethod,,,
CommonMethod,Class,component/common.d.ts,,,,build,entry\src\main\ets\pages\Index.ets:130,@ohos/component/common.d.ts: CommonMethod,,,
CommonMethod,Class,component/common.d.ts,,,,build,entry\src\main\ets\pages\Index.ets:152,@ohos/component/common.d.ts: CommonMethod,,,
CommonMethod,Class,component/common.d.ts,,,,build,entry\src\main\ets\pages\Index.ets:153,@ohos/component/common.d.ts: CommonMethod,,,
CommonMethod,Class,component/common.d.ts,,,,build,entry\src\main\ets\pages\Index.ets:161,@ohos/component/common.d.ts: CommonMethod,,,
CommonMethod,Class,component/common.d.ts,,,,build,entry\src\main\ets\pages\Index.ets:166,@ohos/component/common.d.ts: CommonMethod,,,
CommonMethod,Class,component/common.d.ts,,,,build,entry\src\main\ets\pages\Index.ets:172,@ohos/component/common.d.ts: CommonMethod,,,
CommonMethod,Class,component/common.d.ts,,,,build,entry\src\main\ets\pages\Index.ets:173,@ohos/component/common.d.ts: CommonMethod,,,
CommonMethod,Class,component/common.d.ts,,,,build,entry\src\main\ets\pages\Index.ets:186,@ohos/component/common.d.ts: CommonMethod,,,
CommonMethod,Class,component/common.d.ts,,,,build,entry\src\main\ets\pages\Index.ets:187,@ohos/component/common.d.ts: CommonMethod,,,
CommonMethod,Class,component/common.d.ts,,,,build,entry\src\main\ets\pages\Index.ets:194,@ohos/component/common.d.ts: CommonMethod,,,
CommonMethod,Class,component/common.d.ts,,,,build,entry\src\main\ets\pages\Index.ets:198,@ohos/component/common.d.ts: CommonMethod,,,
CommonMethod,Class,component/common.d.ts,,,,build,entry\src\main\ets\pages\Index.ets:201,@ohos/component/common.d.ts: CommonMethod,,,
CommonMethod,Class,component/common.d.ts,,,,build,entry\src\main\ets\pages\Index.ets:203,@ohos/component/common.d.ts: CommonMethod,,,
CommonMethod,Class,component/common.d.ts,,,,build,entry\src\main\ets\pages\Index.ets:223,@ohos/component/common.d.ts: CommonMethod,,,
CommonMethod,Class,component/common.d.ts,,,,build,entry\src\main\ets\pages\Index.ets:227,@ohos/component/common.d.ts: CommonMethod,,,
CommonMethod,Class,component/common.d.ts,,,,build,entry\src\main\ets\pages\Index.ets:230,@ohos/component/common.d.ts: CommonMethod,,,
CommonMethod,Class,component/common.d.ts,,,,build,entry\src\main\ets\pages\Index.ets:232,@ohos/component/common.d.ts: CommonMethod,,,
CommonMethod,Class,component/common.d.ts,,,,build,entry\src\main\ets\pages\Index.ets:251,@ohos/component/common.d.ts: CommonMethod,,,
CommonMethod,Class,component/common.d.ts,,,,build,entry\src\main\ets\pages\Index.ets:252,@ohos/component/common.d.ts: CommonMethod,,,
CommonMethod,Class,component/common.d.ts,,,,build,entry\src\main\ets\pages\Index.ets:266,@ohos/component/common.d.ts: CommonMethod,,,
CommonMethod,Class,component/common.d.ts,,,,build,entry\src\main\ets\pages\Index.ets:267,@ohos/component/common.d.ts: CommonMethod,,,
CommonMethod,Class,component/common.d.ts,,,,build,entry\src\main\ets\pages\Index.ets:274,@ohos/component/common.d.ts: CommonMethod,,,
CommonMethod,Class,component/common.d.ts,,,,build,entry\src\main\ets\pages\Index.ets:275,@ohos/component/common.d.ts: CommonMethod,,,
CommonMethod,Class,component/common.d.ts,,,,build,entry\src\main\ets\pages\Index.ets:276,@ohos/component/common.d.ts: CommonMethod,,,
CommonMethod,Class,component/common.d.ts,,,,build,entry\src\main\ets\pages\Index.ets:277,@ohos/component/common.d.ts: CommonMethod,,,
CommonMethod,Class,component/common.d.ts,,,,build,entry\src\main\ets\pages\Index.ets:279,@ohos/component/common.d.ts: CommonMethod,,,
CommonMethod,Class,component/common.d.ts,,,,build,entry\src\main\ets\pages\Index.ets:280,@ohos/component/common.d.ts: CommonMethod,,,
CommonMethod,Class,component/common.d.ts,,,,build,entry\src\main\ets\pages\Index.ets:284,@ohos/component/common.d.ts: CommonMethod,,,
CommonMethod,Class,component/common.d.ts,,,,build,entry\src\main\ets\pages\Index.ets:285,@ohos/component/common.d.ts: CommonMethod,,,
CommonMethod,Class,component/common.d.ts,,,,build,entry\src\main\ets\pages\Index.ets:286,@ohos/component/common.d.ts: CommonMethod,,,
CommonMethod,Class,component/common.d.ts,,,,build,entry\src\main\ets\pages\Index.ets:287,@ohos/component/common.d.ts: CommonMethod,,,
CommonMethod,Class,component/common.d.ts,,,,build,entry\src\main\ets\pages\Index.ets:289,@ohos/component/common.d.ts: CommonMethod,,,
CommonMethod,Class,component/common.d.ts,,,,build,entry\src\main\ets\pages\Index.ets:290,@ohos/component/common.d.ts: CommonMethod,,,
CommonMethod,Class,component/common.d.ts,,,,build,entry\src\main\ets\pages\Index.ets:294,@ohos/component/common.d.ts: CommonMethod,,,
CommonMethod,Class,component/common.d.ts,,,,build,entry\src\main\ets\pages\Index.ets:295,@ohos/component/common.d.ts: CommonMethod,,,
CommonMethod,Class,component/common.d.ts,,,,build,entry\src\main\ets\pages\Index.ets:296,@ohos/component/common.d.ts: CommonMethod,,,
CommonMethod,Class,component/common.d.ts,,,,build,entry\src\main\ets\pages\Index.ets:297,@ohos/component/common.d.ts: CommonMethod,,,
CommonMethod,Class,component/common.d.ts,,,,build,entry\src\main\ets\pages\Index.ets:299,@ohos/component/common.d.ts: CommonMethod,,,
CommonMethod,Class,component/common.d.ts,,,,build,entry\src\main\ets\pages\Index.ets:300,@ohos/component/common.d.ts: CommonMethod,,,
CommonMethod,Class,component/common.d.ts,,,,build,entry\src\main\ets\pages\Index.ets:302,@ohos/component/common.d.ts: CommonMethod,,,
CommonMethod,Class,component/common.d.ts,,,,build,entry\src\main\ets\pages\Index.ets:303,@ohos/component/common.d.ts: CommonMethod,,,
CommonMethod,Class,component/common.d.ts,,,,build,entry\src\main\ets\pages\Index.ets:308,@ohos/component/common.d.ts: CommonMethod,,,
CommonMethod,Class,component/common.d.ts,,,,build,entry\src\main\ets\pages\Index.ets:309,@ohos/component/common.d.ts: CommonMethod,,,
CommonMethod,Class,component/common.d.ts,,,,build,entry\src\main\ets\pages\Index.ets:310,@ohos/component/common.d.ts: CommonMethod,,,
CommonMethod,Class,component/common.d.ts,,,,build,entry\src\main\ets\pages\Index.ets:312,@ohos/component/common.d.ts: CommonMethod,,,
CommonMethod,Class,component/common.d.ts,,,,build,entry\src\main\ets\pages\Index.ets:313,@ohos/component/common.d.ts: CommonMethod,,,
CommonMethod,Class,component/common.d.ts,,,,build,entry\src\main\ets\pages\Index.ets:320,@ohos/component/common.d.ts: CommonMethod,,,
CommonMethod,Class,component/common.d.ts,,,,build,entry\src\main\ets\pages\Index.ets:321,@ohos/component/common.d.ts: CommonMethod,,,
CommonMethod,Class,component/common.d.ts,,,,build,entry\src\main\ets\pages\Index.ets:332,@ohos/component/common.d.ts: CommonMethod,,,
CommonMethod,Class,component/common.d.ts,,,,build,entry\src\main\ets\pages\Index.ets:335,@ohos/component/common.d.ts: CommonMethod,,,
CommonMethod,Class,component/common.d.ts,,,,build,entry\src\main\ets\pages\Index.ets:336,@ohos/component/common.d.ts: CommonMethod,,,
CommonMethod,Class,component/common.d.ts,,,,build,entry\src\main\ets\pages\Index.ets:337,@ohos/component/common.d.ts: CommonMethod,,,
CommonMethod,Class,component/common.d.ts,,,,build,entry\src\main\ets\pages\Index.ets:338,@ohos/component/common.d.ts: CommonMethod,,,
CommonMethod,Class,component/common.d.ts,,,,build,entry\src\main\ets\pages\Index.ets:339,@ohos/component/common.d.ts: CommonMethod,,,
CommonMethod,Class,component/common.d.ts,,,,build,entry\src\main\ets\pages\Index.ets:343,@ohos/component/common.d.ts: CommonMethod,,,
CommonMethod,Class,component/common.d.ts,,,,build,entry\src\main\ets\pages\Index.ets:344,@ohos/component/common.d.ts: CommonMethod,,,
CommonMethod,Class,component/common.d.ts,,,,build,entry\src\main\ets\pages\Index.ets:345,@ohos/component/common.d.ts: CommonMethod,,,
CommonMethod,Class,component/common.d.ts,,,,build,entry\src\main\ets\pages\Index.ets:346,@ohos/component/common.d.ts: CommonMethod,,,
CommonMethod,Class,component/common.d.ts,,,,%AM3$build,entry\src\main\ets\pages\Index.ets:179,@ohos/component/common.d.ts: CommonMethod,,,
CommonMethod,Class,component/common.d.ts,,,,%AM3$build,entry\src\main\ets\pages\Index.ets:180,@ohos/component/common.d.ts: CommonMethod,,,
CommonMethod,Class,component/common.d.ts,,,,%AM3$build,entry\src\main\ets\pages\Index.ets:181,@ohos/component/common.d.ts: CommonMethod,,,
CommonMethod,Class,component/common.d.ts,,,,%AM3$build,entry\src\main\ets\pages\Index.ets:183,@ohos/component/common.d.ts: CommonMethod,,,
CommonMethod,Class,component/common.d.ts,,,,%AM7$build,entry\src\main\ets\pages\Index.ets:258,@ohos/component/common.d.ts: CommonMethod,,,
CommonMethod,Class,component/common.d.ts,,,,%AM7$build,entry\src\main\ets\pages\Index.ets:259,@ohos/component/common.d.ts: CommonMethod,,,
CommonMethod,Class,component/common.d.ts,,,,%AM7$build,entry\src\main\ets\pages\Index.ets:260,@ohos/component/common.d.ts: CommonMethod,,,
CommonMethod,Class,component/common.d.ts,,,,%AM7$build,entry\src\main\ets\pages\Index.ets:261,@ohos/component/common.d.ts: CommonMethod,,,
CommonMethod,Class,component/common.d.ts,,,,%AM7$build,entry\src\main\ets\pages\Index.ets:263,@ohos/component/common.d.ts: CommonMethod,,,
CommonMethod,Class,component/common.d.ts,,,,%AM13$build,entry\src\main\ets\pages\Index.ets:328,@ohos/component/common.d.ts: CommonMethod,,,
CommonMethod,Class,component/common.d.ts,,,,%AM13$build,entry\src\main\ets\pages\Index.ets:329,@ohos/component/common.d.ts: CommonMethod,,,
width,Method,component/common.d.ts,CommonMethod,value:Length,100%:string,build,entry\src\main\ets\pages\Index.ets:121,@ohos/component/common.d.ts: CommonMethod.width(@ohos/component/units.d.ts: %dflt.%dflt()#Length),TextAttribute,,
width,Method,component/common.d.ts,CommonMethod,value:Length,100%:string,build,entry\src\main\ets\pages\Index.ets:128,@ohos/component/common.d.ts: CommonMethod.width(@ohos/component/units.d.ts: %dflt.%dflt()#Length),TextAttribute,,
width,Method,component/common.d.ts,CommonMethod,value:Length,100%:string,build,entry\src\main\ets\pages\Index.ets:152,@ohos/component/common.d.ts: CommonMethod.width(@ohos/component/units.d.ts: %dflt.%dflt()#Length),StackAttribute,,
width,Method,component/common.d.ts,CommonMethod,value:Length,100%:string,build,entry\src\main\ets\pages\Index.ets:172,@ohos/component/common.d.ts: CommonMethod.width(@ohos/component/units.d.ts: %dflt.%dflt()#Length),TextAttribute,,
width,Method,component/common.d.ts,CommonMethod,value:Length,100%:string,build,entry\src\main\ets\pages\Index.ets:186,@ohos/component/common.d.ts: CommonMethod.width(@ohos/component/units.d.ts: %dflt.%dflt()#Length),FlexAttribute,,
width,Method,component/common.d.ts,CommonMethod,value:Length,96:number,build,entry\src\main\ets\pages\Index.ets:198,@ohos/component/common.d.ts: CommonMethod.width(@ohos/component/units.d.ts: %dflt.%dflt()#Length),TextAttribute,,
width,Method,component/common.d.ts,CommonMethod,value:Length,100%:string,build,entry\src\main\ets\pages\Index.ets:201,@ohos/component/common.d.ts: CommonMethod.width(@ohos/component/units.d.ts: %dflt.%dflt()#Length),RowAttribute,,
width,Method,component/common.d.ts,CommonMethod,value:Length,100%:string,build,entry\src\main\ets\pages\Index.ets:203,@ohos/component/common.d.ts: CommonMethod.width(@ohos/component/units.d.ts: %dflt.%dflt()#Length),SliderAttribute,,
width,Method,component/common.d.ts,CommonMethod,value:Length,96:number,build,entry\src\main\ets\pages\Index.ets:227,@ohos/component/common.d.ts: CommonMethod.width(@ohos/component/units.d.ts: %dflt.%dflt()#Length),TextAttribute,,
width,Method,component/common.d.ts,CommonMethod,value:Length,100%:string,build,entry\src\main\ets\pages\Index.ets:230,@ohos/component/common.d.ts: CommonMethod.width(@ohos/component/units.d.ts: %dflt.%dflt()#Length),RowAttribute,,
width,Method,component/common.d.ts,CommonMethod,value:Length,100%:string,build,entry\src\main\ets\pages\Index.ets:232,@ohos/component/common.d.ts: CommonMethod.width(@ohos/component/units.d.ts: %dflt.%dflt()#Length),SliderAttribute,,
width,Method,component/common.d.ts,CommonMethod,value:Length,100%:string,build,entry\src\main\ets\pages\Index.ets:251,@ohos/component/common.d.ts: CommonMethod.width(@ohos/component/units.d.ts: %dflt.%dflt()#Length),TextAttribute,,
width,Method,component/common.d.ts,CommonMethod,value:Length,100%:string,build,entry\src\main\ets\pages\Index.ets:266,@ohos/component/common.d.ts: CommonMethod.width(@ohos/component/units.d.ts: %dflt.%dflt()#Length),RowAttribute,,
width,Method,component/common.d.ts,CommonMethod,value:Length,100%:string,build,entry\src\main\ets\pages\Index.ets:302,@ohos/component/common.d.ts: CommonMethod.width(@ohos/component/units.d.ts: %dflt.%dflt()#Length),RowAttribute,,
width,Method,component/common.d.ts,CommonMethod,value:Length,100%:string,build,entry\src\main\ets\pages\Index.ets:309,@ohos/component/common.d.ts: CommonMethod.width(@ohos/component/units.d.ts: %dflt.%dflt()#Length),ButtonAttribute,,
width,Method,component/common.d.ts,CommonMethod,value:Length,100%:string,build,entry\src\main\ets\pages\Index.ets:320,@ohos/component/common.d.ts: CommonMethod.width(@ohos/component/units.d.ts: %dflt.%dflt()#Length),TextAttribute,,
width,Method,component/common.d.ts,CommonMethod,value:Length,100%:string,build,entry\src\main\ets\pages\Index.ets:332,@ohos/component/common.d.ts: CommonMethod.width(@ohos/component/units.d.ts: %dflt.%dflt()#Length),ColumnAttribute,,
width,Method,component/common.d.ts,CommonMethod,value:Length,100%:string,build,entry\src\main\ets\pages\Index.ets:335,@ohos/component/common.d.ts: CommonMethod.width(@ohos/component/units.d.ts: %dflt.%dflt()#Length),ScrollAttribute,,
width,Method,component/common.d.ts,CommonMethod,value:Length,100%:string,build,entry\src\main\ets\pages\Index.ets:343,@ohos/component/common.d.ts: CommonMethod.width(@ohos/component/units.d.ts: %dflt.%dflt()#Length),ColumnAttribute,,
width,Method,component/common.d.ts,CommonMethod,value:Length,100%:string,%AM13$build,entry\src\main\ets\pages\Index.ets:328,@ohos/component/common.d.ts: CommonMethod.width(@ohos/component/units.d.ts: %dflt.%dflt()#Length),TextAttribute,,
textAlign,Method,component/text.d.ts,TextAttribute,value:TextAlign,Center:TextAlign.Center,build,entry\src\main\ets\pages\Index.ets:122,@ohos/component/text.d.ts: TextAttribute.textAlign(@ohos/component/enums.d.ts: TextAlign),TextAttribute,,
textAlign,Method,component/text.d.ts,TextAttribute,value:TextAlign,Center:TextAlign.Center,build,entry\src\main\ets\pages\Index.ets:129,@ohos/component/text.d.ts: TextAttribute.textAlign(@ohos/component/enums.d.ts: TextAlign),TextAttribute,,
textAlign,Method,component/text.d.ts,TextAttribute,value:TextAlign,End:TextAlign.End,build,entry\src\main\ets\pages\Index.ets:199,@ohos/component/text.d.ts: TextAttribute.textAlign(@ohos/component/enums.d.ts: TextAlign),TextAttribute,,
textAlign,Method,component/text.d.ts,TextAttribute,value:TextAlign,End:TextAlign.End,build,entry\src\main\ets\pages\Index.ets:228,@ohos/component/text.d.ts: TextAttribute.textAlign(@ohos/component/enums.d.ts: TextAlign),TextAttribute,,
padding,Method,component/common.d.ts,CommonMethod,value:Padding|Length|LocalizedPadding,%AC11$Index.build,build,entry\src\main\ets\pages\Index.ets:123,@ohos/component/common.d.ts: CommonMethod.padding(@ohos/component/units.d.ts: %dflt.%dflt()#Padding|@ohos/component/units.d.ts: %dflt.%dflt()#Length|@ohos/component/units.d.ts: LocalizedPadding),TextAttribute,,
padding,Method,component/common.d.ts,CommonMethod,value:Padding|Length|LocalizedPadding,%AC12$Index.build,build,entry\src\main\ets\pages\Index.ets:130,@ohos/component/common.d.ts: CommonMethod.padding(@ohos/component/units.d.ts: %dflt.%dflt()#Padding|@ohos/component/units.d.ts: %dflt.%dflt()#Length|@ohos/component/units.d.ts: LocalizedPadding),TextAttribute,,
padding,Method,component/common.d.ts,CommonMethod,value:Padding|Length|LocalizedPadding,4:number,build,entry\src\main\ets\pages\Index.ets:339,@ohos/component/common.d.ts: CommonMethod.padding(@ohos/component/units.d.ts: %dflt.%dflt()#Padding|@ohos/component/units.d.ts: %dflt.%dflt()#Length|@ohos/component/units.d.ts: LocalizedPadding),ScrollAttribute,,
padding,Method,component/common.d.ts,CommonMethod,value:Padding|Length|LocalizedPadding,%AC10$Index.build,build,entry\src\main\ets\pages\Index.ets:346,@ohos/component/common.d.ts: CommonMethod.padding(@ohos/component/units.d.ts: %dflt.%dflt()#Padding|@ohos/component/units.d.ts: %dflt.%dflt()#Length|@ohos/component/units.d.ts: LocalizedPadding),ColumnAttribute,,
padding,Method,component/common.d.ts,CommonMethod,value:Padding|Length|LocalizedPadding,%AC37$Index.%AM13$build,%AM13$build,entry\src\main\ets\pages\Index.ets:329,@ohos/component/common.d.ts: CommonMethod.padding(@ohos/component/units.d.ts: %dflt.%dflt()#Padding|@ohos/component/units.d.ts: %dflt.%dflt()#Length|@ohos/component/units.d.ts: LocalizedPadding),TextAttribute,,
%AC12$Index.build,Object,src/main/ets/pages/Index.ets,,,,build,entry\src\main\ets\pages\Index.ets:125,@entry/src/main/ets/pages/Index.ets: %AC12$Index.build,,,
%AC12$Index.build,Object,src/main/ets/pages/Index.ets,,,,build,entry\src\main\ets\pages\Index.ets:130,@entry/src/main/ets/pages/Index.ets: %AC12$Index.build,,,
%AC12$Index.build,Object,src/main/ets/pages/Index.ets,,,,constructor,entry\src\main\ets\pages\Index.ets:-1,@entry/src/main/ets/pages/Index.ets: %AC12$Index.build,,,
constructor,Method,src/main/ets/pages/Index.ets,%AC12$Index.build,,,build,entry\src\main\ets\pages\Index.ets:130,@entry/src/main/ets/pages/Index.ets: %AC12$Index.build.constructor(),%AC12$Index.build,,
constructor,Method,src/main/ets/pages/Index.ets,%AC12$Index.build,,,constructor,entry\src\main\ets\pages\Index.ets:-1,@entry/src/main/ets/pages/Index.ets: %AC12$Index.build.constructor(),,,
%18,Property,%unk,,,,build,entry\src\main\ets\pages\Index.ets:125,@%unk/%unk: .()#%18,,,
Center,EnumValue,component/enums.d.ts,Alignment,,,build,entry\src\main\ets\pages\Index.ets:154,@ohos/component/enums.d.ts: Alignment.Center,,,
Center,EnumValue,component/enums.d.ts,Alignment,,,%instInit,entry\src\main\ets\pages\Index.ets:133,@ohos/component/enums.d.ts: Alignment.Center,,,
%19,Property,%unk,,,,build,entry\src\main\ets\pages\Index.ets:154,@%unk/%unk: .()#%19,,,
%AC13$Index.build,Object,src/main/ets/pages/Index.ets,,,,build,entry\src\main\ets\pages\Index.ets:133,@entry/src/main/ets/pages/Index.ets: %AC13$Index.build,,,
%AC13$Index.build,Object,src/main/ets/pages/Index.ets,,,,constructor,entry\src\main\ets\pages\Index.ets:-1,@entry/src/main/ets/pages/Index.ets: %AC13$Index.build,,,
%20,Property,%unk,,,,build,entry\src\main\ets\pages\Index.ets:133,@%unk/%unk: .()#%20,,,
constructor,Method,src/main/ets/pages/Index.ets,%AC13$Index.build,,,build,entry\src\main\ets\pages\Index.ets:133,@entry/src/main/ets/pages/Index.ets: %AC13$Index.build.constructor(),%AC13$Index.build,,
constructor,Method,src/main/ets/pages/Index.ets,%AC13$Index.build,,,constructor,entry\src\main\ets\pages\Index.ets:-1,@entry/src/main/ets/pages/Index.ets: %AC13$Index.build.constructor(),,,
StackInterface,Interface,component/stack.d.ts,,,,build,entry\src\main\ets\pages\Index.ets:133,@ohos/component/stack.d.ts: StackInterface,,,
constructor,Method,component/stack.d.ts,StackInterface,options:StackOptions,%AC13$Index.build,build,entry\src\main\ets\pages\Index.ets:133,@ohos/component/stack.d.ts: StackInterface.create(@ohos/component/stack.d.ts: StackOptions),,,
Stack,Property,component/stack.d.ts,,,,build,entry\src\main\ets\pages\Index.ets:133,@ohos/component/stack.d.ts: %dflt.%dflt()#Stack,,,
StackAttribute,Class,component/stack.d.ts,,,,build,entry\src\main\ets\pages\Index.ets:133,@ohos/component/stack.d.ts: StackAttribute,,,
StackAttribute,Class,component/stack.d.ts,,,,build,entry\src\main\ets\pages\Index.ets:154,@ohos/component/stack.d.ts: StackAttribute,,,
%21,Property,%unk,,,,build,entry\src\main\ets\pages\Index.ets:133,@%unk/%unk: .()#%21,,,
%AC14$Index.build,Object,src/main/ets/pages/Index.ets,,,,build,entry\src\main\ets\pages\Index.ets:134,@entry/src/main/ets/pages/Index.ets: %AC14$Index.build,,,
%AC14$Index.build,Object,src/main/ets/pages/Index.ets,,,,build,entry\src\main\ets\pages\Index.ets:148,@entry/src/main/ets/pages/Index.ets: %AC14$Index.build,,,
%AC14$Index.build,Object,src/main/ets/pages/Index.ets,,,,constructor,entry\src\main\ets\pages\Index.ets:-1,@entry/src/main/ets/pages/Index.ets: %AC14$Index.build,,,
%22,Property,%unk,,,,build,entry\src\main\ets\pages\Index.ets:148,@%unk/%unk: .()#%22,,,
constructor,Method,src/main/ets/pages/Index.ets,%AC14$Index.build,,,build,entry\src\main\ets\pages\Index.ets:148,@entry/src/main/ets/pages/Index.ets: %AC14$Index.build.constructor(),%AC14$Index.build,,
constructor,Method,src/main/ets/pages/Index.ets,%AC14$Index.build,,,constructor,entry\src\main\ets\pages\Index.ets:-1,@entry/src/main/ets/pages/Index.ets: %AC14$Index.build.constructor(),,,
LongPressGesture,Property,component/gesture.d.ts,,,,build,entry\src\main\ets\pages\Index.ets:134,@ohos/component/gesture.d.ts: %dflt.%dflt()#LongPressGesture,,,
LongPressGestureInterface,Interface,component/gesture.d.ts,,,,build,entry\src\main\ets\pages\Index.ets:134,@ohos/component/gesture.d.ts: LongPressGestureInterface,,,
constructor,Method,component/gesture.d.ts,LongPressGestureInterface,value:%AC0,%AC14$Index.build,build,entry\src\main\ets\pages\Index.ets:134,@ohos/component/gesture.d.ts: LongPressGestureInterface.create(@ohos/component/gesture.d.ts: %AC0),,,
%23,Property,%unk,,,,build,entry\src\main\ets\pages\Index.ets:148,@%unk/%unk: .()#%23,,,
%AM1$build,Property,%unk,,,,build,entry\src\main\ets\pages\Index.ets:149,@%unk/%unk: .()#%AM1$build,,,
onAction,Method,component/gesture.d.ts,LongPressGestureInterface,event:%AM0,%AM1$build,build,entry\src\main\ets\pages\Index.ets:134,@ohos/component/gesture.d.ts: LongPressGestureInterface.onAction(@ohos/component/gesture.d.ts: LongPressGestureInterface.%AM0(@ohos/component/gesture.d.ts: GestureEvent)),LongPressGestureInterface,,
%24,Property,%unk,,,,build,entry\src\main\ets\pages\Index.ets:148,@%unk/%unk: .()#%24,,,
%AC15$Index.build,Object,src/main/ets/pages/Index.ets,,,,build,entry\src\main\ets\pages\Index.ets:134,@entry/src/main/ets/pages/Index.ets: %AC15$Index.build,,,
%AC15$Index.build,Object,src/main/ets/pages/Index.ets,,,,build,entry\src\main\ets\pages\Index.ets:143,@entry/src/main/ets/pages/Index.ets: %AC15$Index.build,,,
%AC15$Index.build,Object,src/main/ets/pages/Index.ets,,,,constructor,entry\src\main\ets\pages\Index.ets:-1,@entry/src/main/ets/pages/Index.ets: %AC15$Index.build,,,
%25,Property,%unk,,,,build,entry\src\main\ets\pages\Index.ets:134,@%unk/%unk: .()#%25,,,
constructor,Method,src/main/ets/pages/Index.ets,%AC15$Index.build,,,build,entry\src\main\ets\pages\Index.ets:143,@entry/src/main/ets/pages/Index.ets: %AC15$Index.build.constructor(),%AC15$Index.build,,
constructor,Method,src/main/ets/pages/Index.ets,%AC15$Index.build,,,constructor,entry\src\main\ets\pages\Index.ets:-1,@entry/src/main/ets/pages/Index.ets: %AC15$Index.build.constructor(),,,
InsLoadingView,Method,%unk,,,,build,entry\src\main\ets\pages\Index.ets:134,@%unk/%unk: .InsLoadingView(),,,
%26,Property,%unk,,,,build,entry\src\main\ets\pages\Index.ets:134,@%unk/%unk: .()#%26,,,
width,Method,%unk,,,,build,entry\src\main\ets\pages\Index.ets:134,@%unk/%unk: .width(),,,
%27,Property,%unk,,,,build,entry\src\main\ets\pages\Index.ets:134,@%unk/%unk: .()#%27,,,
height,Method,%unk,,,,build,entry\src\main\ets\pages\Index.ets:134,@%unk/%unk: .height(),,,
%28,Property,%unk,,,,build,entry\src\main\ets\pages\Index.ets:134,@%unk/%unk: .()#%28,,,
%AM2$build,Property,%unk,,,,build,entry\src\main\ets\pages\Index.ets:146,@%unk/%unk: .()#%AM2$build,,,
onClick,Method,%unk,,,,build,entry\src\main\ets\pages\Index.ets:134,@%unk/%unk: .onClick(),,,
%29,Property,%unk,,,,build,entry\src\main\ets\pages\Index.ets:134,@%unk/%unk: .()#%29,,,
gesture,Method,%unk,,,,build,entry\src\main\ets\pages\Index.ets:134,@%unk/%unk: .gesture(),,,
pop,Method,%unk,Stack,,,build,entry\src\main\ets\pages\Index.ets:151,@%unk/%unk: Stack.pop(),,,
%30,Property,%unk,,,,build,entry\src\main\ets\pages\Index.ets:133,@%unk/%unk: .()#%30,,,
height,Method,component/common.d.ts,CommonMethod,value:Length,300:number,build,entry\src\main\ets\pages\Index.ets:153,@ohos/component/common.d.ts: CommonMethod.height(@ohos/component/units.d.ts: %dflt.%dflt()#Length),StackAttribute,,
height,Method,component/common.d.ts,CommonMethod,value:Length,32:number,build,entry\src\main\ets\pages\Index.ets:274,@ohos/component/common.d.ts: CommonMethod.height(@ohos/component/units.d.ts: %dflt.%dflt()#Length),ButtonAttribute,,
height,Method,component/common.d.ts,CommonMethod,value:Length,32:number,build,entry\src\main\ets\pages\Index.ets:284,@ohos/component/common.d.ts: CommonMethod.height(@ohos/component/units.d.ts: %dflt.%dflt()#Length),ButtonAttribute,,
height,Method,component/common.d.ts,CommonMethod,value:Length,32:number,build,entry\src\main\ets\pages\Index.ets:294,@ohos/component/common.d.ts: CommonMethod.height(@ohos/component/units.d.ts: %dflt.%dflt()#Length),ButtonAttribute,,
height,Method,component/common.d.ts,CommonMethod,value:Length,34:number,build,entry\src\main\ets\pages\Index.ets:308,@ohos/component/common.d.ts: CommonMethod.height(@ohos/component/units.d.ts: %dflt.%dflt()#Length),ButtonAttribute,,
height,Method,component/common.d.ts,CommonMethod,value:Length,100%:string,build,entry\src\main\ets\pages\Index.ets:344,@ohos/component/common.d.ts: CommonMethod.height(@ohos/component/units.d.ts: %dflt.%dflt()#Length),ColumnAttribute,,
height,Method,component/common.d.ts,CommonMethod,value:Length,32:number,%AM3$build,entry\src\main\ets\pages\Index.ets:179,@ohos/component/common.d.ts: CommonMethod.height(@ohos/component/units.d.ts: %dflt.%dflt()#Length),ButtonAttribute,,
height,Method,component/common.d.ts,CommonMethod,value:Length,30:number,%AM7$build,entry\src\main\ets\pages\Index.ets:258,@ohos/component/common.d.ts: CommonMethod.height(@ohos/component/units.d.ts: %dflt.%dflt()#Length),ButtonAttribute,,
%31,Property,%unk,,,,build,entry\src\main\ets\pages\Index.ets:133,@%unk/%unk: .()#%31,,,
alignContent,Method,component/stack.d.ts,StackAttribute,value:Alignment,Center:Alignment.Center,build,entry\src\main\ets\pages\Index.ets:154,@ohos/component/stack.d.ts: StackAttribute.alignContent(@ohos/component/enums.d.ts: Alignment),StackAttribute,,
%AC16$Index.build,Object,src/main/ets/pages/Index.ets,,,,build,entry\src\main\ets\pages\Index.ets:157,@entry/src/main/ets/pages/Index.ets: %AC16$Index.build,,,
%AC16$Index.build,Object,src/main/ets/pages/Index.ets,,,,build,entry\src\main\ets\pages\Index.ets:161,@entry/src/main/ets/pages/Index.ets: %AC16$Index.build,,,
%AC16$Index.build,Object,src/main/ets/pages/Index.ets,,,,constructor,entry\src\main\ets\pages\Index.ets:-1,@entry/src/main/ets/pages/Index.ets: %AC16$Index.build,,,
%32,Property,%unk,,,,build,entry\src\main\ets\pages\Index.ets:161,@%unk/%unk: .()#%32,,,
constructor,Method,src/main/ets/pages/Index.ets,%AC16$Index.build,,,build,entry\src\main\ets\pages\Index.ets:161,@entry/src/main/ets/pages/Index.ets: %AC16$Index.build.constructor(),%AC16$Index.build,,
constructor,Method,src/main/ets/pages/Index.ets,%AC16$Index.build,,,constructor,entry\src\main\ets\pages\Index.ets:-1,@entry/src/main/ets/pages/Index.ets: %AC16$Index.build.constructor(),,,
Medium,EnumValue,component/enums.d.ts,FontWeight,,,build,entry\src\main\ets\pages\Index.ets:159,@ohos/component/enums.d.ts: FontWeight.Medium,,,
Medium,EnumValue,component/enums.d.ts,FontWeight,,,build,entry\src\main\ets\pages\Index.ets:318,@ohos/component/enums.d.ts: FontWeight.Medium,,,
%33,Property,%unk,,,,build,entry\src\main\ets\pages\Index.ets:159,@%unk/%unk: .()#%33,,,
%34,Property,%unk,,,,build,entry\src\main\ets\pages\Index.ets:157,@%unk/%unk: .()#%34,,,
%35,Constant,%unk,,,,build,entry\src\main\ets\pages\Index.ets:157,@%unk/%unk: .()#%35,,,
%36,Constant,%unk,,,,build,entry\src\main\ets\pages\Index.ets:157,@%unk/%unk: .()#%36,,,
%37,Constant,%unk,,,,build,entry\src\main\ets\pages\Index.ets:157,@%unk/%unk: .()#%37,,,
%38,Property,%unk,,,,build,entry\src\main\ets\pages\Index.ets:157,@%unk/%unk: .()#%38,,,
%39,Property,%unk,,,,build,entry\src\main\ets\pages\Index.ets:157,@%unk/%unk: .()#%39,,,
%40,Property,%unk,,,,build,entry\src\main\ets\pages\Index.ets:157,@%unk/%unk: .()#%40,,,
%41,Property,%unk,,,,build,entry\src\main\ets\pages\Index.ets:157,@%unk/%unk: .()#%41,,,
margin,Method,component/common.d.ts,CommonMethod,value:Margin|Length|LocalizedMargin,%AC16$Index.build,build,entry\src\main\ets\pages\Index.ets:161,@ohos/component/common.d.ts: CommonMethod.margin(@ohos/component/units.d.ts: %dflt.%dflt()#Margin|@ohos/component/units.d.ts: %dflt.%dflt()#Length|@ohos/component/units.d.ts: %dflt.%dflt()#LocalizedMargin),TextAttribute,,
margin,Method,component/common.d.ts,CommonMethod,value:Margin|Length|LocalizedMargin,%AC17$Index.build,build,entry\src\main\ets\pages\Index.ets:166,@ohos/component/common.d.ts: CommonMethod.margin(@ohos/component/units.d.ts: %dflt.%dflt()#Margin|@ohos/component/units.d.ts: %dflt.%dflt()#Length|@ohos/component/units.d.ts: %dflt.%dflt()#LocalizedMargin),TextAttribute,,
margin,Method,component/common.d.ts,CommonMethod,value:Margin|Length|LocalizedMargin,%AC18$Index.build,build,entry\src\main\ets\pages\Index.ets:173,@ohos/component/common.d.ts: CommonMethod.margin(@ohos/component/units.d.ts: %dflt.%dflt()#Margin|@ohos/component/units.d.ts: %dflt.%dflt()#Length|@ohos/component/units.d.ts: %dflt.%dflt()#LocalizedMargin),TextAttribute,,
margin,Method,component/common.d.ts,CommonMethod,value:Margin|Length|LocalizedMargin,%AC19$Index.build,build,entry\src\main\ets\pages\Index.ets:187,@ohos/component/common.d.ts: CommonMethod.margin(@ohos/component/units.d.ts: %dflt.%dflt()#Margin|@ohos/component/units.d.ts: %dflt.%dflt()#Length|@ohos/component/units.d.ts: %dflt.%dflt()#LocalizedMargin),FlexAttribute,,
margin,Method,component/common.d.ts,CommonMethod,value:Margin|Length|LocalizedMargin,%AC24$Index.build,build,entry\src\main\ets\pages\Index.ets:252,@ohos/component/common.d.ts: CommonMethod.margin(@ohos/component/units.d.ts: %dflt.%dflt()#Margin|@ohos/component/units.d.ts: %dflt.%dflt()#Length|@ohos/component/units.d.ts: %dflt.%dflt()#LocalizedMargin),TextAttribute,,
margin,Method,component/common.d.ts,CommonMethod,value:Margin|Length|LocalizedMargin,%AC25$Index.build,build,entry\src\main\ets\pages\Index.ets:267,@ohos/component/common.d.ts: CommonMethod.margin(@ohos/component/units.d.ts: %dflt.%dflt()#Margin|@ohos/component/units.d.ts: %dflt.%dflt()#Length|@ohos/component/units.d.ts: %dflt.%dflt()#LocalizedMargin),RowAttribute,,
margin,Method,component/common.d.ts,CommonMethod,value:Margin|Length|LocalizedMargin,%AC29$Index.build,build,entry\src\main\ets\pages\Index.ets:276,@ohos/component/common.d.ts: CommonMethod.margin(@ohos/component/units.d.ts: %dflt.%dflt()#Margin|@ohos/component/units.d.ts: %dflt.%dflt()#Length|@ohos/component/units.d.ts: %dflt.%dflt()#LocalizedMargin),ButtonAttribute,,
margin,Method,component/common.d.ts,CommonMethod,value:Margin|Length|LocalizedMargin,%AC31$Index.build,build,entry\src\main\ets\pages\Index.ets:286,@ohos/component/common.d.ts: CommonMethod.margin(@ohos/component/units.d.ts: %dflt.%dflt()#Margin|@ohos/component/units.d.ts: %dflt.%dflt()#Length|@ohos/component/units.d.ts: %dflt.%dflt()#LocalizedMargin),ButtonAttribute,,
margin,Method,component/common.d.ts,CommonMethod,value:Margin|Length|LocalizedMargin,%AC33$Index.build,build,entry\src\main\ets\pages\Index.ets:296,@ohos/component/common.d.ts: CommonMethod.margin(@ohos/component/units.d.ts: %dflt.%dflt()#Margin|@ohos/component/units.d.ts: %dflt.%dflt()#Length|@ohos/component/units.d.ts: %dflt.%dflt()#LocalizedMargin),ButtonAttribute,,
margin,Method,component/common.d.ts,CommonMethod,value:Margin|Length|LocalizedMargin,%AC27$Index.build,build,entry\src\main\ets\pages\Index.ets:303,@ohos/component/common.d.ts: CommonMethod.margin(@ohos/component/units.d.ts: %dflt.%dflt()#Margin|@ohos/component/units.d.ts: %dflt.%dflt()#Length|@ohos/component/units.d.ts: %dflt.%dflt()#LocalizedMargin),RowAttribute,,
margin,Method,component/common.d.ts,CommonMethod,value:Margin|Length|LocalizedMargin,%AC34$Index.build,build,entry\src\main\ets\pages\Index.ets:313,@ohos/component/common.d.ts: CommonMethod.margin(@ohos/component/units.d.ts: %dflt.%dflt()#Margin|@ohos/component/units.d.ts: %dflt.%dflt()#Length|@ohos/component/units.d.ts: %dflt.%dflt()#LocalizedMargin),ButtonAttribute,,
margin,Method,component/common.d.ts,CommonMethod,value:Margin|Length|LocalizedMargin,%AC35$Index.build,build,entry\src\main\ets\pages\Index.ets:321,@ohos/component/common.d.ts: CommonMethod.margin(@ohos/component/units.d.ts: %dflt.%dflt()#Margin|@ohos/component/units.d.ts: %dflt.%dflt()#Length|@ohos/component/units.d.ts: %dflt.%dflt()#LocalizedMargin),TextAttribute,,
margin,Method,component/common.d.ts,CommonMethod,value:Margin|Length|LocalizedMargin,%AC21$Index.%AM3$build,%AM3$build,entry\src\main\ets\pages\Index.ets:180,@ohos/component/common.d.ts: CommonMethod.margin(@ohos/component/units.d.ts: %dflt.%dflt()#Margin|@ohos/component/units.d.ts: %dflt.%dflt()#Length|@ohos/component/units.d.ts: %dflt.%dflt()#LocalizedMargin),ButtonAttribute,,
margin,Method,component/common.d.ts,CommonMethod,value:Margin|Length|LocalizedMargin,%AC26$Index.%AM7$build,%AM7$build,entry\src\main\ets\pages\Index.ets:260,@ohos/component/common.d.ts: CommonMethod.margin(@ohos/component/units.d.ts: %dflt.%dflt()#Margin|@ohos/component/units.d.ts: %dflt.%dflt()#Length|@ohos/component/units.d.ts: %dflt.%dflt()#LocalizedMargin),ButtonAttribute,,
%AC17$Index.build,Object,src/main/ets/pages/Index.ets,,,,build,entry\src\main\ets\pages\Index.ets:163,@entry/src/main/ets/pages/Index.ets: %AC17$Index.build,,,
%AC17$Index.build,Object,src/main/ets/pages/Index.ets,,,,build,entry\src\main\ets\pages\Index.ets:166,@entry/src/main/ets/pages/Index.ets: %AC17$Index.build,,,
%AC17$Index.build,Object,src/main/ets/pages/Index.ets,,,,constructor,entry\src\main\ets\pages\Index.ets:-1,@entry/src/main/ets/pages/Index.ets: %AC17$Index.build,,,
%42,Property,%unk,,,,build,entry\src\main\ets\pages\Index.ets:166,@%unk/%unk: .()#%42,,,
constructor,Method,src/main/ets/pages/Index.ets,%AC17$Index.build,,,build,entry\src\main\ets\pages\Index.ets:166,@entry/src/main/ets/pages/Index.ets: %AC17$Index.build.constructor(),%AC17$Index.build,,
constructor,Method,src/main/ets/pages/Index.ets,%AC17$Index.build,,,constructor,entry\src\main\ets\pages\Index.ets:-1,@entry/src/main/ets/pages/Index.ets: %AC17$Index.build.constructor(),,,
%43,Property,%unk,,,,build,entry\src\main\ets\pages\Index.ets:163,@%unk/%unk: .()#%43,,,
%44,Property,%unk,,,,build,entry\src\main\ets\pages\Index.ets:163,@%unk/%unk: .()#%44,,,
%45,Property,%unk,,,,build,entry\src\main\ets\pages\Index.ets:163,@%unk/%unk: .()#%45,,,
%AC18$Index.build,Object,src/main/ets/pages/Index.ets,,,,build,entry\src\main\ets\pages\Index.ets:169,@entry/src/main/ets/pages/Index.ets: %AC18$Index.build,,,
%AC18$Index.build,Object,src/main/ets/pages/Index.ets,,,,build,entry\src\main\ets\pages\Index.ets:173,@entry/src/main/ets/pages/Index.ets: %AC18$Index.build,,,
%AC18$Index.build,Object,src/main/ets/pages/Index.ets,,,,constructor,entry\src\main\ets\pages\Index.ets:-1,@entry/src/main/ets/pages/Index.ets: %AC18$Index.build,,,
%46,Property,%unk,,,,build,entry\src\main\ets\pages\Index.ets:173,@%unk/%unk: .()#%46,,,
constructor,Method,src/main/ets/pages/Index.ets,%AC18$Index.build,,,build,entry\src\main\ets\pages\Index.ets:173,@entry/src/main/ets/pages/Index.ets: %AC18$Index.build.constructor(),%AC18$Index.build,,
constructor,Method,src/main/ets/pages/Index.ets,%AC18$Index.build,,,constructor,entry\src\main\ets\pages\Index.ets:-1,@entry/src/main/ets/pages/Index.ets: %AC18$Index.build.constructor(),,,
%47,Property,%unk,,,,build,entry\src\main\ets\pages\Index.ets:169,@%unk/%unk: .()#%47,,,
%48,Property,%unk,,,,build,entry\src\main\ets\pages\Index.ets:169,@%unk/%unk: .()#%48,,,
%49,Property,%unk,,,,build,entry\src\main\ets\pages\Index.ets:169,@%unk/%unk: .()#%49,,,
%50,Property,%unk,,,,build,entry\src\main\ets\pages\Index.ets:169,@%unk/%unk: .()#%50,,,
%AC19$Index.build,Object,src/main/ets/pages/Index.ets,,,,build,entry\src\main\ets\pages\Index.ets:174,@entry/src/main/ets/pages/Index.ets: %AC19$Index.build,,,
%AC19$Index.build,Object,src/main/ets/pages/Index.ets,,,,build,entry\src\main\ets\pages\Index.ets:187,@entry/src/main/ets/pages/Index.ets: %AC19$Index.build,,,
%AC19$Index.build,Object,src/main/ets/pages/Index.ets,,,,constructor,entry\src\main\ets\pages\Index.ets:-1,@entry/src/main/ets/pages/Index.ets: %AC19$Index.build,,,
%51,Property,%unk,,,,build,entry\src\main\ets\pages\Index.ets:187,@%unk/%unk: .()#%51,,,
constructor,Method,src/main/ets/pages/Index.ets,%AC19$Index.build,,,build,entry\src\main\ets\pages\Index.ets:187,@entry/src/main/ets/pages/Index.ets: %AC19$Index.build.constructor(),%AC19$Index.build,,
constructor,Method,src/main/ets/pages/Index.ets,%AC19$Index.build,,,constructor,entry\src\main\ets\pages\Index.ets:-1,@entry/src/main/ets/pages/Index.ets: %AC19$Index.build.constructor(),,,
%AC20$Index.build,Object,src/main/ets/pages/Index.ets,,,,build,entry\src\main\ets\pages\Index.ets:174,@entry/src/main/ets/pages/Index.ets: %AC20$Index.build,,,
%AC20$Index.build,Object,src/main/ets/pages/Index.ets,,,,constructor,entry\src\main\ets\pages\Index.ets:-1,@entry/src/main/ets/pages/Index.ets: %AC20$Index.build,,,
%52,Property,%unk,,,,build,entry\src\main\ets\pages\Index.ets:174,@%unk/%unk: .()#%52,,,
constructor,Method,src/main/ets/pages/Index.ets,%AC20$Index.build,,,build,entry\src\main\ets\pages\Index.ets:174,@entry/src/main/ets/pages/Index.ets: %AC20$Index.build.constructor(),%AC20$Index.build,,
constructor,Method,src/main/ets/pages/Index.ets,%AC20$Index.build,,,constructor,entry\src\main\ets\pages\Index.ets:-1,@entry/src/main/ets/pages/Index.ets: %AC20$Index.build.constructor(),,,
FlexInterface,Interface,component/flex.d.ts,,,,build,entry\src\main\ets\pages\Index.ets:174,@ohos/component/flex.d.ts: FlexInterface,,,
constructor,Method,component/flex.d.ts,FlexInterface,value:FlexOptions,%AC20$Index.build,build,entry\src\main\ets\pages\Index.ets:174,@ohos/component/flex.d.ts: FlexInterface.create(@ohos/component/flex.d.ts: FlexOptions),,,
Flex,Property,component/flex.d.ts,,,,build,entry\src\main\ets\pages\Index.ets:174,@ohos/component/flex.d.ts: %dflt.%dflt()#Flex,,,
FlexAttribute,Class,component/flex.d.ts,,,,build,entry\src\main\ets\pages\Index.ets:174,@ohos/component/flex.d.ts: FlexAttribute,,,
%53,Property,%unk,,,,build,entry\src\main\ets\pages\Index.ets:174,@%unk/%unk: .()#%53,,,
%AM3$build,Property,%unk,,,,build,entry\src\main\ets\pages\Index.ets:175,@%unk/%unk: .()#%AM3$build,,,
ForEachInterface,Interface,component/for_each.d.ts,,,,build,entry\src\main\ets\pages\Index.ets:175,@ohos/component/for_each.d.ts: ForEachInterface,,,
ForEachInterface,Interface,component/for_each.d.ts,,,,build,entry\src\main\ets\pages\Index.ets:254,@ohos/component/for_each.d.ts: ForEachInterface,,,
ForEachInterface,Interface,component/for_each.d.ts,,,,build,entry\src\main\ets\pages\Index.ets:324,@ohos/component/for_each.d.ts: ForEachInterface,,,
constructor,Method,component/for_each.d.ts,ForEachInterface,arr:any[]#itemGenerator:%AM0#keyGenerator:%AM1,ColorPreset[]#%AM3$build,build,entry\src\main\ets\pages\Index.ets:175,"@ohos/component/for_each.d.ts: ForEachInterface.create(any[], @ohos/component/for_each.d.ts: ForEachInterface.%AM0(any, number), @ohos/component/for_each.d.ts: ForEachInterface.%AM1(any, number))",,,
constructor,Method,component/for_each.d.ts,ForEachInterface,arr:any[]#itemGenerator:%AM0#keyGenerator:%AM1,ImagePreset[]#%AM7$build,build,entry\src\main\ets\pages\Index.ets:254,"@ohos/component/for_each.d.ts: ForEachInterface.create(any[], @ohos/component/for_each.d.ts: ForEachInterface.%AM0(any, number), @ohos/component/for_each.d.ts: ForEachInterface.%AM1(any, number))",,,
constructor,Method,component/for_each.d.ts,ForEachInterface,arr:any[]#itemGenerator:%AM0#keyGenerator:%AM1,LogEntry[]#%AM13$build#%AM14$build,build,entry\src\main\ets\pages\Index.ets:324,"@ohos/component/for_each.d.ts: ForEachInterface.create(any[], @ohos/component/for_each.d.ts: ForEachInterface.%AM0(any, number), @ohos/component/for_each.d.ts: ForEachInterface.%AM1(any, number))",,,
ForEach,Property,component/for_each.d.ts,,,,build,entry\src\main\ets\pages\Index.ets:175,@ohos/component/for_each.d.ts: %dflt.%dflt()#ForEach,,,
ForEach,Property,component/for_each.d.ts,,,,build,entry\src\main\ets\pages\Index.ets:254,@ohos/component/for_each.d.ts: %dflt.%dflt()#ForEach,,,
ForEach,Property,component/for_each.d.ts,,,,build,entry\src\main\ets\pages\Index.ets:324,@ohos/component/for_each.d.ts: %dflt.%dflt()#ForEach,,,
ForEachAttribute,Class,component/for_each.d.ts,,,,build,entry\src\main\ets\pages\Index.ets:175,@ohos/component/for_each.d.ts: ForEachAttribute,,,
ForEachAttribute,Class,component/for_each.d.ts,,,,build,entry\src\main\ets\pages\Index.ets:254,@ohos/component/for_each.d.ts: ForEachAttribute,,,
ForEachAttribute,Class,component/for_each.d.ts,,,,build,entry\src\main\ets\pages\Index.ets:324,@ohos/component/for_each.d.ts: ForEachAttribute,,,
%54,Property,%unk,,,,build,entry\src\main\ets\pages\Index.ets:175,@%unk/%unk: .()#%54,,,
pop,Method,%unk,ForEach,,,build,entry\src\main\ets\pages\Index.ets:184,@%unk/%unk: ForEach.pop(),,,
pop,Method,%unk,ForEach,,,build,entry\src\main\ets\pages\Index.ets:264,@%unk/%unk: ForEach.pop(),,,
pop,Method,%unk,ForEach,,,build,entry\src\main\ets\pages\Index.ets:330,@%unk/%unk: ForEach.pop(),,,
pop,Method,%unk,Flex,,,build,entry\src\main\ets\pages\Index.ets:185,@%unk/%unk: Flex.pop(),,,
%55,Property,%unk,,,,build,entry\src\main\ets\pages\Index.ets:174,@%unk/%unk: .()#%55,,,
RowInterface,Interface,component/row.d.ts,,,,build,entry\src\main\ets\pages\Index.ets:190,@ohos/component/row.d.ts: RowInterface,,,
RowInterface,Interface,component/row.d.ts,,,,build,entry\src\main\ets\pages\Index.ets:219,@ohos/component/row.d.ts: RowInterface,,,
RowInterface,Interface,component/row.d.ts,,,,build,entry\src\main\ets\pages\Index.ets:253,@ohos/component/row.d.ts: RowInterface,,,
RowInterface,Interface,component/row.d.ts,,,,build,entry\src\main\ets\pages\Index.ets:270,@ohos/component/row.d.ts: RowInterface,,,
constructor,Method,component/row.d.ts,RowInterface,options:RowOptions,,build,entry\src\main\ets\pages\Index.ets:190,@ohos/component/row.d.ts: RowInterface.create(@ohos/component/row.d.ts: RowOptions),,,
constructor,Method,component/row.d.ts,RowInterface,options:RowOptions,,build,entry\src\main\ets\pages\Index.ets:219,@ohos/component/row.d.ts: RowInterface.create(@ohos/component/row.d.ts: RowOptions),,,
constructor,Method,component/row.d.ts,RowInterface,options:RowOptions,,build,entry\src\main\ets\pages\Index.ets:253,@ohos/component/row.d.ts: RowInterface.create(@ohos/component/row.d.ts: RowOptions),,,
constructor,Method,component/row.d.ts,RowInterface,options:RowOptions,,build,entry\src\main\ets\pages\Index.ets:270,@ohos/component/row.d.ts: RowInterface.create(@ohos/component/row.d.ts: RowOptions),,,
Row,Property,component/row.d.ts,,,,build,entry\src\main\ets\pages\Index.ets:190,@ohos/component/row.d.ts: %dflt.%dflt()#Row,,,
Row,Property,component/row.d.ts,,,,build,entry\src\main\ets\pages\Index.ets:219,@ohos/component/row.d.ts: %dflt.%dflt()#Row,,,
Row,Property,component/row.d.ts,,,,build,entry\src\main\ets\pages\Index.ets:253,@ohos/component/row.d.ts: %dflt.%dflt()#Row,,,
Row,Property,component/row.d.ts,,,,build,entry\src\main\ets\pages\Index.ets:270,@ohos/component/row.d.ts: %dflt.%dflt()#Row,,,
RowAttribute,Class,component/row.d.ts,,,,build,entry\src\main\ets\pages\Index.ets:190,@ohos/component/row.d.ts: RowAttribute,,,
RowAttribute,Class,component/row.d.ts,,,,build,entry\src\main\ets\pages\Index.ets:219,@ohos/component/row.d.ts: RowAttribute,,,
RowAttribute,Class,component/row.d.ts,,,,build,entry\src\main\ets\pages\Index.ets:253,@ohos/component/row.d.ts: RowAttribute,,,
RowAttribute,Class,component/row.d.ts,,,,build,entry\src\main\ets\pages\Index.ets:270,@ohos/component/row.d.ts: RowAttribute,,,
%56,Property,%unk,,,,build,entry\src\main\ets\pages\Index.ets:190,@%unk/%unk: .()#%56,,,
%57,Property,%unk,,,,build,entry\src\main\ets\pages\Index.ets:191,@%unk/%unk: .()#%57,,,
%58,Property,%unk,,,,build,entry\src\main\ets\pages\Index.ets:191,@%unk/%unk: .()#%58,,,
%59,Property,%unk,,,,build,entry\src\main\ets\pages\Index.ets:191,@%unk/%unk: .()#%59,,,
layoutWeight,Method,component/common.d.ts,CommonMethod,value:number|string,1:number,build,entry\src\main\ets\pages\Index.ets:194,@ohos/component/common.d.ts: CommonMethod.layoutWeight(number|string),TextAttribute,,
layoutWeight,Method,component/common.d.ts,CommonMethod,value:number|string,1:number,build,entry\src\main\ets\pages\Index.ets:223,@ohos/component/common.d.ts: CommonMethod.layoutWeight(number|string),TextAttribute,,
layoutWeight,Method,component/common.d.ts,CommonMethod,value:number|string,1:number,build,entry\src\main\ets\pages\Index.ets:275,@ohos/component/common.d.ts: CommonMethod.layoutWeight(number|string),ButtonAttribute,,
layoutWeight,Method,component/common.d.ts,CommonMethod,value:number|string,1:number,build,entry\src\main\ets\pages\Index.ets:285,@ohos/component/common.d.ts: CommonMethod.layoutWeight(number|string),ButtonAttribute,,
layoutWeight,Method,component/common.d.ts,CommonMethod,value:number|string,1:number,build,entry\src\main\ets\pages\Index.ets:295,@ohos/component/common.d.ts: CommonMethod.layoutWeight(number|string),ButtonAttribute,,
layoutWeight,Method,component/common.d.ts,CommonMethod,value:number|string,1:number,build,entry\src\main\ets\pages\Index.ets:336,@ohos/component/common.d.ts: CommonMethod.layoutWeight(number|string),ScrollAttribute,,
layoutWeight,Method,component/common.d.ts,CommonMethod,value:number|string,1:number,%AM7$build,entry\src\main\ets\pages\Index.ets:259,@ohos/component/common.d.ts: CommonMethod.layoutWeight(number|string),ButtonAttribute,,
End,EnumValue,component/enums.d.ts,TextAlign,,,build,entry\src\main\ets\pages\Index.ets:199,@ohos/component/enums.d.ts: TextAlign.End,,,
End,EnumValue,component/enums.d.ts,TextAlign,,,build,entry\src\main\ets\pages\Index.ets:228,@ohos/component/enums.d.ts: TextAlign.End,,,
%60,Property,%unk,,,,build,entry\src\main\ets\pages\Index.ets:199,@%unk/%unk: .()#%60,,,
%61,Constant,%unk,,,,build,entry\src\main\ets\pages\Index.ets:195,@%unk/%unk: .()#%61,,,
%62,Constant,%unk,,,,build,entry\src\main\ets\pages\Index.ets:195,@%unk/%unk: .()#%62,,,
%63,Constant,%unk,,,,build,entry\src\main\ets\pages\Index.ets:195,@%unk/%unk: .()#%63,,,
%64,Property,%unk,,,,build,entry\src\main\ets\pages\Index.ets:195,@%unk/%unk: .()#%64,,,
%65,Property,%unk,,,,build,entry\src\main\ets\pages\Index.ets:195,@%unk/%unk: .()#%65,,,
%66,Property,%unk,,,,build,entry\src\main\ets\pages\Index.ets:195,@%unk/%unk: .()#%66,,,
%67,Property,%unk,,,,build,entry\src\main\ets\pages\Index.ets:195,@%unk/%unk: .()#%67,,,
pop,Method,%unk,Row,,,build,entry\src\main\ets\pages\Index.ets:200,@%unk/%unk: Row.pop(),,,
pop,Method,%unk,Row,,,build,entry\src\main\ets\pages\Index.ets:229,@%unk/%unk: Row.pop(),,,
pop,Method,%unk,Row,,,build,entry\src\main\ets\pages\Index.ets:265,@%unk/%unk: Row.pop(),,,
pop,Method,%unk,Row,,,build,entry\src\main\ets\pages\Index.ets:301,@%unk/%unk: Row.pop(),,,
%AC22$Index.build,Object,src/main/ets/pages/Index.ets,,,,build,entry\src\main\ets\pages\Index.ets:202,@entry/src/main/ets/pages/Index.ets: %AC22$Index.build,,,
%AC22$Index.build,Object,src/main/ets/pages/Index.ets,,,,constructor,entry\src\main\ets\pages\Index.ets:-1,@entry/src/main/ets/pages/Index.ets: %AC22$Index.build,,,
%68,Property,%unk,,,,build,entry\src\main\ets\pages\Index.ets:202,@%unk/%unk: .()#%68,,,
constructor,Method,src/main/ets/pages/Index.ets,%AC22$Index.build,,,build,entry\src\main\ets\pages\Index.ets:202,@entry/src/main/ets/pages/Index.ets: %AC22$Index.build.constructor(),%AC22$Index.build,,
constructor,Method,src/main/ets/pages/Index.ets,%AC22$Index.build,,,constructor,entry\src\main\ets\pages\Index.ets:-1,@entry/src/main/ets/pages/Index.ets: %AC22$Index.build.constructor(),,,
SliderInterface,Interface,component/slider.d.ts,,,,build,entry\src\main\ets\pages\Index.ets:202,@ohos/component/slider.d.ts: SliderInterface,,,
SliderInterface,Interface,component/slider.d.ts,,,,build,entry\src\main\ets\pages\Index.ets:231,@ohos/component/slider.d.ts: SliderInterface,,,
constructor,Method,component/slider.d.ts,SliderInterface,options:SliderOptions,%AC22$Index.build,build,entry\src\main\ets\pages\Index.ets:202,@ohos/component/slider.d.ts: SliderInterface.create(@ohos/component/slider.d.ts: SliderOptions),,,
constructor,Method,component/slider.d.ts,SliderInterface,options:SliderOptions,%AC23$Index.build,build,entry\src\main\ets\pages\Index.ets:231,@ohos/component/slider.d.ts: SliderInterface.create(@ohos/component/slider.d.ts: SliderOptions),,,
Slider,Property,component/slider.d.ts,,,,build,entry\src\main\ets\pages\Index.ets:202,@ohos/component/slider.d.ts: %dflt.%dflt()#Slider,,,
Slider,Property,component/slider.d.ts,,,,build,entry\src\main\ets\pages\Index.ets:231,@ohos/component/slider.d.ts: %dflt.%dflt()#Slider,,,
SliderAttribute,Class,component/slider.d.ts,,,,build,entry\src\main\ets\pages\Index.ets:202,@ohos/component/slider.d.ts: SliderAttribute,,,
SliderAttribute,Class,component/slider.d.ts,,,,build,entry\src\main\ets\pages\Index.ets:204,@ohos/component/slider.d.ts: SliderAttribute,,,
SliderAttribute,Class,component/slider.d.ts,,,,build,entry\src\main\ets\pages\Index.ets:205,@ohos/component/slider.d.ts: SliderAttribute,,,
SliderAttribute,Class,component/slider.d.ts,,,,build,entry\src\main\ets\pages\Index.ets:206,@ohos/component/slider.d.ts: SliderAttribute,,,
SliderAttribute,Class,component/slider.d.ts,,,,build,entry\src\main\ets\pages\Index.ets:207,@ohos/component/slider.d.ts: SliderAttribute,,,
SliderAttribute,Class,component/slider.d.ts,,,,build,entry\src\main\ets\pages\Index.ets:231,@ohos/component/slider.d.ts: SliderAttribute,,,
SliderAttribute,Class,component/slider.d.ts,,,,build,entry\src\main\ets\pages\Index.ets:233,@ohos/component/slider.d.ts: SliderAttribute,,,
SliderAttribute,Class,component/slider.d.ts,,,,build,entry\src\main\ets\pages\Index.ets:234,@ohos/component/slider.d.ts: SliderAttribute,,,
SliderAttribute,Class,component/slider.d.ts,,,,build,entry\src\main\ets\pages\Index.ets:235,@ohos/component/slider.d.ts: SliderAttribute,,,
SliderAttribute,Class,component/slider.d.ts,,,,build,entry\src\main\ets\pages\Index.ets:236,@ohos/component/slider.d.ts: SliderAttribute,,,
%69,Property,%unk,,,,build,entry\src\main\ets\pages\Index.ets:202,@%unk/%unk: .()#%69,,,
pop,Method,%unk,Slider,,,build,entry\src\main\ets\pages\Index.ets:202,@%unk/%unk: Slider.pop(),,,
pop,Method,%unk,Slider,,,build,entry\src\main\ets\pages\Index.ets:231,@%unk/%unk: Slider.pop(),,,
%70,Property,%unk,,,,build,entry\src\main\ets\pages\Index.ets:202,@%unk/%unk: .()#%70,,,
blockColor,Method,component/slider.d.ts,SliderAttribute,value:ResourceColor,#FFF700C2:string,build,entry\src\main\ets\pages\Index.ets:204,@ohos/component/slider.d.ts: SliderAttribute.blockColor(@ohos/component/units.d.ts: %dflt.%dflt()#ResourceColor),SliderAttribute,,
blockColor,Method,component/slider.d.ts,SliderAttribute,value:ResourceColor,#FF3B82F6:string,build,entry\src\main\ets\pages\Index.ets:233,@ohos/component/slider.d.ts: SliderAttribute.blockColor(@ohos/component/units.d.ts: %dflt.%dflt()#ResourceColor),SliderAttribute,,
%71,Property,%unk,,,,build,entry\src\main\ets\pages\Index.ets:202,@%unk/%unk: .()#%71,,,
selectedColor,Method,component/slider.d.ts,SliderAttribute,value:ResourceColor,#FFFFD900:string,build,entry\src\main\ets\pages\Index.ets:205,@ohos/component/slider.d.ts: SliderAttribute.selectedColor(@ohos/component/units.d.ts: %dflt.%dflt()#ResourceColor),SliderAttribute,,
selectedColor,Method,component/slider.d.ts,SliderAttribute,value:ResourceColor,#FF8B5CF6:string,build,entry\src\main\ets\pages\Index.ets:234,@ohos/component/slider.d.ts: SliderAttribute.selectedColor(@ohos/component/units.d.ts: %dflt.%dflt()#ResourceColor),SliderAttribute,,
%72,Property,%unk,,,,build,entry\src\main\ets\pages\Index.ets:202,@%unk/%unk: .()#%72,,,
trackColor,Method,component/slider.d.ts,SliderAttribute,value:ResourceColor|LinearGradient,#FFE5E7EB:string,build,entry\src\main\ets\pages\Index.ets:206,@ohos/component/slider.d.ts: SliderAttribute.trackColor(@ohos/component/units.d.ts: %dflt.%dflt()#ResourceColor|@ohos/component/common.d.ts: LinearGradient),SliderAttribute,,
trackColor,Method,component/slider.d.ts,SliderAttribute,value:ResourceColor|LinearGradient,#FFE5E7EB:string,build,entry\src\main\ets\pages\Index.ets:235,@ohos/component/slider.d.ts: SliderAttribute.trackColor(@ohos/component/units.d.ts: %dflt.%dflt()#ResourceColor|@ohos/component/common.d.ts: LinearGradient),SliderAttribute,,
%73,Property,%unk,,,,build,entry\src\main\ets\pages\Index.ets:202,@%unk/%unk: .()#%73,,,
%AM5$build,Property,%unk,,,,build,entry\src\main\ets\pages\Index.ets:207,@%unk/%unk: .()#%AM5$build,,,
onChange,Method,component/slider.d.ts,SliderAttribute,callback:%AM0,%AM5$build,build,entry\src\main\ets\pages\Index.ets:207,"@ohos/component/slider.d.ts: SliderAttribute.onChange(@ohos/component/slider.d.ts: SliderAttribute.%AM0(number, @ohos/component/slider.d.ts: SliderChangeMode))",SliderAttribute,,
onChange,Method,component/slider.d.ts,SliderAttribute,callback:%AM0,%AM6$build,build,entry\src\main\ets\pages\Index.ets:236,"@ohos/component/slider.d.ts: SliderAttribute.onChange(@ohos/component/slider.d.ts: SliderAttribute.%AM0(number, @ohos/component/slider.d.ts: SliderChangeMode))",SliderAttribute,,
%74,Property,%unk,,,,build,entry\src\main\ets\pages\Index.ets:219,@%unk/%unk: .()#%74,,,
%75,Property,%unk,,,,build,entry\src\main\ets\pages\Index.ets:220,@%unk/%unk: .()#%75,,,
%76,Property,%unk,,,,build,entry\src\main\ets\pages\Index.ets:220,@%unk/%unk: .()#%76,,,
%77,Property,%unk,,,,build,entry\src\main\ets\pages\Index.ets:220,@%unk/%unk: .()#%77,,,
%78,Property,%unk,,,,build,entry\src\main\ets\pages\Index.ets:228,@%unk/%unk: .()#%78,,,
%79,Constant,%unk,,,,build,entry\src\main\ets\pages\Index.ets:224,@%unk/%unk: .()#%79,,,
%80,Constant,%unk,,,,build,entry\src\main\ets\pages\Index.ets:224,@%unk/%unk: .()#%80,,,
%81,Constant,%unk,,,,build,entry\src\main\ets\pages\Index.ets:224,@%unk/%unk: .()#%81,,,
%82,Property,%unk,,,,build,entry\src\main\ets\pages\Index.ets:224,@%unk/%unk: .()#%82,,,
%83,Property,%unk,,,,build,entry\src\main\ets\pages\Index.ets:224,@%unk/%unk: .()#%83,,,
%84,Property,%unk,,,,build,entry\src\main\ets\pages\Index.ets:224,@%unk/%unk: .()#%84,,,
%85,Property,%unk,,,,build,entry\src\main\ets\pages\Index.ets:224,@%unk/%unk: .()#%85,,,
%AC23$Index.build,Object,src/main/ets/pages/Index.ets,,,,build,entry\src\main\ets\pages\Index.ets:231,@entry/src/main/ets/pages/Index.ets: %AC23$Index.build,,,
%AC23$Index.build,Object,src/main/ets/pages/Index.ets,,,,constructor,entry\src\main\ets\pages\Index.ets:-1,@entry/src/main/ets/pages/Index.ets: %AC23$Index.build,,,
%86,Property,%unk,,,,build,entry\src\main\ets\pages\Index.ets:231,@%unk/%unk: .()#%86,,,
constructor,Method,src/main/ets/pages/Index.ets,%AC23$Index.build,,,build,entry\src\main\ets\pages\Index.ets:231,@entry/src/main/ets/pages/Index.ets: %AC23$Index.build.constructor(),%AC23$Index.build,,
constructor,Method,src/main/ets/pages/Index.ets,%AC23$Index.build,,,constructor,entry\src\main\ets\pages\Index.ets:-1,@entry/src/main/ets/pages/Index.ets: %AC23$Index.build.constructor(),,,
%87,Property,%unk,,,,build,entry\src\main\ets\pages\Index.ets:231,@%unk/%unk: .()#%87,,,
%88,Property,%unk,,,,build,entry\src\main\ets\pages\Index.ets:231,@%unk/%unk: .()#%88,,,
%89,Property,%unk,,,,build,entry\src\main\ets\pages\Index.ets:231,@%unk/%unk: .()#%89,,,
%90,Property,%unk,,,,build,entry\src\main\ets\pages\Index.ets:231,@%unk/%unk: .()#%90,,,
%91,Property,%unk,,,,build,entry\src\main\ets\pages\Index.ets:231,@%unk/%unk: .()#%91,,,
%AM6$build,Property,%unk,,,,build,entry\src\main\ets\pages\Index.ets:236,@%unk/%unk: .()#%AM6$build,,,
%AC24$Index.build,Object,src/main/ets/pages/Index.ets,,,,build,entry\src\main\ets\pages\Index.ets:248,@entry/src/main/ets/pages/Index.ets: %AC24$Index.build,,,
%AC24$Index.build,Object,src/main/ets/pages/Index.ets,,,,build,entry\src\main\ets\pages\Index.ets:252,@entry/src/main/ets/pages/Index.ets: %AC24$Index.build,,,
%AC24$Index.build,Object,src/main/ets/pages/Index.ets,,,,constructor,entry\src\main\ets\pages\Index.ets:-1,@entry/src/main/ets/pages/Index.ets: %AC24$Index.build,,,
%92,Property,%unk,,,,build,entry\src\main\ets\pages\Index.ets:252,@%unk/%unk: .()#%92,,,
constructor,Method,src/main/ets/pages/Index.ets,%AC24$Index.build,,,build,entry\src\main\ets\pages\Index.ets:252,@entry/src/main/ets/pages/Index.ets: %AC24$Index.build.constructor(),%AC24$Index.build,,
constructor,Method,src/main/ets/pages/Index.ets,%AC24$Index.build,,,constructor,entry\src\main\ets\pages\Index.ets:-1,@entry/src/main/ets/pages/Index.ets: %AC24$Index.build.constructor(),,,
%93,Property,%unk,,,,build,entry\src\main\ets\pages\Index.ets:248,@%unk/%unk: .()#%93,,,
%94,Property,%unk,,,,build,entry\src\main\ets\pages\Index.ets:248,@%unk/%unk: .()#%94,,,
%95,Property,%unk,,,,build,entry\src\main\ets\pages\Index.ets:248,@%unk/%unk: .()#%95,,,
%96,Property,%unk,,,,build,entry\src\main\ets\pages\Index.ets:248,@%unk/%unk: .()#%96,,,
%AC25$Index.build,Object,src/main/ets/pages/Index.ets,,,,build,entry\src\main\ets\pages\Index.ets:253,@entry/src/main/ets/pages/Index.ets: %AC25$Index.build,,,
%AC25$Index.build,Object,src/main/ets/pages/Index.ets,,,,build,entry\src\main\ets\pages\Index.ets:267,@entry/src/main/ets/pages/Index.ets: %AC25$Index.build,,,
%AC25$Index.build,Object,src/main/ets/pages/Index.ets,,,,constructor,entry\src\main\ets\pages\Index.ets:-1,@entry/src/main/ets/pages/Index.ets: %AC25$Index.build,,,
%97,Property,%unk,,,,build,entry\src\main\ets\pages\Index.ets:267,@%unk/%unk: .()#%97,,,
constructor,Method,src/main/ets/pages/Index.ets,%AC25$Index.build,,,build,entry\src\main\ets\pages\Index.ets:267,@entry/src/main/ets/pages/Index.ets: %AC25$Index.build.constructor(),%AC25$Index.build,,
constructor,Method,src/main/ets/pages/Index.ets,%AC25$Index.build,,,constructor,entry\src\main\ets\pages\Index.ets:-1,@entry/src/main/ets/pages/Index.ets: %AC25$Index.build.constructor(),,,
%98,Property,%unk,,,,build,entry\src\main\ets\pages\Index.ets:253,@%unk/%unk: .()#%98,,,
%AM7$build,Property,%unk,,,,build,entry\src\main\ets\pages\Index.ets:254,@%unk/%unk: .()#%AM7$build,,,
%99,Property,%unk,,,,build,entry\src\main\ets\pages\Index.ets:254,@%unk/%unk: .()#%99,,,
%100,Property,%unk,,,,build,entry\src\main\ets\pages\Index.ets:253,@%unk/%unk: .()#%100,,,
%AC27$Index.build,Object,src/main/ets/pages/Index.ets,,,,build,entry\src\main\ets\pages\Index.ets:270,@entry/src/main/ets/pages/Index.ets: %AC27$Index.build,,,
%AC27$Index.build,Object,src/main/ets/pages/Index.ets,,,,build,entry\src\main\ets\pages\Index.ets:303,@entry/src/main/ets/pages/Index.ets: %AC27$Index.build,,,
%AC27$Index.build,Object,src/main/ets/pages/Index.ets,,,,constructor,entry\src\main\ets\pages\Index.ets:-1,@entry/src/main/ets/pages/Index.ets: %AC27$Index.build,,,
%101,Property,%unk,,,,build,entry\src\main\ets\pages\Index.ets:303,@%unk/%unk: .()#%101,,,
constructor,Method,src/main/ets/pages/Index.ets,%AC27$Index.build,,,build,entry\src\main\ets\pages\Index.ets:303,@entry/src/main/ets/pages/Index.ets: %AC27$Index.build.constructor(),%AC27$Index.build,,
constructor,Method,src/main/ets/pages/Index.ets,%AC27$Index.build,,,constructor,entry\src\main\ets\pages\Index.ets:-1,@entry/src/main/ets/pages/Index.ets: %AC27$Index.build.constructor(),,,
%102,Property,%unk,,,,build,entry\src\main\ets\pages\Index.ets:270,@%unk/%unk: .()#%102,,,
%AC28$Index.build,Object,src/main/ets/pages/Index.ets,,,,build,entry\src\main\ets\pages\Index.ets:271,@entry/src/main/ets/pages/Index.ets: %AC28$Index.build,,,
%AC28$Index.build,Object,src/main/ets/pages/Index.ets,,,,build,entry\src\main\ets\pages\Index.ets:279,@entry/src/main/ets/pages/Index.ets: %AC28$Index.build,,,
%AC28$Index.build,Object,src/main/ets/pages/Index.ets,,,,constructor,entry\src\main\ets\pages\Index.ets:-1,@entry/src/main/ets/pages/Index.ets: %AC28$Index.build,,,
%103,Property,%unk,,,,build,entry\src\main\ets\pages\Index.ets:279,@%unk/%unk: .()#%103,,,
constructor,Method,src/main/ets/pages/Index.ets,%AC28$Index.build,,,build,entry\src\main\ets\pages\Index.ets:279,@entry/src/main/ets/pages/Index.ets: %AC28$Index.build.constructor(),%AC28$Index.build,,
constructor,Method,src/main/ets/pages/Index.ets,%AC28$Index.build,,,constructor,entry\src\main\ets\pages\Index.ets:-1,@entry/src/main/ets/pages/Index.ets: %AC28$Index.build.constructor(),,,
%AC29$Index.build,Object,src/main/ets/pages/Index.ets,,,,build,entry\src\main\ets\pages\Index.ets:271,@entry/src/main/ets/pages/Index.ets: %AC29$Index.build,,,
%AC29$Index.build,Object,src/main/ets/pages/Index.ets,,,,build,entry\src\main\ets\pages\Index.ets:276,@entry/src/main/ets/pages/Index.ets: %AC29$Index.build,,,
%AC29$Index.build,Object,src/main/ets/pages/Index.ets,,,,constructor,entry\src\main\ets\pages\Index.ets:-1,@entry/src/main/ets/pages/Index.ets: %AC29$Index.build,,,
%104,Property,%unk,,,,build,entry\src\main\ets\pages\Index.ets:276,@%unk/%unk: .()#%104,,,
constructor,Method,src/main/ets/pages/Index.ets,%AC29$Index.build,,,build,entry\src\main\ets\pages\Index.ets:276,@entry/src/main/ets/pages/Index.ets: %AC29$Index.build.constructor(),%AC29$Index.build,,
constructor,Method,src/main/ets/pages/Index.ets,%AC29$Index.build,,,constructor,entry\src\main\ets\pages\Index.ets:-1,@entry/src/main/ets/pages/Index.ets: %AC29$Index.build.constructor(),,,
Capsule,EnumValue,component/button.d.ts,ButtonType,,,build,entry\src\main\ets\pages\Index.ets:272,@ohos/component/button.d.ts: ButtonType.Capsule,,,
Capsule,EnumValue,component/button.d.ts,ButtonType,,,build,entry\src\main\ets\pages\Index.ets:282,@ohos/component/button.d.ts: ButtonType.Capsule,,,
Capsule,EnumValue,component/button.d.ts,ButtonType,,,build,entry\src\main\ets\pages\Index.ets:292,@ohos/component/button.d.ts: ButtonType.Capsule,,,
Capsule,EnumValue,component/button.d.ts,ButtonType,,,build,entry\src\main\ets\pages\Index.ets:306,@ohos/component/button.d.ts: ButtonType.Capsule,,,
Capsule,EnumValue,component/button.d.ts,ButtonType,,,%AM3$build,entry\src\main\ets\pages\Index.ets:177,@ohos/component/button.d.ts: ButtonType.Capsule,,,
Capsule,EnumValue,component/button.d.ts,ButtonType,,,%AM7$build,entry\src\main\ets\pages\Index.ets:256,@ohos/component/button.d.ts: ButtonType.Capsule,,,
%105,Property,%unk,,,,build,entry\src\main\ets\pages\Index.ets:272,@%unk/%unk: .()#%105,,,
ButtonInterface,Interface,component/button.d.ts,,,,build,entry\src\main\ets\pages\Index.ets:271,@ohos/component/button.d.ts: ButtonInterface,,,
ButtonInterface,Interface,component/button.d.ts,,,,build,entry\src\main\ets\pages\Index.ets:281,@ohos/component/button.d.ts: ButtonInterface,,,
ButtonInterface,Interface,component/button.d.ts,,,,build,entry\src\main\ets\pages\Index.ets:291,@ohos/component/button.d.ts: ButtonInterface,,,
ButtonInterface,Interface,component/button.d.ts,,,,build,entry\src\main\ets\pages\Index.ets:305,@ohos/component/button.d.ts: ButtonInterface,,,
ButtonInterface,Interface,component/button.d.ts,,,,%AM3$build,entry\src\main\ets\pages\Index.ets:176,@ohos/component/button.d.ts: ButtonInterface,,,
ButtonInterface,Interface,component/button.d.ts,,,,%AM7$build,entry\src\main\ets\pages\Index.ets:255,@ohos/component/button.d.ts: ButtonInterface,,,
constructor,Method,component/button.d.ts,ButtonInterface,label:ResourceStr#options:ButtonOptions,设为 LOADING:string,build,entry\src\main\ets\pages\Index.ets:271,"@ohos/component/button.d.ts: ButtonInterface.create(@ohos/component/units.d.ts: %dflt.%dflt()#ResourceStr, @ohos/component/button.d.ts: ButtonOptions)",,,
constructor,Method,component/button.d.ts,ButtonInterface,label:ResourceStr#options:ButtonOptions,设为 UNCLICKED:string,build,entry\src\main\ets\pages\Index.ets:281,"@ohos/component/button.d.ts: ButtonInterface.create(@ohos/component/units.d.ts: %dflt.%dflt()#ResourceStr, @ohos/component/button.d.ts: ButtonOptions)",,,
constructor,Method,component/button.d.ts,ButtonInterface,label:ResourceStr#options:ButtonOptions,设为 CLICKED:string,build,entry\src\main\ets\pages\Index.ets:291,"@ohos/component/button.d.ts: ButtonInterface.create(@ohos/component/units.d.ts: %dflt.%dflt()#ResourceStr, @ohos/component/button.d.ts: ButtonOptions)",,,
constructor,Method,component/button.d.ts,ButtonInterface,label:ResourceStr#options:ButtonOptions,重置全部为默认:string,build,entry\src\main\ets\pages\Index.ets:305,"@ohos/component/button.d.ts: ButtonInterface.create(@ohos/component/units.d.ts: %dflt.%dflt()#ResourceStr, @ohos/component/button.d.ts: ButtonOptions)",,,
constructor,Method,component/button.d.ts,ButtonInterface,label:ResourceStr#options:ButtonOptions,string,%AM3$build,entry\src\main\ets\pages\Index.ets:176,"@ohos/component/button.d.ts: ButtonInterface.create(@ohos/component/units.d.ts: %dflt.%dflt()#ResourceStr, @ohos/component/button.d.ts: ButtonOptions)",,,
constructor,Method,component/button.d.ts,ButtonInterface,label:ResourceStr#options:ButtonOptions,string,%AM7$build,entry\src\main\ets\pages\Index.ets:255,"@ohos/component/button.d.ts: ButtonInterface.create(@ohos/component/units.d.ts: %dflt.%dflt()#ResourceStr, @ohos/component/button.d.ts: ButtonOptions)",,,
Button,Property,component/button.d.ts,,,,build,entry\src\main\ets\pages\Index.ets:271,@ohos/component/button.d.ts: %dflt.%dflt()#Button,,,
Button,Property,component/button.d.ts,,,,build,entry\src\main\ets\pages\Index.ets:281,@ohos/component/button.d.ts: %dflt.%dflt()#Button,,,
Button,Property,component/button.d.ts,,,,build,entry\src\main\ets\pages\Index.ets:291,@ohos/component/button.d.ts: %dflt.%dflt()#Button,,,
Button,Property,component/button.d.ts,,,,build,entry\src\main\ets\pages\Index.ets:305,@ohos/component/button.d.ts: %dflt.%dflt()#Button,,,
Button,Property,component/button.d.ts,,,,%AM3$build,entry\src\main\ets\pages\Index.ets:176,@ohos/component/button.d.ts: %dflt.%dflt()#Button,,,
Button,Property,component/button.d.ts,,,,%AM7$build,entry\src\main\ets\pages\Index.ets:255,@ohos/component/button.d.ts: %dflt.%dflt()#Button,,,
ButtonAttribute,Class,component/button.d.ts,,,,build,entry\src\main\ets\pages\Index.ets:271,@ohos/component/button.d.ts: ButtonAttribute,,,
ButtonAttribute,Class,component/button.d.ts,,,,build,entry\src\main\ets\pages\Index.ets:272,@ohos/component/button.d.ts: ButtonAttribute,,,
ButtonAttribute,Class,component/button.d.ts,,,,build,entry\src\main\ets\pages\Index.ets:273,@ohos/component/button.d.ts: ButtonAttribute,,,
ButtonAttribute,Class,component/button.d.ts,,,,build,entry\src\main\ets\pages\Index.ets:278,@ohos/component/button.d.ts: ButtonAttribute,,,
ButtonAttribute,Class,component/button.d.ts,,,,build,entry\src\main\ets\pages\Index.ets:281,@ohos/component/button.d.ts: ButtonAttribute,,,
ButtonAttribute,Class,component/button.d.ts,,,,build,entry\src\main\ets\pages\Index.ets:282,@ohos/component/button.d.ts: ButtonAttribute,,,
ButtonAttribute,Class,component/button.d.ts,,,,build,entry\src\main\ets\pages\Index.ets:283,@ohos/component/button.d.ts: ButtonAttribute,,,
ButtonAttribute,Class,component/button.d.ts,,,,build,entry\src\main\ets\pages\Index.ets:288,@ohos/component/button.d.ts: ButtonAttribute,,,
ButtonAttribute,Class,component/button.d.ts,,,,build,entry\src\main\ets\pages\Index.ets:291,@ohos/component/button.d.ts: ButtonAttribute,,,
ButtonAttribute,Class,component/button.d.ts,,,,build,entry\src\main\ets\pages\Index.ets:292,@ohos/component/button.d.ts: ButtonAttribute,,,
ButtonAttribute,Class,component/button.d.ts,,,,build,entry\src\main\ets\pages\Index.ets:293,@ohos/component/button.d.ts: ButtonAttribute,,,
ButtonAttribute,Class,component/button.d.ts,,,,build,entry\src\main\ets\pages\Index.ets:298,@ohos/component/button.d.ts: ButtonAttribute,,,
ButtonAttribute,Class,component/button.d.ts,,,,build,entry\src\main\ets\pages\Index.ets:305,@ohos/component/button.d.ts: ButtonAttribute,,,
ButtonAttribute,Class,component/button.d.ts,,,,build,entry\src\main\ets\pages\Index.ets:306,@ohos/component/button.d.ts: ButtonAttribute,,,
ButtonAttribute,Class,component/button.d.ts,,,,build,entry\src\main\ets\pages\Index.ets:307,@ohos/component/button.d.ts: ButtonAttribute,,,
ButtonAttribute,Class,component/button.d.ts,,,,build,entry\src\main\ets\pages\Index.ets:311,@ohos/component/button.d.ts: ButtonAttribute,,,
ButtonAttribute,Class,component/button.d.ts,,,,%AM3$build,entry\src\main\ets\pages\Index.ets:176,@ohos/component/button.d.ts: ButtonAttribute,,,
ButtonAttribute,Class,component/button.d.ts,,,,%AM3$build,entry\src\main\ets\pages\Index.ets:177,@ohos/component/button.d.ts: ButtonAttribute,,,
ButtonAttribute,Class,component/button.d.ts,,,,%AM3$build,entry\src\main\ets\pages\Index.ets:178,@ohos/component/button.d.ts: ButtonAttribute,,,
ButtonAttribute,Class,component/button.d.ts,,,,%AM3$build,entry\src\main\ets\pages\Index.ets:182,@ohos/component/button.d.ts: ButtonAttribute,,,
ButtonAttribute,Class,component/button.d.ts,,,,%AM7$build,entry\src\main\ets\pages\Index.ets:255,@ohos/component/button.d.ts: ButtonAttribute,,,
ButtonAttribute,Class,component/button.d.ts,,,,%AM7$build,entry\src\main\ets\pages\Index.ets:256,@ohos/component/button.d.ts: ButtonAttribute,,,
ButtonAttribute,Class,component/button.d.ts,,,,%AM7$build,entry\src\main\ets\pages\Index.ets:257,@ohos/component/button.d.ts: ButtonAttribute,,,
ButtonAttribute,Class,component/button.d.ts,,,,%AM7$build,entry\src\main\ets\pages\Index.ets:262,@ohos/component/button.d.ts: ButtonAttribute,,,
%106,Property,%unk,,,,build,entry\src\main\ets\pages\Index.ets:271,@%unk/%unk: .()#%106,,,
pop,Method,%unk,Button,,,build,entry\src\main\ets\pages\Index.ets:271,@%unk/%unk: Button.pop(),,,
pop,Method,%unk,Button,,,build,entry\src\main\ets\pages\Index.ets:281,@%unk/%unk: Button.pop(),,,
pop,Method,%unk,Button,,,build,entry\src\main\ets\pages\Index.ets:291,@%unk/%unk: Button.pop(),,,
pop,Method,%unk,Button,,,build,entry\src\main\ets\pages\Index.ets:305,@%unk/%unk: Button.pop(),,,
pop,Method,%unk,Button,,,%AM3$build,entry\src\main\ets\pages\Index.ets:176,@%unk/%unk: Button.pop(),,,
pop,Method,%unk,Button,,,%AM7$build,entry\src\main\ets\pages\Index.ets:255,@%unk/%unk: Button.pop(),,,
type,Method,component/button.d.ts,ButtonAttribute,value:ButtonType,Capsule:ButtonType.Capsule,build,entry\src\main\ets\pages\Index.ets:272,@ohos/component/button.d.ts: ButtonAttribute.type(@ohos/component/button.d.ts: ButtonType),ButtonAttribute,,
type,Method,component/button.d.ts,ButtonAttribute,value:ButtonType,Capsule:ButtonType.Capsule,build,entry\src\main\ets\pages\Index.ets:282,@ohos/component/button.d.ts: ButtonAttribute.type(@ohos/component/button.d.ts: ButtonType),ButtonAttribute,,
type,Method,component/button.d.ts,ButtonAttribute,value:ButtonType,Capsule:ButtonType.Capsule,build,entry\src\main\ets\pages\Index.ets:292,@ohos/component/button.d.ts: ButtonAttribute.type(@ohos/component/button.d.ts: ButtonType),ButtonAttribute,,
type,Method,component/button.d.ts,ButtonAttribute,value:ButtonType,Capsule:ButtonType.Capsule,build,entry\src\main\ets\pages\Index.ets:306,@ohos/component/button.d.ts: ButtonAttribute.type(@ohos/component/button.d.ts: ButtonType),ButtonAttribute,,
type,Method,component/button.d.ts,ButtonAttribute,value:ButtonType,Capsule:ButtonType.Capsule,%AM3$build,entry\src\main\ets\pages\Index.ets:177,@ohos/component/button.d.ts: ButtonAttribute.type(@ohos/component/button.d.ts: ButtonType),ButtonAttribute,,
type,Method,component/button.d.ts,ButtonAttribute,value:ButtonType,Capsule:ButtonType.Capsule,%AM7$build,entry\src\main\ets\pages\Index.ets:256,@ohos/component/button.d.ts: ButtonAttribute.type(@ohos/component/button.d.ts: ButtonType),ButtonAttribute,,
%107,Property,%unk,,,,build,entry\src\main\ets\pages\Index.ets:271,@%unk/%unk: .()#%107,,,
fontSize,Method,component/button.d.ts,ButtonAttribute,value:Length,12:number,build,entry\src\main\ets\pages\Index.ets:273,@ohos/component/button.d.ts: ButtonAttribute.fontSize(@ohos/component/units.d.ts: %dflt.%dflt()#Length),ButtonAttribute,,
fontSize,Method,component/button.d.ts,ButtonAttribute,value:Length,12:number,build,entry\src\main\ets\pages\Index.ets:283,@ohos/component/button.d.ts: ButtonAttribute.fontSize(@ohos/component/units.d.ts: %dflt.%dflt()#Length),ButtonAttribute,,
fontSize,Method,component/button.d.ts,ButtonAttribute,value:Length,12:number,build,entry\src\main\ets\pages\Index.ets:293,@ohos/component/button.d.ts: ButtonAttribute.fontSize(@ohos/component/units.d.ts: %dflt.%dflt()#Length),ButtonAttribute,,
fontSize,Method,component/button.d.ts,ButtonAttribute,value:Length,13:number,build,entry\src\main\ets\pages\Index.ets:307,@ohos/component/button.d.ts: ButtonAttribute.fontSize(@ohos/component/units.d.ts: %dflt.%dflt()#Length),ButtonAttribute,,
fontSize,Method,component/button.d.ts,ButtonAttribute,value:Length,12:number,%AM3$build,entry\src\main\ets\pages\Index.ets:178,@ohos/component/button.d.ts: ButtonAttribute.fontSize(@ohos/component/units.d.ts: %dflt.%dflt()#Length),ButtonAttribute,,
fontSize,Method,component/button.d.ts,ButtonAttribute,value:Length,12:number,%AM7$build,entry\src\main\ets\pages\Index.ets:257,@ohos/component/button.d.ts: ButtonAttribute.fontSize(@ohos/component/units.d.ts: %dflt.%dflt()#Length),ButtonAttribute,,
%108,Property,%unk,,,,build,entry\src\main\ets\pages\Index.ets:271,@%unk/%unk: .()#%108,,,
%109,Property,%unk,,,,build,entry\src\main\ets\pages\Index.ets:271,@%unk/%unk: .()#%109,,,
%110,Property,%unk,,,,build,entry\src\main\ets\pages\Index.ets:271,@%unk/%unk: .()#%110,,,
%111,Property,%unk,,,,build,entry\src\main\ets\pages\Index.ets:271,@%unk/%unk: .()#%111,,,
backgroundColor,Method,component/common.d.ts,CommonMethod,value:ResourceColor,#FFFFFFFF:string,build,entry\src\main\ets\pages\Index.ets:277,@ohos/component/common.d.ts: CommonMethod.backgroundColor(@ohos/component/units.d.ts: %dflt.%dflt()#ResourceColor),ButtonAttribute,,
backgroundColor,Method,component/common.d.ts,CommonMethod,value:ResourceColor,#FFFFFFFF:string,build,entry\src\main\ets\pages\Index.ets:287,@ohos/component/common.d.ts: CommonMethod.backgroundColor(@ohos/component/units.d.ts: %dflt.%dflt()#ResourceColor),ButtonAttribute,,
backgroundColor,Method,component/common.d.ts,CommonMethod,value:ResourceColor,#FFFFFFFF:string,build,entry\src\main\ets\pages\Index.ets:297,@ohos/component/common.d.ts: CommonMethod.backgroundColor(@ohos/component/units.d.ts: %dflt.%dflt()#ResourceColor),ButtonAttribute,,
backgroundColor,Method,component/common.d.ts,CommonMethod,value:ResourceColor,#FF111827:string,build,entry\src\main\ets\pages\Index.ets:310,@ohos/component/common.d.ts: CommonMethod.backgroundColor(@ohos/component/units.d.ts: %dflt.%dflt()#ResourceColor),ButtonAttribute,,
backgroundColor,Method,component/common.d.ts,CommonMethod,value:ResourceColor,#FFF9FAFB:string,build,entry\src\main\ets\pages\Index.ets:337,@ohos/component/common.d.ts: CommonMethod.backgroundColor(@ohos/component/units.d.ts: %dflt.%dflt()#ResourceColor),ScrollAttribute,,
backgroundColor,Method,component/common.d.ts,CommonMethod,value:ResourceColor,#FFFFFFFF:string,build,entry\src\main\ets\pages\Index.ets:345,@ohos/component/common.d.ts: CommonMethod.backgroundColor(@ohos/component/units.d.ts: %dflt.%dflt()#ResourceColor),ColumnAttribute,,
backgroundColor,Method,component/common.d.ts,CommonMethod,value:ResourceColor,#FF1F2937:string,%AM3$build,entry\src\main\ets\pages\Index.ets:181,@ohos/component/common.d.ts: CommonMethod.backgroundColor(@ohos/component/units.d.ts: %dflt.%dflt()#ResourceColor),ButtonAttribute,,
backgroundColor,Method,component/common.d.ts,CommonMethod,value:ResourceColor,#FFF700C2:string,%AM7$build,entry\src\main\ets\pages\Index.ets:261,@ohos/component/common.d.ts: CommonMethod.backgroundColor(@ohos/component/units.d.ts: %dflt.%dflt()#ResourceColor),ButtonAttribute,,
%112,Property,%unk,,,,build,entry\src\main\ets\pages\Index.ets:271,@%unk/%unk: .()#%112,,,
fontColor,Method,component/button.d.ts,ButtonAttribute,value:ResourceColor,#FF1F2937:string,build,entry\src\main\ets\pages\Index.ets:278,@ohos/component/button.d.ts: ButtonAttribute.fontColor(@ohos/component/units.d.ts: %dflt.%dflt()#ResourceColor),ButtonAttribute,,
fontColor,Method,component/button.d.ts,ButtonAttribute,value:ResourceColor,#FF1F2937:string,build,entry\src\main\ets\pages\Index.ets:288,@ohos/component/button.d.ts: ButtonAttribute.fontColor(@ohos/component/units.d.ts: %dflt.%dflt()#ResourceColor),ButtonAttribute,,
fontColor,Method,component/button.d.ts,ButtonAttribute,value:ResourceColor,#FF1F2937:string,build,entry\src\main\ets\pages\Index.ets:298,@ohos/component/button.d.ts: ButtonAttribute.fontColor(@ohos/component/units.d.ts: %dflt.%dflt()#ResourceColor),ButtonAttribute,,
fontColor,Method,component/button.d.ts,ButtonAttribute,value:ResourceColor,#FFFFFFFF:string,build,entry\src\main\ets\pages\Index.ets:311,@ohos/component/button.d.ts: ButtonAttribute.fontColor(@ohos/component/units.d.ts: %dflt.%dflt()#ResourceColor),ButtonAttribute,,
fontColor,Method,component/button.d.ts,ButtonAttribute,value:ResourceColor,#FFFFFFFF:string,%AM3$build,entry\src\main\ets\pages\Index.ets:182,@ohos/component/button.d.ts: ButtonAttribute.fontColor(@ohos/component/units.d.ts: %dflt.%dflt()#ResourceColor),ButtonAttribute,,
fontColor,Method,component/button.d.ts,ButtonAttribute,value:ResourceColor,#FFFFFFFF:string,%AM7$build,entry\src\main\ets\pages\Index.ets:262,@ohos/component/button.d.ts: ButtonAttribute.fontColor(@ohos/component/units.d.ts: %dflt.%dflt()#ResourceColor),ButtonAttribute,,
%113,Property,%unk,,,,build,entry\src\main\ets\pages\Index.ets:271,@%unk/%unk: .()#%113,,,
border,Method,component/common.d.ts,CommonMethod,value:BorderOptions,%AC28$Index.build,build,entry\src\main\ets\pages\Index.ets:279,@ohos/component/common.d.ts: CommonMethod.border(@ohos/component/units.d.ts: BorderOptions),ButtonAttribute,,
border,Method,component/common.d.ts,CommonMethod,value:BorderOptions,%AC30$Index.build,build,entry\src\main\ets\pages\Index.ets:289,@ohos/component/common.d.ts: CommonMethod.border(@ohos/component/units.d.ts: BorderOptions),ButtonAttribute,,
border,Method,component/common.d.ts,CommonMethod,value:BorderOptions,%AC32$Index.build,build,entry\src\main\ets\pages\Index.ets:299,@ohos/component/common.d.ts: CommonMethod.border(@ohos/component/units.d.ts: BorderOptions),ButtonAttribute,,
border,Method,component/common.d.ts,CommonMethod,value:BorderOptions,%AC36$Index.build,build,entry\src\main\ets\pages\Index.ets:338,@ohos/component/common.d.ts: CommonMethod.border(@ohos/component/units.d.ts: BorderOptions),ScrollAttribute,,
%114,Property,%unk,,,,build,entry\src\main\ets\pages\Index.ets:271,@%unk/%unk: .()#%114,,,
%AM9$build,Property,%unk,,,,build,entry\src\main\ets\pages\Index.ets:280,@%unk/%unk: .()#%AM9$build,,,
onClick,Method,component/common.d.ts,CommonMethod,event:%AM1,%AM9$build,build,entry\src\main\ets\pages\Index.ets:280,@ohos/component/common.d.ts: CommonMethod.onClick(@ohos/component/common.d.ts: CommonMethod.%AM1(@ohos/component/common.d.ts: ClickEvent)),ButtonAttribute,,
onClick,Method,component/common.d.ts,CommonMethod,event:%AM1,%AM10$build,build,entry\src\main\ets\pages\Index.ets:290,@ohos/component/common.d.ts: CommonMethod.onClick(@ohos/component/common.d.ts: CommonMethod.%AM1(@ohos/component/common.d.ts: ClickEvent)),ButtonAttribute,,
onClick,Method,component/common.d.ts,CommonMethod,event:%AM1,%AM11$build,build,entry\src\main\ets\pages\Index.ets:300,@ohos/component/common.d.ts: CommonMethod.onClick(@ohos/component/common.d.ts: CommonMethod.%AM1(@ohos/component/common.d.ts: ClickEvent)),ButtonAttribute,,
onClick,Method,component/common.d.ts,CommonMethod,event:%AM1,%AM12$build,build,entry\src\main\ets\pages\Index.ets:312,@ohos/component/common.d.ts: CommonMethod.onClick(@ohos/component/common.d.ts: CommonMethod.%AM1(@ohos/component/common.d.ts: ClickEvent)),ButtonAttribute,,
onClick,Method,component/common.d.ts,CommonMethod,event:%AM1,%AM4$%AM3$build,%AM3$build,entry\src\main\ets\pages\Index.ets:183,@ohos/component/common.d.ts: CommonMethod.onClick(@ohos/component/common.d.ts: CommonMethod.%AM1(@ohos/component/common.d.ts: ClickEvent)),ButtonAttribute,,
onClick,Method,component/common.d.ts,CommonMethod,event:%AM1,%AM8$%AM7$build,%AM7$build,entry\src\main\ets\pages\Index.ets:263,@ohos/component/common.d.ts: CommonMethod.onClick(@ohos/component/common.d.ts: CommonMethod.%AM1(@ohos/component/common.d.ts: ClickEvent)),ButtonAttribute,,
%AC30$Index.build,Object,src/main/ets/pages/Index.ets,,,,build,entry\src\main\ets\pages\Index.ets:281,@entry/src/main/ets/pages/Index.ets: %AC30$Index.build,,,
%AC30$Index.build,Object,src/main/ets/pages/Index.ets,,,,build,entry\src\main\ets\pages\Index.ets:289,@entry/src/main/ets/pages/Index.ets: %AC30$Index.build,,,
%AC30$Index.build,Object,src/main/ets/pages/Index.ets,,,,constructor,entry\src\main\ets\pages\Index.ets:-1,@entry/src/main/ets/pages/Index.ets: %AC30$Index.build,,,
%115,Property,%unk,,,,build,entry\src\main\ets\pages\Index.ets:289,@%unk/%unk: .()#%115,,,
constructor,Method,src/main/ets/pages/Index.ets,%AC30$Index.build,,,build,entry\src\main\ets\pages\Index.ets:289,@entry/src/main/ets/pages/Index.ets: %AC30$Index.build.constructor(),%AC30$Index.build,,
constructor,Method,src/main/ets/pages/Index.ets,%AC30$Index.build,,,constructor,entry\src\main\ets\pages\Index.ets:-1,@entry/src/main/ets/pages/Index.ets: %AC30$Index.build.constructor(),,,
%AC31$Index.build,Object,src/main/ets/pages/Index.ets,,,,build,entry\src\main\ets\pages\Index.ets:281,@entry/src/main/ets/pages/Index.ets: %AC31$Index.build,,,
%AC31$Index.build,Object,src/main/ets/pages/Index.ets,,,,build,entry\src\main\ets\pages\Index.ets:286,@entry/src/main/ets/pages/Index.ets: %AC31$Index.build,,,
%AC31$Index.build,Object,src/main/ets/pages/Index.ets,,,,constructor,entry\src\main\ets\pages\Index.ets:-1,@entry/src/main/ets/pages/Index.ets: %AC31$Index.build,,,
%116,Property,%unk,,,,build,entry\src\main\ets\pages\Index.ets:286,@%unk/%unk: .()#%116,,,
constructor,Method,src/main/ets/pages/Index.ets,%AC31$Index.build,,,build,entry\src\main\ets\pages\Index.ets:286,@entry/src/main/ets/pages/Index.ets: %AC31$Index.build.constructor(),%AC31$Index.build,,
constructor,Method,src/main/ets/pages/Index.ets,%AC31$Index.build,,,constructor,entry\src\main\ets\pages\Index.ets:-1,@entry/src/main/ets/pages/Index.ets: %AC31$Index.build.constructor(),,,
%117,Property,%unk,,,,build,entry\src\main\ets\pages\Index.ets:282,@%unk/%unk: .()#%117,,,
%118,Property,%unk,,,,build,entry\src\main\ets\pages\Index.ets:281,@%unk/%unk: .()#%118,,,
%119,Property,%unk,,,,build,entry\src\main\ets\pages\Index.ets:281,@%unk/%unk: .()#%119,,,
%120,Property,%unk,,,,build,entry\src\main\ets\pages\Index.ets:281,@%unk/%unk: .()#%120,,,
%121,Property,%unk,,,,build,entry\src\main\ets\pages\Index.ets:281,@%unk/%unk: .()#%121,,,
%122,Property,%unk,,,,build,entry\src\main\ets\pages\Index.ets:281,@%unk/%unk: .()#%122,,,
%123,Property,%unk,,,,build,entry\src\main\ets\pages\Index.ets:281,@%unk/%unk: .()#%123,,,
%124,Property,%unk,,,,build,entry\src\main\ets\pages\Index.ets:281,@%unk/%unk: .()#%124,,,
%125,Property,%unk,,,,build,entry\src\main\ets\pages\Index.ets:281,@%unk/%unk: .()#%125,,,
%126,Property,%unk,,,,build,entry\src\main\ets\pages\Index.ets:281,@%unk/%unk: .()#%126,,,
%AM10$build,Property,%unk,,,,build,entry\src\main\ets\pages\Index.ets:290,@%unk/%unk: .()#%AM10$build,,,
%AC32$Index.build,Object,src/main/ets/pages/Index.ets,,,,build,entry\src\main\ets\pages\Index.ets:291,@entry/src/main/ets/pages/Index.ets: %AC32$Index.build,,,
%AC32$Index.build,Object,src/main/ets/pages/Index.ets,,,,build,entry\src\main\ets\pages\Index.ets:299,@entry/src/main/ets/pages/Index.ets: %AC32$Index.build,,,
%AC32$Index.build,Object,src/main/ets/pages/Index.ets,,,,constructor,entry\src\main\ets\pages\Index.ets:-1,@entry/src/main/ets/pages/Index.ets: %AC32$Index.build,,,
%127,Property,%unk,,,,build,entry\src\main\ets\pages\Index.ets:299,@%unk/%unk: .()#%127,,,
constructor,Method,src/main/ets/pages/Index.ets,%AC32$Index.build,,,build,entry\src\main\ets\pages\Index.ets:299,@entry/src/main/ets/pages/Index.ets: %AC32$Index.build.constructor(),%AC32$Index.build,,
constructor,Method,src/main/ets/pages/Index.ets,%AC32$Index.build,,,constructor,entry\src\main\ets\pages\Index.ets:-1,@entry/src/main/ets/pages/Index.ets: %AC32$Index.build.constructor(),,,
%AC33$Index.build,Object,src/main/ets/pages/Index.ets,,,,build,entry\src\main\ets\pages\Index.ets:291,@entry/src/main/ets/pages/Index.ets: %AC33$Index.build,,,
%AC33$Index.build,Object,src/main/ets/pages/Index.ets,,,,build,entry\src\main\ets\pages\Index.ets:296,@entry/src/main/ets/pages/Index.ets: %AC33$Index.build,,,
%AC33$Index.build,Object,src/main/ets/pages/Index.ets,,,,constructor,entry\src\main\ets\pages\Index.ets:-1,@entry/src/main/ets/pages/Index.ets: %AC33$Index.build,,,
%128,Property,%unk,,,,build,entry\src\main\ets\pages\Index.ets:296,@%unk/%unk: .()#%128,,,
constructor,Method,src/main/ets/pages/Index.ets,%AC33$Index.build,,,build,entry\src\main\ets\pages\Index.ets:296,@entry/src/main/ets/pages/Index.ets: %AC33$Index.build.constructor(),%AC33$Index.build,,
constructor,Method,src/main/ets/pages/Index.ets,%AC33$Index.build,,,constructor,entry\src\main\ets\pages\Index.ets:-1,@entry/src/main/ets/pages/Index.ets: %AC33$Index.build.constructor(),,,
%129,Property,%unk,,,,build,entry\src\main\ets\pages\Index.ets:292,@%unk/%unk: .()#%129,,,
%130,Property,%unk,,,,build,entry\src\main\ets\pages\Index.ets:291,@%unk/%unk: .()#%130,,,
%131,Property,%unk,,,,build,entry\src\main\ets\pages\Index.ets:291,@%unk/%unk: .()#%131,,,
%132,Property,%unk,,,,build,entry\src\main\ets\pages\Index.ets:291,@%unk/%unk: .()#%132,,,
%133,Property,%unk,,,,build,entry\src\main\ets\pages\Index.ets:291,@%unk/%unk: .()#%133,,,
%134,Property,%unk,,,,build,entry\src\main\ets\pages\Index.ets:291,@%unk/%unk: .()#%134,,,
%135,Property,%unk,,,,build,entry\src\main\ets\pages\Index.ets:291,@%unk/%unk: .()#%135,,,
%136,Property,%unk,,,,build,entry\src\main\ets\pages\Index.ets:291,@%unk/%unk: .()#%136,,,
%137,Property,%unk,,,,build,entry\src\main\ets\pages\Index.ets:291,@%unk/%unk: .()#%137,,,
%138,Property,%unk,,,,build,entry\src\main\ets\pages\Index.ets:291,@%unk/%unk: .()#%138,,,
%AM11$build,Property,%unk,,,,build,entry\src\main\ets\pages\Index.ets:300,@%unk/%unk: .()#%AM11$build,,,
%139,Property,%unk,,,,build,entry\src\main\ets\pages\Index.ets:270,@%unk/%unk: .()#%139,,,
%AC34$Index.build,Object,src/main/ets/pages/Index.ets,,,,build,entry\src\main\ets\pages\Index.ets:305,@entry/src/main/ets/pages/Index.ets: %AC34$Index.build,,,
%AC34$Index.build,Object,src/main/ets/pages/Index.ets,,,,build,entry\src\main\ets\pages\Index.ets:313,@entry/src/main/ets/pages/Index.ets: %AC34$Index.build,,,
%AC34$Index.build,Object,src/main/ets/pages/Index.ets,,,,constructor,entry\src\main\ets\pages\Index.ets:-1,@entry/src/main/ets/pages/Index.ets: %AC34$Index.build,,,
%140,Property,%unk,,,,build,entry\src\main\ets\pages\Index.ets:313,@%unk/%unk: .()#%140,,,
constructor,Method,src/main/ets/pages/Index.ets,%AC34$Index.build,,,build,entry\src\main\ets\pages\Index.ets:313,@entry/src/main/ets/pages/Index.ets: %AC34$Index.build.constructor(),%AC34$Index.build,,
constructor,Method,src/main/ets/pages/Index.ets,%AC34$Index.build,,,constructor,entry\src\main\ets\pages\Index.ets:-1,@entry/src/main/ets/pages/Index.ets: %AC34$Index.build.constructor(),,,
%141,Property,%unk,,,,build,entry\src\main\ets\pages\Index.ets:306,@%unk/%unk: .()#%141,,,
%142,Property,%unk,,,,build,entry\src\main\ets\pages\Index.ets:305,@%unk/%unk: .()#%142,,,
%143,Property,%unk,,,,build,entry\src\main\ets\pages\Index.ets:305,@%unk/%unk: .()#%143,,,
%144,Property,%unk,,,,build,entry\src\main\ets\pages\Index.ets:305,@%unk/%unk: .()#%144,,,
%145,Property,%unk,,,,build,entry\src\main\ets\pages\Index.ets:305,@%unk/%unk: .()#%145,,,
%146,Property,%unk,,,,build,entry\src\main\ets\pages\Index.ets:305,@%unk/%unk: .()#%146,,,
%147,Property,%unk,,,,build,entry\src\main\ets\pages\Index.ets:305,@%unk/%unk: .()#%147,,,
%148,Property,%unk,,,,build,entry\src\main\ets\pages\Index.ets:305,@%unk/%unk: .()#%148,,,
%AM12$build,Property,%unk,,,,build,entry\src\main\ets\pages\Index.ets:312,@%unk/%unk: .()#%AM12$build,,,
%149,Property,%unk,,,,build,entry\src\main\ets\pages\Index.ets:305,@%unk/%unk: .()#%149,,,
%AC35$Index.build,Object,src/main/ets/pages/Index.ets,,,,build,entry\src\main\ets\pages\Index.ets:316,@entry/src/main/ets/pages/Index.ets: %AC35$Index.build,,,
%AC35$Index.build,Object,src/main/ets/pages/Index.ets,,,,build,entry\src\main\ets\pages\Index.ets:321,@entry/src/main/ets/pages/Index.ets: %AC35$Index.build,,,
%AC35$Index.build,Object,src/main/ets/pages/Index.ets,,,,constructor,entry\src\main\ets\pages\Index.ets:-1,@entry/src/main/ets/pages/Index.ets: %AC35$Index.build,,,
%150,Property,%unk,,,,build,entry\src\main\ets\pages\Index.ets:321,@%unk/%unk: .()#%150,,,
constructor,Method,src/main/ets/pages/Index.ets,%AC35$Index.build,,,build,entry\src\main\ets\pages\Index.ets:321,@entry/src/main/ets/pages/Index.ets: %AC35$Index.build.constructor(),%AC35$Index.build,,
constructor,Method,src/main/ets/pages/Index.ets,%AC35$Index.build,,,constructor,entry\src\main\ets\pages\Index.ets:-1,@entry/src/main/ets/pages/Index.ets: %AC35$Index.build.constructor(),,,
%151,Property,%unk,,,,build,entry\src\main\ets\pages\Index.ets:318,@%unk/%unk: .()#%151,,,
%152,Property,%unk,,,,build,entry\src\main\ets\pages\Index.ets:316,@%unk/%unk: .()#%152,,,
%153,Property,%unk,,,,build,entry\src\main\ets\pages\Index.ets:316,@%unk/%unk: .()#%153,,,
%154,Property,%unk,,,,build,entry\src\main\ets\pages\Index.ets:316,@%unk/%unk: .()#%154,,,
%155,Property,%unk,,,,build,entry\src\main\ets\pages\Index.ets:316,@%unk/%unk: .()#%155,,,
%156,Property,%unk,,,,build,entry\src\main\ets\pages\Index.ets:316,@%unk/%unk: .()#%156,,,
Auto,EnumValue,component/enums.d.ts,BarState,,,build,entry\src\main\ets\pages\Index.ets:341,@ohos/component/enums.d.ts: BarState.Auto,,,
%157,Property,%unk,,,,build,entry\src\main\ets\pages\Index.ets:341,@%unk/%unk: .()#%157,,,
Spring,EnumValue,component/enums.d.ts,EdgeEffect,,,build,entry\src\main\ets\pages\Index.ets:340,@ohos/component/enums.d.ts: EdgeEffect.Spring,,,
%158,Property,%unk,,,,build,entry\src\main\ets\pages\Index.ets:340,@%unk/%unk: .()#%158,,,
%AC36$Index.build,Object,src/main/ets/pages/Index.ets,,,,build,entry\src\main\ets\pages\Index.ets:322,@entry/src/main/ets/pages/Index.ets: %AC36$Index.build,,,
%AC36$Index.build,Object,src/main/ets/pages/Index.ets,,,,build,entry\src\main\ets\pages\Index.ets:338,@entry/src/main/ets/pages/Index.ets: %AC36$Index.build,,,
%AC36$Index.build,Object,src/main/ets/pages/Index.ets,,,,constructor,entry\src\main\ets\pages\Index.ets:-1,@entry/src/main/ets/pages/Index.ets: %AC36$Index.build,,,
%159,Property,%unk,,,,build,entry\src\main\ets\pages\Index.ets:338,@%unk/%unk: .()#%159,,,
constructor,Method,src/main/ets/pages/Index.ets,%AC36$Index.build,,,build,entry\src\main\ets\pages\Index.ets:338,@entry/src/main/ets/pages/Index.ets: %AC36$Index.build.constructor(),%AC36$Index.build,,
constructor,Method,src/main/ets/pages/Index.ets,%AC36$Index.build,,,constructor,entry\src\main\ets\pages\Index.ets:-1,@entry/src/main/ets/pages/Index.ets: %AC36$Index.build.constructor(),,,
%160,Property,%unk,,,,build,entry\src\main\ets\pages\Index.ets:322,@%unk/%unk: .()#%160,,,
ScrollInterface,Interface,component/scroll.d.ts,,,,build,entry\src\main\ets\pages\Index.ets:322,@ohos/component/scroll.d.ts: ScrollInterface,,,
constructor,Method,component/scroll.d.ts,ScrollInterface,scroller:Scroller,Scroller,build,entry\src\main\ets\pages\Index.ets:322,@ohos/component/scroll.d.ts: ScrollInterface.create(@ohos/component/scroll.d.ts: Scroller),,,
Scroll,Property,component/scroll.d.ts,,,,build,entry\src\main\ets\pages\Index.ets:322,@ohos/component/scroll.d.ts: %dflt.%dflt()#Scroll,,,
ScrollAttribute,Class,component/scroll.d.ts,,,,build,entry\src\main\ets\pages\Index.ets:322,@ohos/component/scroll.d.ts: ScrollAttribute,,,
ScrollAttribute,Class,component/scroll.d.ts,,,,build,entry\src\main\ets\pages\Index.ets:340,@ohos/component/scroll.d.ts: ScrollAttribute,,,
ScrollAttribute,Class,component/scroll.d.ts,,,,build,entry\src\main\ets\pages\Index.ets:341,@ohos/component/scroll.d.ts: ScrollAttribute,,,
%161,Property,%unk,,,,build,entry\src\main\ets\pages\Index.ets:322,@%unk/%unk: .()#%161,,,
%162,Property,%unk,,,,build,entry\src\main\ets\pages\Index.ets:333,@%unk/%unk: .()#%162,,,
%163,Property,%unk,,,,build,entry\src\main\ets\pages\Index.ets:323,@%unk/%unk: .()#%163,,,
%164,Property,%unk,,,,build,entry\src\main\ets\pages\Index.ets:324,@%unk/%unk: .()#%164,,,
%AM13$build,Property,%unk,,,,build,entry\src\main\ets\pages\Index.ets:324,@%unk/%unk: .()#%AM13$build,,,
%AM14$build,Property,%unk,,,,build,entry\src\main\ets\pages\Index.ets:330,@%unk/%unk: .()#%AM14$build,,,
%165,Property,%unk,,,,build,entry\src\main\ets\pages\Index.ets:324,@%unk/%unk: .()#%165,,,
pop,Method,%unk,Column,,,build,entry\src\main\ets\pages\Index.ets:331,@%unk/%unk: Column.pop(),,,
pop,Method,%unk,Column,,,build,entry\src\main\ets\pages\Index.ets:342,@%unk/%unk: Column.pop(),,,
%166,Property,%unk,,,,build,entry\src\main\ets\pages\Index.ets:323,@%unk/%unk: .()#%166,,,
alignItems,Method,component/column.d.ts,ColumnAttribute,value:HorizontalAlign,Start:HorizontalAlign.Start,build,entry\src\main\ets\pages\Index.ets:333,@ohos/component/column.d.ts: ColumnAttribute.alignItems(@ohos/component/enums.d.ts: HorizontalAlign),ColumnAttribute,,
alignItems,Method,component/column.d.ts,ColumnAttribute,value:HorizontalAlign,Start:HorizontalAlign.Start,build,entry\src\main\ets\pages\Index.ets:347,@ohos/component/column.d.ts: ColumnAttribute.alignItems(@ohos/component/enums.d.ts: HorizontalAlign),ColumnAttribute,,
pop,Method,%unk,Scroll,,,build,entry\src\main\ets\pages\Index.ets:334,@%unk/%unk: Scroll.pop(),,,
%167,Property,%unk,,,,build,entry\src\main\ets\pages\Index.ets:322,@%unk/%unk: .()#%167,,,
%168,Property,%unk,,,,build,entry\src\main\ets\pages\Index.ets:322,@%unk/%unk: .()#%168,,,
%169,Property,%unk,,,,build,entry\src\main\ets\pages\Index.ets:322,@%unk/%unk: .()#%169,,,
%170,Property,%unk,,,,build,entry\src\main\ets\pages\Index.ets:322,@%unk/%unk: .()#%170,,,
%171,Property,%unk,,,,build,entry\src\main\ets\pages\Index.ets:322,@%unk/%unk: .()#%171,,,
edgeEffect,Method,component/scroll.d.ts,ScrollAttribute,edgeEffect:EdgeEffect#options:EdgeEffectOptions,Spring:EdgeEffect.Spring,build,entry\src\main\ets\pages\Index.ets:340,"@ohos/component/scroll.d.ts: ScrollAttribute.edgeEffect(@ohos/component/enums.d.ts: EdgeEffect, @ohos/component/common.d.ts: EdgeEffectOptions)",ScrollAttribute,,
%172,Property,%unk,,,,build,entry\src\main\ets\pages\Index.ets:322,@%unk/%unk: .()#%172,,,
scrollBar,Method,component/scroll.d.ts,ScrollAttribute,barState:BarState,Auto:BarState.Auto,build,entry\src\main\ets\pages\Index.ets:341,@ohos/component/scroll.d.ts: ScrollAttribute.scrollBar(@ohos/component/enums.d.ts: BarState),ScrollAttribute,,
%173,Property,%unk,,,,build,entry\src\main\ets\pages\Index.ets:115,@%unk/%unk: .()#%173,,,
%174,Property,%unk,,,,build,entry\src\main\ets\pages\Index.ets:115,@%unk/%unk: .()#%174,,,
%175,Property,%unk,,,,build,entry\src\main\ets\pages\Index.ets:115,@%unk/%unk: .()#%175,,,
%176,Property,%unk,,,,build,entry\src\main\ets\pages\Index.ets:115,@%unk/%unk: .()#%176,,,
onAvatarClick,Method,src/main/ets/pages/Index.ets,Index,,,onAvatarClick,entry\src\main\ets\pages\Index.ets:352,@entry/src/main/ets/pages/Index.ets: Index.onAvatarClick(),,,
onAvatarClick,Method,src/main/ets/pages/Index.ets,Index,,,%AM2$build,entry\src\main\ets\pages\Index.ets:146,@entry/src/main/ets/pages/Index.ets: Index.onAvatarClick(),Index,,
getStatus,Method,%unk,,,,onAvatarClick,entry\src\main\ets\pages\Index.ets:353,@%unk/%unk: .getStatus(),,,
cur,Property,%unk,,,,onAvatarClick,entry\src\main\ets\pages\Index.ets:353,@%unk/%unk: .()#cur,,,
cur,Property,%unk,,,,onAvatarClick,entry\src\main\ets\pages\Index.ets:354,@%unk/%unk: .()#cur,,,
nxt,Property,%unk,,,,onAvatarClick,entry\src\main\ets\pages\Index.ets:354,@%unk/%unk: .()#nxt,,,
nxt,Property,%unk,,,,onAvatarClick,entry\src\main\ets\pages\Index.ets:355,@%unk/%unk: .()#nxt,,,
setStatus,Method,%unk,,,,onAvatarClick,entry\src\main\ets\pages\Index.ets:355,@%unk/%unk: .setStatus(),,,
setStatus,Method,%unk,,,,onReset,entry\src\main\ets\pages\Index.ets:389,@%unk/%unk: .setStatus(),,,
setStatus,Method,%unk,,,,%AM9$build,entry\src\main\ets\pages\Index.ets:280,@%unk/%unk: .setStatus(),,,
setStatus,Method,%unk,,,,%AM10$build,entry\src\main\ets\pages\Index.ets:290,@%unk/%unk: .setStatus(),,,
setStatus,Method,%unk,,,,%AM11$build,entry\src\main\ets\pages\Index.ets:300,@%unk/%unk: .setStatus(),,,
onAvatarLongPress,Method,src/main/ets/pages/Index.ets,Index,,,onAvatarLongPress,entry\src\main\ets\pages\Index.ets:359,@entry/src/main/ets/pages/Index.ets: Index.onAvatarLongPress(),,,
onAvatarLongPress,Method,src/main/ets/pages/Index.ets,Index,,,%AM1$build,entry\src\main\ets\pages\Index.ets:149,@entry/src/main/ets/pages/Index.ets: Index.onAvatarLongPress(),Index,,
onColorPreset,Method,src/main/ets/pages/Index.ets,Index,preset:ColorPreset,,onColorPreset,entry\src\main\ets\pages\Index.ets:363,@entry/src/main/ets/pages/Index.ets: Index.onColorPreset(@entry/src/main/ets/pages/Index.ets: ColorPreset),,,
onColorPreset,Method,src/main/ets/pages/Index.ets,Index,preset:ColorPreset,ColorPreset,%AM4$%AM3$build,entry\src\main\ets\pages\Index.ets:183,@entry/src/main/ets/pages/Index.ets: Index.onColorPreset(@entry/src/main/ets/pages/Index.ets: ColorPreset),Index,,
preset,Property,%unk,,,,onColorPreset,entry\src\main\ets\pages\Index.ets:-1,@%unk/%unk: .()#preset,,,
preset,Property,%unk,,,,%AM4$%AM3$build,entry\src\main\ets\pages\Index.ets:183,@%unk/%unk: .()#preset,,,
preset,Property,%unk,,,,%AM8$%AM7$build,entry\src\main\ets\pages\Index.ets:263,@%unk/%unk: .()#preset,,,
setStartColor,Method,%unk,,,,onColorPreset,entry\src\main\ets\pages\Index.ets:364,@%unk/%unk: .setStartColor(),,,
setStartColor,Method,%unk,,,,onReset,entry\src\main\ets\pages\Index.ets:380,@%unk/%unk: .setStartColor(),,,
setEndColor,Method,%unk,,,,onColorPreset,entry\src\main\ets\pages\Index.ets:365,@%unk/%unk: .setEndColor(),,,
setEndColor,Method,%unk,,,,onReset,entry\src\main\ets\pages\Index.ets:381,@%unk/%unk: .setEndColor(),,,
onImagePreset,Method,src/main/ets/pages/Index.ets,Index,preset:ImagePreset,,onImagePreset,entry\src\main\ets\pages\Index.ets:369,@entry/src/main/ets/pages/Index.ets: Index.onImagePreset(@entry/src/main/ets/pages/Index.ets: ImagePreset),,,
onImagePreset,Method,src/main/ets/pages/Index.ets,Index,preset:ImagePreset,ImagePreset,%AM8$%AM7$build,entry\src\main\ets\pages\Index.ets:263,@entry/src/main/ets/pages/Index.ets: Index.onImagePreset(@entry/src/main/ets/pages/Index.ets: ImagePreset),Index,,
setImageSrc,Method,%unk,,,,onImagePreset,entry\src\main\ets\pages\Index.ets:375,@%unk/%unk: .setImageSrc(),,,
setImageSrc,Method,%unk,,,,onReset,entry\src\main\ets\pages\Index.ets:388,@%unk/%unk: .setImageSrc(),,,
onReset,Method,src/main/ets/pages/Index.ets,Index,,,onReset,entry\src\main\ets\pages\Index.ets:379,@entry/src/main/ets/pages/Index.ets: Index.onReset(),,,
onReset,Method,src/main/ets/pages/Index.ets,Index,,,%AM12$build,entry\src\main\ets\pages\Index.ets:312,@entry/src/main/ets/pages/Index.ets: Index.onReset(),Index,,
setCircleDuration,Method,%unk,,,,onReset,entry\src\main\ets\pages\Index.ets:384,@%unk/%unk: .setCircleDuration(),,,
setCircleDuration,Method,%unk,,,,%AM5$build,entry\src\main\ets\pages\Index.ets:212,@%unk/%unk: .setCircleDuration(),,,
setRotateDuration,Method,%unk,,,,onReset,entry\src\main\ets\pages\Index.ets:385,@%unk/%unk: .setRotateDuration(),,,
setRotateDuration,Method,%unk,,,,%AM6$build,entry\src\main\ets\pages\Index.ets:241,@%unk/%unk: .setRotateDuration(),,,
status,Property,%unk,,,,%AM0$aboutToAppear,entry\src\main\ets\pages\Index.ets:-1,@%unk/%unk: .()#status,,,
status,Property,%unk,,,,%AM0$aboutToAppear,entry\src\main\ets\pages\Index.ets:92,@%unk/%unk: .()#status,,,
event,Property,%unk,,,,%AM1$build,entry\src\main\ets\pages\Index.ets:-1,@%unk/%unk: .()#event,,,
%closures0,Property,%unk,,,,%AM4$%AM3$build,entry\src\main\ets\pages\Index.ets:-1,@%unk/%unk: .()#%closures0,,,
%AC21$Index.%AM3$build,Object,src/main/ets/pages/Index.ets,,,,%AM3$build,entry\src\main\ets\pages\Index.ets:176,@entry/src/main/ets/pages/Index.ets: %AC21$Index.%AM3$build,,,
%AC21$Index.%AM3$build,Object,src/main/ets/pages/Index.ets,,,,%AM3$build,entry\src\main\ets\pages\Index.ets:180,@entry/src/main/ets/pages/Index.ets: %AC21$Index.%AM3$build,,,
%AC21$Index.%AM3$build,Object,src/main/ets/pages/Index.ets,,,,constructor,entry\src\main\ets\pages\Index.ets:-1,@entry/src/main/ets/pages/Index.ets: %AC21$Index.%AM3$build,,,
constructor,Method,src/main/ets/pages/Index.ets,%AC21$Index.%AM3$build,,,%AM3$build,entry\src\main\ets\pages\Index.ets:180,@entry/src/main/ets/pages/Index.ets: %AC21$Index.%AM3$build.constructor(),%AC21$Index.%AM3$build,,
constructor,Method,src/main/ets/pages/Index.ets,%AC21$Index.%AM3$build,,,constructor,entry\src\main\ets\pages\Index.ets:-1,@entry/src/main/ets/pages/Index.ets: %AC21$Index.%AM3$build.constructor(),,,
%AM4$%AM3$build,Property,%unk,,,,%AM3$build,entry\src\main\ets\pages\Index.ets:183,@%unk/%unk: .()#%AM4$%AM3$build,,,
mode,Property,%unk,,,,%AM5$build,entry\src\main\ets\pages\Index.ets:-1,@%unk/%unk: .()#mode,,,
Moving,EnumValue,component/slider.d.ts,SliderChangeMode,,,%AM5$build,entry\src\main\ets\pages\Index.ets:208,@ohos/component/slider.d.ts: SliderChangeMode.Moving,,,
Moving,EnumValue,component/slider.d.ts,SliderChangeMode,,,%AM6$build,entry\src\main\ets\pages\Index.ets:237,@ohos/component/slider.d.ts: SliderChangeMode.Moving,,,
Click,EnumValue,component/slider.d.ts,SliderChangeMode,,,%AM5$build,entry\src\main\ets\pages\Index.ets:208,@ohos/component/slider.d.ts: SliderChangeMode.Click,,,
Click,EnumValue,component/slider.d.ts,SliderChangeMode,,,%AM6$build,entry\src\main\ets\pages\Index.ets:237,@ohos/component/slider.d.ts: SliderChangeMode.Click,,,
v,Constant,%unk,,,,%AM5$build,entry\src\main\ets\pages\Index.ets:209,@%unk/%unk: .()#v,,,
v,Constant,%unk,,,,%AM5$build,entry\src\main\ets\pages\Index.ets:212,@%unk/%unk: .()#v,,,
v,Constant,%unk,,,,%AM6$build,entry\src\main\ets\pages\Index.ets:238,@%unk/%unk: .()#v,,,
v,Constant,%unk,,,,%AM6$build,entry\src\main\ets\pages\Index.ets:241,@%unk/%unk: .()#v,,,
%closures1,Property,%unk,,,,%AM8$%AM7$build,entry\src\main\ets\pages\Index.ets:-1,@%unk/%unk: .()#%closures1,,,
%AC26$Index.%AM7$build,Object,src/main/ets/pages/Index.ets,,,,%AM7$build,entry\src\main\ets\pages\Index.ets:255,@entry/src/main/ets/pages/Index.ets: %AC26$Index.%AM7$build,,,
%AC26$Index.%AM7$build,Object,src/main/ets/pages/Index.ets,,,,%AM7$build,entry\src\main\ets\pages\Index.ets:260,@entry/src/main/ets/pages/Index.ets: %AC26$Index.%AM7$build,,,
%AC26$Index.%AM7$build,Object,src/main/ets/pages/Index.ets,,,,constructor,entry\src\main\ets\pages\Index.ets:-1,@entry/src/main/ets/pages/Index.ets: %AC26$Index.%AM7$build,,,
constructor,Method,src/main/ets/pages/Index.ets,%AC26$Index.%AM7$build,,,%AM7$build,entry\src\main\ets\pages\Index.ets:260,@entry/src/main/ets/pages/Index.ets: %AC26$Index.%AM7$build.constructor(),%AC26$Index.%AM7$build,,
constructor,Method,src/main/ets/pages/Index.ets,%AC26$Index.%AM7$build,,,constructor,entry\src\main\ets\pages\Index.ets:-1,@entry/src/main/ets/pages/Index.ets: %AC26$Index.%AM7$build.constructor(),,,
%AM8$%AM7$build,Property,%unk,,,,%AM7$build,entry\src\main\ets\pages\Index.ets:263,@%unk/%unk: .()#%AM8$%AM7$build,,,
%AC37$Index.%AM13$build,Object,src/main/ets/pages/Index.ets,,,,%AM13$build,entry\src\main\ets\pages\Index.ets:325,@entry/src/main/ets/pages/Index.ets: %AC37$Index.%AM13$build,,,
%AC37$Index.%AM13$build,Object,src/main/ets/pages/Index.ets,,,,%AM13$build,entry\src\main\ets\pages\Index.ets:329,@entry/src/main/ets/pages/Index.ets: %AC37$Index.%AM13$build,,,
%AC37$Index.%AM13$build,Object,src/main/ets/pages/Index.ets,,,,constructor,entry\src\main\ets\pages\Index.ets:-1,@entry/src/main/ets/pages/Index.ets: %AC37$Index.%AM13$build,,,
constructor,Method,src/main/ets/pages/Index.ets,%AC37$Index.%AM13$build,,,%AM13$build,entry\src\main\ets\pages\Index.ets:329,@entry/src/main/ets/pages/Index.ets: %AC37$Index.%AM13$build.constructor(),%AC37$Index.%AM13$build,,
constructor,Method,src/main/ets/pages/Index.ets,%AC37$Index.%AM13$build,,,constructor,entry\src\main\ets\pages\Index.ets:-1,@entry/src/main/ets/pages/Index.ets: %AC37$Index.%AM13$build.constructor(),,,
State,Property,component/common.d.ts,,,,currentStatus,entry\src\main\ets\pages\Index.ets:82,@ohos/component/common.d.ts: %dflt.%dflt()#State,,,
State,Property,component/common.d.ts,,,,currentImageSrc,entry\src\main\ets\pages\Index.ets:83,@ohos/component/common.d.ts: %dflt.%dflt()#State,,,
State,Property,component/common.d.ts,,,,currentImageName,entry\src\main\ets\pages\Index.ets:84,@ohos/component/common.d.ts: %dflt.%dflt()#State,,,
State,Property,component/common.d.ts,,,,circleDuration,entry\src\main\ets\pages\Index.ets:85,@ohos/component/common.d.ts: %dflt.%dflt()#State,,,
State,Property,component/common.d.ts,,,,rotateDuration,entry\src\main\ets\pages\Index.ets:86,@ohos/component/common.d.ts: %dflt.%dflt()#State,,,
State,Property,component/common.d.ts,,,,logs,entry\src\main\ets\pages\Index.ets:87,@ohos/component/common.d.ts: %dflt.%dflt()#State,,,
name,Property,src/main/ets/pages/Index.ets,%AC1$%dflt.%dflt,,,%instInit,entry\src\main\ets\pages\Index.ets:-1,@entry/src/main/ets/pages/Index.ets: %AC1$%dflt.%dflt.name,,,
name,Property,src/main/ets/pages/Index.ets,%AC1$%dflt.%dflt,,,name,entry\src\main\ets\pages\Index.ets:38,@entry/src/main/ets/pages/Index.ets: %AC1$%dflt.%dflt.name,,,
start,Property,src/main/ets/pages/Index.ets,%AC1$%dflt.%dflt,,,%instInit,entry\src\main\ets\pages\Index.ets:-1,@entry/src/main/ets/pages/Index.ets: %AC1$%dflt.%dflt.start,,,
start,Property,src/main/ets/pages/Index.ets,%AC1$%dflt.%dflt,,,start,entry\src\main\ets\pages\Index.ets:38,@entry/src/main/ets/pages/Index.ets: %AC1$%dflt.%dflt.start,,,
end,Property,src/main/ets/pages/Index.ets,%AC1$%dflt.%dflt,,,%instInit,entry\src\main\ets\pages\Index.ets:-1,@entry/src/main/ets/pages/Index.ets: %AC1$%dflt.%dflt.end,,,
end,Property,src/main/ets/pages/Index.ets,%AC1$%dflt.%dflt,,,end,entry\src\main\ets\pages\Index.ets:38,@entry/src/main/ets/pages/Index.ets: %AC1$%dflt.%dflt.end,,,
name,Property,src/main/ets/pages/Index.ets,%AC2$%dflt.%dflt,,,%instInit,entry\src\main\ets\pages\Index.ets:-1,@entry/src/main/ets/pages/Index.ets: %AC2$%dflt.%dflt.name,,,
name,Property,src/main/ets/pages/Index.ets,%AC2$%dflt.%dflt,,,name,entry\src\main\ets\pages\Index.ets:39,@entry/src/main/ets/pages/Index.ets: %AC2$%dflt.%dflt.name,,,
start,Property,src/main/ets/pages/Index.ets,%AC2$%dflt.%dflt,,,%instInit,entry\src\main\ets\pages\Index.ets:-1,@entry/src/main/ets/pages/Index.ets: %AC2$%dflt.%dflt.start,,,
start,Property,src/main/ets/pages/Index.ets,%AC2$%dflt.%dflt,,,start,entry\src\main\ets\pages\Index.ets:39,@entry/src/main/ets/pages/Index.ets: %AC2$%dflt.%dflt.start,,,
end,Property,src/main/ets/pages/Index.ets,%AC2$%dflt.%dflt,,,%instInit,entry\src\main\ets\pages\Index.ets:-1,@entry/src/main/ets/pages/Index.ets: %AC2$%dflt.%dflt.end,,,
end,Property,src/main/ets/pages/Index.ets,%AC2$%dflt.%dflt,,,end,entry\src\main\ets\pages\Index.ets:39,@entry/src/main/ets/pages/Index.ets: %AC2$%dflt.%dflt.end,,,
name,Property,src/main/ets/pages/Index.ets,%AC3$%dflt.%dflt,,,%instInit,entry\src\main\ets\pages\Index.ets:-1,@entry/src/main/ets/pages/Index.ets: %AC3$%dflt.%dflt.name,,,
name,Property,src/main/ets/pages/Index.ets,%AC3$%dflt.%dflt,,,name,entry\src\main\ets\pages\Index.ets:40,@entry/src/main/ets/pages/Index.ets: %AC3$%dflt.%dflt.name,,,
start,Property,src/main/ets/pages/Index.ets,%AC3$%dflt.%dflt,,,%instInit,entry\src\main\ets\pages\Index.ets:-1,@entry/src/main/ets/pages/Index.ets: %AC3$%dflt.%dflt.start,,,
start,Property,src/main/ets/pages/Index.ets,%AC3$%dflt.%dflt,,,start,entry\src\main\ets\pages\Index.ets:40,@entry/src/main/ets/pages/Index.ets: %AC3$%dflt.%dflt.start,,,
end,Property,src/main/ets/pages/Index.ets,%AC3$%dflt.%dflt,,,%instInit,entry\src\main\ets\pages\Index.ets:-1,@entry/src/main/ets/pages/Index.ets: %AC3$%dflt.%dflt.end,,,
end,Property,src/main/ets/pages/Index.ets,%AC3$%dflt.%dflt,,,end,entry\src\main\ets\pages\Index.ets:40,@entry/src/main/ets/pages/Index.ets: %AC3$%dflt.%dflt.end,,,
name,Property,src/main/ets/pages/Index.ets,%AC4$%dflt.%dflt,,,%instInit,entry\src\main\ets\pages\Index.ets:-1,@entry/src/main/ets/pages/Index.ets: %AC4$%dflt.%dflt.name,,,
name,Property,src/main/ets/pages/Index.ets,%AC4$%dflt.%dflt,,,name,entry\src\main\ets\pages\Index.ets:41,@entry/src/main/ets/pages/Index.ets: %AC4$%dflt.%dflt.name,,,
start,Property,src/main/ets/pages/Index.ets,%AC4$%dflt.%dflt,,,%instInit,entry\src\main\ets\pages\Index.ets:-1,@entry/src/main/ets/pages/Index.ets: %AC4$%dflt.%dflt.start,,,
start,Property,src/main/ets/pages/Index.ets,%AC4$%dflt.%dflt,,,start,entry\src\main\ets\pages\Index.ets:41,@entry/src/main/ets/pages/Index.ets: %AC4$%dflt.%dflt.start,,,
end,Property,src/main/ets/pages/Index.ets,%AC4$%dflt.%dflt,,,%instInit,entry\src\main\ets\pages\Index.ets:-1,@entry/src/main/ets/pages/Index.ets: %AC4$%dflt.%dflt.end,,,
end,Property,src/main/ets/pages/Index.ets,%AC4$%dflt.%dflt,,,end,entry\src\main\ets\pages\Index.ets:41,@entry/src/main/ets/pages/Index.ets: %AC4$%dflt.%dflt.end,,,
name,Property,src/main/ets/pages/Index.ets,%AC5$%dflt.%dflt,,,%instInit,entry\src\main\ets\pages\Index.ets:-1,@entry/src/main/ets/pages/Index.ets: %AC5$%dflt.%dflt.name,,,
name,Property,src/main/ets/pages/Index.ets,%AC5$%dflt.%dflt,,,name,entry\src\main\ets\pages\Index.ets:45,@entry/src/main/ets/pages/Index.ets: %AC5$%dflt.%dflt.name,,,
src,Property,src/main/ets/pages/Index.ets,%AC5$%dflt.%dflt,,,%instInit,entry\src\main\ets\pages\Index.ets:-1,@entry/src/main/ets/pages/Index.ets: %AC5$%dflt.%dflt.src,,,
src,Property,src/main/ets/pages/Index.ets,%AC5$%dflt.%dflt,,,src,entry\src\main\ets\pages\Index.ets:45,@entry/src/main/ets/pages/Index.ets: %AC5$%dflt.%dflt.src,,,
name,Property,src/main/ets/pages/Index.ets,%AC6$%dflt.%dflt,,,%instInit,entry\src\main\ets\pages\Index.ets:-1,@entry/src/main/ets/pages/Index.ets: %AC6$%dflt.%dflt.name,,,
name,Property,src/main/ets/pages/Index.ets,%AC6$%dflt.%dflt,,,name,entry\src\main\ets\pages\Index.ets:46,@entry/src/main/ets/pages/Index.ets: %AC6$%dflt.%dflt.name,,,
src,Property,src/main/ets/pages/Index.ets,%AC6$%dflt.%dflt,,,%instInit,entry\src\main\ets\pages\Index.ets:-1,@entry/src/main/ets/pages/Index.ets: %AC6$%dflt.%dflt.src,,,
src,Property,src/main/ets/pages/Index.ets,%AC6$%dflt.%dflt,,,src,entry\src\main\ets\pages\Index.ets:46,@entry/src/main/ets/pages/Index.ets: %AC6$%dflt.%dflt.src,,,
name,Property,src/main/ets/pages/Index.ets,%AC7$%dflt.%dflt,,,%instInit,entry\src\main\ets\pages\Index.ets:-1,@entry/src/main/ets/pages/Index.ets: %AC7$%dflt.%dflt.name,,,
name,Property,src/main/ets/pages/Index.ets,%AC7$%dflt.%dflt,,,name,entry\src\main\ets\pages\Index.ets:47,@entry/src/main/ets/pages/Index.ets: %AC7$%dflt.%dflt.name,,,
src,Property,src/main/ets/pages/Index.ets,%AC7$%dflt.%dflt,,,%instInit,entry\src\main\ets\pages\Index.ets:-1,@entry/src/main/ets/pages/Index.ets: %AC7$%dflt.%dflt.src,,,
src,Property,src/main/ets/pages/Index.ets,%AC7$%dflt.%dflt,,,src,entry\src\main\ets\pages\Index.ets:47,@entry/src/main/ets/pages/Index.ets: %AC7$%dflt.%dflt.src,,,
id,Property,src/main/ets/pages/Index.ets,%AC8$Index.appendLog,,,%instInit,entry\src\main\ets\pages\Index.ets:-1,@entry/src/main/ets/pages/Index.ets: %AC8$Index.appendLog.id,,,
id,Property,src/main/ets/pages/Index.ets,%AC8$Index.appendLog,,,id,entry\src\main\ets\pages\Index.ets:99,@entry/src/main/ets/pages/Index.ets: %AC8$Index.appendLog.id,,,
text,Property,src/main/ets/pages/Index.ets,%AC8$Index.appendLog,,,%instInit,entry\src\main\ets\pages\Index.ets:-1,@entry/src/main/ets/pages/Index.ets: %AC8$Index.appendLog.text,,,
text,Property,src/main/ets/pages/Index.ets,%AC8$Index.appendLog,,,text,entry\src\main\ets\pages\Index.ets:100,@entry/src/main/ets/pages/Index.ets: %AC8$Index.appendLog.text,,,
time,Property,src/main/ets/pages/Index.ets,%AC8$Index.appendLog,,,%instInit,entry\src\main\ets\pages\Index.ets:-1,@entry/src/main/ets/pages/Index.ets: %AC8$Index.appendLog.time,,,
time,Property,src/main/ets/pages/Index.ets,%AC8$Index.appendLog,,,time,entry\src\main\ets\pages\Index.ets:101,@entry/src/main/ets/pages/Index.ets: %AC8$Index.appendLog.time,,,
Resource,TypeAlias,component/units.d.ts,,,,%instInit,entry\src\main\ets\pages\Index.ets:-1,@ohos/component/units.d.ts: %dflt.%dflt()#Resource,,,
Resource,TypeAlias,component/units.d.ts,,,,%instInit,entry\src\main\ets\pages\Index.ets:110,@ohos/component/units.d.ts: %dflt.%dflt()#Resource,,,
message,Property,api/@ohos.promptAction.d.ts,promptAction#ShowToastOptions,,,%instInit,entry\src\main\ets\pages\Index.ets:-1,@ohos/api/@ohos.promptAction.d.ts: promptAction.ShowToastOptions.message,,,
message,Property,api/@ohos.promptAction.d.ts,promptAction#ShowToastOptions,,,message,entry\src\main\ets\pages\Index.ets:110,@ohos/api/@ohos.promptAction.d.ts: promptAction.ShowToastOptions.message,,,
duration,Property,api/@ohos.promptAction.d.ts,promptAction#ShowToastOptions,,,%instInit,entry\src\main\ets\pages\Index.ets:-1,@ohos/api/@ohos.promptAction.d.ts: promptAction.ShowToastOptions.duration,,,
duration,Property,api/@ohos.promptAction.d.ts,promptAction#ShowToastOptions,,,duration,entry\src\main\ets\pages\Index.ets:110,@ohos/api/@ohos.promptAction.d.ts: promptAction.ShowToastOptions.duration,,,
bottom,Property,api/@ohos.promptAction.d.ts,promptAction#ShowToastOptions,,,%instInit,entry\src\main\ets\pages\Index.ets:-1,@ohos/api/@ohos.promptAction.d.ts: promptAction.ShowToastOptions.bottom,,,
bottom,Property,api/@ohos.promptAction.d.ts,promptAction#ShowToastOptions,,,bottom,entry\src\main\ets\pages\Index.ets:110,@ohos/api/@ohos.promptAction.d.ts: promptAction.ShowToastOptions.bottom,,,
Length,TypeAlias,component/units.d.ts,,,,%instInit,entry\src\main\ets\pages\Index.ets:-1,@ohos/component/units.d.ts: %dflt.%dflt()#Length,,,
Length,TypeAlias,component/units.d.ts,,,,%instInit,entry\src\main\ets\pages\Index.ets:346,@ohos/component/units.d.ts: %dflt.%dflt()#Length,,,
Length,TypeAlias,component/units.d.ts,,,,%instInit,entry\src\main\ets\pages\Index.ets:180,@ohos/component/units.d.ts: %dflt.%dflt()#Length,,,
Length,TypeAlias,component/units.d.ts,,,,%instInit,entry\src\main\ets\pages\Index.ets:260,@ohos/component/units.d.ts: %dflt.%dflt()#Length,,,
Length,TypeAlias,component/units.d.ts,,,,%instInit,entry\src\main\ets\pages\Index.ets:279,@ohos/component/units.d.ts: %dflt.%dflt()#Length,,,
Length,TypeAlias,component/units.d.ts,,,,%instInit,entry\src\main\ets\pages\Index.ets:276,@ohos/component/units.d.ts: %dflt.%dflt()#Length,,,
Length,TypeAlias,component/units.d.ts,,,,%instInit,entry\src\main\ets\pages\Index.ets:289,@ohos/component/units.d.ts: %dflt.%dflt()#Length,,,
Length,TypeAlias,component/units.d.ts,,,,%instInit,entry\src\main\ets\pages\Index.ets:286,@ohos/component/units.d.ts: %dflt.%dflt()#Length,,,
Length,TypeAlias,component/units.d.ts,,,,%instInit,entry\src\main\ets\pages\Index.ets:299,@ohos/component/units.d.ts: %dflt.%dflt()#Length,,,
Length,TypeAlias,component/units.d.ts,,,,%instInit,entry\src\main\ets\pages\Index.ets:296,@ohos/component/units.d.ts: %dflt.%dflt()#Length,,,
Length,TypeAlias,component/units.d.ts,,,,%instInit,entry\src\main\ets\pages\Index.ets:338,@ohos/component/units.d.ts: %dflt.%dflt()#Length,,,
Length,TypeAlias,component/units.d.ts,,,,%instInit,entry\src\main\ets\pages\Index.ets:329,@ohos/component/units.d.ts: %dflt.%dflt()#Length,,,
left,Property,component/units.d.ts,%AC0,,,%instInit,entry\src\main\ets\pages\Index.ets:-1,@ohos/component/units.d.ts: %AC0.left,,,
left,Property,component/units.d.ts,%AC0,,,left,entry\src\main\ets\pages\Index.ets:346,@ohos/component/units.d.ts: %AC0.left,,,
left,Property,component/units.d.ts,%AC0,,,left,entry\src\main\ets\pages\Index.ets:260,@ohos/component/units.d.ts: %AC0.left,,,
left,Property,component/units.d.ts,%AC0,,,left,entry\src\main\ets\pages\Index.ets:276,@ohos/component/units.d.ts: %AC0.left,,,
left,Property,component/units.d.ts,%AC0,,,left,entry\src\main\ets\pages\Index.ets:286,@ohos/component/units.d.ts: %AC0.left,,,
left,Property,component/units.d.ts,%AC0,,,left,entry\src\main\ets\pages\Index.ets:296,@ohos/component/units.d.ts: %AC0.left,,,
left,Property,component/units.d.ts,%AC0,,,left,entry\src\main\ets\pages\Index.ets:329,@ohos/component/units.d.ts: %AC0.left,,,
right,Property,component/units.d.ts,%AC0,,,%instInit,entry\src\main\ets\pages\Index.ets:-1,@ohos/component/units.d.ts: %AC0.right,,,
right,Property,component/units.d.ts,%AC0,,,right,entry\src\main\ets\pages\Index.ets:346,@ohos/component/units.d.ts: %AC0.right,,,
right,Property,component/units.d.ts,%AC0,,,right,entry\src\main\ets\pages\Index.ets:180,@ohos/component/units.d.ts: %AC0.right,,,
right,Property,component/units.d.ts,%AC0,,,right,entry\src\main\ets\pages\Index.ets:260,@ohos/component/units.d.ts: %AC0.right,,,
right,Property,component/units.d.ts,%AC0,,,right,entry\src\main\ets\pages\Index.ets:276,@ohos/component/units.d.ts: %AC0.right,,,
right,Property,component/units.d.ts,%AC0,,,right,entry\src\main\ets\pages\Index.ets:286,@ohos/component/units.d.ts: %AC0.right,,,
right,Property,component/units.d.ts,%AC0,,,right,entry\src\main\ets\pages\Index.ets:296,@ohos/component/units.d.ts: %AC0.right,,,
right,Property,component/units.d.ts,%AC0,,,right,entry\src\main\ets\pages\Index.ets:329,@ohos/component/units.d.ts: %AC0.right,,,
LengthMetrics,TypeAlias,component/units.d.ts,,,,%instInit,entry\src\main\ets\pages\Index.ets:-1,@ohos/component/units.d.ts: %dflt.%dflt()#LengthMetrics,,,
LengthMetrics,TypeAlias,component/units.d.ts,,,,%instInit,entry\src\main\ets\pages\Index.ets:346,@ohos/component/units.d.ts: %dflt.%dflt()#LengthMetrics,,,
LengthMetrics,TypeAlias,component/units.d.ts,,,,%instInit,entry\src\main\ets\pages\Index.ets:123,@ohos/component/units.d.ts: %dflt.%dflt()#LengthMetrics,,,
LengthMetrics,TypeAlias,component/units.d.ts,,,,%instInit,entry\src\main\ets\pages\Index.ets:130,@ohos/component/units.d.ts: %dflt.%dflt()#LengthMetrics,,,
LengthMetrics,TypeAlias,component/units.d.ts,,,,%instInit,entry\src\main\ets\pages\Index.ets:161,@ohos/component/units.d.ts: %dflt.%dflt()#LengthMetrics,,,
LengthMetrics,TypeAlias,component/units.d.ts,,,,%instInit,entry\src\main\ets\pages\Index.ets:166,@ohos/component/units.d.ts: %dflt.%dflt()#LengthMetrics,,,
LengthMetrics,TypeAlias,component/units.d.ts,,,,%instInit,entry\src\main\ets\pages\Index.ets:173,@ohos/component/units.d.ts: %dflt.%dflt()#LengthMetrics,,,
LengthMetrics,TypeAlias,component/units.d.ts,,,,%instInit,entry\src\main\ets\pages\Index.ets:187,@ohos/component/units.d.ts: %dflt.%dflt()#LengthMetrics,,,
LengthMetrics,TypeAlias,component/units.d.ts,,,,%instInit,entry\src\main\ets\pages\Index.ets:180,@ohos/component/units.d.ts: %dflt.%dflt()#LengthMetrics,,,
LengthMetrics,TypeAlias,component/units.d.ts,,,,%instInit,entry\src\main\ets\pages\Index.ets:252,@ohos/component/units.d.ts: %dflt.%dflt()#LengthMetrics,,,
LengthMetrics,TypeAlias,component/units.d.ts,,,,%instInit,entry\src\main\ets\pages\Index.ets:267,@ohos/component/units.d.ts: %dflt.%dflt()#LengthMetrics,,,
LengthMetrics,TypeAlias,component/units.d.ts,,,,%instInit,entry\src\main\ets\pages\Index.ets:303,@ohos/component/units.d.ts: %dflt.%dflt()#LengthMetrics,,,
LengthMetrics,TypeAlias,component/units.d.ts,,,,%instInit,entry\src\main\ets\pages\Index.ets:313,@ohos/component/units.d.ts: %dflt.%dflt()#LengthMetrics,,,
LengthMetrics,TypeAlias,component/units.d.ts,,,,%instInit,entry\src\main\ets\pages\Index.ets:321,@ohos/component/units.d.ts: %dflt.%dflt()#LengthMetrics,,,
LengthMetrics,TypeAlias,component/units.d.ts,,,,%instInit,entry\src\main\ets\pages\Index.ets:329,@ohos/component/units.d.ts: %dflt.%dflt()#LengthMetrics,,,
bottom,Property,component/units.d.ts,LocalizedPadding,,,%instInit,entry\src\main\ets\pages\Index.ets:-1,@ohos/component/units.d.ts: LocalizedPadding.bottom,,,
bottom,Property,component/units.d.ts,LocalizedPadding,,,bottom,entry\src\main\ets\pages\Index.ets:346,@ohos/component/units.d.ts: LocalizedPadding.bottom,,,
bottom,Property,component/units.d.ts,LocalizedPadding,,,bottom,entry\src\main\ets\pages\Index.ets:123,@ohos/component/units.d.ts: LocalizedPadding.bottom,,,
bottom,Property,component/units.d.ts,LocalizedPadding,,,bottom,entry\src\main\ets\pages\Index.ets:130,@ohos/component/units.d.ts: LocalizedPadding.bottom,,,
bottom,Property,component/units.d.ts,LocalizedPadding,,,bottom,entry\src\main\ets\pages\Index.ets:161,@ohos/component/units.d.ts: LocalizedPadding.bottom,,,
bottom,Property,component/units.d.ts,LocalizedPadding,,,bottom,entry\src\main\ets\pages\Index.ets:166,@ohos/component/units.d.ts: LocalizedPadding.bottom,,,
bottom,Property,component/units.d.ts,LocalizedPadding,,,bottom,entry\src\main\ets\pages\Index.ets:173,@ohos/component/units.d.ts: LocalizedPadding.bottom,,,
bottom,Property,component/units.d.ts,LocalizedPadding,,,bottom,entry\src\main\ets\pages\Index.ets:187,@ohos/component/units.d.ts: LocalizedPadding.bottom,,,
bottom,Property,component/units.d.ts,LocalizedPadding,,,bottom,entry\src\main\ets\pages\Index.ets:180,@ohos/component/units.d.ts: LocalizedPadding.bottom,,,
bottom,Property,component/units.d.ts,LocalizedPadding,,,bottom,entry\src\main\ets\pages\Index.ets:252,@ohos/component/units.d.ts: LocalizedPadding.bottom,,,
bottom,Property,component/units.d.ts,LocalizedPadding,,,bottom,entry\src\main\ets\pages\Index.ets:267,@ohos/component/units.d.ts: LocalizedPadding.bottom,,,
bottom,Property,component/units.d.ts,LocalizedPadding,,,bottom,entry\src\main\ets\pages\Index.ets:303,@ohos/component/units.d.ts: LocalizedPadding.bottom,,,
bottom,Property,component/units.d.ts,LocalizedPadding,,,bottom,entry\src\main\ets\pages\Index.ets:313,@ohos/component/units.d.ts: LocalizedPadding.bottom,,,
bottom,Property,component/units.d.ts,LocalizedPadding,,,bottom,entry\src\main\ets\pages\Index.ets:321,@ohos/component/units.d.ts: LocalizedPadding.bottom,,,
bottom,Property,component/units.d.ts,LocalizedPadding,,,bottom,entry\src\main\ets\pages\Index.ets:329,@ohos/component/units.d.ts: LocalizedPadding.bottom,,,
top,Property,component/units.d.ts,LocalizedPadding,,,%instInit,entry\src\main\ets\pages\Index.ets:-1,@ohos/component/units.d.ts: LocalizedPadding.top,,,
top,Property,component/units.d.ts,LocalizedPadding,,,top,entry\src\main\ets\pages\Index.ets:123,@ohos/component/units.d.ts: LocalizedPadding.top,,,
top,Property,component/units.d.ts,LocalizedPadding,,,top,entry\src\main\ets\pages\Index.ets:161,@ohos/component/units.d.ts: LocalizedPadding.top,,,
top,Property,component/units.d.ts,LocalizedPadding,,,top,entry\src\main\ets\pages\Index.ets:252,@ohos/component/units.d.ts: LocalizedPadding.top,,,
top,Property,component/units.d.ts,LocalizedPadding,,,top,entry\src\main\ets\pages\Index.ets:329,@ohos/component/units.d.ts: LocalizedPadding.top,,,
Alignment,Enum,component/enums.d.ts,,,,%instInit,entry\src\main\ets\pages\Index.ets:-1,@ohos/component/enums.d.ts: Alignment,,,
Alignment,Enum,component/enums.d.ts,,,,%instInit,entry\src\main\ets\pages\Index.ets:133,@ohos/component/enums.d.ts: Alignment,,,
alignContent,Property,component/stack.d.ts,StackOptions,,,%instInit,entry\src\main\ets\pages\Index.ets:-1,@ohos/component/stack.d.ts: StackOptions.alignContent,,,
alignContent,Property,component/stack.d.ts,StackOptions,,,alignContent,entry\src\main\ets\pages\Index.ets:133,@ohos/component/stack.d.ts: StackOptions.alignContent,,,
repeat,Property,component/gesture.d.ts,%AC0,,,%instInit,entry\src\main\ets\pages\Index.ets:-1,@ohos/component/gesture.d.ts: %AC0.repeat,,,
repeat,Property,component/gesture.d.ts,%AC0,,,repeat,entry\src\main\ets\pages\Index.ets:148,@ohos/component/gesture.d.ts: %AC0.repeat,,,
fingers,Property,component/gesture.d.ts,%AC0,,,%instInit,entry\src\main\ets\pages\Index.ets:-1,@ohos/component/gesture.d.ts: %AC0.fingers,,,
fingers,Property,component/gesture.d.ts,%AC0,,,fingers,entry\src\main\ets\pages\Index.ets:148,@ohos/component/gesture.d.ts: %AC0.fingers,,,
duration,Property,component/gesture.d.ts,%AC0,,,%instInit,entry\src\main\ets\pages\Index.ets:-1,@ohos/component/gesture.d.ts: %AC0.duration,,,
duration,Property,component/gesture.d.ts,%AC0,,,duration,entry\src\main\ets\pages\Index.ets:148,@ohos/component/gesture.d.ts: %AC0.duration,,,
imageSrc,Property,src/main/ets/pages/Index.ets,%AC15$Index.build,,,%instInit,entry\src\main\ets\pages\Index.ets:-1,@entry/src/main/ets/pages/Index.ets: %AC15$Index.build.imageSrc,,,
imageSrc,Property,src/main/ets/pages/Index.ets,%AC15$Index.build,,,imageSrc,entry\src\main\ets\pages\Index.ets:135,@entry/src/main/ets/pages/Index.ets: %AC15$Index.build.imageSrc,,,
status,Property,src/main/ets/pages/Index.ets,%AC15$Index.build,,,%instInit,entry\src\main\ets\pages\Index.ets:-1,@entry/src/main/ets/pages/Index.ets: %AC15$Index.build.status,,,
status,Property,src/main/ets/pages/Index.ets,%AC15$Index.build,,,status,entry\src\main\ets\pages\Index.ets:136,@entry/src/main/ets/pages/Index.ets: %AC15$Index.build.status,,,
startColor,Property,src/main/ets/pages/Index.ets,%AC15$Index.build,,,%instInit,entry\src\main\ets\pages\Index.ets:-1,@entry/src/main/ets/pages/Index.ets: %AC15$Index.build.startColor,,,
startColor,Property,src/main/ets/pages/Index.ets,%AC15$Index.build,,,startColor,entry\src\main\ets\pages\Index.ets:137,@entry/src/main/ets/pages/Index.ets: %AC15$Index.build.startColor,,,
endColor,Property,src/main/ets/pages/Index.ets,%AC15$Index.build,,,%instInit,entry\src\main\ets\pages\Index.ets:-1,@entry/src/main/ets/pages/Index.ets: %AC15$Index.build.endColor,,,
endColor,Property,src/main/ets/pages/Index.ets,%AC15$Index.build,,,endColor,entry\src\main\ets\pages\Index.ets:138,@entry/src/main/ets/pages/Index.ets: %AC15$Index.build.endColor,,,
circleDuration,Property,src/main/ets/pages/Index.ets,%AC15$Index.build,,,%instInit,entry\src\main\ets\pages\Index.ets:-1,@entry/src/main/ets/pages/Index.ets: %AC15$Index.build.circleDuration,,,
circleDuration,Property,src/main/ets/pages/Index.ets,%AC15$Index.build,,,circleDuration,entry\src\main\ets\pages\Index.ets:139,@entry/src/main/ets/pages/Index.ets: %AC15$Index.build.circleDuration,,,
rotateDuration,Property,src/main/ets/pages/Index.ets,%AC15$Index.build,,,%instInit,entry\src\main\ets\pages\Index.ets:-1,@entry/src/main/ets/pages/Index.ets: %AC15$Index.build.rotateDuration,,,
rotateDuration,Property,src/main/ets/pages/Index.ets,%AC15$Index.build,,,rotateDuration,entry\src\main\ets\pages\Index.ets:140,@entry/src/main/ets/pages/Index.ets: %AC15$Index.build.rotateDuration,,,
sideLength,Property,src/main/ets/pages/Index.ets,%AC15$Index.build,,,%instInit,entry\src\main\ets\pages\Index.ets:-1,@entry/src/main/ets/pages/Index.ets: %AC15$Index.build.sideLength,,,
sideLength,Property,src/main/ets/pages/Index.ets,%AC15$Index.build,,,sideLength,entry\src\main\ets\pages\Index.ets:141,@entry/src/main/ets/pages/Index.ets: %AC15$Index.build.sideLength,,,
controller,Property,src/main/ets/pages/Index.ets,%AC15$Index.build,,,%instInit,entry\src\main\ets\pages\Index.ets:-1,@entry/src/main/ets/pages/Index.ets: %AC15$Index.build.controller,,,
controller,Property,src/main/ets/pages/Index.ets,%AC15$Index.build,,,controller,entry\src\main\ets\pages\Index.ets:142,@entry/src/main/ets/pages/Index.ets: %AC15$Index.build.controller,,,
Wrap,EnumValue,component/enums.d.ts,FlexWrap,,,%instInit,entry\src\main\ets\pages\Index.ets:174,@ohos/component/enums.d.ts: FlexWrap.Wrap,,,
FlexWrap,Enum,component/enums.d.ts,,,,%instInit,entry\src\main\ets\pages\Index.ets:-1,@ohos/component/enums.d.ts: FlexWrap,,,
FlexWrap,Enum,component/enums.d.ts,,,,%instInit,entry\src\main\ets\pages\Index.ets:174,@ohos/component/enums.d.ts: FlexWrap,,,
wrap,Property,component/flex.d.ts,FlexOptions,,,%instInit,entry\src\main\ets\pages\Index.ets:-1,@ohos/component/flex.d.ts: FlexOptions.wrap,,,
wrap,Property,component/flex.d.ts,FlexOptions,,,wrap,entry\src\main\ets\pages\Index.ets:174,@ohos/component/flex.d.ts: FlexOptions.wrap,,,
Start,EnumValue,component/enums.d.ts,FlexAlign,,,%instInit,entry\src\main\ets\pages\Index.ets:174,@ohos/component/enums.d.ts: FlexAlign.Start,,,
FlexAlign,Enum,component/enums.d.ts,,,,%instInit,entry\src\main\ets\pages\Index.ets:-1,@ohos/component/enums.d.ts: FlexAlign,,,
FlexAlign,Enum,component/enums.d.ts,,,,%instInit,entry\src\main\ets\pages\Index.ets:174,@ohos/component/enums.d.ts: FlexAlign,,,
justifyContent,Property,component/flex.d.ts,FlexOptions,,,%instInit,entry\src\main\ets\pages\Index.ets:-1,@ohos/component/flex.d.ts: FlexOptions.justifyContent,,,
justifyContent,Property,component/flex.d.ts,FlexOptions,,,justifyContent,entry\src\main\ets\pages\Index.ets:174,@ohos/component/flex.d.ts: FlexOptions.justifyContent,,,
value,Property,component/slider.d.ts,SliderOptions,,,%instInit,entry\src\main\ets\pages\Index.ets:-1,@ohos/component/slider.d.ts: SliderOptions.value,,,
value,Property,component/slider.d.ts,SliderOptions,,,value,entry\src\main\ets\pages\Index.ets:202,@ohos/component/slider.d.ts: SliderOptions.value,,,
value,Property,component/slider.d.ts,SliderOptions,,,value,entry\src\main\ets\pages\Index.ets:231,@ohos/component/slider.d.ts: SliderOptions.value,,,
min,Property,component/slider.d.ts,SliderOptions,,,%instInit,entry\src\main\ets\pages\Index.ets:-1,@ohos/component/slider.d.ts: SliderOptions.min,,,
min,Property,component/slider.d.ts,SliderOptions,,,min,entry\src\main\ets\pages\Index.ets:202,@ohos/component/slider.d.ts: SliderOptions.min,,,
min,Property,component/slider.d.ts,SliderOptions,,,min,entry\src\main\ets\pages\Index.ets:231,@ohos/component/slider.d.ts: SliderOptions.min,,,
max,Property,component/slider.d.ts,SliderOptions,,,%instInit,entry\src\main\ets\pages\Index.ets:-1,@ohos/component/slider.d.ts: SliderOptions.max,,,
max,Property,component/slider.d.ts,SliderOptions,,,max,entry\src\main\ets\pages\Index.ets:202,@ohos/component/slider.d.ts: SliderOptions.max,,,
max,Property,component/slider.d.ts,SliderOptions,,,max,entry\src\main\ets\pages\Index.ets:231,@ohos/component/slider.d.ts: SliderOptions.max,,,
step,Property,component/slider.d.ts,SliderOptions,,,%instInit,entry\src\main\ets\pages\Index.ets:-1,@ohos/component/slider.d.ts: SliderOptions.step,,,
step,Property,component/slider.d.ts,SliderOptions,,,step,entry\src\main\ets\pages\Index.ets:202,@ohos/component/slider.d.ts: SliderOptions.step,,,
step,Property,component/slider.d.ts,SliderOptions,,,step,entry\src\main\ets\pages\Index.ets:231,@ohos/component/slider.d.ts: SliderOptions.step,,,
InSet,EnumValue,component/slider.d.ts,SliderStyle,,,%instInit,entry\src\main\ets\pages\Index.ets:202,@ohos/component/slider.d.ts: SliderStyle.InSet,,,
InSet,EnumValue,component/slider.d.ts,SliderStyle,,,%instInit,entry\src\main\ets\pages\Index.ets:231,@ohos/component/slider.d.ts: SliderStyle.InSet,,,
SliderStyle,Enum,component/slider.d.ts,,,,%instInit,entry\src\main\ets\pages\Index.ets:-1,@ohos/component/slider.d.ts: SliderStyle,,,
SliderStyle,Enum,component/slider.d.ts,,,,%instInit,entry\src\main\ets\pages\Index.ets:202,@ohos/component/slider.d.ts: SliderStyle,,,
SliderStyle,Enum,component/slider.d.ts,,,,%instInit,entry\src\main\ets\pages\Index.ets:231,@ohos/component/slider.d.ts: SliderStyle,,,
style,Property,component/slider.d.ts,SliderOptions,,,%instInit,entry\src\main\ets\pages\Index.ets:-1,@ohos/component/slider.d.ts: SliderOptions.style,,,
style,Property,component/slider.d.ts,SliderOptions,,,style,entry\src\main\ets\pages\Index.ets:202,@ohos/component/slider.d.ts: SliderOptions.style,,,
style,Property,component/slider.d.ts,SliderOptions,,,style,entry\src\main\ets\pages\Index.ets:231,@ohos/component/slider.d.ts: SliderOptions.style,,,
EdgeWidths,TypeAlias,component/units.d.ts,,,,%instInit,entry\src\main\ets\pages\Index.ets:-1,@ohos/component/units.d.ts: %dflt.%dflt()#EdgeWidths,,,
EdgeWidths,TypeAlias,component/units.d.ts,,,,%instInit,entry\src\main\ets\pages\Index.ets:279,@ohos/component/units.d.ts: %dflt.%dflt()#EdgeWidths,,,
EdgeWidths,TypeAlias,component/units.d.ts,,,,%instInit,entry\src\main\ets\pages\Index.ets:289,@ohos/component/units.d.ts: %dflt.%dflt()#EdgeWidths,,,
EdgeWidths,TypeAlias,component/units.d.ts,,,,%instInit,entry\src\main\ets\pages\Index.ets:299,@ohos/component/units.d.ts: %dflt.%dflt()#EdgeWidths,,,
EdgeWidths,TypeAlias,component/units.d.ts,,,,%instInit,entry\src\main\ets\pages\Index.ets:338,@ohos/component/units.d.ts: %dflt.%dflt()#EdgeWidths,,,
LocalizedEdgeWidths,Interface,component/units.d.ts,,,,%instInit,entry\src\main\ets\pages\Index.ets:-1,@ohos/component/units.d.ts: LocalizedEdgeWidths,,,
LocalizedEdgeWidths,Interface,component/units.d.ts,,,,%instInit,entry\src\main\ets\pages\Index.ets:279,@ohos/component/units.d.ts: LocalizedEdgeWidths,,,
LocalizedEdgeWidths,Interface,component/units.d.ts,,,,%instInit,entry\src\main\ets\pages\Index.ets:289,@ohos/component/units.d.ts: LocalizedEdgeWidths,,,
LocalizedEdgeWidths,Interface,component/units.d.ts,,,,%instInit,entry\src\main\ets\pages\Index.ets:299,@ohos/component/units.d.ts: LocalizedEdgeWidths,,,
LocalizedEdgeWidths,Interface,component/units.d.ts,,,,%instInit,entry\src\main\ets\pages\Index.ets:338,@ohos/component/units.d.ts: LocalizedEdgeWidths,,,
width,Property,component/units.d.ts,BorderOptions,,,%instInit,entry\src\main\ets\pages\Index.ets:-1,@ohos/component/units.d.ts: BorderOptions.width,,,
width,Property,component/units.d.ts,BorderOptions,,,width,entry\src\main\ets\pages\Index.ets:279,@ohos/component/units.d.ts: BorderOptions.width,,,
width,Property,component/units.d.ts,BorderOptions,,,width,entry\src\main\ets\pages\Index.ets:289,@ohos/component/units.d.ts: BorderOptions.width,,,
width,Property,component/units.d.ts,BorderOptions,,,width,entry\src\main\ets\pages\Index.ets:299,@ohos/component/units.d.ts: BorderOptions.width,,,
width,Property,component/units.d.ts,BorderOptions,,,width,entry\src\main\ets\pages\Index.ets:338,@ohos/component/units.d.ts: BorderOptions.width,,,
EdgeColors,TypeAlias,component/units.d.ts,,,,%instInit,entry\src\main\ets\pages\Index.ets:-1,@ohos/component/units.d.ts: %dflt.%dflt()#EdgeColors,,,
EdgeColors,TypeAlias,component/units.d.ts,,,,%instInit,entry\src\main\ets\pages\Index.ets:279,@ohos/component/units.d.ts: %dflt.%dflt()#EdgeColors,,,
EdgeColors,TypeAlias,component/units.d.ts,,,,%instInit,entry\src\main\ets\pages\Index.ets:289,@ohos/component/units.d.ts: %dflt.%dflt()#EdgeColors,,,
EdgeColors,TypeAlias,component/units.d.ts,,,,%instInit,entry\src\main\ets\pages\Index.ets:299,@ohos/component/units.d.ts: %dflt.%dflt()#EdgeColors,,,
EdgeColors,TypeAlias,component/units.d.ts,,,,%instInit,entry\src\main\ets\pages\Index.ets:338,@ohos/component/units.d.ts: %dflt.%dflt()#EdgeColors,,,
ResourceColor,TypeAlias,component/units.d.ts,,,,%instInit,entry\src\main\ets\pages\Index.ets:-1,@ohos/component/units.d.ts: %dflt.%dflt()#ResourceColor,,,
ResourceColor,TypeAlias,component/units.d.ts,,,,%instInit,entry\src\main\ets\pages\Index.ets:279,@ohos/component/units.d.ts: %dflt.%dflt()#ResourceColor,,,
ResourceColor,TypeAlias,component/units.d.ts,,,,%instInit,entry\src\main\ets\pages\Index.ets:289,@ohos/component/units.d.ts: %dflt.%dflt()#ResourceColor,,,
ResourceColor,TypeAlias,component/units.d.ts,,,,%instInit,entry\src\main\ets\pages\Index.ets:299,@ohos/component/units.d.ts: %dflt.%dflt()#ResourceColor,,,
ResourceColor,TypeAlias,component/units.d.ts,,,,%instInit,entry\src\main\ets\pages\Index.ets:338,@ohos/component/units.d.ts: %dflt.%dflt()#ResourceColor,,,
LocalizedEdgeColors,Interface,component/units.d.ts,,,,%instInit,entry\src\main\ets\pages\Index.ets:-1,@ohos/component/units.d.ts: LocalizedEdgeColors,,,
LocalizedEdgeColors,Interface,component/units.d.ts,,,,%instInit,entry\src\main\ets\pages\Index.ets:279,@ohos/component/units.d.ts: LocalizedEdgeColors,,,
LocalizedEdgeColors,Interface,component/units.d.ts,,,,%instInit,entry\src\main\ets\pages\Index.ets:289,@ohos/component/units.d.ts: LocalizedEdgeColors,,,
LocalizedEdgeColors,Interface,component/units.d.ts,,,,%instInit,entry\src\main\ets\pages\Index.ets:299,@ohos/component/units.d.ts: LocalizedEdgeColors,,,
LocalizedEdgeColors,Interface,component/units.d.ts,,,,%instInit,entry\src\main\ets\pages\Index.ets:338,@ohos/component/units.d.ts: LocalizedEdgeColors,,,
color,Property,component/units.d.ts,BorderOptions,,,%instInit,entry\src\main\ets\pages\Index.ets:-1,@ohos/component/units.d.ts: BorderOptions.color,,,
color,Property,component/units.d.ts,BorderOptions,,,color,entry\src\main\ets\pages\Index.ets:279,@ohos/component/units.d.ts: BorderOptions.color,,,
color,Property,component/units.d.ts,BorderOptions,,,color,entry\src\main\ets\pages\Index.ets:289,@ohos/component/units.d.ts: BorderOptions.color,,,
color,Property,component/units.d.ts,BorderOptions,,,color,entry\src\main\ets\pages\Index.ets:299,@ohos/component/units.d.ts: BorderOptions.color,,,
color,Property,component/units.d.ts,BorderOptions,,,color,entry\src\main\ets\pages\Index.ets:338,@ohos/component/units.d.ts: BorderOptions.color,,,
BorderRadiuses,TypeAlias,component/units.d.ts,,,,%instInit,entry\src\main\ets\pages\Index.ets:-1,@ohos/component/units.d.ts: %dflt.%dflt()#BorderRadiuses,,,
BorderRadiuses,TypeAlias,component/units.d.ts,,,,%instInit,entry\src\main\ets\pages\Index.ets:338,@ohos/component/units.d.ts: %dflt.%dflt()#BorderRadiuses,,,
LocalizedBorderRadiuses,Interface,component/units.d.ts,,,,%instInit,entry\src\main\ets\pages\Index.ets:-1,@ohos/component/units.d.ts: LocalizedBorderRadiuses,,,
LocalizedBorderRadiuses,Interface,component/units.d.ts,,,,%instInit,entry\src\main\ets\pages\Index.ets:338,@ohos/component/units.d.ts: LocalizedBorderRadiuses,,,
radius,Property,component/units.d.ts,BorderOptions,,,%instInit,entry\src\main\ets\pages\Index.ets:-1,@ohos/component/units.d.ts: BorderOptions.radius,,,
radius,Property,component/units.d.ts,BorderOptions,,,radius,entry\src\main\ets\pages\Index.ets:338,@ohos/component/units.d.ts: BorderOptions.radius,,,
abilityTest,Method,src/ohosTest/ets/test/Ability.test.ets,,,,abilityTest,entry\src\ohosTest\ets\test\Ability.test.ets:4,@entry/src/ohosTest/ets/test/Ability.test.ets: %dflt.abilityTest(),,,
abilityTest,Method,src/ohosTest/ets/test/Ability.test.ets,,,,testsuite,entry\src\ohosTest\ets\test\List.test.ets:4,@entry/src/ohosTest/ets/test/Ability.test.ets: %dflt.abilityTest(),,,
%AM0$abilityTest,Property,%unk,,,,abilityTest,entry\src\ohosTest\ets\test\Ability.test.ets:5,@%unk/%unk: .()#%AM0$abilityTest,,,
describe,Method,%unk,,,,abilityTest,entry\src\ohosTest\ets\test\Ability.test.ets:5,@%unk/%unk: .describe(),,,
describe,Method,%unk,,,,localUnitTest,entry\src\test\LocalUnit.test.ets:4,@%unk/%unk: .describe(),,,
a,Constant,%unk,,,,%AM5$%AM0$abilityTest,entry\src\ohosTest\ets\test\Ability.test.ets:28,@%unk/%unk: .()#a,,,
a,Constant,%unk,,,,%AM5$%AM0$abilityTest,entry\src\ohosTest\ets\test\Ability.test.ets:31,@%unk/%unk: .()#a,,,
a,Constant,%unk,,,,%AM5$%AM0$abilityTest,entry\src\ohosTest\ets\test\Ability.test.ets:32,@%unk/%unk: .()#a,,,
a,Constant,%unk,,,,%AM5$%AM0$localUnitTest,entry\src\test\LocalUnit.test.ets:26,@%unk/%unk: .()#a,,,
a,Constant,%unk,,,,%AM5$%AM0$localUnitTest,entry\src\test\LocalUnit.test.ets:29,@%unk/%unk: .()#a,,,
a,Constant,%unk,,,,%AM5$%AM0$localUnitTest,entry\src\test\LocalUnit.test.ets:30,@%unk/%unk: .()#a,,,
b,Constant,%unk,,,,%AM5$%AM0$abilityTest,entry\src\ohosTest\ets\test\Ability.test.ets:29,@%unk/%unk: .()#b,,,
b,Constant,%unk,,,,%AM5$%AM0$abilityTest,entry\src\ohosTest\ets\test\Ability.test.ets:31,@%unk/%unk: .()#b,,,
b,Constant,%unk,,,,%AM5$%AM0$localUnitTest,entry\src\test\LocalUnit.test.ets:27,@%unk/%unk: .()#b,,,
b,Constant,%unk,,,,%AM5$%AM0$localUnitTest,entry\src\test\LocalUnit.test.ets:29,@%unk/%unk: .()#b,,,
expect,Method,%unk,,,,%AM5$%AM0$abilityTest,entry\src\ohosTest\ets\test\Ability.test.ets:31,@%unk/%unk: .expect(),,,
expect,Method,%unk,,,,%AM5$%AM0$abilityTest,entry\src\ohosTest\ets\test\Ability.test.ets:32,@%unk/%unk: .expect(),,,
expect,Method,%unk,,,,%AM5$%AM0$localUnitTest,entry\src\test\LocalUnit.test.ets:29,@%unk/%unk: .expect(),,,
expect,Method,%unk,,,,%AM5$%AM0$localUnitTest,entry\src\test\LocalUnit.test.ets:30,@%unk/%unk: .expect(),,,
assertContain,Method,%unk,,,,%AM5$%AM0$abilityTest,entry\src\ohosTest\ets\test\Ability.test.ets:31,@%unk/%unk: .assertContain(),,,
assertContain,Method,%unk,,,,%AM5$%AM0$localUnitTest,entry\src\test\LocalUnit.test.ets:29,@%unk/%unk: .assertContain(),,,
assertEqual,Method,%unk,,,,%AM5$%AM0$abilityTest,entry\src\ohosTest\ets\test\Ability.test.ets:32,@%unk/%unk: .assertEqual(),,,
assertEqual,Method,%unk,,,,%AM5$%AM0$localUnitTest,entry\src\test\LocalUnit.test.ets:30,@%unk/%unk: .assertEqual(),,,
%AM1$%AM0$abilityTest,Property,%unk,,,,%AM0$abilityTest,entry\src\ohosTest\ets\test\Ability.test.ets:7,@%unk/%unk: .()#%AM1$%AM0$abilityTest,,,
beforeAll,Method,%unk,,,,%AM0$abilityTest,entry\src\ohosTest\ets\test\Ability.test.ets:7,@%unk/%unk: .beforeAll(),,,
beforeAll,Method,%unk,,,,%AM0$localUnitTest,entry\src\test\LocalUnit.test.ets:6,@%unk/%unk: .beforeAll(),,,
%AM2$%AM0$abilityTest,Property,%unk,,,,%AM0$abilityTest,entry\src\ohosTest\ets\test\Ability.test.ets:11,@%unk/%unk: .()#%AM2$%AM0$abilityTest,,,
beforeEach,Method,%unk,,,,%AM0$abilityTest,entry\src\ohosTest\ets\test\Ability.test.ets:11,@%unk/%unk: .beforeEach(),,,
beforeEach,Method,%unk,,,,%AM0$localUnitTest,entry\src\test\LocalUnit.test.ets:10,@%unk/%unk: .beforeEach(),,,
%AM3$%AM0$abilityTest,Property,%unk,,,,%AM0$abilityTest,entry\src\ohosTest\ets\test\Ability.test.ets:16,@%unk/%unk: .()#%AM3$%AM0$abilityTest,,,
afterEach,Method,%unk,,,,%AM0$abilityTest,entry\src\ohosTest\ets\test\Ability.test.ets:16,@%unk/%unk: .afterEach(),,,
afterEach,Method,%unk,,,,%AM0$localUnitTest,entry\src\test\LocalUnit.test.ets:15,@%unk/%unk: .afterEach(),,,
%AM4$%AM0$abilityTest,Property,%unk,,,,%AM0$abilityTest,entry\src\ohosTest\ets\test\Ability.test.ets:21,@%unk/%unk: .()#%AM4$%AM0$abilityTest,,,
afterAll,Method,%unk,,,,%AM0$abilityTest,entry\src\ohosTest\ets\test\Ability.test.ets:21,@%unk/%unk: .afterAll(),,,
afterAll,Method,%unk,,,,%AM0$localUnitTest,entry\src\test\LocalUnit.test.ets:20,@%unk/%unk: .afterAll(),,,
%AM5$%AM0$abilityTest,Property,%unk,,,,%AM0$abilityTest,entry\src\ohosTest\ets\test\Ability.test.ets:25,@%unk/%unk: .()#%AM5$%AM0$abilityTest,,,
it,Method,%unk,,,,%AM0$abilityTest,entry\src\ohosTest\ets\test\Ability.test.ets:25,@%unk/%unk: .it(),,,
it,Method,%unk,,,,%AM0$localUnitTest,entry\src\test\LocalUnit.test.ets:24,@%unk/%unk: .it(),,,
testsuite,Method,src/ohosTest/ets/test/List.test.ets,,,,testsuite,entry\src\ohosTest\ets\test\List.test.ets:3,@entry/src/ohosTest/ets/test/List.test.ets: %dflt.testsuite(),,,
testsuite,Method,src/test/List.test.ets,,,,testsuite,entry\src\test\List.test.ets:3,@entry/src/test/List.test.ets: %dflt.testsuite(),,,
localUnitTest,Method,src/test/LocalUnit.test.ets,,,,testsuite,entry\src\test\List.test.ets:4,@entry/src/test/LocalUnit.test.ets: %dflt.localUnitTest(),,,
localUnitTest,Method,src/test/LocalUnit.test.ets,,,,localUnitTest,entry\src\test\LocalUnit.test.ets:3,@entry/src/test/LocalUnit.test.ets: %dflt.localUnitTest(),,,
%AM0$localUnitTest,Property,%unk,,,,localUnitTest,entry\src\test\LocalUnit.test.ets:4,@%unk/%unk: .()#%AM0$localUnitTest,,,
%AM1$%AM0$localUnitTest,Property,%unk,,,,%AM0$localUnitTest,entry\src\test\LocalUnit.test.ets:6,@%unk/%unk: .()#%AM1$%AM0$localUnitTest,,,
%AM2$%AM0$localUnitTest,Property,%unk,,,,%AM0$localUnitTest,entry\src\test\LocalUnit.test.ets:10,@%unk/%unk: .()#%AM2$%AM0$localUnitTest,,,
%AM3$%AM0$localUnitTest,Property,%unk,,,,%AM0$localUnitTest,entry\src\test\LocalUnit.test.ets:15,@%unk/%unk: .()#%AM3$%AM0$localUnitTest,,,
%AM4$%AM0$localUnitTest,Property,%unk,,,,%AM0$localUnitTest,entry\src\test\LocalUnit.test.ets:20,@%unk/%unk: .()#%AM4$%AM0$localUnitTest,,,
%AM5$%AM0$localUnitTest,Property,%unk,,,,%AM0$localUnitTest,entry\src\test\LocalUnit.test.ets:24,@%unk/%unk: .()#%AM5$%AM0$localUnitTest,,,
