Api Name,Api Type,Api File Path,Api Prefix,Api Params,API Args,Invoke Method,Invoke Location,Api Key,Invoke Instance,ChangeId,MethodDefinition
"MODE_AUTO = -1","API废弃版本变更","harmonyos_api_changes/HarmonyOS_6.0.0(20)_Beta1.json","MODE_AUTO","","import { AbilityConstant, ConfigurationConstant, UIAbility, Want } from '@kit.AbilityKit';","ArkTS","entry\src\main\ets\entryability\EntryAbility.ets:1","MODE_AUTO = -1@entry\src\main\ets\entryability\EntryAbility.ets:1","","6.0.0(20)","MODE_AUTO = -1"
"MODE_AUTO = -1","API废弃版本变更","harmonyos_api_changes/HarmonyOS_6.0.0(20)_Beta1.json","MODE_AUTO","","this.context.getApplicationContext().setColorMode(ConfigurationConstant.ColorMode.COLOR_MODE_NOT_SET);","ArkTS","entry\src\main\ets\entryability\EntryAbility.ets:10","MODE_AUTO = -1@entry\src\main\ets\entryability\EntryAbility.ets:10","this","6.0.0(20)","MODE_AUTO = -1"
"MODE_DARK = 0","API废弃版本变更","harmonyos_api_changes/HarmonyOS_6.0.0(20)_Beta1.json","MODE_DARK","","import { AbilityConstant, ConfigurationConstant, UIAbility, Want } from '@kit.AbilityKit';","ArkTS","entry\src\main\ets\entryability\EntryAbility.ets:1","MODE_DARK = 0@entry\src\main\ets\entryability\EntryAbility.ets:1","","6.0.0(20)","MODE_DARK = 0"
"MODE_DARK = 0","API废弃版本变更","harmonyos_api_changes/HarmonyOS_6.0.0(20)_Beta1.json","MODE_DARK","","this.context.getApplicationContext().setColorMode(ConfigurationConstant.ColorMode.COLOR_MODE_NOT_SET);","ArkTS","entry\src\main\ets\entryability\EntryAbility.ets:10","MODE_DARK = 0@entry\src\main\ets\entryability\EntryAbility.ets:10","this","6.0.0(20)","MODE_DARK = 0"
"MODE_LIGHT = 1","API废弃版本变更","harmonyos_api_changes/HarmonyOS_6.0.0(20)_Beta1.json","MODE_LIGHT","","import { AbilityConstant, ConfigurationConstant, UIAbility, Want } from '@kit.AbilityKit';","ArkTS","entry\src\main\ets\entryability\EntryAbility.ets:1","MODE_LIGHT = 1@entry\src\main\ets\entryability\EntryAbility.ets:1","","6.0.0(20)","MODE_LIGHT = 1"
"MODE_LIGHT = 1","API废弃版本变更","harmonyos_api_changes/HarmonyOS_6.0.0(20)_Beta1.json","MODE_LIGHT","","this.context.getApplicationContext().setColorMode(ConfigurationConstant.ColorMode.COLOR_MODE_NOT_SET);","ArkTS","entry\src\main\ets\entryability\EntryAbility.ets:10","MODE_LIGHT = 1@entry\src\main\ets\entryability\EntryAbility.ets:10","this","6.0.0(20)","MODE_LIGHT = 1"
"\[index: number\]: T","删除错误码","harmonyos_api_changes/HarmonyOS_26.0.0_Beta1.json","","","this.tags = Array.from(set);","ArkTS","entry\src\main\ets\pages\Index.ets:69","\[index: number\]: T@entry\src\main\ets\pages\Index.ets:69","this","26.0.0 Beta2","\[index: number\]: T"
"backgroundColor(color: Optional<ResourceColor>): ArcDotIndicator","新增API","harmonyos_api_changes/HarmonyOS_5.1.0(18).json","backgroundColor","",".backgroundColor($r('app.color.divider_gray'))","ArkTS","entry\src\main\ets\pages\EditSimplePage.ets:128","backgroundColor(color: Optional<ResourceColor>): ArcDotIndicator@entry\src\main\ets\pages\EditSimplePage.ets:128","","5.1.0(18)","backgroundColor(color: Optional<ResourceColor>): ArcDotIndicator"
"backgroundColor(color: Optional<ResourceColor>): ArcDotIndicator","新增API","harmonyos_api_changes/HarmonyOS_5.1.0(18).json","backgroundColor","",".backgroundColor($r('app.color.page_background'))","ArkTS","entry\src\main\ets\pages\EditSimplePage.ets:165","backgroundColor(color: Optional<ResourceColor>): ArcDotIndicator@entry\src\main\ets\pages\EditSimplePage.ets:165","","5.1.0(18)","backgroundColor(color: Optional<ResourceColor>): ArcDotIndicator"
"backgroundColor(color: Optional<ResourceColor>): ArcDotIndicator","新增API","harmonyos_api_changes/HarmonyOS_5.1.0(18).json","backgroundColor","",".backgroundColor($r('app.color.tag_background'))","ArkTS","entry\src\main\ets\pages\EditSimplePage.ets:67","backgroundColor(color: Optional<ResourceColor>): ArcDotIndicator@entry\src\main\ets\pages\EditSimplePage.ets:67","","5.1.0(18)","backgroundColor(color: Optional<ResourceColor>): ArcDotIndicator"
"backgroundColor(color: Optional<ResourceColor>): ArcDotIndicator","新增API","harmonyos_api_changes/HarmonyOS_5.1.0(18).json","backgroundColor","",".backgroundColor($r('app.color.divider_gray'))","ArkTS","entry\src\main\ets\pages\Index.ets:138","backgroundColor(color: Optional<ResourceColor>): ArcDotIndicator@entry\src\main\ets\pages\Index.ets:138","","5.1.0(18)","backgroundColor(color: Optional<ResourceColor>): ArcDotIndicator"
"backgroundColor(color: Optional<ResourceColor>): ArcDotIndicator","新增API","harmonyos_api_changes/HarmonyOS_5.1.0(18).json","backgroundColor","",".backgroundColor($r('app.color.page_background'))","ArkTS","entry\src\main\ets\pages\Index.ets:177","backgroundColor(color: Optional<ResourceColor>): ArcDotIndicator@entry\src\main\ets\pages\Index.ets:177","","5.1.0(18)","backgroundColor(color: Optional<ResourceColor>): ArcDotIndicator"
"backgroundColor(color: Optional<ResourceColor>): ArcDotIndicator","新增API","harmonyos_api_changes/HarmonyOS_5.1.0(18).json","backgroundColor","",".backgroundColor($r('app.color.tag_background'))","ArkTS","entry\src\main\ets\pages\Index.ets:79","backgroundColor(color: Optional<ResourceColor>): ArcDotIndicator@entry\src\main\ets\pages\Index.ets:79","","5.1.0(18)","backgroundColor(color: Optional<ResourceColor>): ArcDotIndicator"
"backgroundColor(color: Optional<ResourceColor>): ArcDotIndicator","新增API","harmonyos_api_changes/HarmonyOS_5.1.0(18).json","backgroundColor","",".backgroundColor($r('app.color.divider_gray'))","ArkTS","entry\src\main\ets\pages\SelectSimplePage.ets:105","backgroundColor(color: Optional<ResourceColor>): ArcDotIndicator@entry\src\main\ets\pages\SelectSimplePage.ets:105","","5.1.0(18)","backgroundColor(color: Optional<ResourceColor>): ArcDotIndicator"
"backgroundColor(color: Optional<ResourceColor>): ArcDotIndicator","新增API","harmonyos_api_changes/HarmonyOS_5.1.0(18).json","backgroundColor","",".backgroundColor($r('app.color.page_background'))","ArkTS","entry\src\main\ets\pages\SelectSimplePage.ets:116","backgroundColor(color: Optional<ResourceColor>): ArcDotIndicator@entry\src\main\ets\pages\SelectSimplePage.ets:116","","5.1.0(18)","backgroundColor(color: Optional<ResourceColor>): ArcDotIndicator"
"backgroundColor(color: Optional<ResourceColor>): ArcDotIndicator","新增API","harmonyos_api_changes/HarmonyOS_5.1.0(18).json","backgroundColor","",".backgroundColor((view as InterestTagItemView).isSelected","ArkTS","entry\src\main\ets\pages\SelectSimplePage.ets:36","backgroundColor(color: Optional<ResourceColor>): ArcDotIndicator@entry\src\main\ets\pages\SelectSimplePage.ets:36","","5.1.0(18)","backgroundColor(color: Optional<ResourceColor>): ArcDotIndicator"
"backgroundColor(color: Optional<ResourceColor>): T","类新增同名方法且参数类型与已有的参数类型范围是包含关系","harmonyos_api_changes/HarmonyOS_6.0.0(20)_Beta2.json","backgroundColor","",".backgroundColor($r('app.color.divider_gray'))","ArkTS","entry\src\main\ets\pages\EditSimplePage.ets:128","backgroundColor(color: Optional<ResourceColor>): T@entry\src\main\ets\pages\EditSimplePage.ets:128","","6.0.0(20)","backgroundColor(color: Optional<ResourceColor>): T"
"backgroundColor(color: Optional<ResourceColor>): T","类新增同名方法且参数类型与已有的参数类型范围是包含关系","harmonyos_api_changes/HarmonyOS_6.0.0(20)_Beta2.json","backgroundColor","",".backgroundColor($r('app.color.page_background'))","ArkTS","entry\src\main\ets\pages\EditSimplePage.ets:165","backgroundColor(color: Optional<ResourceColor>): T@entry\src\main\ets\pages\EditSimplePage.ets:165","","6.0.0(20)","backgroundColor(color: Optional<ResourceColor>): T"
"backgroundColor(color: Optional<ResourceColor>): T","类新增同名方法且参数类型与已有的参数类型范围是包含关系","harmonyos_api_changes/HarmonyOS_6.0.0(20)_Beta2.json","backgroundColor","",".backgroundColor($r('app.color.tag_background'))","ArkTS","entry\src\main\ets\pages\EditSimplePage.ets:67","backgroundColor(color: Optional<ResourceColor>): T@entry\src\main\ets\pages\EditSimplePage.ets:67","","6.0.0(20)","backgroundColor(color: Optional<ResourceColor>): T"
"backgroundColor(color: Optional<ResourceColor>): T","类新增同名方法且参数类型与已有的参数类型范围是包含关系","harmonyos_api_changes/HarmonyOS_6.0.0(20)_Beta2.json","backgroundColor","",".backgroundColor($r('app.color.divider_gray'))","ArkTS","entry\src\main\ets\pages\Index.ets:138","backgroundColor(color: Optional<ResourceColor>): T@entry\src\main\ets\pages\Index.ets:138","","6.0.0(20)","backgroundColor(color: Optional<ResourceColor>): T"
"backgroundColor(color: Optional<ResourceColor>): T","类新增同名方法且参数类型与已有的参数类型范围是包含关系","harmonyos_api_changes/HarmonyOS_6.0.0(20)_Beta2.json","backgroundColor","",".backgroundColor($r('app.color.page_background'))","ArkTS","entry\src\main\ets\pages\Index.ets:177","backgroundColor(color: Optional<ResourceColor>): T@entry\src\main\ets\pages\Index.ets:177","","6.0.0(20)","backgroundColor(color: Optional<ResourceColor>): T"
"backgroundColor(color: Optional<ResourceColor>): T","类新增同名方法且参数类型与已有的参数类型范围是包含关系","harmonyos_api_changes/HarmonyOS_6.0.0(20)_Beta2.json","backgroundColor","",".backgroundColor($r('app.color.tag_background'))","ArkTS","entry\src\main\ets\pages\Index.ets:79","backgroundColor(color: Optional<ResourceColor>): T@entry\src\main\ets\pages\Index.ets:79","","6.0.0(20)","backgroundColor(color: Optional<ResourceColor>): T"
"backgroundColor(color: Optional<ResourceColor>): T","类新增同名方法且参数类型与已有的参数类型范围是包含关系","harmonyos_api_changes/HarmonyOS_6.0.0(20)_Beta2.json","backgroundColor","",".backgroundColor($r('app.color.divider_gray'))","ArkTS","entry\src\main\ets\pages\SelectSimplePage.ets:105","backgroundColor(color: Optional<ResourceColor>): T@entry\src\main\ets\pages\SelectSimplePage.ets:105","","6.0.0(20)","backgroundColor(color: Optional<ResourceColor>): T"
"backgroundColor(color: Optional<ResourceColor>): T","类新增同名方法且参数类型与已有的参数类型范围是包含关系","harmonyos_api_changes/HarmonyOS_6.0.0(20)_Beta2.json","backgroundColor","",".backgroundColor($r('app.color.page_background'))","ArkTS","entry\src\main\ets\pages\SelectSimplePage.ets:116","backgroundColor(color: Optional<ResourceColor>): T@entry\src\main\ets\pages\SelectSimplePage.ets:116","","6.0.0(20)","backgroundColor(color: Optional<ResourceColor>): T"
"backgroundColor(color: Optional<ResourceColor>): T","类新增同名方法且参数类型与已有的参数类型范围是包含关系","harmonyos_api_changes/HarmonyOS_6.0.0(20)_Beta2.json","backgroundColor","",".backgroundColor((view as InterestTagItemView).isSelected","ArkTS","entry\src\main\ets\pages\SelectSimplePage.ets:36","backgroundColor(color: Optional<ResourceColor>): T@entry\src\main\ets\pages\SelectSimplePage.ets:36","","6.0.0(20)","backgroundColor(color: Optional<ResourceColor>): T"
"backgroundColor(value: ResourceColor): T","类新增同名方法且参数类型与已有的参数类型范围不是包含关系","harmonyos_api_changes/HarmonyOS_5.1.0(18).json","backgroundColor","",".backgroundColor($r('app.color.divider_gray'))","ArkTS","entry\src\main\ets\pages\EditSimplePage.ets:128","backgroundColor(value: ResourceColor): T@entry\src\main\ets\pages\EditSimplePage.ets:128","","5.1.0(18)","backgroundColor(value: ResourceColor): T"
"backgroundColor(value: ResourceColor): T","类新增同名方法且参数类型与已有的参数类型范围不是包含关系","harmonyos_api_changes/HarmonyOS_5.1.0(18).json","backgroundColor","",".backgroundColor($r('app.color.page_background'))","ArkTS","entry\src\main\ets\pages\EditSimplePage.ets:165","backgroundColor(value: ResourceColor): T@entry\src\main\ets\pages\EditSimplePage.ets:165","","5.1.0(18)","backgroundColor(value: ResourceColor): T"
"backgroundColor(value: ResourceColor): T","类新增同名方法且参数类型与已有的参数类型范围不是包含关系","harmonyos_api_changes/HarmonyOS_5.1.0(18).json","backgroundColor","",".backgroundColor($r('app.color.tag_background'))","ArkTS","entry\src\main\ets\pages\EditSimplePage.ets:67","backgroundColor(value: ResourceColor): T@entry\src\main\ets\pages\EditSimplePage.ets:67","","5.1.0(18)","backgroundColor(value: ResourceColor): T"
"backgroundColor(value: ResourceColor): T","类新增同名方法且参数类型与已有的参数类型范围不是包含关系","harmonyos_api_changes/HarmonyOS_5.1.0(18).json","backgroundColor","",".backgroundColor($r('app.color.divider_gray'))","ArkTS","entry\src\main\ets\pages\Index.ets:138","backgroundColor(value: ResourceColor): T@entry\src\main\ets\pages\Index.ets:138","","5.1.0(18)","backgroundColor(value: ResourceColor): T"
"backgroundColor(value: ResourceColor): T","类新增同名方法且参数类型与已有的参数类型范围不是包含关系","harmonyos_api_changes/HarmonyOS_5.1.0(18).json","backgroundColor","",".backgroundColor($r('app.color.page_background'))","ArkTS","entry\src\main\ets\pages\Index.ets:177","backgroundColor(value: ResourceColor): T@entry\src\main\ets\pages\Index.ets:177","","5.1.0(18)","backgroundColor(value: ResourceColor): T"
"backgroundColor(value: ResourceColor): T","类新增同名方法且参数类型与已有的参数类型范围不是包含关系","harmonyos_api_changes/HarmonyOS_5.1.0(18).json","backgroundColor","",".backgroundColor($r('app.color.tag_background'))","ArkTS","entry\src\main\ets\pages\Index.ets:79","backgroundColor(value: ResourceColor): T@entry\src\main\ets\pages\Index.ets:79","","5.1.0(18)","backgroundColor(value: ResourceColor): T"
"backgroundColor(value: ResourceColor): T","类新增同名方法且参数类型与已有的参数类型范围不是包含关系","harmonyos_api_changes/HarmonyOS_5.1.0(18).json","backgroundColor","",".backgroundColor($r('app.color.divider_gray'))","ArkTS","entry\src\main\ets\pages\SelectSimplePage.ets:105","backgroundColor(value: ResourceColor): T@entry\src\main\ets\pages\SelectSimplePage.ets:105","","5.1.0(18)","backgroundColor(value: ResourceColor): T"
"backgroundColor(value: ResourceColor): T","类新增同名方法且参数类型与已有的参数类型范围不是包含关系","harmonyos_api_changes/HarmonyOS_5.1.0(18).json","backgroundColor","",".backgroundColor($r('app.color.page_background'))","ArkTS","entry\src\main\ets\pages\SelectSimplePage.ets:116","backgroundColor(value: ResourceColor): T@entry\src\main\ets\pages\SelectSimplePage.ets:116","","5.1.0(18)","backgroundColor(value: ResourceColor): T"
"backgroundColor(value: ResourceColor): T","类新增同名方法且参数类型与已有的参数类型范围不是包含关系","harmonyos_api_changes/HarmonyOS_5.1.0(18).json","backgroundColor","",".backgroundColor((view as InterestTagItemView).isSelected","ArkTS","entry\src\main\ets\pages\SelectSimplePage.ets:36","backgroundColor(value: ResourceColor): T@entry\src\main\ets\pages\SelectSimplePage.ets:36","","5.1.0(18)","backgroundColor(value: ResourceColor): T"
"bind(id: string): void","新增API","harmonyos_api_changes/HarmonyOS_6.0.2(22).json","bind","","this.controller.bind(","ArkTS","ohos_library\src\main\ets\components\FlexTags.ets:100","bind(id: string): void@ohos_library\src\main\ets\components\FlexTags.ets:100","this","6.0.2(22)","bind(id: string): void"
"borderRadius(radius: Dimension | BorderRadiuses): T","新增API","harmonyos_api_changes/HarmonyOS_5.0.3(15)_Beta1.json","borderRadius","",".borderRadius($r('app.float.tag_corner_radius'))","ArkTS","entry\src\main\ets\pages\EditSimplePage.ets:68","borderRadius(radius: Dimension | BorderRadiuses): T@entry\src\main\ets\pages\EditSimplePage.ets:68","","5.0.3(15)","borderRadius(radius: Dimension | BorderRadiuses): T"
"borderRadius(radius: Dimension | BorderRadiuses): T","新增API","harmonyos_api_changes/HarmonyOS_5.0.3(15)_Beta1.json","borderRadius","",".borderRadius($r('app.float.tag_corner_radius'))","ArkTS","entry\src\main\ets\pages\Index.ets:80","borderRadius(radius: Dimension | BorderRadiuses): T@entry\src\main\ets\pages\Index.ets:80","","5.0.3(15)","borderRadius(radius: Dimension | BorderRadiuses): T"
"borderRadius(radius: Dimension | BorderRadiuses): T","新增API","harmonyos_api_changes/HarmonyOS_5.0.3(15)_Beta1.json","borderRadius","",".borderRadius($r('app.float.tag_corner_radius'))","ArkTS","entry\src\main\ets\pages\SelectSimplePage.ets:39","borderRadius(radius: Dimension | BorderRadiuses): T@entry\src\main\ets\pages\SelectSimplePage.ets:39","","5.0.3(15)","borderRadius(radius: Dimension | BorderRadiuses): T"
"borderRadius(value: Length | BorderRadiuses | LocalizedBorderRadiuses): T","类新增同名方法且参数类型与已有的参数类型范围是包含关系","harmonyos_api_changes/HarmonyOS_6.0.2(22).json","borderRadius","",".borderRadius($r('app.float.tag_corner_radius'))","ArkTS","entry\src\main\ets\pages\EditSimplePage.ets:68","borderRadius(value: Length | BorderRadiuses | LocalizedBorderRadiuses): T@entry\src\main\ets\pages\EditSimplePage.ets:68","","6.0.2(22)","borderRadius(value: Length | BorderRadiuses | LocalizedBorderRadiuses): T"
"borderRadius(value: Length | BorderRadiuses | LocalizedBorderRadiuses): T","类新增同名方法且参数类型与已有的参数类型范围是包含关系","harmonyos_api_changes/HarmonyOS_6.0.2(22).json","borderRadius","",".borderRadius($r('app.float.tag_corner_radius'))","ArkTS","entry\src\main\ets\pages\Index.ets:80","borderRadius(value: Length | BorderRadiuses | LocalizedBorderRadiuses): T@entry\src\main\ets\pages\Index.ets:80","","6.0.2(22)","borderRadius(value: Length | BorderRadiuses | LocalizedBorderRadiuses): T"
"borderRadius(value: Length | BorderRadiuses | LocalizedBorderRadiuses): T","类新增同名方法且参数类型与已有的参数类型范围是包含关系","harmonyos_api_changes/HarmonyOS_6.0.2(22).json","borderRadius","",".borderRadius($r('app.float.tag_corner_radius'))","ArkTS","entry\src\main\ets\pages\SelectSimplePage.ets:39","borderRadius(value: Length | BorderRadiuses | LocalizedBorderRadiuses): T@entry\src\main\ets\pages\SelectSimplePage.ets:39","","6.0.2(22)","borderRadius(value: Length | BorderRadiuses | LocalizedBorderRadiuses): T"
"borderRadius: number","新增API","harmonyos_api_changes/HarmonyOS_6.0.0(20)_Beta1.json","borderRadius","",".borderRadius($r('app.float.tag_corner_radius'))","ArkTS","entry\src\main\ets\pages\EditSimplePage.ets:68","borderRadius: number@entry\src\main\ets\pages\EditSimplePage.ets:68","","6.0.0(20)","borderRadius: number"
"borderRadius: number","新增API","harmonyos_api_changes/HarmonyOS_6.0.0(20)_Beta1.json","borderRadius","",".borderRadius($r('app.float.tag_corner_radius'))","ArkTS","entry\src\main\ets\pages\Index.ets:80","borderRadius: number@entry\src\main\ets\pages\Index.ets:80","","6.0.0(20)","borderRadius: number"
"borderRadius: number","新增API","harmonyos_api_changes/HarmonyOS_6.0.0(20)_Beta1.json","borderRadius","",".borderRadius($r('app.float.tag_corner_radius'))","ArkTS","entry\src\main\ets\pages\SelectSimplePage.ets:39","borderRadius: number@entry\src\main\ets\pages\SelectSimplePage.ets:39","","6.0.0(20)","borderRadius: number"
"borderRadius?: Length","新增API","harmonyos_api_changes/HarmonyOS_6.0.2(22).json","borderRadius","",".borderRadius($r('app.float.tag_corner_radius'))","ArkTS","entry\src\main\ets\pages\EditSimplePage.ets:68","borderRadius?: Length@entry\src\main\ets\pages\EditSimplePage.ets:68","","6.0.2(22)","borderRadius?: Length"
"borderRadius?: Length","新增API","harmonyos_api_changes/HarmonyOS_6.0.2(22).json","borderRadius","",".borderRadius($r('app.float.tag_corner_radius'))","ArkTS","entry\src\main\ets\pages\Index.ets:80","borderRadius?: Length@entry\src\main\ets\pages\Index.ets:80","","6.0.2(22)","borderRadius?: Length"
"borderRadius?: Length","新增API","harmonyos_api_changes/HarmonyOS_6.0.2(22).json","borderRadius","",".borderRadius($r('app.float.tag_corner_radius'))","ArkTS","entry\src\main\ets\pages\SelectSimplePage.ets:39","borderRadius?: Length@entry\src\main\ets\pages\SelectSimplePage.ets:39","","6.0.2(22)","borderRadius?: Length"
"borderRadius?: LengthMetrics","接口新增可选属性","harmonyos_api_changes/HarmonyOS_5.1.0(18).json","borderRadius","",".borderRadius($r('app.float.tag_corner_radius'))","ArkTS","entry\src\main\ets\pages\EditSimplePage.ets:68","borderRadius?: LengthMetrics@entry\src\main\ets\pages\EditSimplePage.ets:68","","5.1.0(18)","borderRadius?: LengthMetrics"
"borderRadius?: LengthMetrics","接口新增可选属性","harmonyos_api_changes/HarmonyOS_5.1.0(18).json","borderRadius","",".borderRadius($r('app.float.tag_corner_radius'))","ArkTS","entry\src\main\ets\pages\Index.ets:80","borderRadius?: LengthMetrics@entry\src\main\ets\pages\Index.ets:80","","5.1.0(18)","borderRadius?: LengthMetrics"
"borderRadius?: LengthMetrics","接口新增可选属性","harmonyos_api_changes/HarmonyOS_5.1.0(18).json","borderRadius","",".borderRadius($r('app.float.tag_corner_radius'))","ArkTS","entry\src\main\ets\pages\SelectSimplePage.ets:39","borderRadius?: LengthMetrics@entry\src\main\ets\pages\SelectSimplePage.ets:39","","5.1.0(18)","borderRadius?: LengthMetrics"
"borderRadius?: LengthMetrics | BorderRadiuses | LocalizedBorderRadiuses","新增API","harmonyos_api_changes/HarmonyOS_6.0.0(20)_Beta1.json","borderRadius","",".borderRadius($r('app.float.tag_corner_radius'))","ArkTS","entry\src\main\ets\pages\EditSimplePage.ets:68","borderRadius?: LengthMetrics | BorderRadiuses | LocalizedBorderRadiuses@entry\src\main\ets\pages\EditSimplePage.ets:68","","6.0.0(20)","borderRadius?: LengthMetrics | BorderRadiuses | LocalizedBorderRadiuses"
"borderRadius?: LengthMetrics | BorderRadiuses | LocalizedBorderRadiuses","新增API","harmonyos_api_changes/HarmonyOS_6.0.0(20)_Beta1.json","borderRadius","",".borderRadius($r('app.float.tag_corner_radius'))","ArkTS","entry\src\main\ets\pages\Index.ets:80","borderRadius?: LengthMetrics | BorderRadiuses | LocalizedBorderRadiuses@entry\src\main\ets\pages\Index.ets:80","","6.0.0(20)","borderRadius?: LengthMetrics | BorderRadiuses | LocalizedBorderRadiuses"
"borderRadius?: LengthMetrics | BorderRadiuses | LocalizedBorderRadiuses","新增API","harmonyos_api_changes/HarmonyOS_6.0.0(20)_Beta1.json","borderRadius","",".borderRadius($r('app.float.tag_corner_radius'))","ArkTS","entry\src\main\ets\pages\SelectSimplePage.ets:39","borderRadius?: LengthMetrics | BorderRadiuses | LocalizedBorderRadiuses@entry\src\main\ets\pages\SelectSimplePage.ets:39","","6.0.0(20)","borderRadius?: LengthMetrics | BorderRadiuses | LocalizedBorderRadiuses"
"controller: functionalInputComponentManager.FunctionalInputController","新增API","harmonyos_api_changes/HarmonyOS_5.1.0(18).json","controller","","this.controller.bind(","ArkTS","ohos_library\src\main\ets\components\FlexTags.ets:100","controller: functionalInputComponentManager.FunctionalInputController@ohos_library\src\main\ets\components\FlexTags.ets:100","this","5.1.0(18)","controller: functionalInputComponentManager.FunctionalInputController"
"controller: loginComponentManager.LoginPanelController","新增装饰器","harmonyos_api_changes/HarmonyOS_26.0.0_Beta1.json","controller","","this.controller.bind(","ArkTS","ohos_library\src\main\ets\components\FlexTags.ets:100","controller: loginComponentManager.LoginPanelController@ohos_library\src\main\ets\components\FlexTags.ets:100","this","26.0.0 Beta2","controller: loginComponentManager.LoginPanelController"
"controller: loginComponentManager.LoginWithHuaweiIDButtonController","新增装饰器","harmonyos_api_changes/HarmonyOS_26.0.0_Beta1.json","controller","","this.controller.bind(","ArkTS","ohos_library\src\main\ets\components\FlexTags.ets:100","controller: loginComponentManager.LoginWithHuaweiIDButtonController@ohos_library\src\main\ets\components\FlexTags.ets:100","this","26.0.0 Beta2","controller: loginComponentManager.LoginWithHuaweiIDButtonController"
"controller: readerCore.ReaderComponentController","新增API","harmonyos_api_changes/HarmonyOS_5.0.4(16).json","controller","","this.controller.bind(","ArkTS","ohos_library\src\main\ets\components\FlexTags.ets:100","controller: readerCore.ReaderComponentController@ohos_library\src\main\ets\components\FlexTags.ets:100","this","5.0.4(16)","controller: readerCore.ReaderComponentController"
"controller?: FunctionController","新增API","harmonyos_api_changes/HarmonyOS_6.0.0(20)_Beta3.json","controller","","this.controller.bind(","ArkTS","ohos_library\src\main\ets\components\FlexTags.ets:100","controller?: FunctionController@ohos_library\src\main\ets\components\FlexTags.ets:100","this","6.0.0(20)","controller?: FunctionController"
"controller?: HdsTabsController","新增API","harmonyos_api_changes/HarmonyOS_6.0.0(20)_Beta1.json","controller","","this.controller.bind(","ArkTS","ohos_library\src\main\ets\components\FlexTags.ets:100","controller?: HdsTabsController@ohos_library\src\main\ets\components\FlexTags.ets:100","this","6.0.0(20)","controller?: HdsTabsController"
"controller?: SearchController","新增API","harmonyos_api_changes/HarmonyOS_5.1.0(18).json","controller","","this.controller.bind(","ArkTS","ohos_library\src\main\ets\components\FlexTags.ets:100","controller?: SearchController@ohos_library\src\main\ets\components\FlexTags.ets:100","this","5.1.0(18)","controller?: SearchController"
"controller?: ShaderEffectController","新增API","harmonyos_api_changes/HarmonyOS_6.0.0(20)_Beta1.json","controller","","this.controller.bind(","ArkTS","ohos_library\src\main\ets\components\FlexTags.ets:100","controller?: ShaderEffectController@ohos_library\src\main\ets\components\FlexTags.ets:100","this","6.0.0(20)","controller?: ShaderEffectController"
"controller?: TabsController","新增API","harmonyos_api_changes/HarmonyOS_5.0.3(15)_Beta2.json","controller","","this.controller.bind(","ArkTS","ohos_library\src\main\ets\components\FlexTags.ets:100","controller?: TabsController@ohos_library\src\main\ets\components\FlexTags.ets:100","this","5.0.3(15)","controller?: TabsController"
"controller?: TextClockController","新增API","harmonyos_api_changes/HarmonyOS_5.1.0(18).json","controller","","this.controller.bind(","ArkTS","ohos_library\src\main\ets\components\FlexTags.ets:100","controller?: TextClockController@ohos_library\src\main\ets\components\FlexTags.ets:100","this","5.1.0(18)","controller?: TextClockController"
"declare class CommonMethod<T>","接口定义变更","harmonyos_behavior_changes/HarmonyOS_26.0.0(26)_Beta1.json","CommonMethod","","this.context.getApplicationContext().setColorMode(ConfigurationConstant.ColorMode.COLOR_MODE_NOT_SET);","ArkTS","entry\src\main\ets\entryability\EntryAbility.ets:10","declare class CommonMethod<T>@entry\src\main\ets\entryability\EntryAbility.ets:10","this","26.0.0(26)","declare class CommonMethod<T>"
"declare class CommonMethod<T>","接口定义变更","harmonyos_behavior_changes/HarmonyOS_26.0.0(26)_Beta1.json","CommonMethod","",".fontWeight(FontWeight.Bold)","ArkTS","entry\src\main\ets\pages\EditSimplePage.ets:100","declare class CommonMethod<T>@entry\src\main\ets\pages\EditSimplePage.ets:100","","26.0.0(26)","declare class CommonMethod<T>"
"declare class CommonMethod<T>","接口定义变更","harmonyos_behavior_changes/HarmonyOS_26.0.0(26)_Beta1.json","CommonMethod","",".margin({ left: 5 })","ArkTS","entry\src\main\ets\pages\EditSimplePage.ets:101","declare class CommonMethod<T>@entry\src\main\ets\pages\EditSimplePage.ets:101","","26.0.0(26)","declare class CommonMethod<T>"
"declare class CommonMethod<T>","接口定义变更","harmonyos_behavior_changes/HarmonyOS_26.0.0(26)_Beta1.json","CommonMethod","",".padding({","ArkTS","entry\src\main\ets\pages\EditSimplePage.ets:102","declare class CommonMethod<T>@entry\src\main\ets\pages\EditSimplePage.ets:102","","26.0.0(26)","declare class CommonMethod<T>"
"declare class CommonMethod<T>","接口定义变更","harmonyos_behavior_changes/HarmonyOS_26.0.0(26)_Beta1.json","CommonMethod","",".width('100%')","ArkTS","entry\src\main\ets\pages\EditSimplePage.ets:107","declare class CommonMethod<T>@entry\src\main\ets\pages\EditSimplePage.ets:107","","26.0.0(26)","declare class CommonMethod<T>"
"declare class CommonMethod<T>","接口定义变更","harmonyos_behavior_changes/HarmonyOS_26.0.0(26)_Beta1.json","CommonMethod","",".alignItems(VerticalAlign.Center)","ArkTS","entry\src\main\ets\pages\EditSimplePage.ets:108","declare class CommonMethod<T>@entry\src\main\ets\pages\EditSimplePage.ets:108","","26.0.0(26)","declare class CommonMethod<T>"
"declare class CommonMethod<T>","接口定义变更","harmonyos_behavior_changes/HarmonyOS_26.0.0(26)_Beta1.json","CommonMethod","","controller: this.controller,","ArkTS","entry\src\main\ets\pages\EditSimplePage.ets:112","declare class CommonMethod<T>@entry\src\main\ets\pages\EditSimplePage.ets:112","","26.0.0(26)","declare class CommonMethod<T>"
"declare class CommonMethod<T>","接口定义变更","harmonyos_behavior_changes/HarmonyOS_26.0.0(26)_Beta1.json","CommonMethod","",".width('100%')","ArkTS","entry\src\main\ets\pages\EditSimplePage.ets:126","declare class CommonMethod<T>@entry\src\main\ets\pages\EditSimplePage.ets:126","","26.0.0(26)","declare class CommonMethod<T>"
"declare class CommonMethod<T>","接口定义变更","harmonyos_behavior_changes/HarmonyOS_26.0.0(26)_Beta1.json","CommonMethod","",".height($r('app.float.divider_height'))","ArkTS","entry\src\main\ets\pages\EditSimplePage.ets:127","declare class CommonMethod<T>@entry\src\main\ets\pages\EditSimplePage.ets:127","","26.0.0(26)","declare class CommonMethod<T>"
"declare class CommonMethod<T>","接口定义变更","harmonyos_behavior_changes/HarmonyOS_26.0.0(26)_Beta1.json","CommonMethod","",".backgroundColor($r('app.color.divider_gray'))","ArkTS","entry\src\main\ets\pages\EditSimplePage.ets:128","declare class CommonMethod<T>@entry\src\main\ets\pages\EditSimplePage.ets:128","","26.0.0(26)","declare class CommonMethod<T>"
"declare class CommonMethod<T>","接口定义变更","harmonyos_behavior_changes/HarmonyOS_26.0.0(26)_Beta1.json","CommonMethod","",".fontSize($r('app.float.title_font_size'))","ArkTS","entry\src\main\ets\pages\EditSimplePage.ets:133","declare class CommonMethod<T>@entry\src\main\ets\pages\EditSimplePage.ets:133","","26.0.0(26)","declare class CommonMethod<T>"
"declare class CommonMethod<T>","接口定义变更","harmonyos_behavior_changes/HarmonyOS_26.0.0(26)_Beta1.json","CommonMethod","",".fontColor($r('app.color.text_heading'))","ArkTS","entry\src\main\ets\pages\EditSimplePage.ets:134","declare class CommonMethod<T>@entry\src\main\ets\pages\EditSimplePage.ets:134","","26.0.0(26)","declare class CommonMethod<T>"
"declare class CommonMethod<T>","接口定义变更","harmonyos_behavior_changes/HarmonyOS_26.0.0(26)_Beta1.json","CommonMethod","",".fontWeight(FontWeight.Bold)","ArkTS","entry\src\main\ets\pages\EditSimplePage.ets:135","declare class CommonMethod<T>@entry\src\main\ets\pages\EditSimplePage.ets:135","","26.0.0(26)","declare class CommonMethod<T>"
"declare class CommonMethod<T>","接口定义变更","harmonyos_behavior_changes/HarmonyOS_26.0.0(26)_Beta1.json","CommonMethod","",".width('100%')","ArkTS","entry\src\main\ets\pages\EditSimplePage.ets:136","declare class CommonMethod<T>@entry\src\main\ets\pages\EditSimplePage.ets:136","","26.0.0(26)","declare class CommonMethod<T>"
"declare class CommonMethod<T>","接口定义变更","harmonyos_behavior_changes/HarmonyOS_26.0.0(26)_Beta1.json","CommonMethod","",".width('100%')","ArkTS","entry\src\main\ets\pages\EditSimplePage.ets:139","declare class CommonMethod<T>@entry\src\main\ets\pages\EditSimplePage.ets:139","","26.0.0(26)","declare class CommonMethod<T>"
"declare class CommonMethod<T>","接口定义变更","harmonyos_behavior_changes/HarmonyOS_26.0.0(26)_Beta1.json","CommonMethod","",".onChange((value: string) => {","ArkTS","entry\src\main\ets\pages\EditSimplePage.ets:140","declare class CommonMethod<T>@entry\src\main\ets\pages\EditSimplePage.ets:140","","26.0.0(26)","declare class CommonMethod<T>"
"declare class CommonMethod<T>","接口定义变更","harmonyos_behavior_changes/HarmonyOS_26.0.0(26)_Beta1.json","CommonMethod","",".width('100%')","ArkTS","entry\src\main\ets\pages\EditSimplePage.ets:145","declare class CommonMethod<T>@entry\src\main\ets\pages\EditSimplePage.ets:145","","26.0.0(26)","declare class CommonMethod<T>"
"declare class CommonMethod<T>","接口定义变更","harmonyos_behavior_changes/HarmonyOS_26.0.0(26)_Beta1.json","CommonMethod","",".type(ButtonType.Capsule)","ArkTS","entry\src\main\ets\pages\EditSimplePage.ets:146","declare class CommonMethod<T>@entry\src\main\ets\pages\EditSimplePage.ets:146","","26.0.0(26)","declare class CommonMethod<T>"
"declare class CommonMethod<T>","接口定义变更","harmonyos_behavior_changes/HarmonyOS_26.0.0(26)_Beta1.json","CommonMethod","",".fontWeight(FontWeight.Bold)","ArkTS","entry\src\main\ets\pages\EditSimplePage.ets:147","declare class CommonMethod<T>@entry\src\main\ets\pages\EditSimplePage.ets:147","","26.0.0(26)","declare class CommonMethod<T>"
"declare class CommonMethod<T>","接口定义变更","harmonyos_behavior_changes/HarmonyOS_26.0.0(26)_Beta1.json","CommonMethod","",".onClick(() => {","ArkTS","entry\src\main\ets\pages\EditSimplePage.ets:148","declare class CommonMethod<T>@entry\src\main\ets\pages\EditSimplePage.ets:148","","26.0.0(26)","declare class CommonMethod<T>"
"declare class CommonMethod<T>","接口定义变更","harmonyos_behavior_changes/HarmonyOS_26.0.0(26)_Beta1.json","CommonMethod","",".width('100%')","ArkTS","entry\src\main\ets\pages\EditSimplePage.ets:152","declare class CommonMethod<T>@entry\src\main\ets\pages\EditSimplePage.ets:152","","26.0.0(26)","declare class CommonMethod<T>"
"declare class CommonMethod<T>","接口定义变更","harmonyos_behavior_changes/HarmonyOS_26.0.0(26)_Beta1.json","CommonMethod","",".alignItems(HorizontalAlign.Start)","ArkTS","entry\src\main\ets\pages\EditSimplePage.ets:153","declare class CommonMethod<T>@entry\src\main\ets\pages\EditSimplePage.ets:153","","26.0.0(26)","declare class CommonMethod<T>"
"declare class CommonMethod<T>","接口定义变更","harmonyos_behavior_changes/HarmonyOS_26.0.0(26)_Beta1.json","CommonMethod","",".padding(20)","ArkTS","entry\src\main\ets\pages\EditSimplePage.ets:154","declare class CommonMethod<T>@entry\src\main\ets\pages\EditSimplePage.ets:154","","26.0.0(26)","declare class CommonMethod<T>"
"declare class CommonMethod<T>","接口定义变更","harmonyos_behavior_changes/HarmonyOS_26.0.0(26)_Beta1.json","CommonMethod","",".width('100%')","ArkTS","entry\src\main\ets\pages\EditSimplePage.ets:156","declare class CommonMethod<T>@entry\src\main\ets\pages\EditSimplePage.ets:156","","26.0.0(26)","declare class CommonMethod<T>"
"declare class CommonMethod<T>","接口定义变更","harmonyos_behavior_changes/HarmonyOS_26.0.0(26)_Beta1.json","CommonMethod","",".padding({","ArkTS","entry\src\main\ets\pages\EditSimplePage.ets:157","declare class CommonMethod<T>@entry\src\main\ets\pages\EditSimplePage.ets:157","","26.0.0(26)","declare class CommonMethod<T>"
"declare class CommonMethod<T>","接口定义变更","harmonyos_behavior_changes/HarmonyOS_26.0.0(26)_Beta1.json","CommonMethod","",".width('100%')","ArkTS","entry\src\main\ets\pages\EditSimplePage.ets:163","declare class CommonMethod<T>@entry\src\main\ets\pages\EditSimplePage.ets:163","","26.0.0(26)","declare class CommonMethod<T>"
"declare class CommonMethod<T>","接口定义变更","harmonyos_behavior_changes/HarmonyOS_26.0.0(26)_Beta1.json","CommonMethod","",".height('100%')","ArkTS","entry\src\main\ets\pages\EditSimplePage.ets:164","declare class CommonMethod<T>@entry\src\main\ets\pages\EditSimplePage.ets:164","","26.0.0(26)","declare class CommonMethod<T>"
"declare class CommonMethod<T>","接口定义变更","harmonyos_behavior_changes/HarmonyOS_26.0.0(26)_Beta1.json","CommonMethod","",".backgroundColor($r('app.color.page_background'))","ArkTS","entry\src\main\ets\pages\EditSimplePage.ets:165","declare class CommonMethod<T>@entry\src\main\ets\pages\EditSimplePage.ets:165","","26.0.0(26)","declare class CommonMethod<T>"
"declare class CommonMethod<T>","接口定义变更","harmonyos_behavior_changes/HarmonyOS_26.0.0(26)_Beta1.json","CommonMethod","",".scrollBar(BarState.Off)","ArkTS","entry\src\main\ets\pages\EditSimplePage.ets:166","declare class CommonMethod<T>@entry\src\main\ets\pages\EditSimplePage.ets:166","","26.0.0(26)","declare class CommonMethod<T>"
"declare class CommonMethod<T>","接口定义变更","harmonyos_behavior_changes/HarmonyOS_26.0.0(26)_Beta1.json","CommonMethod","",".edgeEffect(EdgeEffect.Spring)","ArkTS","entry\src\main\ets\pages\EditSimplePage.ets:167","declare class CommonMethod<T>@entry\src\main\ets\pages\EditSimplePage.ets:167","","26.0.0(26)","declare class CommonMethod<T>"
"declare class CommonMethod<T>","接口定义变更","harmonyos_behavior_changes/HarmonyOS_26.0.0(26)_Beta1.json","CommonMethod","",".fontSize($r('app.float.edit_tag_font_size'))","ArkTS","entry\src\main\ets\pages\EditSimplePage.ets:51","declare class CommonMethod<T>@entry\src\main\ets\pages\EditSimplePage.ets:51","","26.0.0(26)","declare class CommonMethod<T>"
"declare class CommonMethod<T>","接口定义变更","harmonyos_behavior_changes/HarmonyOS_26.0.0(26)_Beta1.json","CommonMethod","",".fontColor($r('app.color.text_primary'))","ArkTS","entry\src\main\ets\pages\EditSimplePage.ets:52","declare class CommonMethod<T>@entry\src\main\ets\pages\EditSimplePage.ets:52","","26.0.0(26)","declare class CommonMethod<T>"
"declare class CommonMethod<T>","接口定义变更","harmonyos_behavior_changes/HarmonyOS_26.0.0(26)_Beta1.json","CommonMethod","",".constraintSize({ maxWidth: '70%' })","ArkTS","entry\src\main\ets\pages\EditSimplePage.ets:53","declare class CommonMethod<T>@entry\src\main\ets\pages\EditSimplePage.ets:53","","26.0.0(26)","declare class CommonMethod<T>"
"declare class CommonMethod<T>","接口定义变更","harmonyos_behavior_changes/HarmonyOS_26.0.0(26)_Beta1.json","CommonMethod","",".width($r('app.float.delete_icon_size'))","ArkTS","entry\src\main\ets\pages\EditSimplePage.ets:56","declare class CommonMethod<T>@entry\src\main\ets\pages\EditSimplePage.ets:56","","26.0.0(26)","declare class CommonMethod<T>"
"declare class CommonMethod<T>","接口定义变更","harmonyos_behavior_changes/HarmonyOS_26.0.0(26)_Beta1.json","CommonMethod","",".height($r('app.float.delete_icon_size'))","ArkTS","entry\src\main\ets\pages\EditSimplePage.ets:57","declare class CommonMethod<T>@entry\src\main\ets\pages\EditSimplePage.ets:57","","26.0.0(26)","declare class CommonMethod<T>"
"declare class CommonMethod<T>","接口定义变更","harmonyos_behavior_changes/HarmonyOS_26.0.0(26)_Beta1.json","CommonMethod","",".objectFit(ImageFit.Fill)","ArkTS","entry\src\main\ets\pages\EditSimplePage.ets:58","declare class CommonMethod<T>@entry\src\main\ets\pages\EditSimplePage.ets:58","","26.0.0(26)","declare class CommonMethod<T>"
"declare class CommonMethod<T>","接口定义变更","harmonyos_behavior_changes/HarmonyOS_26.0.0(26)_Beta1.json","CommonMethod","",".margin({ left: 5 })","ArkTS","entry\src\main\ets\pages\EditSimplePage.ets:59","declare class CommonMethod<T>@entry\src\main\ets\pages\EditSimplePage.ets:59","","26.0.0(26)","declare class CommonMethod<T>"
"declare class CommonMethod<T>","接口定义变更","harmonyos_behavior_changes/HarmonyOS_26.0.0(26)_Beta1.json","CommonMethod","",".onClick(() => {","ArkTS","entry\src\main\ets\pages\EditSimplePage.ets:60","declare class CommonMethod<T>@entry\src\main\ets\pages\EditSimplePage.ets:60","","26.0.0(26)","declare class CommonMethod<T>"
"declare class CommonMethod<T>","接口定义变更","harmonyos_behavior_changes/HarmonyOS_26.0.0(26)_Beta1.json","CommonMethod","",".backgroundColor($r('app.color.tag_background'))","ArkTS","entry\src\main\ets\pages\EditSimplePage.ets:67","declare class CommonMethod<T>@entry\src\main\ets\pages\EditSimplePage.ets:67","","26.0.0(26)","declare class CommonMethod<T>"
"declare class CommonMethod<T>","接口定义变更","harmonyos_behavior_changes/HarmonyOS_26.0.0(26)_Beta1.json","CommonMethod","",".borderRadius($r('app.float.tag_corner_radius'))","ArkTS","entry\src\main\ets\pages\EditSimplePage.ets:68","declare class CommonMethod<T>@entry\src\main\ets\pages\EditSimplePage.ets:68","","26.0.0(26)","declare class CommonMethod<T>"
"declare class CommonMethod<T>","接口定义变更","harmonyos_behavior_changes/HarmonyOS_26.0.0(26)_Beta1.json","CommonMethod","",".padding({","ArkTS","entry\src\main\ets\pages\EditSimplePage.ets:69","declare class CommonMethod<T>@entry\src\main\ets\pages\EditSimplePage.ets:69","","26.0.0(26)","declare class CommonMethod<T>"
"declare class CommonMethod<T>","接口定义变更","harmonyos_behavior_changes/HarmonyOS_26.0.0(26)_Beta1.json","CommonMethod","",".margin($r('app.float.tag_margin'))","ArkTS","entry\src\main\ets\pages\EditSimplePage.ets:75","declare class CommonMethod<T>@entry\src\main\ets\pages\EditSimplePage.ets:75","","26.0.0(26)","declare class CommonMethod<T>"
"declare class CommonMethod<T>","接口定义变更","harmonyos_behavior_changes/HarmonyOS_26.0.0(26)_Beta1.json","CommonMethod","",".alignItems(VerticalAlign.Center)","ArkTS","entry\src\main\ets\pages\EditSimplePage.ets:76","declare class CommonMethod<T>@entry\src\main\ets\pages\EditSimplePage.ets:76","","26.0.0(26)","declare class CommonMethod<T>"
"declare class CommonMethod<T>","接口定义变更","harmonyos_behavior_changes/HarmonyOS_26.0.0(26)_Beta1.json","CommonMethod","",".fontSize(20)","ArkTS","entry\src\main\ets\pages\EditSimplePage.ets:85","declare class CommonMethod<T>@entry\src\main\ets\pages\EditSimplePage.ets:85","","26.0.0(26)","declare class CommonMethod<T>"
"declare class CommonMethod<T>","接口定义变更","harmonyos_behavior_changes/HarmonyOS_26.0.0(26)_Beta1.json","CommonMethod","",".fontColor($r('app.color.text_primary'))","ArkTS","entry\src\main\ets\pages\EditSimplePage.ets:86","declare class CommonMethod<T>@entry\src\main\ets\pages\EditSimplePage.ets:86","","26.0.0(26)","declare class CommonMethod<T>"
"declare class CommonMethod<T>","接口定义变更","harmonyos_behavior_changes/HarmonyOS_26.0.0(26)_Beta1.json","CommonMethod","",".onClick(() => {","ArkTS","entry\src\main\ets\pages\EditSimplePage.ets:87","declare class CommonMethod<T>@entry\src\main\ets\pages\EditSimplePage.ets:87","","26.0.0(26)","declare class CommonMethod<T>"
"declare class CommonMethod<T>","接口定义变更","harmonyos_behavior_changes/HarmonyOS_26.0.0(26)_Beta1.json","CommonMethod","","this.getUIContext().getRouter().back();","ArkTS","entry\src\main\ets\pages\EditSimplePage.ets:88","declare class CommonMethod<T>@entry\src\main\ets\pages\EditSimplePage.ets:88","this","26.0.0(26)","declare class CommonMethod<T>"
"declare class CommonMethod<T>","接口定义变更","harmonyos_behavior_changes/HarmonyOS_26.0.0(26)_Beta1.json","CommonMethod","",".margin({ right: 8 })","ArkTS","entry\src\main\ets\pages\EditSimplePage.ets:90","declare class CommonMethod<T>@entry\src\main\ets\pages\EditSimplePage.ets:90","","26.0.0(26)","declare class CommonMethod<T>"
"declare class CommonMethod<T>","接口定义变更","harmonyos_behavior_changes/HarmonyOS_26.0.0(26)_Beta1.json","CommonMethod","",".width($r('app.float.hot_icon_size'))","ArkTS","entry\src\main\ets\pages\EditSimplePage.ets:93","declare class CommonMethod<T>@entry\src\main\ets\pages\EditSimplePage.ets:93","","26.0.0(26)","declare class CommonMethod<T>"
"declare class CommonMethod<T>","接口定义变更","harmonyos_behavior_changes/HarmonyOS_26.0.0(26)_Beta1.json","CommonMethod","",".height($r('app.float.hot_icon_size'))","ArkTS","entry\src\main\ets\pages\EditSimplePage.ets:94","declare class CommonMethod<T>@entry\src\main\ets\pages\EditSimplePage.ets:94","","26.0.0(26)","declare class CommonMethod<T>"
"declare class CommonMethod<T>","接口定义变更","harmonyos_behavior_changes/HarmonyOS_26.0.0(26)_Beta1.json","CommonMethod","",".objectFit(ImageFit.Fill)","ArkTS","entry\src\main\ets\pages\EditSimplePage.ets:95","declare class CommonMethod<T>@entry\src\main\ets\pages\EditSimplePage.ets:95","","26.0.0(26)","declare class CommonMethod<T>"
"declare class CommonMethod<T>","接口定义变更","harmonyos_behavior_changes/HarmonyOS_26.0.0(26)_Beta1.json","CommonMethod","",".fontSize($r('app.float.title_font_size'))","ArkTS","entry\src\main\ets\pages\EditSimplePage.ets:98","declare class CommonMethod<T>@entry\src\main\ets\pages\EditSimplePage.ets:98","","26.0.0(26)","declare class CommonMethod<T>"
"declare class CommonMethod<T>","接口定义变更","harmonyos_behavior_changes/HarmonyOS_26.0.0(26)_Beta1.json","CommonMethod","",".fontColor($r('app.color.text_primary'))","ArkTS","entry\src\main\ets\pages\EditSimplePage.ets:99","declare class CommonMethod<T>@entry\src\main\ets\pages\EditSimplePage.ets:99","","26.0.0(26)","declare class CommonMethod<T>"
"declare class CommonMethod<T>","接口定义变更","harmonyos_behavior_changes/HarmonyOS_26.0.0(26)_Beta1.json","CommonMethod","",".width($r('app.float.hot_icon_size'))","ArkTS","entry\src\main\ets\pages\Index.ets:103","declare class CommonMethod<T>@entry\src\main\ets\pages\Index.ets:103","","26.0.0(26)","declare class CommonMethod<T>"
"declare class CommonMethod<T>","接口定义变更","harmonyos_behavior_changes/HarmonyOS_26.0.0(26)_Beta1.json","CommonMethod","",".height($r('app.float.hot_icon_size'))","ArkTS","entry\src\main\ets\pages\Index.ets:104","declare class CommonMethod<T>@entry\src\main\ets\pages\Index.ets:104","","26.0.0(26)","declare class CommonMethod<T>"
"declare class CommonMethod<T>","接口定义变更","harmonyos_behavior_changes/HarmonyOS_26.0.0(26)_Beta1.json","CommonMethod","",".objectFit(ImageFit.Fill)","ArkTS","entry\src\main\ets\pages\Index.ets:105","declare class CommonMethod<T>@entry\src\main\ets\pages\Index.ets:105","","26.0.0(26)","declare class CommonMethod<T>"
"declare class CommonMethod<T>","接口定义变更","harmonyos_behavior_changes/HarmonyOS_26.0.0(26)_Beta1.json","CommonMethod","",".fontSize($r('app.float.title_font_size'))","ArkTS","entry\src\main\ets\pages\Index.ets:108","declare class CommonMethod<T>@entry\src\main\ets\pages\Index.ets:108","","26.0.0(26)","declare class CommonMethod<T>"
"declare class CommonMethod<T>","接口定义变更","harmonyos_behavior_changes/HarmonyOS_26.0.0(26)_Beta1.json","CommonMethod","",".fontColor($r('app.color.text_primary'))","ArkTS","entry\src\main\ets\pages\Index.ets:109","declare class CommonMethod<T>@entry\src\main\ets\pages\Index.ets:109","","26.0.0(26)","declare class CommonMethod<T>"
"declare class CommonMethod<T>","接口定义变更","harmonyos_behavior_changes/HarmonyOS_26.0.0(26)_Beta1.json","CommonMethod","",".fontWeight(FontWeight.Bold)","ArkTS","entry\src\main\ets\pages\Index.ets:110","declare class CommonMethod<T>@entry\src\main\ets\pages\Index.ets:110","","26.0.0(26)","declare class CommonMethod<T>"
"declare class CommonMethod<T>","接口定义变更","harmonyos_behavior_changes/HarmonyOS_26.0.0(26)_Beta1.json","CommonMethod","",".margin({ left: 5 })","ArkTS","entry\src\main\ets\pages\Index.ets:111","declare class CommonMethod<T>@entry\src\main\ets\pages\Index.ets:111","","26.0.0(26)","declare class CommonMethod<T>"
"declare class CommonMethod<T>","接口定义变更","harmonyos_behavior_changes/HarmonyOS_26.0.0(26)_Beta1.json","CommonMethod","",".padding({","ArkTS","entry\src\main\ets\pages\Index.ets:112","declare class CommonMethod<T>@entry\src\main\ets\pages\Index.ets:112","","26.0.0(26)","declare class CommonMethod<T>"
"declare class CommonMethod<T>","接口定义变更","harmonyos_behavior_changes/HarmonyOS_26.0.0(26)_Beta1.json","CommonMethod","",".width('100%')","ArkTS","entry\src\main\ets\pages\Index.ets:117","declare class CommonMethod<T>@entry\src\main\ets\pages\Index.ets:117","","26.0.0(26)","declare class CommonMethod<T>"
"declare class CommonMethod<T>","接口定义变更","harmonyos_behavior_changes/HarmonyOS_26.0.0(26)_Beta1.json","CommonMethod","",".alignItems(VerticalAlign.Center)","ArkTS","entry\src\main\ets\pages\Index.ets:118","declare class CommonMethod<T>@entry\src\main\ets\pages\Index.ets:118","","26.0.0(26)","declare class CommonMethod<T>"
"declare class CommonMethod<T>","接口定义变更","harmonyos_behavior_changes/HarmonyOS_26.0.0(26)_Beta1.json","CommonMethod","","controller: this.controller,","ArkTS","entry\src\main\ets\pages\Index.ets:122","declare class CommonMethod<T>@entry\src\main\ets\pages\Index.ets:122","","26.0.0(26)","declare class CommonMethod<T>"
"declare class CommonMethod<T>","接口定义变更","harmonyos_behavior_changes/HarmonyOS_26.0.0(26)_Beta1.json","CommonMethod","",".width('100%')","ArkTS","entry\src\main\ets\pages\Index.ets:136","declare class CommonMethod<T>@entry\src\main\ets\pages\Index.ets:136","","26.0.0(26)","declare class CommonMethod<T>"
"declare class CommonMethod<T>","接口定义变更","harmonyos_behavior_changes/HarmonyOS_26.0.0(26)_Beta1.json","CommonMethod","",".height($r('app.float.divider_height'))","ArkTS","entry\src\main\ets\pages\Index.ets:137","declare class CommonMethod<T>@entry\src\main\ets\pages\Index.ets:137","","26.0.0(26)","declare class CommonMethod<T>"
"declare class CommonMethod<T>","接口定义变更","harmonyos_behavior_changes/HarmonyOS_26.0.0(26)_Beta1.json","CommonMethod","",".backgroundColor($r('app.color.divider_gray'))","ArkTS","entry\src\main\ets\pages\Index.ets:138","declare class CommonMethod<T>@entry\src\main\ets\pages\Index.ets:138","","26.0.0(26)","declare class CommonMethod<T>"
"declare class CommonMethod<T>","接口定义变更","harmonyos_behavior_changes/HarmonyOS_26.0.0(26)_Beta1.json","CommonMethod","",".width('60%')","ArkTS","entry\src\main\ets\pages\Index.ets:143","declare class CommonMethod<T>@entry\src\main\ets\pages\Index.ets:143","","26.0.0(26)","declare class CommonMethod<T>"
"declare class CommonMethod<T>","接口定义变更","harmonyos_behavior_changes/HarmonyOS_26.0.0(26)_Beta1.json","CommonMethod","",".type(ButtonType.Capsule)","ArkTS","entry\src\main\ets\pages\Index.ets:144","declare class CommonMethod<T>@entry\src\main\ets\pages\Index.ets:144","","26.0.0(26)","declare class CommonMethod<T>"
"declare class CommonMethod<T>","接口定义变更","harmonyos_behavior_changes/HarmonyOS_26.0.0(26)_Beta1.json","CommonMethod","",".onClick(() => {","ArkTS","entry\src\main\ets\pages\Index.ets:145","declare class CommonMethod<T>@entry\src\main\ets\pages\Index.ets:145","","26.0.0(26)","declare class CommonMethod<T>"
"declare class CommonMethod<T>","接口定义变更","harmonyos_behavior_changes/HarmonyOS_26.0.0(26)_Beta1.json","CommonMethod","",".type(ButtonType.Capsule)","ArkTS","entry\src\main\ets\pages\Index.ets:151","declare class CommonMethod<T>@entry\src\main\ets\pages\Index.ets:151","","26.0.0(26)","declare class CommonMethod<T>"
"declare class CommonMethod<T>","接口定义变更","harmonyos_behavior_changes/HarmonyOS_26.0.0(26)_Beta1.json","CommonMethod","",".onClick(() => {","ArkTS","entry\src\main\ets\pages\Index.ets:152","declare class CommonMethod<T>@entry\src\main\ets\pages\Index.ets:152","","26.0.0(26)","declare class CommonMethod<T>"
"declare class CommonMethod<T>","接口定义变更","harmonyos_behavior_changes/HarmonyOS_26.0.0(26)_Beta1.json","CommonMethod","","this.getUIContext().getRouter().pushUrl({ url: 'pages/SelectSimplePage' });","ArkTS","entry\src\main\ets\pages\Index.ets:153","declare class CommonMethod<T>@entry\src\main\ets\pages\Index.ets:153","this","26.0.0(26)","declare class CommonMethod<T>"
"declare class CommonMethod<T>","接口定义变更","harmonyos_behavior_changes/HarmonyOS_26.0.0(26)_Beta1.json","CommonMethod","",".type(ButtonType.Capsule)","ArkTS","entry\src\main\ets\pages\Index.ets:157","declare class CommonMethod<T>@entry\src\main\ets\pages\Index.ets:157","","26.0.0(26)","declare class CommonMethod<T>"
"declare class CommonMethod<T>","接口定义变更","harmonyos_behavior_changes/HarmonyOS_26.0.0(26)_Beta1.json","CommonMethod","",".onClick(() => {","ArkTS","entry\src\main\ets\pages\Index.ets:158","declare class CommonMethod<T>@entry\src\main\ets\pages\Index.ets:158","","26.0.0(26)","declare class CommonMethod<T>"
"declare class CommonMethod<T>","接口定义变更","harmonyos_behavior_changes/HarmonyOS_26.0.0(26)_Beta1.json","CommonMethod","","this.getUIContext().getRouter().pushUrl({ url: 'pages/EditSimplePage' });","ArkTS","entry\src\main\ets\pages\Index.ets:159","declare class CommonMethod<T>@entry\src\main\ets\pages\Index.ets:159","this","26.0.0(26)","declare class CommonMethod<T>"
"declare class CommonMethod<T>","接口定义变更","harmonyos_behavior_changes/HarmonyOS_26.0.0(26)_Beta1.json","CommonMethod","",".justifyContent(FlexAlign.Center)","ArkTS","entry\src\main\ets\pages\Index.ets:162","declare class CommonMethod<T>@entry\src\main\ets\pages\Index.ets:162","","26.0.0(26)","declare class CommonMethod<T>"
"declare class CommonMethod<T>","接口定义变更","harmonyos_behavior_changes/HarmonyOS_26.0.0(26)_Beta1.json","CommonMethod","",".width('100%')","ArkTS","entry\src\main\ets\pages\Index.ets:164","declare class CommonMethod<T>@entry\src\main\ets\pages\Index.ets:164","","26.0.0(26)","declare class CommonMethod<T>"
"declare class CommonMethod<T>","接口定义变更","harmonyos_behavior_changes/HarmonyOS_26.0.0(26)_Beta1.json","CommonMethod","",".alignItems(HorizontalAlign.Center)","ArkTS","entry\src\main\ets\pages\Index.ets:165","declare class CommonMethod<T>@entry\src\main\ets\pages\Index.ets:165","","26.0.0(26)","declare class CommonMethod<T>"
"declare class CommonMethod<T>","接口定义变更","harmonyos_behavior_changes/HarmonyOS_26.0.0(26)_Beta1.json","CommonMethod","",".padding({ top: 40 })","ArkTS","entry\src\main\ets\pages\Index.ets:166","declare class CommonMethod<T>@entry\src\main\ets\pages\Index.ets:166","","26.0.0(26)","declare class CommonMethod<T>"
"declare class CommonMethod<T>","接口定义变更","harmonyos_behavior_changes/HarmonyOS_26.0.0(26)_Beta1.json","CommonMethod","",".width('100%')","ArkTS","entry\src\main\ets\pages\Index.ets:168","declare class CommonMethod<T>@entry\src\main\ets\pages\Index.ets:168","","26.0.0(26)","declare class CommonMethod<T>"
"declare class CommonMethod<T>","接口定义变更","harmonyos_behavior_changes/HarmonyOS_26.0.0(26)_Beta1.json","CommonMethod","",".padding({","ArkTS","entry\src\main\ets\pages\Index.ets:169","declare class CommonMethod<T>@entry\src\main\ets\pages\Index.ets:169","","26.0.0(26)","declare class CommonMethod<T>"
"declare class CommonMethod<T>","接口定义变更","harmonyos_behavior_changes/HarmonyOS_26.0.0(26)_Beta1.json","CommonMethod","",".width('100%')","ArkTS","entry\src\main\ets\pages\Index.ets:175","declare class CommonMethod<T>@entry\src\main\ets\pages\Index.ets:175","","26.0.0(26)","declare class CommonMethod<T>"
"declare class CommonMethod<T>","接口定义变更","harmonyos_behavior_changes/HarmonyOS_26.0.0(26)_Beta1.json","CommonMethod","",".height('100%')","ArkTS","entry\src\main\ets\pages\Index.ets:176","declare class CommonMethod<T>@entry\src\main\ets\pages\Index.ets:176","","26.0.0(26)","declare class CommonMethod<T>"
"declare class CommonMethod<T>","接口定义变更","harmonyos_behavior_changes/HarmonyOS_26.0.0(26)_Beta1.json","CommonMethod","",".backgroundColor($r('app.color.page_background'))","ArkTS","entry\src\main\ets\pages\Index.ets:177","declare class CommonMethod<T>@entry\src\main\ets\pages\Index.ets:177","","26.0.0(26)","declare class CommonMethod<T>"
"declare class CommonMethod<T>","接口定义变更","harmonyos_behavior_changes/HarmonyOS_26.0.0(26)_Beta1.json","CommonMethod","",".scrollBar(BarState.Off)","ArkTS","entry\src\main\ets\pages\Index.ets:178","declare class CommonMethod<T>@entry\src\main\ets\pages\Index.ets:178","","26.0.0(26)","declare class CommonMethod<T>"
"declare class CommonMethod<T>","接口定义变更","harmonyos_behavior_changes/HarmonyOS_26.0.0(26)_Beta1.json","CommonMethod","",".edgeEffect(EdgeEffect.Spring)","ArkTS","entry\src\main\ets\pages\Index.ets:179","declare class CommonMethod<T>@entry\src\main\ets\pages\Index.ets:179","","26.0.0(26)","declare class CommonMethod<T>"
"declare class CommonMethod<T>","接口定义变更","harmonyos_behavior_changes/HarmonyOS_26.0.0(26)_Beta1.json","CommonMethod","","this.getUIContext().getPromptAction().showToast({ message: text });","ArkTS","entry\src\main\ets\pages\Index.ets:52","declare class CommonMethod<T>@entry\src\main\ets\pages\Index.ets:52","this","26.0.0(26)","declare class CommonMethod<T>"
"declare class CommonMethod<T>","接口定义变更","harmonyos_behavior_changes/HarmonyOS_26.0.0(26)_Beta1.json","CommonMethod","",".fontSize($r('app.float.tag_font_size'))","ArkTS","entry\src\main\ets\pages\Index.ets:77","declare class CommonMethod<T>@entry\src\main\ets\pages\Index.ets:77","","26.0.0(26)","declare class CommonMethod<T>"
"declare class CommonMethod<T>","接口定义变更","harmonyos_behavior_changes/HarmonyOS_26.0.0(26)_Beta1.json","CommonMethod","",".fontColor($r('app.color.text_primary'))","ArkTS","entry\src\main\ets\pages\Index.ets:78","declare class CommonMethod<T>@entry\src\main\ets\pages\Index.ets:78","","26.0.0(26)","declare class CommonMethod<T>"
"declare class CommonMethod<T>","接口定义变更","harmonyos_behavior_changes/HarmonyOS_26.0.0(26)_Beta1.json","CommonMethod","",".backgroundColor($r('app.color.tag_background'))","ArkTS","entry\src\main\ets\pages\Index.ets:79","declare class CommonMethod<T>@entry\src\main\ets\pages\Index.ets:79","","26.0.0(26)","declare class CommonMethod<T>"
"declare class CommonMethod<T>","接口定义变更","harmonyos_behavior_changes/HarmonyOS_26.0.0(26)_Beta1.json","CommonMethod","",".borderRadius($r('app.float.tag_corner_radius'))","ArkTS","entry\src\main\ets\pages\Index.ets:80","declare class CommonMethod<T>@entry\src\main\ets\pages\Index.ets:80","","26.0.0(26)","declare class CommonMethod<T>"
"declare class CommonMethod<T>","接口定义变更","harmonyos_behavior_changes/HarmonyOS_26.0.0(26)_Beta1.json","CommonMethod","",".padding({","ArkTS","entry\src\main\ets\pages\Index.ets:81","declare class CommonMethod<T>@entry\src\main\ets\pages\Index.ets:81","","26.0.0(26)","declare class CommonMethod<T>"
"declare class CommonMethod<T>","接口定义变更","harmonyos_behavior_changes/HarmonyOS_26.0.0(26)_Beta1.json","CommonMethod","",".margin($r('app.float.tag_margin'))","ArkTS","entry\src\main\ets\pages\Index.ets:87","declare class CommonMethod<T>@entry\src\main\ets\pages\Index.ets:87","","26.0.0(26)","declare class CommonMethod<T>"
"declare class CommonMethod<T>","接口定义变更","harmonyos_behavior_changes/HarmonyOS_26.0.0(26)_Beta1.json","CommonMethod","",".constraintSize({ maxWidth: '100%' })","ArkTS","entry\src\main\ets\pages\Index.ets:88","declare class CommonMethod<T>@entry\src\main\ets\pages\Index.ets:88","","26.0.0(26)","declare class CommonMethod<T>"
"declare class CommonMethod<T>","接口定义变更","harmonyos_behavior_changes/HarmonyOS_26.0.0(26)_Beta1.json","CommonMethod","",".onClick(() => {","ArkTS","entry\src\main\ets\pages\Index.ets:89","declare class CommonMethod<T>@entry\src\main\ets\pages\Index.ets:89","","26.0.0(26)","declare class CommonMethod<T>"
"declare class CommonMethod<T>","接口定义变更","harmonyos_behavior_changes/HarmonyOS_26.0.0(26)_Beta1.json","CommonMethod","",".width('100%')","ArkTS","entry\src\main\ets\pages\SelectSimplePage.ets:103","declare class CommonMethod<T>@entry\src\main\ets\pages\SelectSimplePage.ets:103","","26.0.0(26)","declare class CommonMethod<T>"
"declare class CommonMethod<T>","接口定义变更","harmonyos_behavior_changes/HarmonyOS_26.0.0(26)_Beta1.json","CommonMethod","",".height($r('app.float.divider_height'))","ArkTS","entry\src\main\ets\pages\SelectSimplePage.ets:104","declare class CommonMethod<T>@entry\src\main\ets\pages\SelectSimplePage.ets:104","","26.0.0(26)","declare class CommonMethod<T>"
"declare class CommonMethod<T>","接口定义变更","harmonyos_behavior_changes/HarmonyOS_26.0.0(26)_Beta1.json","CommonMethod","",".backgroundColor($r('app.color.divider_gray'))","ArkTS","entry\src\main\ets\pages\SelectSimplePage.ets:105","declare class CommonMethod<T>@entry\src\main\ets\pages\SelectSimplePage.ets:105","","26.0.0(26)","declare class CommonMethod<T>"
"declare class CommonMethod<T>","接口定义变更","harmonyos_behavior_changes/HarmonyOS_26.0.0(26)_Beta1.json","CommonMethod","",".width('100%')","ArkTS","entry\src\main\ets\pages\SelectSimplePage.ets:107","declare class CommonMethod<T>@entry\src\main\ets\pages\SelectSimplePage.ets:107","","26.0.0(26)","declare class CommonMethod<T>"
"declare class CommonMethod<T>","接口定义变更","harmonyos_behavior_changes/HarmonyOS_26.0.0(26)_Beta1.json","CommonMethod","",".padding({","ArkTS","entry\src\main\ets\pages\SelectSimplePage.ets:108","declare class CommonMethod<T>@entry\src\main\ets\pages\SelectSimplePage.ets:108","","26.0.0(26)","declare class CommonMethod<T>"
"declare class CommonMethod<T>","接口定义变更","harmonyos_behavior_changes/HarmonyOS_26.0.0(26)_Beta1.json","CommonMethod","",".width('100%')","ArkTS","entry\src\main\ets\pages\SelectSimplePage.ets:114","declare class CommonMethod<T>@entry\src\main\ets\pages\SelectSimplePage.ets:114","","26.0.0(26)","declare class CommonMethod<T>"
"declare class CommonMethod<T>","接口定义变更","harmonyos_behavior_changes/HarmonyOS_26.0.0(26)_Beta1.json","CommonMethod","",".height('100%')","ArkTS","entry\src\main\ets\pages\SelectSimplePage.ets:115","declare class CommonMethod<T>@entry\src\main\ets\pages\SelectSimplePage.ets:115","","26.0.0(26)","declare class CommonMethod<T>"
"declare class CommonMethod<T>","接口定义变更","harmonyos_behavior_changes/HarmonyOS_26.0.0(26)_Beta1.json","CommonMethod","",".backgroundColor($r('app.color.page_background'))","ArkTS","entry\src\main\ets\pages\SelectSimplePage.ets:116","declare class CommonMethod<T>@entry\src\main\ets\pages\SelectSimplePage.ets:116","","26.0.0(26)","declare class CommonMethod<T>"
"declare class CommonMethod<T>","接口定义变更","harmonyos_behavior_changes/HarmonyOS_26.0.0(26)_Beta1.json","CommonMethod","",".scrollBar(BarState.Off)","ArkTS","entry\src\main\ets\pages\SelectSimplePage.ets:117","declare class CommonMethod<T>@entry\src\main\ets\pages\SelectSimplePage.ets:117","","26.0.0(26)","declare class CommonMethod<T>"
"declare class CommonMethod<T>","接口定义变更","harmonyos_behavior_changes/HarmonyOS_26.0.0(26)_Beta1.json","CommonMethod","",".edgeEffect(EdgeEffect.Spring)","ArkTS","entry\src\main\ets\pages\SelectSimplePage.ets:118","declare class CommonMethod<T>@entry\src\main\ets\pages\SelectSimplePage.ets:118","","26.0.0(26)","declare class CommonMethod<T>"
"declare class CommonMethod<T>","接口定义变更","harmonyos_behavior_changes/HarmonyOS_26.0.0(26)_Beta1.json","CommonMethod","",".fontSize($r('app.float.tag_font_size'))","ArkTS","entry\src\main\ets\pages\SelectSimplePage.ets:34","declare class CommonMethod<T>@entry\src\main\ets\pages\SelectSimplePage.ets:34","","26.0.0(26)","declare class CommonMethod<T>"
"declare class CommonMethod<T>","接口定义变更","harmonyos_behavior_changes/HarmonyOS_26.0.0(26)_Beta1.json","CommonMethod","",".fontColor($r('app.color.text_primary'))","ArkTS","entry\src\main\ets\pages\SelectSimplePage.ets:35","declare class CommonMethod<T>@entry\src\main\ets\pages\SelectSimplePage.ets:35","","26.0.0(26)","declare class CommonMethod<T>"
"declare class CommonMethod<T>","接口定义变更","harmonyos_behavior_changes/HarmonyOS_26.0.0(26)_Beta1.json","CommonMethod","",".backgroundColor((view as InterestTagItemView).isSelected","ArkTS","entry\src\main\ets\pages\SelectSimplePage.ets:36","declare class CommonMethod<T>@entry\src\main\ets\pages\SelectSimplePage.ets:36","","26.0.0(26)","declare class CommonMethod<T>"
"declare class CommonMethod<T>","接口定义变更","harmonyos_behavior_changes/HarmonyOS_26.0.0(26)_Beta1.json","CommonMethod","",".borderRadius($r('app.float.tag_corner_radius'))","ArkTS","entry\src\main\ets\pages\SelectSimplePage.ets:39","declare class CommonMethod<T>@entry\src\main\ets\pages\SelectSimplePage.ets:39","","26.0.0(26)","declare class CommonMethod<T>"
"declare class CommonMethod<T>","接口定义变更","harmonyos_behavior_changes/HarmonyOS_26.0.0(26)_Beta1.json","CommonMethod","",".padding({","ArkTS","entry\src\main\ets\pages\SelectSimplePage.ets:40","declare class CommonMethod<T>@entry\src\main\ets\pages\SelectSimplePage.ets:40","","26.0.0(26)","declare class CommonMethod<T>"
"declare class CommonMethod<T>","接口定义变更","harmonyos_behavior_changes/HarmonyOS_26.0.0(26)_Beta1.json","CommonMethod","",".margin($r('app.float.tag_margin'))","ArkTS","entry\src\main\ets\pages\SelectSimplePage.ets:46","declare class CommonMethod<T>@entry\src\main\ets\pages\SelectSimplePage.ets:46","","26.0.0(26)","declare class CommonMethod<T>"
"declare class CommonMethod<T>","接口定义变更","harmonyos_behavior_changes/HarmonyOS_26.0.0(26)_Beta1.json","CommonMethod","",".constraintSize({ maxWidth: '100%' })","ArkTS","entry\src\main\ets\pages\SelectSimplePage.ets:47","declare class CommonMethod<T>@entry\src\main\ets\pages\SelectSimplePage.ets:47","","26.0.0(26)","declare class CommonMethod<T>"
"declare class CommonMethod<T>","接口定义变更","harmonyos_behavior_changes/HarmonyOS_26.0.0(26)_Beta1.json","CommonMethod","",".onClick(() => {","ArkTS","entry\src\main\ets\pages\SelectSimplePage.ets:48","declare class CommonMethod<T>@entry\src\main\ets\pages\SelectSimplePage.ets:48","","26.0.0(26)","declare class CommonMethod<T>"
"declare class CommonMethod<T>","接口定义变更","harmonyos_behavior_changes/HarmonyOS_26.0.0(26)_Beta1.json","CommonMethod","",".fontSize(20)","ArkTS","entry\src\main\ets\pages\SelectSimplePage.ets:62","declare class CommonMethod<T>@entry\src\main\ets\pages\SelectSimplePage.ets:62","","26.0.0(26)","declare class CommonMethod<T>"
"declare class CommonMethod<T>","接口定义变更","harmonyos_behavior_changes/HarmonyOS_26.0.0(26)_Beta1.json","CommonMethod","",".fontColor($r('app.color.text_primary'))","ArkTS","entry\src\main\ets\pages\SelectSimplePage.ets:63","declare class CommonMethod<T>@entry\src\main\ets\pages\SelectSimplePage.ets:63","","26.0.0(26)","declare class CommonMethod<T>"
"declare class CommonMethod<T>","接口定义变更","harmonyos_behavior_changes/HarmonyOS_26.0.0(26)_Beta1.json","CommonMethod","",".onClick(() => {","ArkTS","entry\src\main\ets\pages\SelectSimplePage.ets:64","declare class CommonMethod<T>@entry\src\main\ets\pages\SelectSimplePage.ets:64","","26.0.0(26)","declare class CommonMethod<T>"
"declare class CommonMethod<T>","接口定义变更","harmonyos_behavior_changes/HarmonyOS_26.0.0(26)_Beta1.json","CommonMethod","","this.getUIContext().getRouter().back();","ArkTS","entry\src\main\ets\pages\SelectSimplePage.ets:65","declare class CommonMethod<T>@entry\src\main\ets\pages\SelectSimplePage.ets:65","this","26.0.0(26)","declare class CommonMethod<T>"
"declare class CommonMethod<T>","接口定义变更","harmonyos_behavior_changes/HarmonyOS_26.0.0(26)_Beta1.json","CommonMethod","",".margin({ right: 8 })","ArkTS","entry\src\main\ets\pages\SelectSimplePage.ets:67","declare class CommonMethod<T>@entry\src\main\ets\pages\SelectSimplePage.ets:67","","26.0.0(26)","declare class CommonMethod<T>"
"declare class CommonMethod<T>","接口定义变更","harmonyos_behavior_changes/HarmonyOS_26.0.0(26)_Beta1.json","CommonMethod","",".width($r('app.float.hot_icon_size'))","ArkTS","entry\src\main\ets\pages\SelectSimplePage.ets:70","declare class CommonMethod<T>@entry\src\main\ets\pages\SelectSimplePage.ets:70","","26.0.0(26)","declare class CommonMethod<T>"
"declare class CommonMethod<T>","接口定义变更","harmonyos_behavior_changes/HarmonyOS_26.0.0(26)_Beta1.json","CommonMethod","",".height($r('app.float.hot_icon_size'))","ArkTS","entry\src\main\ets\pages\SelectSimplePage.ets:71","declare class CommonMethod<T>@entry\src\main\ets\pages\SelectSimplePage.ets:71","","26.0.0(26)","declare class CommonMethod<T>"
"declare class CommonMethod<T>","接口定义变更","harmonyos_behavior_changes/HarmonyOS_26.0.0(26)_Beta1.json","CommonMethod","",".objectFit(ImageFit.Fill)","ArkTS","entry\src\main\ets\pages\SelectSimplePage.ets:72","declare class CommonMethod<T>@entry\src\main\ets\pages\SelectSimplePage.ets:72","","26.0.0(26)","declare class CommonMethod<T>"
"declare class CommonMethod<T>","接口定义变更","harmonyos_behavior_changes/HarmonyOS_26.0.0(26)_Beta1.json","CommonMethod","",".fontSize($r('app.float.title_font_size'))","ArkTS","entry\src\main\ets\pages\SelectSimplePage.ets:75","declare class CommonMethod<T>@entry\src\main\ets\pages\SelectSimplePage.ets:75","","26.0.0(26)","declare class CommonMethod<T>"
"declare class CommonMethod<T>","接口定义变更","harmonyos_behavior_changes/HarmonyOS_26.0.0(26)_Beta1.json","CommonMethod","",".fontColor($r('app.color.text_primary'))","ArkTS","entry\src\main\ets\pages\SelectSimplePage.ets:76","declare class CommonMethod<T>@entry\src\main\ets\pages\SelectSimplePage.ets:76","","26.0.0(26)","declare class CommonMethod<T>"
"declare class CommonMethod<T>","接口定义变更","harmonyos_behavior_changes/HarmonyOS_26.0.0(26)_Beta1.json","CommonMethod","",".fontWeight(FontWeight.Bold)","ArkTS","entry\src\main\ets\pages\SelectSimplePage.ets:77","declare class CommonMethod<T>@entry\src\main\ets\pages\SelectSimplePage.ets:77","","26.0.0(26)","declare class CommonMethod<T>"
"declare class CommonMethod<T>","接口定义变更","harmonyos_behavior_changes/HarmonyOS_26.0.0(26)_Beta1.json","CommonMethod","",".margin({ left: 5 })","ArkTS","entry\src\main\ets\pages\SelectSimplePage.ets:78","declare class CommonMethod<T>@entry\src\main\ets\pages\SelectSimplePage.ets:78","","26.0.0(26)","declare class CommonMethod<T>"
"declare class CommonMethod<T>","接口定义变更","harmonyos_behavior_changes/HarmonyOS_26.0.0(26)_Beta1.json","CommonMethod","",".padding({","ArkTS","entry\src\main\ets\pages\SelectSimplePage.ets:79","declare class CommonMethod<T>@entry\src\main\ets\pages\SelectSimplePage.ets:79","","26.0.0(26)","declare class CommonMethod<T>"
"declare class CommonMethod<T>","接口定义变更","harmonyos_behavior_changes/HarmonyOS_26.0.0(26)_Beta1.json","CommonMethod","",".width('100%')","ArkTS","entry\src\main\ets\pages\SelectSimplePage.ets:84","declare class CommonMethod<T>@entry\src\main\ets\pages\SelectSimplePage.ets:84","","26.0.0(26)","declare class CommonMethod<T>"
"declare class CommonMethod<T>","接口定义变更","harmonyos_behavior_changes/HarmonyOS_26.0.0(26)_Beta1.json","CommonMethod","",".alignItems(VerticalAlign.Center)","ArkTS","entry\src\main\ets\pages\SelectSimplePage.ets:85","declare class CommonMethod<T>@entry\src\main\ets\pages\SelectSimplePage.ets:85","","26.0.0(26)","declare class CommonMethod<T>"
"declare class CommonMethod<T>","接口定义变更","harmonyos_behavior_changes/HarmonyOS_26.0.0(26)_Beta1.json","CommonMethod","","controller: this.controller,","ArkTS","entry\src\main\ets\pages\SelectSimplePage.ets:89","declare class CommonMethod<T>@entry\src\main\ets\pages\SelectSimplePage.ets:89","","26.0.0(26)","declare class CommonMethod<T>"
"declare class CommonMethod<T>","接口定义变更","harmonyos_behavior_changes/HarmonyOS_26.0.0(26)_Beta1.json","CommonMethod","","this.controller.bind(","ArkTS","ohos_library\src\main\ets\components\FlexTags.ets:100","declare class CommonMethod<T>@ohos_library\src\main\ets\components\FlexTags.ets:100","this","26.0.0(26)","declare class CommonMethod<T>"
"declare class CommonMethod<T>","接口定义变更","harmonyos_behavior_changes/HarmonyOS_26.0.0(26)_Beta1.json","CommonMethod","","direction: this.options.direction ?? FlexDirection.Row,","ArkTS","ohos_library\src\main\ets\components\FlexTags.ets:170","declare class CommonMethod<T>@ohos_library\src\main\ets\components\FlexTags.ets:170","","26.0.0(26)","declare class CommonMethod<T>"
"declare class CommonMethod<T>","接口定义变更","harmonyos_behavior_changes/HarmonyOS_26.0.0(26)_Beta1.json","CommonMethod","","justifyContent: this.options.justifyContent ?? FlexAlign.Start,","ArkTS","ohos_library\src\main\ets\components\FlexTags.ets:172","declare class CommonMethod<T>@ohos_library\src\main\ets\components\FlexTags.ets:172","","26.0.0(26)","declare class CommonMethod<T>"
"declare class CommonMethod<T>","接口定义变更","harmonyos_behavior_changes/HarmonyOS_26.0.0(26)_Beta1.json","CommonMethod","","alignItems: this.options.alignItems ?? ItemAlign.Start,","ArkTS","ohos_library\src\main\ets\components\FlexTags.ets:173","declare class CommonMethod<T>@ohos_library\src\main\ets\components\FlexTags.ets:173","","26.0.0(26)","declare class CommonMethod<T>"
"declare class CommonMethod<T>","接口定义变更","harmonyos_behavior_changes/HarmonyOS_26.0.0(26)_Beta1.json","CommonMethod","","if (this.controller !== null) {","ArkTS","ohos_library\src\main\ets\components\FlexTags.ets:99","declare class CommonMethod<T>@ohos_library\src\main\ets\components\FlexTags.ets:99","","26.0.0(26)","declare class CommonMethod<T>"
"declare const Button: ButtonInterface","UX视觉布局变更","harmonyos_behavior_changes/HarmonyOS_5.1.0(18)_Release.json","Button","","Button($r('app.string.btn_add'))","ArkTS","entry\src\main\ets\pages\EditSimplePage.ets:144","declare const Button: ButtonInterface@entry\src\main\ets\pages\EditSimplePage.ets:144","","5.1.0(18)","declare const Button: ButtonInterface"
"declare const Button: ButtonInterface","UX视觉布局变更","harmonyos_behavior_changes/HarmonyOS_5.1.0(18)_Release.json","Button","","Button($r('app.string.btn_random_test'))","ArkTS","entry\src\main\ets\pages\Index.ets:142","declare const Button: ButtonInterface@entry\src\main\ets\pages\Index.ets:142","","5.1.0(18)","declare const Button: ButtonInterface"
"declare const Button: ButtonInterface","UX视觉布局变更","harmonyos_behavior_changes/HarmonyOS_5.1.0(18)_Release.json","Button","","Button($r('app.string.btn_select_simple'))","ArkTS","entry\src\main\ets\pages\Index.ets:150","declare const Button: ButtonInterface@entry\src\main\ets\pages\Index.ets:150","","5.1.0(18)","declare const Button: ButtonInterface"
"declare const Button: ButtonInterface","UX视觉布局变更","harmonyos_behavior_changes/HarmonyOS_5.1.0(18)_Release.json","Button","","Button($r('app.string.btn_edit_simple'))","ArkTS","entry\src\main\ets\pages\Index.ets:156","declare const Button: ButtonInterface@entry\src\main\ets\pages\Index.ets:156","","5.1.0(18)","declare const Button: ButtonInterface"
"declare const Text: TextInterface","UX视觉布局变更","harmonyos_behavior_changes/HarmonyOS_26.0.0(26)_Beta1.json","Text","","Text($r('app.string.label_new_tag'))","ArkTS","entry\src\main\ets\pages\EditSimplePage.ets:132","declare const Text: TextInterface@entry\src\main\ets\pages\EditSimplePage.ets:132","","26.0.0(26)","declare const Text: TextInterface"
"declare const Text: TextInterface","UX视觉布局变更","harmonyos_behavior_changes/HarmonyOS_26.0.0(26)_Beta1.json","Text","","Text((view as EditTagItemView).text)","ArkTS","entry\src\main\ets\pages\EditSimplePage.ets:50","declare const Text: TextInterface@entry\src\main\ets\pages\EditSimplePage.ets:50","","26.0.0(26)","declare const Text: TextInterface"
"declare const Text: TextInterface","UX视觉布局变更","harmonyos_behavior_changes/HarmonyOS_26.0.0(26)_Beta1.json","Text","","Text('◀')","ArkTS","entry\src\main\ets\pages\EditSimplePage.ets:84","declare const Text: TextInterface@entry\src\main\ets\pages\EditSimplePage.ets:84","","26.0.0(26)","declare const Text: TextInterface"
"declare const Text: TextInterface","UX视觉布局变更","harmonyos_behavior_changes/HarmonyOS_26.0.0(26)_Beta1.json","Text","","Text($r('app.string.title_edit_simple'))","ArkTS","entry\src\main\ets\pages\EditSimplePage.ets:97","declare const Text: TextInterface@entry\src\main\ets\pages\EditSimplePage.ets:97","","26.0.0(26)","declare const Text: TextInterface"
"declare const Text: TextInterface","UX视觉布局变更","harmonyos_behavior_changes/HarmonyOS_26.0.0(26)_Beta1.json","Text","","Text($r('app.string.title_hot_search'))","ArkTS","entry\src\main\ets\pages\Index.ets:107","declare const Text: TextInterface@entry\src\main\ets\pages\Index.ets:107","","26.0.0(26)","declare const Text: TextInterface"
"declare const Text: TextInterface","UX视觉布局变更","harmonyos_behavior_changes/HarmonyOS_26.0.0(26)_Beta1.json","Text","","Text((view as HotSearchItemView).text)","ArkTS","entry\src\main\ets\pages\Index.ets:76","declare const Text: TextInterface@entry\src\main\ets\pages\Index.ets:76","","26.0.0(26)","declare const Text: TextInterface"
"declare const Text: TextInterface","UX视觉布局变更","harmonyos_behavior_changes/HarmonyOS_26.0.0(26)_Beta1.json","Text","","Text((view as InterestTagItemView).text)","ArkTS","entry\src\main\ets\pages\SelectSimplePage.ets:33","declare const Text: TextInterface@entry\src\main\ets\pages\SelectSimplePage.ets:33","","26.0.0(26)","declare const Text: TextInterface"
"declare const Text: TextInterface","UX视觉布局变更","harmonyos_behavior_changes/HarmonyOS_26.0.0(26)_Beta1.json","Text","","Text('◀')","ArkTS","entry\src\main\ets\pages\SelectSimplePage.ets:61","declare const Text: TextInterface@entry\src\main\ets\pages\SelectSimplePage.ets:61","","26.0.0(26)","declare const Text: TextInterface"
"declare const Text: TextInterface","UX视觉布局变更","harmonyos_behavior_changes/HarmonyOS_26.0.0(26)_Beta1.json","Text","","Text($r('app.string.title_select_simple'))","ArkTS","entry\src\main\ets\pages\SelectSimplePage.ets:74","declare const Text: TextInterface@entry\src\main\ets\pages\SelectSimplePage.ets:74","","26.0.0(26)","declare const Text: TextInterface"
"declare const Text: TextInterface","UX视觉布局变更","harmonyos_behavior_changes/HarmonyOS_26.0.0(26)_Beta1.json","Text","","Text(view.tag)","ArkTS","ohos_library\src\main\ets\components\FlexTags.ets:94","declare const Text: TextInterface@ohos_library\src\main\ets\components\FlexTags.ets:94","","26.0.0(26)","declare const Text: TextInterface"
"declare type AccessibilityActionInterceptCallback = (action: AccessibilityAction) => AccessibilityActionInterceptResult","新增API","harmonyos_api_changes/HarmonyOS_6.0.0(20)_Beta1.json","declare","",".type(ButtonType.Capsule)","ArkTS","entry\src\main\ets\pages\EditSimplePage.ets:146","declare type AccessibilityActionInterceptCallback = (action: AccessibilityAction) => AccessibilityActionInterceptResult@entry\src\main\ets\pages\EditSimplePage.ets:146","","6.0.0(20)","declare type AccessibilityActionInterceptCallback = (action: AccessibilityAction) => AccessibilityActionInterceptResult"
"declare type AccessibilityActionInterceptCallback = (action: AccessibilityAction) => AccessibilityActionInterceptResult","新增API","harmonyos_api_changes/HarmonyOS_6.0.0(20)_Beta1.json","declare","",".type(ButtonType.Capsule)","ArkTS","entry\src\main\ets\pages\Index.ets:144","declare type AccessibilityActionInterceptCallback = (action: AccessibilityAction) => AccessibilityActionInterceptResult@entry\src\main\ets\pages\Index.ets:144","","6.0.0(20)","declare type AccessibilityActionInterceptCallback = (action: AccessibilityAction) => AccessibilityActionInterceptResult"
"declare type AccessibilityActionInterceptCallback = (action: AccessibilityAction) => AccessibilityActionInterceptResult","新增API","harmonyos_api_changes/HarmonyOS_6.0.0(20)_Beta1.json","declare","",".type(ButtonType.Capsule)","ArkTS","entry\src\main\ets\pages\Index.ets:151","declare type AccessibilityActionInterceptCallback = (action: AccessibilityAction) => AccessibilityActionInterceptResult@entry\src\main\ets\pages\Index.ets:151","","6.0.0(20)","declare type AccessibilityActionInterceptCallback = (action: AccessibilityAction) => AccessibilityActionInterceptResult"
"declare type AccessibilityActionInterceptCallback = (action: AccessibilityAction) => AccessibilityActionInterceptResult","新增API","harmonyos_api_changes/HarmonyOS_6.0.0(20)_Beta1.json","declare","",".type(ButtonType.Capsule)","ArkTS","entry\src\main\ets\pages\Index.ets:157","declare type AccessibilityActionInterceptCallback = (action: AccessibilityAction) => AccessibilityActionInterceptResult@entry\src\main\ets\pages\Index.ets:157","","6.0.0(20)","declare type AccessibilityActionInterceptCallback = (action: AccessibilityAction) => AccessibilityActionInterceptResult"
"declare type AccessibilityFocusCallback = (isFocus: boolean) => void","新增API","harmonyos_api_changes/HarmonyOS_5.1.0(18).json","declare","",".type(ButtonType.Capsule)","ArkTS","entry\src\main\ets\pages\EditSimplePage.ets:146","declare type AccessibilityFocusCallback = (isFocus: boolean) => void@entry\src\main\ets\pages\EditSimplePage.ets:146","","5.1.0(18)","declare type AccessibilityFocusCallback = (isFocus: boolean) => void"
"declare type AccessibilityFocusCallback = (isFocus: boolean) => void","新增API","harmonyos_api_changes/HarmonyOS_5.1.0(18).json","declare","",".type(ButtonType.Capsule)","ArkTS","entry\src\main\ets\pages\Index.ets:144","declare type AccessibilityFocusCallback = (isFocus: boolean) => void@entry\src\main\ets\pages\Index.ets:144","","5.1.0(18)","declare type AccessibilityFocusCallback = (isFocus: boolean) => void"
"declare type AccessibilityFocusCallback = (isFocus: boolean) => void","新增API","harmonyos_api_changes/HarmonyOS_5.1.0(18).json","declare","",".type(ButtonType.Capsule)","ArkTS","entry\src\main\ets\pages\Index.ets:151","declare type AccessibilityFocusCallback = (isFocus: boolean) => void@entry\src\main\ets\pages\Index.ets:151","","5.1.0(18)","declare type AccessibilityFocusCallback = (isFocus: boolean) => void"
"declare type AccessibilityFocusCallback = (isFocus: boolean) => void","新增API","harmonyos_api_changes/HarmonyOS_5.1.0(18).json","declare","",".type(ButtonType.Capsule)","ArkTS","entry\src\main\ets\pages\Index.ets:157","declare type AccessibilityFocusCallback = (isFocus: boolean) => void@entry\src\main\ets\pages\Index.ets:157","","5.1.0(18)","declare type AccessibilityFocusCallback = (isFocus: boolean) => void"
"declare type AccessibilityTransparentCallback = (event: TouchEvent) => void","新增API","harmonyos_api_changes/HarmonyOS_6.0.0(20)_Beta1.json","declare","",".type(ButtonType.Capsule)","ArkTS","entry\src\main\ets\pages\EditSimplePage.ets:146","declare type AccessibilityTransparentCallback = (event: TouchEvent) => void@entry\src\main\ets\pages\EditSimplePage.ets:146","","6.0.0(20)","declare type AccessibilityTransparentCallback = (event: TouchEvent) => void"
"declare type AccessibilityTransparentCallback = (event: TouchEvent) => void","新增API","harmonyos_api_changes/HarmonyOS_6.0.0(20)_Beta1.json","declare","",".type(ButtonType.Capsule)","ArkTS","entry\src\main\ets\pages\Index.ets:144","declare type AccessibilityTransparentCallback = (event: TouchEvent) => void@entry\src\main\ets\pages\Index.ets:144","","6.0.0(20)","declare type AccessibilityTransparentCallback = (event: TouchEvent) => void"
"declare type AccessibilityTransparentCallback = (event: TouchEvent) => void","新增API","harmonyos_api_changes/HarmonyOS_6.0.0(20)_Beta1.json","declare","",".type(ButtonType.Capsule)","ArkTS","entry\src\main\ets\pages\Index.ets:151","declare type AccessibilityTransparentCallback = (event: TouchEvent) => void@entry\src\main\ets\pages\Index.ets:151","","6.0.0(20)","declare type AccessibilityTransparentCallback = (event: TouchEvent) => void"
"declare type AccessibilityTransparentCallback = (event: TouchEvent) => void","新增API","harmonyos_api_changes/HarmonyOS_6.0.0(20)_Beta1.json","declare","",".type(ButtonType.Capsule)","ArkTS","entry\src\main\ets\pages\Index.ets:157","declare type AccessibilityTransparentCallback = (event: TouchEvent) => void@entry\src\main\ets\pages\Index.ets:157","","6.0.0(20)","declare type AccessibilityTransparentCallback = (event: TouchEvent) => void"
"declare type AnimationEndHandler = (index: number, event: SwiperAnimationEvent) => void","新增API","harmonyos_api_changes/HarmonyOS_5.1.0(18).json","declare","",".type(ButtonType.Capsule)","ArkTS","entry\src\main\ets\pages\EditSimplePage.ets:146","declare type AnimationEndHandler = (index: number, event: SwiperAnimationEvent) => void@entry\src\main\ets\pages\EditSimplePage.ets:146","","5.1.0(18)","declare type AnimationEndHandler = (index: number, event: SwiperAnimationEvent) => void"
"declare type AnimationEndHandler = (index: number, event: SwiperAnimationEvent) => void","新增API","harmonyos_api_changes/HarmonyOS_5.1.0(18).json","declare","",".type(ButtonType.Capsule)","ArkTS","entry\src\main\ets\pages\Index.ets:144","declare type AnimationEndHandler = (index: number, event: SwiperAnimationEvent) => void@entry\src\main\ets\pages\Index.ets:144","","5.1.0(18)","declare type AnimationEndHandler = (index: number, event: SwiperAnimationEvent) => void"
"declare type AnimationEndHandler = (index: number, event: SwiperAnimationEvent) => void","新增API","harmonyos_api_changes/HarmonyOS_5.1.0(18).json","declare","",".type(ButtonType.Capsule)","ArkTS","entry\src\main\ets\pages\Index.ets:151","declare type AnimationEndHandler = (index: number, event: SwiperAnimationEvent) => void@entry\src\main\ets\pages\Index.ets:151","","5.1.0(18)","declare type AnimationEndHandler = (index: number, event: SwiperAnimationEvent) => void"
"declare type AnimationEndHandler = (index: number, event: SwiperAnimationEvent) => void","新增API","harmonyos_api_changes/HarmonyOS_5.1.0(18).json","declare","",".type(ButtonType.Capsule)","ArkTS","entry\src\main\ets\pages\Index.ets:157","declare type AnimationEndHandler = (index: number, event: SwiperAnimationEvent) => void@entry\src\main\ets\pages\Index.ets:157","","5.1.0(18)","declare type AnimationEndHandler = (index: number, event: SwiperAnimationEvent) => void"
"declare type AnimationStartHandler = (index: number, targetIndex: number, event: SwiperAnimationEvent) => void","新增API","harmonyos_api_changes/HarmonyOS_5.1.0(18).json","declare","",".type(ButtonType.Capsule)","ArkTS","entry\src\main\ets\pages\EditSimplePage.ets:146","declare type AnimationStartHandler = (index: number, targetIndex: number, event: SwiperAnimationEvent) => void@entry\src\main\ets\pages\EditSimplePage.ets:146","","5.1.0(18)","declare type AnimationStartHandler = (index: number, targetIndex: number, event: SwiperAnimationEvent) => void"
"declare type AnimationStartHandler = (index: number, targetIndex: number, event: SwiperAnimationEvent) => void","新增API","harmonyos_api_changes/HarmonyOS_5.1.0(18).json","declare","",".type(ButtonType.Capsule)","ArkTS","entry\src\main\ets\pages\Index.ets:144","declare type AnimationStartHandler = (index: number, targetIndex: number, event: SwiperAnimationEvent) => void@entry\src\main\ets\pages\Index.ets:144","","5.1.0(18)","declare type AnimationStartHandler = (index: number, targetIndex: number, event: SwiperAnimationEvent) => void"
"declare type AnimationStartHandler = (index: number, targetIndex: number, event: SwiperAnimationEvent) => void","新增API","harmonyos_api_changes/HarmonyOS_5.1.0(18).json","declare","",".type(ButtonType.Capsule)","ArkTS","entry\src\main\ets\pages\Index.ets:151","declare type AnimationStartHandler = (index: number, targetIndex: number, event: SwiperAnimationEvent) => void@entry\src\main\ets\pages\Index.ets:151","","5.1.0(18)","declare type AnimationStartHandler = (index: number, targetIndex: number, event: SwiperAnimationEvent) => void"
"declare type AnimationStartHandler = (index: number, targetIndex: number, event: SwiperAnimationEvent) => void","新增API","harmonyos_api_changes/HarmonyOS_5.1.0(18).json","declare","",".type(ButtonType.Capsule)","ArkTS","entry\src\main\ets\pages\Index.ets:157","declare type AnimationStartHandler = (index: number, targetIndex: number, event: SwiperAnimationEvent) => void@entry\src\main\ets\pages\Index.ets:157","","5.1.0(18)","declare type AnimationStartHandler = (index: number, targetIndex: number, event: SwiperAnimationEvent) => void"
"declare type ArcScrollIndexHandler = (start: number, end: number, center: number) => void","新增API","harmonyos_api_changes/HarmonyOS_5.1.0(18).json","declare","",".type(ButtonType.Capsule)","ArkTS","entry\src\main\ets\pages\EditSimplePage.ets:146","declare type ArcScrollIndexHandler = (start: number, end: number, center: number) => void@entry\src\main\ets\pages\EditSimplePage.ets:146","","5.1.0(18)","declare type ArcScrollIndexHandler = (start: number, end: number, center: number) => void"
"declare type ArcScrollIndexHandler = (start: number, end: number, center: number) => void","新增API","harmonyos_api_changes/HarmonyOS_5.1.0(18).json","declare","",".type(ButtonType.Capsule)","ArkTS","entry\src\main\ets\pages\Index.ets:144","declare type ArcScrollIndexHandler = (start: number, end: number, center: number) => void@entry\src\main\ets\pages\Index.ets:144","","5.1.0(18)","declare type ArcScrollIndexHandler = (start: number, end: number, center: number) => void"
"declare type ArcScrollIndexHandler = (start: number, end: number, center: number) => void","新增API","harmonyos_api_changes/HarmonyOS_5.1.0(18).json","declare","",".type(ButtonType.Capsule)","ArkTS","entry\src\main\ets\pages\Index.ets:151","declare type ArcScrollIndexHandler = (start: number, end: number, center: number) => void@entry\src\main\ets\pages\Index.ets:151","","5.1.0(18)","declare type ArcScrollIndexHandler = (start: number, end: number, center: number) => void"
"declare type ArcScrollIndexHandler = (start: number, end: number, center: number) => void","新增API","harmonyos_api_changes/HarmonyOS_5.1.0(18).json","declare","",".type(ButtonType.Capsule)","ArkTS","entry\src\main\ets\pages\Index.ets:157","declare type ArcScrollIndexHandler = (start: number, end: number, center: number) => void@entry\src\main\ets\pages\Index.ets:157","","5.1.0(18)","declare type ArcScrollIndexHandler = (start: number, end: number, center: number) => void"
"declare type ArcSliderChangeHandler = (progress: number) => void","新增API","harmonyos_api_changes/HarmonyOS_5.1.0(18).json","declare","",".type(ButtonType.Capsule)","ArkTS","entry\src\main\ets\pages\EditSimplePage.ets:146","declare type ArcSliderChangeHandler = (progress: number) => void@entry\src\main\ets\pages\EditSimplePage.ets:146","","5.1.0(18)","declare type ArcSliderChangeHandler = (progress: number) => void"
"declare type ArcSliderChangeHandler = (progress: number) => void","新增API","harmonyos_api_changes/HarmonyOS_5.1.0(18).json","declare","",".type(ButtonType.Capsule)","ArkTS","entry\src\main\ets\pages\Index.ets:144","declare type ArcSliderChangeHandler = (progress: number) => void@entry\src\main\ets\pages\Index.ets:144","","5.1.0(18)","declare type ArcSliderChangeHandler = (progress: number) => void"
"declare type ArcSliderChangeHandler = (progress: number) => void","新增API","harmonyos_api_changes/HarmonyOS_5.1.0(18).json","declare","",".type(ButtonType.Capsule)","ArkTS","entry\src\main\ets\pages\Index.ets:151","declare type ArcSliderChangeHandler = (progress: number) => void@entry\src\main\ets\pages\Index.ets:151","","5.1.0(18)","declare type ArcSliderChangeHandler = (progress: number) => void"
"declare type ArcSliderChangeHandler = (progress: number) => void","新增API","harmonyos_api_changes/HarmonyOS_5.1.0(18).json","declare","",".type(ButtonType.Capsule)","ArkTS","entry\src\main\ets\pages\Index.ets:157","declare type ArcSliderChangeHandler = (progress: number) => void@entry\src\main\ets\pages\Index.ets:157","","5.1.0(18)","declare type ArcSliderChangeHandler = (progress: number) => void"
"declare type ArcSliderEnlargeHandler = (isEnlarged: boolean) => void","新增API","harmonyos_api_changes/HarmonyOS_5.1.0(18).json","declare","",".type(ButtonType.Capsule)","ArkTS","entry\src\main\ets\pages\EditSimplePage.ets:146","declare type ArcSliderEnlargeHandler = (isEnlarged: boolean) => void@entry\src\main\ets\pages\EditSimplePage.ets:146","","5.1.0(18)","declare type ArcSliderEnlargeHandler = (isEnlarged: boolean) => void"
"declare type ArcSliderEnlargeHandler = (isEnlarged: boolean) => void","新增API","harmonyos_api_changes/HarmonyOS_5.1.0(18).json","declare","",".type(ButtonType.Capsule)","ArkTS","entry\src\main\ets\pages\Index.ets:144","declare type ArcSliderEnlargeHandler = (isEnlarged: boolean) => void@entry\src\main\ets\pages\Index.ets:144","","5.1.0(18)","declare type ArcSliderEnlargeHandler = (isEnlarged: boolean) => void"
"declare type ArcSliderEnlargeHandler = (isEnlarged: boolean) => void","新增API","harmonyos_api_changes/HarmonyOS_5.1.0(18).json","declare","",".type(ButtonType.Capsule)","ArkTS","entry\src\main\ets\pages\Index.ets:151","declare type ArcSliderEnlargeHandler = (isEnlarged: boolean) => void@entry\src\main\ets\pages\Index.ets:151","","5.1.0(18)","declare type ArcSliderEnlargeHandler = (isEnlarged: boolean) => void"
"declare type ArcSliderEnlargeHandler = (isEnlarged: boolean) => void","新增API","harmonyos_api_changes/HarmonyOS_5.1.0(18).json","declare","",".type(ButtonType.Capsule)","ArkTS","entry\src\main\ets\pages\Index.ets:157","declare type ArcSliderEnlargeHandler = (isEnlarged: boolean) => void@entry\src\main\ets\pages\Index.ets:157","","5.1.0(18)","declare type ArcSliderEnlargeHandler = (isEnlarged: boolean) => void"
"declare type ArcSliderTouchHandler = (event: TouchEvent) => void","新增API","harmonyos_api_changes/HarmonyOS_5.1.0(18).json","declare","",".type(ButtonType.Capsule)","ArkTS","entry\src\main\ets\pages\EditSimplePage.ets:146","declare type ArcSliderTouchHandler = (event: TouchEvent) => void@entry\src\main\ets\pages\EditSimplePage.ets:146","","5.1.0(18)","declare type ArcSliderTouchHandler = (event: TouchEvent) => void"
"declare type ArcSliderTouchHandler = (event: TouchEvent) => void","新增API","harmonyos_api_changes/HarmonyOS_5.1.0(18).json","declare","",".type(ButtonType.Capsule)","ArkTS","entry\src\main\ets\pages\Index.ets:144","declare type ArcSliderTouchHandler = (event: TouchEvent) => void@entry\src\main\ets\pages\Index.ets:144","","5.1.0(18)","declare type ArcSliderTouchHandler = (event: TouchEvent) => void"
"declare type ArcSliderTouchHandler = (event: TouchEvent) => void","新增API","harmonyos_api_changes/HarmonyOS_5.1.0(18).json","declare","",".type(ButtonType.Capsule)","ArkTS","entry\src\main\ets\pages\Index.ets:151","declare type ArcSliderTouchHandler = (event: TouchEvent) => void@entry\src\main\ets\pages\Index.ets:151","","5.1.0(18)","declare type ArcSliderTouchHandler = (event: TouchEvent) => void"
"declare type ArcSliderTouchHandler = (event: TouchEvent) => void","新增API","harmonyos_api_changes/HarmonyOS_5.1.0(18).json","declare","",".type(ButtonType.Capsule)","ArkTS","entry\src\main\ets\pages\Index.ets:157","declare type ArcSliderTouchHandler = (event: TouchEvent) => void@entry\src\main\ets\pages\Index.ets:157","","5.1.0(18)","declare type ArcSliderTouchHandler = (event: TouchEvent) => void"
"declare type AreaChangeCallback = (oldValue: Area, newValue: Area) => void","新增API","harmonyos_api_changes/HarmonyOS_26.0.0_Beta1.json","declare","",".type(ButtonType.Capsule)","ArkTS","entry\src\main\ets\pages\EditSimplePage.ets:146","declare type AreaChangeCallback = (oldValue: Area, newValue: Area) => void@entry\src\main\ets\pages\EditSimplePage.ets:146","","26.0.0 Beta2","declare type AreaChangeCallback = (oldValue: Area, newValue: Area) => void"
"declare type AreaChangeCallback = (oldValue: Area, newValue: Area) => void","新增API","harmonyos_api_changes/HarmonyOS_26.0.0_Beta1.json","declare","",".type(ButtonType.Capsule)","ArkTS","entry\src\main\ets\pages\Index.ets:144","declare type AreaChangeCallback = (oldValue: Area, newValue: Area) => void@entry\src\main\ets\pages\Index.ets:144","","26.0.0 Beta2","declare type AreaChangeCallback = (oldValue: Area, newValue: Area) => void"
"declare type AreaChangeCallback = (oldValue: Area, newValue: Area) => void","新增API","harmonyos_api_changes/HarmonyOS_26.0.0_Beta1.json","declare","",".type(ButtonType.Capsule)","ArkTS","entry\src\main\ets\pages\Index.ets:151","declare type AreaChangeCallback = (oldValue: Area, newValue: Area) => void@entry\src\main\ets\pages\Index.ets:151","","26.0.0 Beta2","declare type AreaChangeCallback = (oldValue: Area, newValue: Area) => void"
"declare type AreaChangeCallback = (oldValue: Area, newValue: Area) => void","新增API","harmonyos_api_changes/HarmonyOS_26.0.0_Beta1.json","declare","",".type(ButtonType.Capsule)","ArkTS","entry\src\main\ets\pages\Index.ets:157","declare type AreaChangeCallback = (oldValue: Area, newValue: Area) => void@entry\src\main\ets\pages\Index.ets:157","","26.0.0 Beta2","declare type AreaChangeCallback = (oldValue: Area, newValue: Area) => void"
"declare type BuilderCallback = (...args: Args) => void","新增API","harmonyos_api_changes/HarmonyOS_6.0.2(22).json","declare","",".type(ButtonType.Capsule)","ArkTS","entry\src\main\ets\pages\EditSimplePage.ets:146","declare type BuilderCallback = (...args: Args) => void@entry\src\main\ets\pages\EditSimplePage.ets:146","","6.0.2(22)","declare type BuilderCallback = (...args: Args) => void"
"declare type BuilderCallback = (...args: Args) => void","新增API","harmonyos_api_changes/HarmonyOS_6.0.2(22).json","declare","",".type(ButtonType.Capsule)","ArkTS","entry\src\main\ets\pages\Index.ets:144","declare type BuilderCallback = (...args: Args) => void@entry\src\main\ets\pages\Index.ets:144","","6.0.2(22)","declare type BuilderCallback = (...args: Args) => void"
"declare type BuilderCallback = (...args: Args) => void","新增API","harmonyos_api_changes/HarmonyOS_6.0.2(22).json","declare","",".type(ButtonType.Capsule)","ArkTS","entry\src\main\ets\pages\Index.ets:151","declare type BuilderCallback = (...args: Args) => void@entry\src\main\ets\pages\Index.ets:151","","6.0.2(22)","declare type BuilderCallback = (...args: Args) => void"
"declare type BuilderCallback = (...args: Args) => void","新增API","harmonyos_api_changes/HarmonyOS_6.0.2(22).json","declare","",".type(ButtonType.Capsule)","ArkTS","entry\src\main\ets\pages\Index.ets:157","declare type BuilderCallback = (...args: Args) => void@entry\src\main\ets\pages\Index.ets:157","","6.0.2(22)","declare type BuilderCallback = (...args: Args) => void"
"declare type BusinessError<T> = import('../api/@ohos.base').BusinessError<T>","新增API","harmonyos_api_changes/HarmonyOS_6.0.0(20)_Beta1.json","declare","",".type(ButtonType.Capsule)","ArkTS","entry\src\main\ets\pages\EditSimplePage.ets:146","declare type BusinessError<T> = import('../api/@ohos.base').BusinessError<T>@entry\src\main\ets\pages\EditSimplePage.ets:146","","6.0.0(20)","declare type BusinessError<T> = import('../api/@ohos.base').BusinessError<T>"
"declare type BusinessError<T> = import('../api/@ohos.base').BusinessError<T>","新增API","harmonyos_api_changes/HarmonyOS_6.0.0(20)_Beta1.json","declare","",".type(ButtonType.Capsule)","ArkTS","entry\src\main\ets\pages\Index.ets:144","declare type BusinessError<T> = import('../api/@ohos.base').BusinessError<T>@entry\src\main\ets\pages\Index.ets:144","","6.0.0(20)","declare type BusinessError<T> = import('../api/@ohos.base').BusinessError<T>"
"declare type BusinessError<T> = import('../api/@ohos.base').BusinessError<T>","新增API","harmonyos_api_changes/HarmonyOS_6.0.0(20)_Beta1.json","declare","",".type(ButtonType.Capsule)","ArkTS","entry\src\main\ets\pages\Index.ets:151","declare type BusinessError<T> = import('../api/@ohos.base').BusinessError<T>@entry\src\main\ets\pages\Index.ets:151","","6.0.0(20)","declare type BusinessError<T> = import('../api/@ohos.base').BusinessError<T>"
"declare type BusinessError<T> = import('../api/@ohos.base').BusinessError<T>","新增API","harmonyos_api_changes/HarmonyOS_6.0.0(20)_Beta1.json","declare","",".type(ButtonType.Capsule)","ArkTS","entry\src\main\ets\pages\Index.ets:157","declare type BusinessError<T> = import('../api/@ohos.base').BusinessError<T>@entry\src\main\ets\pages\Index.ets:157","","6.0.0(20)","declare type BusinessError<T> = import('../api/@ohos.base').BusinessError<T>"
"declare type CommonModifier = import('../api/arkui/CommonModifier').CommonModifier","新增API","harmonyos_api_changes/HarmonyOS_5.0.3(15)_Beta2.json","declare","",".type(ButtonType.Capsule)","ArkTS","entry\src\main\ets\pages\EditSimplePage.ets:146","declare type CommonModifier = import('../api/arkui/CommonModifier').CommonModifier@entry\src\main\ets\pages\EditSimplePage.ets:146","","5.0.3(15)","declare type CommonModifier = import('../api/arkui/CommonModifier').CommonModifier"
"declare type CommonModifier = import('../api/arkui/CommonModifier').CommonModifier","新增API","harmonyos_api_changes/HarmonyOS_5.0.3(15)_Beta2.json","declare","",".type(ButtonType.Capsule)","ArkTS","entry\src\main\ets\pages\Index.ets:144","declare type CommonModifier = import('../api/arkui/CommonModifier').CommonModifier@entry\src\main\ets\pages\Index.ets:144","","5.0.3(15)","declare type CommonModifier = import('../api/arkui/CommonModifier').CommonModifier"
"declare type CommonModifier = import('../api/arkui/CommonModifier').CommonModifier","新增API","harmonyos_api_changes/HarmonyOS_5.0.3(15)_Beta2.json","declare","",".type(ButtonType.Capsule)","ArkTS","entry\src\main\ets\pages\Index.ets:151","declare type CommonModifier = import('../api/arkui/CommonModifier').CommonModifier@entry\src\main\ets\pages\Index.ets:151","","5.0.3(15)","declare type CommonModifier = import('../api/arkui/CommonModifier').CommonModifier"
"declare type CommonModifier = import('../api/arkui/CommonModifier').CommonModifier","新增API","harmonyos_api_changes/HarmonyOS_5.0.3(15)_Beta2.json","declare","",".type(ButtonType.Capsule)","ArkTS","entry\src\main\ets\pages\Index.ets:157","declare type CommonModifier = import('../api/arkui/CommonModifier').CommonModifier@entry\src\main\ets\pages\Index.ets:157","","5.0.3(15)","declare type CommonModifier = import('../api/arkui/CommonModifier').CommonModifier"
"declare type ContentWillScrollCallback = (result: SwiperContentWillScrollResult) => boolean","新增API","harmonyos_api_changes/HarmonyOS_5.0.3(15)_Beta1.json","declare","",".type(ButtonType.Capsule)","ArkTS","entry\src\main\ets\pages\EditSimplePage.ets:146","declare type ContentWillScrollCallback = (result: SwiperContentWillScrollResult) => boolean@entry\src\main\ets\pages\EditSimplePage.ets:146","","5.0.3(15)","declare type ContentWillScrollCallback = (result: SwiperContentWillScrollResult) => boolean"
"declare type ContentWillScrollCallback = (result: SwiperContentWillScrollResult) => boolean","新增API","harmonyos_api_changes/HarmonyOS_5.0.3(15)_Beta1.json","declare","",".type(ButtonType.Capsule)","ArkTS","entry\src\main\ets\pages\Index.ets:144","declare type ContentWillScrollCallback = (result: SwiperContentWillScrollResult) => boolean@entry\src\main\ets\pages\Index.ets:144","","5.0.3(15)","declare type ContentWillScrollCallback = (result: SwiperContentWillScrollResult) => boolean"
"declare type ContentWillScrollCallback = (result: SwiperContentWillScrollResult) => boolean","新增API","harmonyos_api_changes/HarmonyOS_5.0.3(15)_Beta1.json","declare","",".type(ButtonType.Capsule)","ArkTS","entry\src\main\ets\pages\Index.ets:151","declare type ContentWillScrollCallback = (result: SwiperContentWillScrollResult) => boolean@entry\src\main\ets\pages\Index.ets:151","","5.0.3(15)","declare type ContentWillScrollCallback = (result: SwiperContentWillScrollResult) => boolean"
"declare type ContentWillScrollCallback = (result: SwiperContentWillScrollResult) => boolean","新增API","harmonyos_api_changes/HarmonyOS_5.0.3(15)_Beta1.json","declare","",".type(ButtonType.Capsule)","ArkTS","entry\src\main\ets\pages\Index.ets:157","declare type ContentWillScrollCallback = (result: SwiperContentWillScrollResult) => boolean@entry\src\main\ets\pages\Index.ets:157","","5.0.3(15)","declare type ContentWillScrollCallback = (result: SwiperContentWillScrollResult) => boolean"
"declare type CustomBuilderT<T> = (t: T) => void","新增API","harmonyos_api_changes/HarmonyOS_6.1.0(23)_Beta1.json","declare","",".type(ButtonType.Capsule)","ArkTS","entry\src\main\ets\pages\EditSimplePage.ets:146","declare type CustomBuilderT<T> = (t: T) => void@entry\src\main\ets\pages\EditSimplePage.ets:146","","6.1.0(23)","declare type CustomBuilderT<T> = (t: T) => void"
"declare type CustomBuilderT<T> = (t: T) => void","新增API","harmonyos_api_changes/HarmonyOS_6.1.0(23)_Beta1.json","declare","",".type(ButtonType.Capsule)","ArkTS","entry\src\main\ets\pages\Index.ets:144","declare type CustomBuilderT<T> = (t: T) => void@entry\src\main\ets\pages\Index.ets:144","","6.1.0(23)","declare type CustomBuilderT<T> = (t: T) => void"
"declare type CustomBuilderT<T> = (t: T) => void","新增API","harmonyos_api_changes/HarmonyOS_6.1.0(23)_Beta1.json","declare","",".type(ButtonType.Capsule)","ArkTS","entry\src\main\ets\pages\Index.ets:151","declare type CustomBuilderT<T> = (t: T) => void@entry\src\main\ets\pages\Index.ets:151","","6.1.0(23)","declare type CustomBuilderT<T> = (t: T) => void"
"declare type CustomBuilderT<T> = (t: T) => void","新增API","harmonyos_api_changes/HarmonyOS_6.1.0(23)_Beta1.json","declare","",".type(ButtonType.Capsule)","ArkTS","entry\src\main\ets\pages\Index.ets:157","declare type CustomBuilderT<T> = (t: T) => void@entry\src\main\ets\pages\Index.ets:157","","6.1.0(23)","declare type CustomBuilderT<T> = (t: T) => void"
"declare type CustomBuilderWithId = (id: number) => void","新增API","harmonyos_api_changes/HarmonyOS_5.1.0(18).json","declare","",".type(ButtonType.Capsule)","ArkTS","entry\src\main\ets\pages\EditSimplePage.ets:146","declare type CustomBuilderWithId = (id: number) => void@entry\src\main\ets\pages\EditSimplePage.ets:146","","5.1.0(18)","declare type CustomBuilderWithId = (id: number) => void"
"declare type CustomBuilderWithId = (id: number) => void","新增API","harmonyos_api_changes/HarmonyOS_5.1.0(18).json","declare","",".type(ButtonType.Capsule)","ArkTS","entry\src\main\ets\pages\Index.ets:144","declare type CustomBuilderWithId = (id: number) => void@entry\src\main\ets\pages\Index.ets:144","","5.1.0(18)","declare type CustomBuilderWithId = (id: number) => void"
"declare type CustomBuilderWithId = (id: number) => void","新增API","harmonyos_api_changes/HarmonyOS_5.1.0(18).json","declare","",".type(ButtonType.Capsule)","ArkTS","entry\src\main\ets\pages\Index.ets:151","declare type CustomBuilderWithId = (id: number) => void@entry\src\main\ets\pages\Index.ets:151","","5.1.0(18)","declare type CustomBuilderWithId = (id: number) => void"
"declare type CustomBuilderWithId = (id: number) => void","新增API","harmonyos_api_changes/HarmonyOS_5.1.0(18).json","declare","",".type(ButtonType.Capsule)","ArkTS","entry\src\main\ets\pages\Index.ets:157","declare type CustomBuilderWithId = (id: number) => void@entry\src\main\ets\pages\Index.ets:157","","5.1.0(18)","declare type CustomBuilderWithId = (id: number) => void"
"declare type DataLoadParams = import('../api/@ohos.data.unifiedDataChannel').default.DataLoadParams","新增API","harmonyos_api_changes/HarmonyOS_6.0.0(20)_Beta2.json","declare","",".type(ButtonType.Capsule)","ArkTS","entry\src\main\ets\pages\EditSimplePage.ets:146","declare type DataLoadParams = import('../api/@ohos.data.unifiedDataChannel').default.DataLoadParams@entry\src\main\ets\pages\EditSimplePage.ets:146","","6.0.0(20)","declare type DataLoadParams = import('../api/@ohos.data.unifiedDataChannel').default.DataLoadParams"
"declare type DataLoadParams = import('../api/@ohos.data.unifiedDataChannel').default.DataLoadParams","新增API","harmonyos_api_changes/HarmonyOS_6.0.0(20)_Beta2.json","declare","",".type(ButtonType.Capsule)","ArkTS","entry\src\main\ets\pages\Index.ets:144","declare type DataLoadParams = import('../api/@ohos.data.unifiedDataChannel').default.DataLoadParams@entry\src\main\ets\pages\Index.ets:144","","6.0.0(20)","declare type DataLoadParams = import('../api/@ohos.data.unifiedDataChannel').default.DataLoadParams"
"declare type DataLoadParams = import('../api/@ohos.data.unifiedDataChannel').default.DataLoadParams","新增API","harmonyos_api_changes/HarmonyOS_6.0.0(20)_Beta2.json","declare","",".type(ButtonType.Capsule)","ArkTS","entry\src\main\ets\pages\Index.ets:151","declare type DataLoadParams = import('../api/@ohos.data.unifiedDataChannel').default.DataLoadParams@entry\src\main\ets\pages\Index.ets:151","","6.0.0(20)","declare type DataLoadParams = import('../api/@ohos.data.unifiedDataChannel').default.DataLoadParams"
"declare type DataLoadParams = import('../api/@ohos.data.unifiedDataChannel').default.DataLoadParams","新增API","harmonyos_api_changes/HarmonyOS_6.0.0(20)_Beta2.json","declare","",".type(ButtonType.Capsule)","ArkTS","entry\src\main\ets\pages\Index.ets:157","declare type DataLoadParams = import('../api/@ohos.data.unifiedDataChannel').default.DataLoadParams@entry\src\main\ets\pages\Index.ets:157","","6.0.0(20)","declare type DataLoadParams = import('../api/@ohos.data.unifiedDataChannel').default.DataLoadParams"
"declare type DataSyncOptions = import('../api/@ohos.data.unifiedDataChannel').default.GetDataParams","新增API","harmonyos_api_changes/HarmonyOS_5.0.3(15)_Beta2.json","declare","",".type(ButtonType.Capsule)","ArkTS","entry\src\main\ets\pages\EditSimplePage.ets:146","declare type DataSyncOptions = import('../api/@ohos.data.unifiedDataChannel').default.GetDataParams@entry\src\main\ets\pages\EditSimplePage.ets:146","","5.0.3(15)","declare type DataSyncOptions = import('../api/@ohos.data.unifiedDataChannel').default.GetDataParams"
"declare type DataSyncOptions = import('../api/@ohos.data.unifiedDataChannel').default.GetDataParams","新增API","harmonyos_api_changes/HarmonyOS_5.0.3(15)_Beta2.json","declare","",".type(ButtonType.Capsule)","ArkTS","entry\src\main\ets\pages\Index.ets:144","declare type DataSyncOptions = import('../api/@ohos.data.unifiedDataChannel').default.GetDataParams@entry\src\main\ets\pages\Index.ets:144","","5.0.3(15)","declare type DataSyncOptions = import('../api/@ohos.data.unifiedDataChannel').default.GetDataParams"
"declare type DataSyncOptions = import('../api/@ohos.data.unifiedDataChannel').default.GetDataParams","新增API","harmonyos_api_changes/HarmonyOS_5.0.3(15)_Beta2.json","declare","",".type(ButtonType.Capsule)","ArkTS","entry\src\main\ets\pages\Index.ets:151","declare type DataSyncOptions = import('../api/@ohos.data.unifiedDataChannel').default.GetDataParams@entry\src\main\ets\pages\Index.ets:151","","5.0.3(15)","declare type DataSyncOptions = import('../api/@ohos.data.unifiedDataChannel').default.GetDataParams"
"declare type DataSyncOptions = import('../api/@ohos.data.unifiedDataChannel').default.GetDataParams","新增API","harmonyos_api_changes/HarmonyOS_5.0.3(15)_Beta2.json","declare","",".type(ButtonType.Capsule)","ArkTS","entry\src\main\ets\pages\Index.ets:157","declare type DataSyncOptions = import('../api/@ohos.data.unifiedDataChannel').default.GetDataParams@entry\src\main\ets\pages\Index.ets:157","","5.0.3(15)","declare type DataSyncOptions = import('../api/@ohos.data.unifiedDataChannel').default.GetDataParams"
"declare type DidScrollCallback = (yOffset: number) => void","新增API","harmonyos_api_changes/HarmonyOS_6.1.0(23)_Beta1.json","declare","",".type(ButtonType.Capsule)","ArkTS","entry\src\main\ets\pages\EditSimplePage.ets:146","declare type DidScrollCallback = (yOffset: number) => void@entry\src\main\ets\pages\EditSimplePage.ets:146","","6.1.0(23)","declare type DidScrollCallback = (yOffset: number) => void"
"declare type DidScrollCallback = (yOffset: number) => void","新增API","harmonyos_api_changes/HarmonyOS_6.1.0(23)_Beta1.json","declare","",".type(ButtonType.Capsule)","ArkTS","entry\src\main\ets\pages\Index.ets:144","declare type DidScrollCallback = (yOffset: number) => void@entry\src\main\ets\pages\Index.ets:144","","6.1.0(23)","declare type DidScrollCallback = (yOffset: number) => void"
"declare type DidScrollCallback = (yOffset: number) => void","新增API","harmonyos_api_changes/HarmonyOS_6.1.0(23)_Beta1.json","declare","",".type(ButtonType.Capsule)","ArkTS","entry\src\main\ets\pages\Index.ets:151","declare type DidScrollCallback = (yOffset: number) => void@entry\src\main\ets\pages\Index.ets:151","","6.1.0(23)","declare type DidScrollCallback = (yOffset: number) => void"
"declare type DidScrollCallback = (yOffset: number) => void","新增API","harmonyos_api_changes/HarmonyOS_6.1.0(23)_Beta1.json","declare","",".type(ButtonType.Capsule)","ArkTS","entry\src\main\ets\pages\Index.ets:157","declare type DidScrollCallback = (yOffset: number) => void@entry\src\main\ets\pages\Index.ets:157","","6.1.0(23)","declare type DidScrollCallback = (yOffset: number) => void"
"declare type DragSpringLoadingConfiguration = import('../api/@ohos.arkui.dragController').default.DragSpringLoadingConfiguration","新增API","harmonyos_api_changes/HarmonyOS_6.0.0(20)_Beta2.json","declare","",".type(ButtonType.Capsule)","ArkTS","entry\src\main\ets\pages\EditSimplePage.ets:146","declare type DragSpringLoadingConfiguration = import('../api/@ohos.arkui.dragController').default.DragSpringLoadingConfiguration@entry\src\main\ets\pages\EditSimplePage.ets:146","","6.0.0(20)","declare type DragSpringLoadingConfiguration = import('../api/@ohos.arkui.dragController').default.DragSpringLoadingConfiguration"
"declare type DragSpringLoadingConfiguration = import('../api/@ohos.arkui.dragController').default.DragSpringLoadingConfiguration","新增API","harmonyos_api_changes/HarmonyOS_6.0.0(20)_Beta2.json","declare","",".type(ButtonType.Capsule)","ArkTS","entry\src\main\ets\pages\Index.ets:144","declare type DragSpringLoadingConfiguration = import('../api/@ohos.arkui.dragController').default.DragSpringLoadingConfiguration@entry\src\main\ets\pages\Index.ets:144","","6.0.0(20)","declare type DragSpringLoadingConfiguration = import('../api/@ohos.arkui.dragController').default.DragSpringLoadingConfiguration"
"declare type DragSpringLoadingConfiguration = import('../api/@ohos.arkui.dragController').default.DragSpringLoadingConfiguration","新增API","harmonyos_api_changes/HarmonyOS_6.0.0(20)_Beta2.json","declare","",".type(ButtonType.Capsule)","ArkTS","entry\src\main\ets\pages\Index.ets:151","declare type DragSpringLoadingConfiguration = import('../api/@ohos.arkui.dragController').default.DragSpringLoadingConfiguration@entry\src\main\ets\pages\Index.ets:151","","6.0.0(20)","declare type DragSpringLoadingConfiguration = import('../api/@ohos.arkui.dragController').default.DragSpringLoadingConfiguration"
"declare type DragSpringLoadingConfiguration = import('../api/@ohos.arkui.dragController').default.DragSpringLoadingConfiguration","新增API","harmonyos_api_changes/HarmonyOS_6.0.0(20)_Beta2.json","declare","",".type(ButtonType.Capsule)","ArkTS","entry\src\main\ets\pages\Index.ets:157","declare type DragSpringLoadingConfiguration = import('../api/@ohos.arkui.dragController').default.DragSpringLoadingConfiguration@entry\src\main\ets\pages\Index.ets:157","","6.0.0(20)","declare type DragSpringLoadingConfiguration = import('../api/@ohos.arkui.dragController').default.DragSpringLoadingConfiguration"
"declare type DrawableDescriptor = import('../api/@ohos.arkui.drawableDescriptor').DrawableDescriptor","新增API","harmonyos_api_changes/HarmonyOS_6.0.2(22).json","declare","",".type(ButtonType.Capsule)","ArkTS","entry\src\main\ets\pages\EditSimplePage.ets:146","declare type DrawableDescriptor = import('../api/@ohos.arkui.drawableDescriptor').DrawableDescriptor@entry\src\main\ets\pages\EditSimplePage.ets:146","","6.0.2(22)","declare type DrawableDescriptor = import('../api/@ohos.arkui.drawableDescriptor').DrawableDescriptor"
"declare type DrawableDescriptor = import('../api/@ohos.arkui.drawableDescriptor').DrawableDescriptor","新增API","harmonyos_api_changes/HarmonyOS_6.0.2(22).json","declare","",".type(ButtonType.Capsule)","ArkTS","entry\src\main\ets\pages\Index.ets:144","declare type DrawableDescriptor = import('../api/@ohos.arkui.drawableDescriptor').DrawableDescriptor@entry\src\main\ets\pages\Index.ets:144","","6.0.2(22)","declare type DrawableDescriptor = import('../api/@ohos.arkui.drawableDescriptor').DrawableDescriptor"
"declare type DrawableDescriptor = import('../api/@ohos.arkui.drawableDescriptor').DrawableDescriptor","新增API","harmonyos_api_changes/HarmonyOS_6.0.2(22).json","declare","",".type(ButtonType.Capsule)","ArkTS","entry\src\main\ets\pages\Index.ets:151","declare type DrawableDescriptor = import('../api/@ohos.arkui.drawableDescriptor').DrawableDescriptor@entry\src\main\ets\pages\Index.ets:151","","6.0.2(22)","declare type DrawableDescriptor = import('../api/@ohos.arkui.drawableDescriptor').DrawableDescriptor"
"declare type DrawableDescriptor = import('../api/@ohos.arkui.drawableDescriptor').DrawableDescriptor","新增API","harmonyos_api_changes/HarmonyOS_6.0.2(22).json","declare","",".type(ButtonType.Capsule)","ArkTS","entry\src\main\ets\pages\Index.ets:157","declare type DrawableDescriptor = import('../api/@ohos.arkui.drawableDescriptor').DrawableDescriptor@entry\src\main\ets\pages\Index.ets:157","","6.0.2(22)","declare type DrawableDescriptor = import('../api/@ohos.arkui.drawableDescriptor').DrawableDescriptor"
"declare type EditableTextOnChangeCallback = (value: string, previewText?: PreviewText) => void","自定义类型变更","harmonyos_api_changes/HarmonyOS_5.0.3(15)_Beta2.json","declare","",".type(ButtonType.Capsule)","ArkTS","entry\src\main\ets\pages\EditSimplePage.ets:146","declare type EditableTextOnChangeCallback = (value: string, previewText?: PreviewText) => void@entry\src\main\ets\pages\EditSimplePage.ets:146","","5.0.3(15)","declare type EditableTextOnChangeCallback = (value: string, previewText?: PreviewText) => void"
"declare type EditableTextOnChangeCallback = (value: string, previewText?: PreviewText) => void","自定义类型变更","harmonyos_api_changes/HarmonyOS_5.0.3(15)_Beta2.json","declare","",".type(ButtonType.Capsule)","ArkTS","entry\src\main\ets\pages\Index.ets:144","declare type EditableTextOnChangeCallback = (value: string, previewText?: PreviewText) => void@entry\src\main\ets\pages\Index.ets:144","","5.0.3(15)","declare type EditableTextOnChangeCallback = (value: string, previewText?: PreviewText) => void"
"declare type EditableTextOnChangeCallback = (value: string, previewText?: PreviewText) => void","自定义类型变更","harmonyos_api_changes/HarmonyOS_5.0.3(15)_Beta2.json","declare","",".type(ButtonType.Capsule)","ArkTS","entry\src\main\ets\pages\Index.ets:151","declare type EditableTextOnChangeCallback = (value: string, previewText?: PreviewText) => void@entry\src\main\ets\pages\Index.ets:151","","5.0.3(15)","declare type EditableTextOnChangeCallback = (value: string, previewText?: PreviewText) => void"
"declare type EditableTextOnChangeCallback = (value: string, previewText?: PreviewText) => void","自定义类型变更","harmonyos_api_changes/HarmonyOS_5.0.3(15)_Beta2.json","declare","",".type(ButtonType.Capsule)","ArkTS","entry\src\main\ets\pages\Index.ets:157","declare type EditableTextOnChangeCallback = (value: string, previewText?: PreviewText) => void@entry\src\main\ets\pages\Index.ets:157","","5.0.3(15)","declare type EditableTextOnChangeCallback = (value: string, previewText?: PreviewText) => void"
"declare type EnvDecorator = (value: SystemProperties) => PropertyDecorator","新增API","harmonyos_api_changes/HarmonyOS_6.0.2(22).json","declare","",".type(ButtonType.Capsule)","ArkTS","entry\src\main\ets\pages\EditSimplePage.ets:146","declare type EnvDecorator = (value: SystemProperties) => PropertyDecorator@entry\src\main\ets\pages\EditSimplePage.ets:146","","6.0.2(22)","declare type EnvDecorator = (value: SystemProperties) => PropertyDecorator"
"declare type EnvDecorator = (value: SystemProperties) => PropertyDecorator","新增API","harmonyos_api_changes/HarmonyOS_6.0.2(22).json","declare","",".type(ButtonType.Capsule)","ArkTS","entry\src\main\ets\pages\Index.ets:144","declare type EnvDecorator = (value: SystemProperties) => PropertyDecorator@entry\src\main\ets\pages\Index.ets:144","","6.0.2(22)","declare type EnvDecorator = (value: SystemProperties) => PropertyDecorator"
"declare type EnvDecorator = (value: SystemProperties) => PropertyDecorator","新增API","harmonyos_api_changes/HarmonyOS_6.0.2(22).json","declare","",".type(ButtonType.Capsule)","ArkTS","entry\src\main\ets\pages\Index.ets:151","declare type EnvDecorator = (value: SystemProperties) => PropertyDecorator@entry\src\main\ets\pages\Index.ets:151","","6.0.2(22)","declare type EnvDecorator = (value: SystemProperties) => PropertyDecorator"
"declare type EnvDecorator = (value: SystemProperties) => PropertyDecorator","新增API","harmonyos_api_changes/HarmonyOS_6.0.2(22).json","declare","",".type(ButtonType.Capsule)","ArkTS","entry\src\main\ets\pages\Index.ets:157","declare type EnvDecorator = (value: SystemProperties) => PropertyDecorator@entry\src\main\ets\pages\Index.ets:157","","6.0.2(22)","declare type EnvDecorator = (value: SystemProperties) => PropertyDecorator"
"declare type FinishAnimationHandler = () => void","新增API","harmonyos_api_changes/HarmonyOS_5.1.0(18).json","declare","",".type(ButtonType.Capsule)","ArkTS","entry\src\main\ets\pages\EditSimplePage.ets:146","declare type FinishAnimationHandler = () => void@entry\src\main\ets\pages\EditSimplePage.ets:146","","5.1.0(18)","declare type FinishAnimationHandler = () => void"
"declare type FinishAnimationHandler = () => void","新增API","harmonyos_api_changes/HarmonyOS_5.1.0(18).json","declare","",".type(ButtonType.Capsule)","ArkTS","entry\src\main\ets\pages\Index.ets:144","declare type FinishAnimationHandler = () => void@entry\src\main\ets\pages\Index.ets:144","","5.1.0(18)","declare type FinishAnimationHandler = () => void"
"declare type FinishAnimationHandler = () => void","新增API","harmonyos_api_changes/HarmonyOS_5.1.0(18).json","declare","",".type(ButtonType.Capsule)","ArkTS","entry\src\main\ets\pages\Index.ets:151","declare type FinishAnimationHandler = () => void@entry\src\main\ets\pages\Index.ets:151","","5.1.0(18)","declare type FinishAnimationHandler = () => void"
"declare type FinishAnimationHandler = () => void","新增API","harmonyos_api_changes/HarmonyOS_5.1.0(18).json","declare","",".type(ButtonType.Capsule)","ArkTS","entry\src\main\ets\pages\Index.ets:157","declare type FinishAnimationHandler = () => void@entry\src\main\ets\pages\Index.ets:157","","5.1.0(18)","declare type FinishAnimationHandler = () => void"
"declare type FontVariation = import('../api/@ohos.graphics.text').default.FontVariation","新增API","harmonyos_api_changes/HarmonyOS_26.0.0_Beta1.json","declare","",".type(ButtonType.Capsule)","ArkTS","entry\src\main\ets\pages\EditSimplePage.ets:146","declare type FontVariation = import('../api/@ohos.graphics.text').default.FontVariation@entry\src\main\ets\pages\EditSimplePage.ets:146","","26.0.0 Beta2","declare type FontVariation = import('../api/@ohos.graphics.text').default.FontVariation"
"declare type FontVariation = import('../api/@ohos.graphics.text').default.FontVariation","新增API","harmonyos_api_changes/HarmonyOS_26.0.0_Beta1.json","declare","",".type(ButtonType.Capsule)","ArkTS","entry\src\main\ets\pages\Index.ets:144","declare type FontVariation = import('../api/@ohos.graphics.text').default.FontVariation@entry\src\main\ets\pages\Index.ets:144","","26.0.0 Beta2","declare type FontVariation = import('../api/@ohos.graphics.text').default.FontVariation"
"declare type FontVariation = import('../api/@ohos.graphics.text').default.FontVariation","新增API","harmonyos_api_changes/HarmonyOS_26.0.0_Beta1.json","declare","",".type(ButtonType.Capsule)","ArkTS","entry\src\main\ets\pages\Index.ets:151","declare type FontVariation = import('../api/@ohos.graphics.text').default.FontVariation@entry\src\main\ets\pages\Index.ets:151","","26.0.0 Beta2","declare type FontVariation = import('../api/@ohos.graphics.text').default.FontVariation"
"declare type FontVariation = import('../api/@ohos.graphics.text').default.FontVariation","新增API","harmonyos_api_changes/HarmonyOS_26.0.0_Beta1.json","declare","",".type(ButtonType.Capsule)","ArkTS","entry\src\main\ets\pages\Index.ets:157","declare type FontVariation = import('../api/@ohos.graphics.text').default.FontVariation@entry\src\main\ets\pages\Index.ets:157","","26.0.0 Beta2","declare type FontVariation = import('../api/@ohos.graphics.text').default.FontVariation"
"declare type FrameNode = import('../api/arkui/FrameNode').FrameNode","新增API","harmonyos_api_changes/HarmonyOS_5.0.1(13)_Beta3.json","declare","",".type(ButtonType.Capsule)","ArkTS","entry\src\main\ets\pages\EditSimplePage.ets:146","declare type FrameNode = import('../api/arkui/FrameNode').FrameNode@entry\src\main\ets\pages\EditSimplePage.ets:146","","5.0.1(13)","declare type FrameNode = import('../api/arkui/FrameNode').FrameNode"
"declare type FrameNode = import('../api/arkui/FrameNode').FrameNode","新增API","harmonyos_api_changes/HarmonyOS_5.0.1(13)_Beta3.json","declare","",".type(ButtonType.Capsule)","ArkTS","entry\src\main\ets\pages\Index.ets:144","declare type FrameNode = import('../api/arkui/FrameNode').FrameNode@entry\src\main\ets\pages\Index.ets:144","","5.0.1(13)","declare type FrameNode = import('../api/arkui/FrameNode').FrameNode"
"declare type FrameNode = import('../api/arkui/FrameNode').FrameNode","新增API","harmonyos_api_changes/HarmonyOS_5.0.1(13)_Beta3.json","declare","",".type(ButtonType.Capsule)","ArkTS","entry\src\main\ets\pages\Index.ets:151","declare type FrameNode = import('../api/arkui/FrameNode').FrameNode@entry\src\main\ets\pages\Index.ets:151","","5.0.1(13)","declare type FrameNode = import('../api/arkui/FrameNode').FrameNode"
"declare type FrameNode = import('../api/arkui/FrameNode').FrameNode","新增API","harmonyos_api_changes/HarmonyOS_5.0.1(13)_Beta3.json","declare","",".type(ButtonType.Capsule)","ArkTS","entry\src\main\ets\pages\Index.ets:157","declare type FrameNode = import('../api/arkui/FrameNode').FrameNode@entry\src\main\ets\pages\Index.ets:157","","5.0.1(13)","declare type FrameNode = import('../api/arkui/FrameNode').FrameNode"
"declare type GestureCollectInterceptCallback = (recognizers: Array<GestureRecognizer>, touchRecognizers?: Array<TouchRecognizer>) => GestureCollectIntervention","新增API","harmonyos_api_changes/HarmonyOS_26.0.0_Beta1.json","declare","",".type(ButtonType.Capsule)","ArkTS","entry\src\main\ets\pages\EditSimplePage.ets:146","declare type GestureCollectInterceptCallback = (recognizers: Array<GestureRecognizer>, touchRecognizers?: Array<TouchRecognizer>) => GestureCollectIntervention@entry\src\main\ets\pages\EditSimplePage.ets:146","","26.0.0 Beta2","declare type GestureCollectInterceptCallback = (recognizers: Array<GestureRecognizer>, touchRecognizers?: Array<TouchRecognizer>) => GestureCollectIntervention"
"declare type GestureCollectInterceptCallback = (recognizers: Array<GestureRecognizer>, touchRecognizers?: Array<TouchRecognizer>) => GestureCollectIntervention","新增API","harmonyos_api_changes/HarmonyOS_26.0.0_Beta1.json","declare","",".type(ButtonType.Capsule)","ArkTS","entry\src\main\ets\pages\Index.ets:144","declare type GestureCollectInterceptCallback = (recognizers: Array<GestureRecognizer>, touchRecognizers?: Array<TouchRecognizer>) => GestureCollectIntervention@entry\src\main\ets\pages\Index.ets:144","","26.0.0 Beta2","declare type GestureCollectInterceptCallback = (recognizers: Array<GestureRecognizer>, touchRecognizers?: Array<TouchRecognizer>) => GestureCollectIntervention"
"declare type GestureCollectInterceptCallback = (recognizers: Array<GestureRecognizer>, touchRecognizers?: Array<TouchRecognizer>) => GestureCollectIntervention","新增API","harmonyos_api_changes/HarmonyOS_26.0.0_Beta1.json","declare","",".type(ButtonType.Capsule)","ArkTS","entry\src\main\ets\pages\Index.ets:151","declare type GestureCollectInterceptCallback = (recognizers: Array<GestureRecognizer>, touchRecognizers?: Array<TouchRecognizer>) => GestureCollectIntervention@entry\src\main\ets\pages\Index.ets:151","","26.0.0 Beta2","declare type GestureCollectInterceptCallback = (recognizers: Array<GestureRecognizer>, touchRecognizers?: Array<TouchRecognizer>) => GestureCollectIntervention"
"declare type GestureCollectInterceptCallback = (recognizers: Array<GestureRecognizer>, touchRecognizers?: Array<TouchRecognizer>) => GestureCollectIntervention","新增API","harmonyos_api_changes/HarmonyOS_26.0.0_Beta1.json","declare","",".type(ButtonType.Capsule)","ArkTS","entry\src\main\ets\pages\Index.ets:157","declare type GestureCollectInterceptCallback = (recognizers: Array<GestureRecognizer>, touchRecognizers?: Array<TouchRecognizer>) => GestureCollectIntervention@entry\src\main\ets\pages\Index.ets:157","","26.0.0 Beta2","declare type GestureCollectInterceptCallback = (recognizers: Array<GestureRecognizer>, touchRecognizers?: Array<TouchRecognizer>) => GestureCollectIntervention"
"declare type GestureRecognizerJudgeBeginCallback = (event: BaseGestureEvent, current: GestureRecognizer, recognizers: Array<GestureRecognizer>) => GestureJudgeResult","自定义类型变更","harmonyos_api_changes/HarmonyOS_6.0.0(20)_Beta2.json","declare","",".type(ButtonType.Capsule)","ArkTS","entry\src\main\ets\pages\EditSimplePage.ets:146","declare type GestureRecognizerJudgeBeginCallback = (event: BaseGestureEvent, current: GestureRecognizer, recognizers: Array<GestureRecognizer>) => GestureJudgeResult@entry\src\main\ets\pages\EditSimplePage.ets:146","","6.0.0(20)","declare type GestureRecognizerJudgeBeginCallback = (event: BaseGestureEvent, current: GestureRecognizer, recognizers: Array<GestureRecognizer>) => GestureJudgeResult"
"declare type GestureRecognizerJudgeBeginCallback = (event: BaseGestureEvent, current: GestureRecognizer, recognizers: Array<GestureRecognizer>) => GestureJudgeResult","自定义类型变更","harmonyos_api_changes/HarmonyOS_6.0.0(20)_Beta2.json","declare","",".type(ButtonType.Capsule)","ArkTS","entry\src\main\ets\pages\Index.ets:144","declare type GestureRecognizerJudgeBeginCallback = (event: BaseGestureEvent, current: GestureRecognizer, recognizers: Array<GestureRecognizer>) => GestureJudgeResult@entry\src\main\ets\pages\Index.ets:144","","6.0.0(20)","declare type GestureRecognizerJudgeBeginCallback = (event: BaseGestureEvent, current: GestureRecognizer, recognizers: Array<GestureRecognizer>) => GestureJudgeResult"
"declare type GestureRecognizerJudgeBeginCallback = (event: BaseGestureEvent, current: GestureRecognizer, recognizers: Array<GestureRecognizer>) => GestureJudgeResult","自定义类型变更","harmonyos_api_changes/HarmonyOS_6.0.0(20)_Beta2.json","declare","",".type(ButtonType.Capsule)","ArkTS","entry\src\main\ets\pages\Index.ets:151","declare type GestureRecognizerJudgeBeginCallback = (event: BaseGestureEvent, current: GestureRecognizer, recognizers: Array<GestureRecognizer>) => GestureJudgeResult@entry\src\main\ets\pages\Index.ets:151","","6.0.0(20)","declare type GestureRecognizerJudgeBeginCallback = (event: BaseGestureEvent, current: GestureRecognizer, recognizers: Array<GestureRecognizer>) => GestureJudgeResult"
"declare type GestureRecognizerJudgeBeginCallback = (event: BaseGestureEvent, current: GestureRecognizer, recognizers: Array<GestureRecognizer>) => GestureJudgeResult","自定义类型变更","harmonyos_api_changes/HarmonyOS_6.0.0(20)_Beta2.json","declare","",".type(ButtonType.Capsule)","ArkTS","entry\src\main\ets\pages\Index.ets:157","declare type GestureRecognizerJudgeBeginCallback = (event: BaseGestureEvent, current: GestureRecognizer, recognizers: Array<GestureRecognizer>) => GestureJudgeResult@entry\src\main\ets\pages\Index.ets:157","","6.0.0(20)","declare type GestureRecognizerJudgeBeginCallback = (event: BaseGestureEvent, current: GestureRecognizer, recognizers: Array<GestureRecognizer>) => GestureJudgeResult"
"declare type GestureSwipeHandler = (index: number, event: SwiperAnimationEvent) => void","新增API","harmonyos_api_changes/HarmonyOS_5.1.0(18).json","declare","",".type(ButtonType.Capsule)","ArkTS","entry\src\main\ets\pages\EditSimplePage.ets:146","declare type GestureSwipeHandler = (index: number, event: SwiperAnimationEvent) => void@entry\src\main\ets\pages\EditSimplePage.ets:146","","5.1.0(18)","declare type GestureSwipeHandler = (index: number, event: SwiperAnimationEvent) => void"
"declare type GestureSwipeHandler = (index: number, event: SwiperAnimationEvent) => void","新增API","harmonyos_api_changes/HarmonyOS_5.1.0(18).json","declare","",".type(ButtonType.Capsule)","ArkTS","entry\src\main\ets\pages\Index.ets:144","declare type GestureSwipeHandler = (index: number, event: SwiperAnimationEvent) => void@entry\src\main\ets\pages\Index.ets:144","","5.1.0(18)","declare type GestureSwipeHandler = (index: number, event: SwiperAnimationEvent) => void"
"declare type GestureSwipeHandler = (index: number, event: SwiperAnimationEvent) => void","新增API","harmonyos_api_changes/HarmonyOS_5.1.0(18).json","declare","",".type(ButtonType.Capsule)","ArkTS","entry\src\main\ets\pages\Index.ets:151","declare type GestureSwipeHandler = (index: number, event: SwiperAnimationEvent) => void@entry\src\main\ets\pages\Index.ets:151","","5.1.0(18)","declare type GestureSwipeHandler = (index: number, event: SwiperAnimationEvent) => void"
"declare type GestureSwipeHandler = (index: number, event: SwiperAnimationEvent) => void","新增API","harmonyos_api_changes/HarmonyOS_5.1.0(18).json","declare","",".type(ButtonType.Capsule)","ArkTS","entry\src\main\ets\pages\Index.ets:157","declare type GestureSwipeHandler = (index: number, event: SwiperAnimationEvent) => void@entry\src\main\ets\pages\Index.ets:157","","5.1.0(18)","declare type GestureSwipeHandler = (index: number, event: SwiperAnimationEvent) => void"
"declare type HdsListItemCardInterface = (options: HdsListItemCardOptions) => HdsListItemCardAttribute","新增API","harmonyos_api_changes/HarmonyOS_6.0.0(20)_Beta1.json","declare","",".type(ButtonType.Capsule)","ArkTS","entry\src\main\ets\pages\EditSimplePage.ets:146","declare type HdsListItemCardInterface = (options: HdsListItemCardOptions) => HdsListItemCardAttribute@entry\src\main\ets\pages\EditSimplePage.ets:146","","6.0.0(20)","declare type HdsListItemCardInterface = (options: HdsListItemCardOptions) => HdsListItemCardAttribute"
"declare type HdsListItemCardInterface = (options: HdsListItemCardOptions) => HdsListItemCardAttribute","新增API","harmonyos_api_changes/HarmonyOS_6.0.0(20)_Beta1.json","declare","",".type(ButtonType.Capsule)","ArkTS","entry\src\main\ets\pages\Index.ets:144","declare type HdsListItemCardInterface = (options: HdsListItemCardOptions) => HdsListItemCardAttribute@entry\src\main\ets\pages\Index.ets:144","","6.0.0(20)","declare type HdsListItemCardInterface = (options: HdsListItemCardOptions) => HdsListItemCardAttribute"
"declare type HdsListItemCardInterface = (options: HdsListItemCardOptions) => HdsListItemCardAttribute","新增API","harmonyos_api_changes/HarmonyOS_6.0.0(20)_Beta1.json","declare","",".type(ButtonType.Capsule)","ArkTS","entry\src\main\ets\pages\Index.ets:151","declare type HdsListItemCardInterface = (options: HdsListItemCardOptions) => HdsListItemCardAttribute@entry\src\main\ets\pages\Index.ets:151","","6.0.0(20)","declare type HdsListItemCardInterface = (options: HdsListItemCardOptions) => HdsListItemCardAttribute"
"declare type HdsListItemCardInterface = (options: HdsListItemCardOptions) => HdsListItemCardAttribute","新增API","harmonyos_api_changes/HarmonyOS_6.0.0(20)_Beta1.json","declare","",".type(ButtonType.Capsule)","ArkTS","entry\src\main\ets\pages\Index.ets:157","declare type HdsListItemCardInterface = (options: HdsListItemCardOptions) => HdsListItemCardAttribute@entry\src\main\ets\pages\Index.ets:157","","6.0.0(20)","declare type HdsListItemCardInterface = (options: HdsListItemCardOptions) => HdsListItemCardAttribute"
"declare type HdsSceneFinishCallback = () => void","新增API","harmonyos_api_changes/HarmonyOS_6.0.0(20)_Beta1.json","declare","",".type(ButtonType.Capsule)","ArkTS","entry\src\main\ets\pages\EditSimplePage.ets:146","declare type HdsSceneFinishCallback = () => void@entry\src\main\ets\pages\EditSimplePage.ets:146","","6.0.0(20)","declare type HdsSceneFinishCallback = () => void"
"declare type HdsSceneFinishCallback = () => void","新增API","harmonyos_api_changes/HarmonyOS_6.0.0(20)_Beta1.json","declare","",".type(ButtonType.Capsule)","ArkTS","entry\src\main\ets\pages\Index.ets:144","declare type HdsSceneFinishCallback = () => void@entry\src\main\ets\pages\Index.ets:144","","6.0.0(20)","declare type HdsSceneFinishCallback = () => void"
"declare type HdsSceneFinishCallback = () => void","新增API","harmonyos_api_changes/HarmonyOS_6.0.0(20)_Beta1.json","declare","",".type(ButtonType.Capsule)","ArkTS","entry\src\main\ets\pages\Index.ets:151","declare type HdsSceneFinishCallback = () => void@entry\src\main\ets\pages\Index.ets:151","","6.0.0(20)","declare type HdsSceneFinishCallback = () => void"
"declare type HdsSceneFinishCallback = () => void","新增API","harmonyos_api_changes/HarmonyOS_6.0.0(20)_Beta1.json","declare","",".type(ButtonType.Capsule)","ArkTS","entry\src\main\ets\pages\Index.ets:157","declare type HdsSceneFinishCallback = () => void@entry\src\main\ets\pages\Index.ets:157","","6.0.0(20)","declare type HdsSceneFinishCallback = () => void"
"declare type HdsTabsInterface = (options?: HdsTabsOptions) => HdsTabsAttribute","新增API","harmonyos_api_changes/HarmonyOS_6.0.0(20)_Beta1.json","declare","",".type(ButtonType.Capsule)","ArkTS","entry\src\main\ets\pages\EditSimplePage.ets:146","declare type HdsTabsInterface = (options?: HdsTabsOptions) => HdsTabsAttribute@entry\src\main\ets\pages\EditSimplePage.ets:146","","6.0.0(20)","declare type HdsTabsInterface = (options?: HdsTabsOptions) => HdsTabsAttribute"
"declare type HdsTabsInterface = (options?: HdsTabsOptions) => HdsTabsAttribute","新增API","harmonyos_api_changes/HarmonyOS_6.0.0(20)_Beta1.json","declare","",".type(ButtonType.Capsule)","ArkTS","entry\src\main\ets\pages\Index.ets:144","declare type HdsTabsInterface = (options?: HdsTabsOptions) => HdsTabsAttribute@entry\src\main\ets\pages\Index.ets:144","","6.0.0(20)","declare type HdsTabsInterface = (options?: HdsTabsOptions) => HdsTabsAttribute"
"declare type HdsTabsInterface = (options?: HdsTabsOptions) => HdsTabsAttribute","新增API","harmonyos_api_changes/HarmonyOS_6.0.0(20)_Beta1.json","declare","",".type(ButtonType.Capsule)","ArkTS","entry\src\main\ets\pages\Index.ets:151","declare type HdsTabsInterface = (options?: HdsTabsOptions) => HdsTabsAttribute@entry\src\main\ets\pages\Index.ets:151","","6.0.0(20)","declare type HdsTabsInterface = (options?: HdsTabsOptions) => HdsTabsAttribute"
"declare type HdsTabsInterface = (options?: HdsTabsOptions) => HdsTabsAttribute","新增API","harmonyos_api_changes/HarmonyOS_6.0.0(20)_Beta1.json","declare","",".type(ButtonType.Capsule)","ArkTS","entry\src\main\ets\pages\Index.ets:157","declare type HdsTabsInterface = (options?: HdsTabsOptions) => HdsTabsAttribute@entry\src\main\ets\pages\Index.ets:157","","6.0.0(20)","declare type HdsTabsInterface = (options?: HdsTabsOptions) => HdsTabsAttribute"
"declare type HdsVisualComponentInterface = () => HdsVisualComponentAttribute","新增API","harmonyos_api_changes/HarmonyOS_6.0.0(20)_Beta1.json","declare","",".type(ButtonType.Capsule)","ArkTS","entry\src\main\ets\pages\EditSimplePage.ets:146","declare type HdsVisualComponentInterface = () => HdsVisualComponentAttribute@entry\src\main\ets\pages\EditSimplePage.ets:146","","6.0.0(20)","declare type HdsVisualComponentInterface = () => HdsVisualComponentAttribute"
"declare type HdsVisualComponentInterface = () => HdsVisualComponentAttribute","新增API","harmonyos_api_changes/HarmonyOS_6.0.0(20)_Beta1.json","declare","",".type(ButtonType.Capsule)","ArkTS","entry\src\main\ets\pages\Index.ets:144","declare type HdsVisualComponentInterface = () => HdsVisualComponentAttribute@entry\src\main\ets\pages\Index.ets:144","","6.0.0(20)","declare type HdsVisualComponentInterface = () => HdsVisualComponentAttribute"
"declare type HdsVisualComponentInterface = () => HdsVisualComponentAttribute","新增API","harmonyos_api_changes/HarmonyOS_6.0.0(20)_Beta1.json","declare","",".type(ButtonType.Capsule)","ArkTS","entry\src\main\ets\pages\Index.ets:151","declare type HdsVisualComponentInterface = () => HdsVisualComponentAttribute@entry\src\main\ets\pages\Index.ets:151","","6.0.0(20)","declare type HdsVisualComponentInterface = () => HdsVisualComponentAttribute"
"declare type HdsVisualComponentInterface = () => HdsVisualComponentAttribute","新增API","harmonyos_api_changes/HarmonyOS_6.0.0(20)_Beta1.json","declare","",".type(ButtonType.Capsule)","ArkTS","entry\src\main\ets\pages\Index.ets:157","declare type HdsVisualComponentInterface = () => HdsVisualComponentAttribute@entry\src\main\ets\pages\Index.ets:157","","6.0.0(20)","declare type HdsVisualComponentInterface = () => HdsVisualComponentAttribute"
"declare type ImageMatrix = import('../api/@ohos.matrix4').default.Matrix4Transit","新增API","harmonyos_api_changes/HarmonyOS_5.0.3(15)_Beta2.json","declare","",".type(ButtonType.Capsule)","ArkTS","entry\src\main\ets\pages\EditSimplePage.ets:146","declare type ImageMatrix = import('../api/@ohos.matrix4').default.Matrix4Transit@entry\src\main\ets\pages\EditSimplePage.ets:146","","5.0.3(15)","declare type ImageMatrix = import('../api/@ohos.matrix4').default.Matrix4Transit"
"declare type ImageMatrix = import('../api/@ohos.matrix4').default.Matrix4Transit","新增API","harmonyos_api_changes/HarmonyOS_5.0.3(15)_Beta2.json","declare","",".type(ButtonType.Capsule)","ArkTS","entry\src\main\ets\pages\Index.ets:144","declare type ImageMatrix = import('../api/@ohos.matrix4').default.Matrix4Transit@entry\src\main\ets\pages\Index.ets:144","","5.0.3(15)","declare type ImageMatrix = import('../api/@ohos.matrix4').default.Matrix4Transit"
"declare type ImageMatrix = import('../api/@ohos.matrix4').default.Matrix4Transit","新增API","harmonyos_api_changes/HarmonyOS_5.0.3(15)_Beta2.json","declare","",".type(ButtonType.Capsule)","ArkTS","entry\src\main\ets\pages\Index.ets:151","declare type ImageMatrix = import('../api/@ohos.matrix4').default.Matrix4Transit@entry\src\main\ets\pages\Index.ets:151","","5.0.3(15)","declare type ImageMatrix = import('../api/@ohos.matrix4').default.Matrix4Transit"
"declare type ImageMatrix = import('../api/@ohos.matrix4').default.Matrix4Transit","新增API","harmonyos_api_changes/HarmonyOS_5.0.3(15)_Beta2.json","declare","",".type(ButtonType.Capsule)","ArkTS","entry\src\main\ets\pages\Index.ets:157","declare type ImageMatrix = import('../api/@ohos.matrix4').default.Matrix4Transit@entry\src\main\ets\pages\Index.ets:157","","5.0.3(15)","declare type ImageMatrix = import('../api/@ohos.matrix4').default.Matrix4Transit"
"declare type ImmersiveMode = import('../api/@ohos.promptAction').ImmersiveMode","新增API","harmonyos_api_changes/HarmonyOS_5.0.3(15)_Beta2.json","declare","",".type(ButtonType.Capsule)","ArkTS","entry\src\main\ets\pages\EditSimplePage.ets:146","declare type ImmersiveMode = import('../api/@ohos.promptAction').ImmersiveMode@entry\src\main\ets\pages\EditSimplePage.ets:146","","5.0.3(15)","declare type ImmersiveMode = import('../api/@ohos.promptAction').ImmersiveMode"
"declare type ImmersiveMode = import('../api/@ohos.promptAction').ImmersiveMode","新增API","harmonyos_api_changes/HarmonyOS_5.0.3(15)_Beta2.json","declare","",".type(ButtonType.Capsule)","ArkTS","entry\src\main\ets\pages\Index.ets:144","declare type ImmersiveMode = import('../api/@ohos.promptAction').ImmersiveMode@entry\src\main\ets\pages\Index.ets:144","","5.0.3(15)","declare type ImmersiveMode = import('../api/@ohos.promptAction').ImmersiveMode"
"declare type ImmersiveMode = import('../api/@ohos.promptAction').ImmersiveMode","新增API","harmonyos_api_changes/HarmonyOS_5.0.3(15)_Beta2.json","declare","",".type(ButtonType.Capsule)","ArkTS","entry\src\main\ets\pages\Index.ets:151","declare type ImmersiveMode = import('../api/@ohos.promptAction').ImmersiveMode@entry\src\main\ets\pages\Index.ets:151","","5.0.3(15)","declare type ImmersiveMode = import('../api/@ohos.promptAction').ImmersiveMode"
"declare type ImmersiveMode = import('../api/@ohos.promptAction').ImmersiveMode","新增API","harmonyos_api_changes/HarmonyOS_5.0.3(15)_Beta2.json","declare","",".type(ButtonType.Capsule)","ArkTS","entry\src\main\ets\pages\Index.ets:157","declare type ImmersiveMode = import('../api/@ohos.promptAction').ImmersiveMode@entry\src\main\ets\pages\Index.ets:157","","5.0.3(15)","declare type ImmersiveMode = import('../api/@ohos.promptAction').ImmersiveMode"
"declare type IndexChangedHandler = (index: number) => void","新增API","harmonyos_api_changes/HarmonyOS_5.1.0(18).json","declare","",".type(ButtonType.Capsule)","ArkTS","entry\src\main\ets\pages\EditSimplePage.ets:146","declare type IndexChangedHandler = (index: number) => void@entry\src\main\ets\pages\EditSimplePage.ets:146","","5.1.0(18)","declare type IndexChangedHandler = (index: number) => void"
"declare type IndexChangedHandler = (index: number) => void","新增API","harmonyos_api_changes/HarmonyOS_5.1.0(18).json","declare","",".type(ButtonType.Capsule)","ArkTS","entry\src\main\ets\pages\Index.ets:144","declare type IndexChangedHandler = (index: number) => void@entry\src\main\ets\pages\Index.ets:144","","5.1.0(18)","declare type IndexChangedHandler = (index: number) => void"
"declare type IndexChangedHandler = (index: number) => void","新增API","harmonyos_api_changes/HarmonyOS_5.1.0(18).json","declare","",".type(ButtonType.Capsule)","ArkTS","entry\src\main\ets\pages\Index.ets:151","declare type IndexChangedHandler = (index: number) => void@entry\src\main\ets\pages\Index.ets:151","","5.1.0(18)","declare type IndexChangedHandler = (index: number) => void"
"declare type IndexChangedHandler = (index: number) => void","新增API","harmonyos_api_changes/HarmonyOS_5.1.0(18).json","declare","",".type(ButtonType.Capsule)","ArkTS","entry\src\main\ets\pages\Index.ets:157","declare type IndexChangedHandler = (index: number) => void@entry\src\main\ets\pages\Index.ets:157","","5.1.0(18)","declare type IndexChangedHandler = (index: number) => void"
"declare type InitCallback = () => void","新增API","harmonyos_api_changes/HarmonyOS_5.1.0(18).json","declare","",".type(ButtonType.Capsule)","ArkTS","entry\src\main\ets\pages\EditSimplePage.ets:146","declare type InitCallback = () => void@entry\src\main\ets\pages\EditSimplePage.ets:146","","5.1.0(18)","declare type InitCallback = () => void"
"declare type InitCallback = () => void","新增API","harmonyos_api_changes/HarmonyOS_5.1.0(18).json","declare","",".type(ButtonType.Capsule)","ArkTS","entry\src\main\ets\pages\Index.ets:144","declare type InitCallback = () => void@entry\src\main\ets\pages\Index.ets:144","","5.1.0(18)","declare type InitCallback = () => void"
"declare type InitCallback = () => void","新增API","harmonyos_api_changes/HarmonyOS_5.1.0(18).json","declare","",".type(ButtonType.Capsule)","ArkTS","entry\src\main\ets\pages\Index.ets:151","declare type InitCallback = () => void@entry\src\main\ets\pages\Index.ets:151","","5.1.0(18)","declare type InitCallback = () => void"
"declare type InitCallback = () => void","新增API","harmonyos_api_changes/HarmonyOS_5.1.0(18).json","declare","",".type(ButtonType.Capsule)","ArkTS","entry\src\main\ets\pages\Index.ets:157","declare type InitCallback = () => void@entry\src\main\ets\pages\Index.ets:157","","5.1.0(18)","declare type InitCallback = () => void"
"declare type InputEventListener = (event: RawInputEventWrapper) => InputEventInterceptResult","新增API","harmonyos_api_changes/HarmonyOS_26.0.0_Beta1.json","declare","",".type(ButtonType.Capsule)","ArkTS","entry\src\main\ets\pages\EditSimplePage.ets:146","declare type InputEventListener = (event: RawInputEventWrapper) => InputEventInterceptResult@entry\src\main\ets\pages\EditSimplePage.ets:146","","26.0.0 Beta2","declare type InputEventListener = (event: RawInputEventWrapper) => InputEventInterceptResult"
"declare type InputEventListener = (event: RawInputEventWrapper) => InputEventInterceptResult","新增API","harmonyos_api_changes/HarmonyOS_26.0.0_Beta1.json","declare","",".type(ButtonType.Capsule)","ArkTS","entry\src\main\ets\pages\Index.ets:144","declare type InputEventListener = (event: RawInputEventWrapper) => InputEventInterceptResult@entry\src\main\ets\pages\Index.ets:144","","26.0.0 Beta2","declare type InputEventListener = (event: RawInputEventWrapper) => InputEventInterceptResult"
"declare type InputEventListener = (event: RawInputEventWrapper) => InputEventInterceptResult","新增API","harmonyos_api_changes/HarmonyOS_26.0.0_Beta1.json","declare","",".type(ButtonType.Capsule)","ArkTS","entry\src\main\ets\pages\Index.ets:151","declare type InputEventListener = (event: RawInputEventWrapper) => InputEventInterceptResult@entry\src\main\ets\pages\Index.ets:151","","26.0.0 Beta2","declare type InputEventListener = (event: RawInputEventWrapper) => InputEventInterceptResult"
"declare type InputEventListener = (event: RawInputEventWrapper) => InputEventInterceptResult","新增API","harmonyos_api_changes/HarmonyOS_26.0.0_Beta1.json","declare","",".type(ButtonType.Capsule)","ArkTS","entry\src\main\ets\pages\Index.ets:157","declare type InputEventListener = (event: RawInputEventWrapper) => InputEventInterceptResult@entry\src\main\ets\pages\Index.ets:157","","26.0.0 Beta2","declare type InputEventListener = (event: RawInputEventWrapper) => InputEventInterceptResult"
"declare type InputMethodExtraConfig = import('../api/@ohos.inputMethod.ExtraConfig').InputMethodExtraConfig","新增API","harmonyos_api_changes/HarmonyOS_6.0.2(22).json","declare","",".type(ButtonType.Capsule)","ArkTS","entry\src\main\ets\pages\EditSimplePage.ets:146","declare type InputMethodExtraConfig = import('../api/@ohos.inputMethod.ExtraConfig').InputMethodExtraConfig@entry\src\main\ets\pages\EditSimplePage.ets:146","","6.0.2(22)","declare type InputMethodExtraConfig = import('../api/@ohos.inputMethod.ExtraConfig').InputMethodExtraConfig"
"declare type InputMethodExtraConfig = import('../api/@ohos.inputMethod.ExtraConfig').InputMethodExtraConfig","新增API","harmonyos_api_changes/HarmonyOS_6.0.2(22).json","declare","",".type(ButtonType.Capsule)","ArkTS","entry\src\main\ets\pages\Index.ets:144","declare type InputMethodExtraConfig = import('../api/@ohos.inputMethod.ExtraConfig').InputMethodExtraConfig@entry\src\main\ets\pages\Index.ets:144","","6.0.2(22)","declare type InputMethodExtraConfig = import('../api/@ohos.inputMethod.ExtraConfig').InputMethodExtraConfig"
"declare type InputMethodExtraConfig = import('../api/@ohos.inputMethod.ExtraConfig').InputMethodExtraConfig","新增API","harmonyos_api_changes/HarmonyOS_6.0.2(22).json","declare","",".type(ButtonType.Capsule)","ArkTS","entry\src\main\ets\pages\Index.ets:151","declare type InputMethodExtraConfig = import('../api/@ohos.inputMethod.ExtraConfig').InputMethodExtraConfig@entry\src\main\ets\pages\Index.ets:151","","6.0.2(22)","declare type InputMethodExtraConfig = import('../api/@ohos.inputMethod.ExtraConfig').InputMethodExtraConfig"
"declare type InputMethodExtraConfig = import('../api/@ohos.inputMethod.ExtraConfig').InputMethodExtraConfig","新增API","harmonyos_api_changes/HarmonyOS_6.0.2(22).json","declare","",".type(ButtonType.Capsule)","ArkTS","entry\src\main\ets\pages\Index.ets:157","declare type InputMethodExtraConfig = import('../api/@ohos.inputMethod.ExtraConfig').InputMethodExtraConfig@entry\src\main\ets\pages\Index.ets:157","","6.0.2(22)","declare type InputMethodExtraConfig = import('../api/@ohos.inputMethod.ExtraConfig').InputMethodExtraConfig"
"declare type InterceptionCallback = (from: NavPathInfo | NavBar, to: NavPathInfo | NavBar, pathStack: NavPathStack, operation: NavigationOperation, isAnimated: boolean) => void","新增API","harmonyos_api_changes/HarmonyOS_6.0.2(22).json","declare","",".type(ButtonType.Capsule)","ArkTS","entry\src\main\ets\pages\EditSimplePage.ets:146","declare type InterceptionCallback = (from: NavPathInfo | NavBar, to: NavPathInfo | NavBar, pathStack: NavPathStack, operation: NavigationOperation, isAnimated: boolean) => void@entry\src\main\ets\pages\EditSimplePage.ets:146","","6.0.2(22)","declare type InterceptionCallback = (from: NavPathInfo | NavBar, to: NavPathInfo | NavBar, pathStack: NavPathStack, operation: NavigationOperation, isAnimated: boolean) => void"
"declare type InterceptionCallback = (from: NavPathInfo | NavBar, to: NavPathInfo | NavBar, pathStack: NavPathStack, operation: NavigationOperation, isAnimated: boolean) => void","新增API","harmonyos_api_changes/HarmonyOS_6.0.2(22).json","declare","",".type(ButtonType.Capsule)","ArkTS","entry\src\main\ets\pages\Index.ets:144","declare type InterceptionCallback = (from: NavPathInfo | NavBar, to: NavPathInfo | NavBar, pathStack: NavPathStack, operation: NavigationOperation, isAnimated: boolean) => void@entry\src\main\ets\pages\Index.ets:144","","6.0.2(22)","declare type InterceptionCallback = (from: NavPathInfo | NavBar, to: NavPathInfo | NavBar, pathStack: NavPathStack, operation: NavigationOperation, isAnimated: boolean) => void"
"declare type InterceptionCallback = (from: NavPathInfo | NavBar, to: NavPathInfo | NavBar, pathStack: NavPathStack, operation: NavigationOperation, isAnimated: boolean) => void","新增API","harmonyos_api_changes/HarmonyOS_6.0.2(22).json","declare","",".type(ButtonType.Capsule)","ArkTS","entry\src\main\ets\pages\Index.ets:151","declare type InterceptionCallback = (from: NavPathInfo | NavBar, to: NavPathInfo | NavBar, pathStack: NavPathStack, operation: NavigationOperation, isAnimated: boolean) => void@entry\src\main\ets\pages\Index.ets:151","","6.0.2(22)","declare type InterceptionCallback = (from: NavPathInfo | NavBar, to: NavPathInfo | NavBar, pathStack: NavPathStack, operation: NavigationOperation, isAnimated: boolean) => void"
"declare type InterceptionCallback = (from: NavPathInfo | NavBar, to: NavPathInfo | NavBar, pathStack: NavPathStack, operation: NavigationOperation, isAnimated: boolean) => void","新增API","harmonyos_api_changes/HarmonyOS_6.0.2(22).json","declare","",".type(ButtonType.Capsule)","ArkTS","entry\src\main\ets\pages\Index.ets:157","declare type InterceptionCallback = (from: NavPathInfo | NavBar, to: NavPathInfo | NavBar, pathStack: NavPathStack, operation: NavigationOperation, isAnimated: boolean) => void@entry\src\main\ets\pages\Index.ets:157","","6.0.2(22)","declare type InterceptionCallback = (from: NavPathInfo | NavBar, to: NavPathInfo | NavBar, pathStack: NavPathStack, operation: NavigationOperation, isAnimated: boolean) => void"
"declare type LevelMode = import('../api/@ohos.promptAction').LevelMode","新增API","harmonyos_api_changes/HarmonyOS_5.0.3(15)_Beta2.json","declare","",".type(ButtonType.Capsule)","ArkTS","entry\src\main\ets\pages\EditSimplePage.ets:146","declare type LevelMode = import('../api/@ohos.promptAction').LevelMode@entry\src\main\ets\pages\EditSimplePage.ets:146","","5.0.3(15)","declare type LevelMode = import('../api/@ohos.promptAction').LevelMode"
"declare type LevelMode = import('../api/@ohos.promptAction').LevelMode","新增API","harmonyos_api_changes/HarmonyOS_5.0.3(15)_Beta2.json","declare","",".type(ButtonType.Capsule)","ArkTS","entry\src\main\ets\pages\Index.ets:144","declare type LevelMode = import('../api/@ohos.promptAction').LevelMode@entry\src\main\ets\pages\Index.ets:144","","5.0.3(15)","declare type LevelMode = import('../api/@ohos.promptAction').LevelMode"
"declare type LevelMode = import('../api/@ohos.promptAction').LevelMode","新增API","harmonyos_api_changes/HarmonyOS_5.0.3(15)_Beta2.json","declare","",".type(ButtonType.Capsule)","ArkTS","entry\src\main\ets\pages\Index.ets:151","declare type LevelMode = import('../api/@ohos.promptAction').LevelMode@entry\src\main\ets\pages\Index.ets:151","","5.0.3(15)","declare type LevelMode = import('../api/@ohos.promptAction').LevelMode"
"declare type LevelMode = import('../api/@ohos.promptAction').LevelMode","新增API","harmonyos_api_changes/HarmonyOS_5.0.3(15)_Beta2.json","declare","",".type(ButtonType.Capsule)","ArkTS","entry\src\main\ets\pages\Index.ets:157","declare type LevelMode = import('../api/@ohos.promptAction').LevelMode@entry\src\main\ets\pages\Index.ets:157","","5.0.3(15)","declare type LevelMode = import('../api/@ohos.promptAction').LevelMode"
"declare type LevelOrder = import('../api/@ohos.promptAction').LevelOrder","新增API","harmonyos_api_changes/HarmonyOS_5.1.0(18).json","declare","",".type(ButtonType.Capsule)","ArkTS","entry\src\main\ets\pages\EditSimplePage.ets:146","declare type LevelOrder = import('../api/@ohos.promptAction').LevelOrder@entry\src\main\ets\pages\EditSimplePage.ets:146","","5.1.0(18)","declare type LevelOrder = import('../api/@ohos.promptAction').LevelOrder"
"declare type LevelOrder = import('../api/@ohos.promptAction').LevelOrder","新增API","harmonyos_api_changes/HarmonyOS_5.1.0(18).json","declare","",".type(ButtonType.Capsule)","ArkTS","entry\src\main\ets\pages\Index.ets:144","declare type LevelOrder = import('../api/@ohos.promptAction').LevelOrder@entry\src\main\ets\pages\Index.ets:144","","5.1.0(18)","declare type LevelOrder = import('../api/@ohos.promptAction').LevelOrder"
"declare type LevelOrder = import('../api/@ohos.promptAction').LevelOrder","新增API","harmonyos_api_changes/HarmonyOS_5.1.0(18).json","declare","",".type(ButtonType.Capsule)","ArkTS","entry\src\main\ets\pages\Index.ets:151","declare type LevelOrder = import('../api/@ohos.promptAction').LevelOrder@entry\src\main\ets\pages\Index.ets:151","","5.1.0(18)","declare type LevelOrder = import('../api/@ohos.promptAction').LevelOrder"
"declare type LevelOrder = import('../api/@ohos.promptAction').LevelOrder","新增API","harmonyos_api_changes/HarmonyOS_5.1.0(18).json","declare","",".type(ButtonType.Capsule)","ArkTS","entry\src\main\ets\pages\Index.ets:157","declare type LevelOrder = import('../api/@ohos.promptAction').LevelOrder@entry\src\main\ets\pages\Index.ets:157","","5.1.0(18)","declare type LevelOrder = import('../api/@ohos.promptAction').LevelOrder"
"declare type Material = import('../api/@ohos.arkui.uiMaterial').default.Material","新增API","harmonyos_api_changes/HarmonyOS_26.0.0_Beta2.json","declare","",".type(ButtonType.Capsule)","ArkTS","entry\src\main\ets\pages\EditSimplePage.ets:146","declare type Material = import('../api/@ohos.arkui.uiMaterial').default.Material@entry\src\main\ets\pages\EditSimplePage.ets:146","","26.0.0 Beta2","declare type Material = import('../api/@ohos.arkui.uiMaterial').default.Material"
"declare type Material = import('../api/@ohos.arkui.uiMaterial').default.Material","新增API","harmonyos_api_changes/HarmonyOS_26.0.0_Beta2.json","declare","",".type(ButtonType.Capsule)","ArkTS","entry\src\main\ets\pages\Index.ets:144","declare type Material = import('../api/@ohos.arkui.uiMaterial').default.Material@entry\src\main\ets\pages\Index.ets:144","","26.0.0 Beta2","declare type Material = import('../api/@ohos.arkui.uiMaterial').default.Material"
"declare type Material = import('../api/@ohos.arkui.uiMaterial').default.Material","新增API","harmonyos_api_changes/HarmonyOS_26.0.0_Beta2.json","declare","",".type(ButtonType.Capsule)","ArkTS","entry\src\main\ets\pages\Index.ets:151","declare type Material = import('../api/@ohos.arkui.uiMaterial').default.Material@entry\src\main\ets\pages\Index.ets:151","","26.0.0 Beta2","declare type Material = import('../api/@ohos.arkui.uiMaterial').default.Material"
"declare type Material = import('../api/@ohos.arkui.uiMaterial').default.Material","新增API","harmonyos_api_changes/HarmonyOS_26.0.0_Beta2.json","declare","",".type(ButtonType.Capsule)","ArkTS","entry\src\main\ets\pages\Index.ets:157","declare type Material = import('../api/@ohos.arkui.uiMaterial').default.Material@entry\src\main\ets\pages\Index.ets:157","","26.0.0 Beta2","declare type Material = import('../api/@ohos.arkui.uiMaterial').default.Material"
"declare type Matrix4Transit = import('../api/@ohos.matrix4').default.Matrix4Transit","新增API","harmonyos_api_changes/HarmonyOS_6.0.0(20)_Beta2.json","declare","",".type(ButtonType.Capsule)","ArkTS","entry\src\main\ets\pages\EditSimplePage.ets:146","declare type Matrix4Transit = import('../api/@ohos.matrix4').default.Matrix4Transit@entry\src\main\ets\pages\EditSimplePage.ets:146","","6.0.0(20)","declare type Matrix4Transit = import('../api/@ohos.matrix4').default.Matrix4Transit"
"declare type Matrix4Transit = import('../api/@ohos.matrix4').default.Matrix4Transit","新增API","harmonyos_api_changes/HarmonyOS_6.0.0(20)_Beta2.json","declare","",".type(ButtonType.Capsule)","ArkTS","entry\src\main\ets\pages\Index.ets:144","declare type Matrix4Transit = import('../api/@ohos.matrix4').default.Matrix4Transit@entry\src\main\ets\pages\Index.ets:144","","6.0.0(20)","declare type Matrix4Transit = import('../api/@ohos.matrix4').default.Matrix4Transit"
"declare type Matrix4Transit = import('../api/@ohos.matrix4').default.Matrix4Transit","新增API","harmonyos_api_changes/HarmonyOS_6.0.0(20)_Beta2.json","declare","",".type(ButtonType.Capsule)","ArkTS","entry\src\main\ets\pages\Index.ets:151","declare type Matrix4Transit = import('../api/@ohos.matrix4').default.Matrix4Transit@entry\src\main\ets\pages\Index.ets:151","","6.0.0(20)","declare type Matrix4Transit = import('../api/@ohos.matrix4').default.Matrix4Transit"
"declare type Matrix4Transit = import('../api/@ohos.matrix4').default.Matrix4Transit","新增API","harmonyos_api_changes/HarmonyOS_6.0.0(20)_Beta2.json","declare","",".type(ButtonType.Capsule)","ArkTS","entry\src\main\ets\pages\Index.ets:157","declare type Matrix4Transit = import('../api/@ohos.matrix4').default.Matrix4Transit@entry\src\main\ets\pages\Index.ets:157","","6.0.0(20)","declare type Matrix4Transit = import('../api/@ohos.matrix4').default.Matrix4Transit"
"declare type MenuCallback = (start: number, end: number) => void","新增API","harmonyos_api_changes/HarmonyOS_5.0.3(15)_Beta2.json","declare","",".type(ButtonType.Capsule)","ArkTS","entry\src\main\ets\pages\EditSimplePage.ets:146","declare type MenuCallback = (start: number, end: number) => void@entry\src\main\ets\pages\EditSimplePage.ets:146","","5.0.3(15)","declare type MenuCallback = (start: number, end: number) => void"
"declare type MenuCallback = (start: number, end: number) => void","新增API","harmonyos_api_changes/HarmonyOS_5.0.3(15)_Beta2.json","declare","",".type(ButtonType.Capsule)","ArkTS","entry\src\main\ets\pages\Index.ets:144","declare type MenuCallback = (start: number, end: number) => void@entry\src\main\ets\pages\Index.ets:144","","5.0.3(15)","declare type MenuCallback = (start: number, end: number) => void"
"declare type MenuCallback = (start: number, end: number) => void","新增API","harmonyos_api_changes/HarmonyOS_5.0.3(15)_Beta2.json","declare","",".type(ButtonType.Capsule)","ArkTS","entry\src\main\ets\pages\Index.ets:151","declare type MenuCallback = (start: number, end: number) => void@entry\src\main\ets\pages\Index.ets:151","","5.0.3(15)","declare type MenuCallback = (start: number, end: number) => void"
"declare type MenuCallback = (start: number, end: number) => void","新增API","harmonyos_api_changes/HarmonyOS_5.0.3(15)_Beta2.json","declare","",".type(ButtonType.Capsule)","ArkTS","entry\src\main\ets\pages\Index.ets:157","declare type MenuCallback = (start: number, end: number) => void@entry\src\main\ets\pages\Index.ets:157","","5.0.3(15)","declare type MenuCallback = (start: number, end: number) => void"
"declare type MonitorDecorator = (value: string, ...args: string\[\]) => MethodDecorator","API卡片权限变更","harmonyos_api_changes/HarmonyOS_6.1.0(23)_Beta1.json","declare","",".type(ButtonType.Capsule)","ArkTS","entry\src\main\ets\pages\EditSimplePage.ets:146","declare type MonitorDecorator = (value: string, ...args: string\[\]) => MethodDecorator@entry\src\main\ets\pages\EditSimplePage.ets:146","","6.1.0(23)","declare type MonitorDecorator = (value: string, ...args: string\[\]) => MethodDecorator"
"declare type MonitorDecorator = (value: string, ...args: string\[\]) => MethodDecorator","API卡片权限变更","harmonyos_api_changes/HarmonyOS_6.1.0(23)_Beta1.json","declare","",".type(ButtonType.Capsule)","ArkTS","entry\src\main\ets\pages\Index.ets:144","declare type MonitorDecorator = (value: string, ...args: string\[\]) => MethodDecorator@entry\src\main\ets\pages\Index.ets:144","","6.1.0(23)","declare type MonitorDecorator = (value: string, ...args: string\[\]) => MethodDecorator"
"declare type MonitorDecorator = (value: string, ...args: string\[\]) => MethodDecorator","API卡片权限变更","harmonyos_api_changes/HarmonyOS_6.1.0(23)_Beta1.json","declare","",".type(ButtonType.Capsule)","ArkTS","entry\src\main\ets\pages\Index.ets:151","declare type MonitorDecorator = (value: string, ...args: string\[\]) => MethodDecorator@entry\src\main\ets\pages\Index.ets:151","","6.1.0(23)","declare type MonitorDecorator = (value: string, ...args: string\[\]) => MethodDecorator"
"declare type MonitorDecorator = (value: string, ...args: string\[\]) => MethodDecorator","API卡片权限变更","harmonyos_api_changes/HarmonyOS_6.1.0(23)_Beta1.json","declare","",".type(ButtonType.Capsule)","ArkTS","entry\src\main\ets\pages\Index.ets:157","declare type MonitorDecorator = (value: string, ...args: string\[\]) => MethodDecorator@entry\src\main\ets\pages\Index.ets:157","","6.1.0(23)","declare type MonitorDecorator = (value: string, ...args: string\[\]) => MethodDecorator"
"declare type NavDestinationBuildFunction = (name: string, param?: object) => void","新增API","harmonyos_api_changes/HarmonyOS_5.0.2(14).json","declare","",".type(ButtonType.Capsule)","ArkTS","entry\src\main\ets\pages\EditSimplePage.ets:146","declare type NavDestinationBuildFunction = (name: string, param?: object) => void@entry\src\main\ets\pages\EditSimplePage.ets:146","","5.0.2(14)","declare type NavDestinationBuildFunction = (name: string, param?: object) => void"
"declare type NavDestinationBuildFunction = (name: string, param?: object) => void","新增API","harmonyos_api_changes/HarmonyOS_5.0.2(14).json","declare","",".type(ButtonType.Capsule)","ArkTS","entry\src\main\ets\pages\Index.ets:144","declare type NavDestinationBuildFunction = (name: string, param?: object) => void@entry\src\main\ets\pages\Index.ets:144","","5.0.2(14)","declare type NavDestinationBuildFunction = (name: string, param?: object) => void"
"declare type NavDestinationBuildFunction = (name: string, param?: object) => void","新增API","harmonyos_api_changes/HarmonyOS_5.0.2(14).json","declare","",".type(ButtonType.Capsule)","ArkTS","entry\src\main\ets\pages\Index.ets:151","declare type NavDestinationBuildFunction = (name: string, param?: object) => void@entry\src\main\ets\pages\Index.ets:151","","5.0.2(14)","declare type NavDestinationBuildFunction = (name: string, param?: object) => void"
"declare type NavDestinationBuildFunction = (name: string, param?: object) => void","新增API","harmonyos_api_changes/HarmonyOS_5.0.2(14).json","declare","",".type(ButtonType.Capsule)","ArkTS","entry\src\main\ets\pages\Index.ets:157","declare type NavDestinationBuildFunction = (name: string, param?: object) => void@entry\src\main\ets\pages\Index.ets:157","","5.0.2(14)","declare type NavDestinationBuildFunction = (name: string, param?: object) => void"
"declare type NavDestinationTransitionDelegate = (operation: NavigationOperation, isEnter: boolean) => Array<NavDestinationTransition> | undefined","新增API","harmonyos_api_changes/HarmonyOS_5.0.3(15)_Beta2.json","declare","",".type(ButtonType.Capsule)","ArkTS","entry\src\main\ets\pages\EditSimplePage.ets:146","declare type NavDestinationTransitionDelegate = (operation: NavigationOperation, isEnter: boolean) => Array<NavDestinationTransition> | undefined@entry\src\main\ets\pages\EditSimplePage.ets:146","","5.0.3(15)","declare type NavDestinationTransitionDelegate = (operation: NavigationOperation, isEnter: boolean) => Array<NavDestinationTransition> | undefined"
"declare type NavDestinationTransitionDelegate = (operation: NavigationOperation, isEnter: boolean) => Array<NavDestinationTransition> | undefined","新增API","harmonyos_api_changes/HarmonyOS_5.0.3(15)_Beta2.json","declare","",".type(ButtonType.Capsule)","ArkTS","entry\src\main\ets\pages\Index.ets:144","declare type NavDestinationTransitionDelegate = (operation: NavigationOperation, isEnter: boolean) => Array<NavDestinationTransition> | undefined@entry\src\main\ets\pages\Index.ets:144","","5.0.3(15)","declare type NavDestinationTransitionDelegate = (operation: NavigationOperation, isEnter: boolean) => Array<NavDestinationTransition> | undefined"
"declare type NavDestinationTransitionDelegate = (operation: NavigationOperation, isEnter: boolean) => Array<NavDestinationTransition> | undefined","新增API","harmonyos_api_changes/HarmonyOS_5.0.3(15)_Beta2.json","declare","",".type(ButtonType.Capsule)","ArkTS","entry\src\main\ets\pages\Index.ets:151","declare type NavDestinationTransitionDelegate = (operation: NavigationOperation, isEnter: boolean) => Array<NavDestinationTransition> | undefined@entry\src\main\ets\pages\Index.ets:151","","5.0.3(15)","declare type NavDestinationTransitionDelegate = (operation: NavigationOperation, isEnter: boolean) => Array<NavDestinationTransition> | undefined"
"declare type NavDestinationTransitionDelegate = (operation: NavigationOperation, isEnter: boolean) => Array<NavDestinationTransition> | undefined","新增API","harmonyos_api_changes/HarmonyOS_5.0.3(15)_Beta2.json","declare","",".type(ButtonType.Capsule)","ArkTS","entry\src\main\ets\pages\Index.ets:157","declare type NavDestinationTransitionDelegate = (operation: NavigationOperation, isEnter: boolean) => Array<NavDestinationTransition> | undefined@entry\src\main\ets\pages\Index.ets:157","","5.0.3(15)","declare type NavDestinationTransitionDelegate = (operation: NavigationOperation, isEnter: boolean) => Array<NavDestinationTransition> | undefined"
"declare type NodeRenderStateChangeCallback = (state: NodeRenderState, node?: FrameNode) => void","新增API","harmonyos_api_changes/HarmonyOS_6.0.0(20)_Beta1.json","declare","",".type(ButtonType.Capsule)","ArkTS","entry\src\main\ets\pages\EditSimplePage.ets:146","declare type NodeRenderStateChangeCallback = (state: NodeRenderState, node?: FrameNode) => void@entry\src\main\ets\pages\EditSimplePage.ets:146","","6.0.0(20)","declare type NodeRenderStateChangeCallback = (state: NodeRenderState, node?: FrameNode) => void"
"declare type NodeRenderStateChangeCallback = (state: NodeRenderState, node?: FrameNode) => void","新增API","harmonyos_api_changes/HarmonyOS_6.0.0(20)_Beta1.json","declare","",".type(ButtonType.Capsule)","ArkTS","entry\src\main\ets\pages\Index.ets:144","declare type NodeRenderStateChangeCallback = (state: NodeRenderState, node?: FrameNode) => void@entry\src\main\ets\pages\Index.ets:144","","6.0.0(20)","declare type NodeRenderStateChangeCallback = (state: NodeRenderState, node?: FrameNode) => void"
"declare type NodeRenderStateChangeCallback = (state: NodeRenderState, node?: FrameNode) => void","新增API","harmonyos_api_changes/HarmonyOS_6.0.0(20)_Beta1.json","declare","",".type(ButtonType.Capsule)","ArkTS","entry\src\main\ets\pages\Index.ets:151","declare type NodeRenderStateChangeCallback = (state: NodeRenderState, node?: FrameNode) => void@entry\src\main\ets\pages\Index.ets:151","","6.0.0(20)","declare type NodeRenderStateChangeCallback = (state: NodeRenderState, node?: FrameNode) => void"
"declare type NodeRenderStateChangeCallback = (state: NodeRenderState, node?: FrameNode) => void","新增API","harmonyos_api_changes/HarmonyOS_6.0.0(20)_Beta1.json","declare","",".type(ButtonType.Capsule)","ArkTS","entry\src\main\ets\pages\Index.ets:157","declare type NodeRenderStateChangeCallback = (state: NodeRenderState, node?: FrameNode) => void@entry\src\main\ets\pages\Index.ets:157","","6.0.0(20)","declare type NodeRenderStateChangeCallback = (state: NodeRenderState, node?: FrameNode) => void"
"declare type OnActionCallback = () => void","新增API","harmonyos_api_changes/HarmonyOS_26.0.0_Beta2.json","declare","",".type(ButtonType.Capsule)","ArkTS","entry\src\main\ets\pages\EditSimplePage.ets:146","declare type OnActionCallback = () => void@entry\src\main\ets\pages\EditSimplePage.ets:146","","26.0.0 Beta2","declare type OnActionCallback = () => void"
"declare type OnActionCallback = () => void","新增API","harmonyos_api_changes/HarmonyOS_26.0.0_Beta2.json","declare","",".type(ButtonType.Capsule)","ArkTS","entry\src\main\ets\pages\Index.ets:144","declare type OnActionCallback = () => void@entry\src\main\ets\pages\Index.ets:144","","26.0.0 Beta2","declare type OnActionCallback = () => void"
"declare type OnActionCallback = () => void","新增API","harmonyos_api_changes/HarmonyOS_26.0.0_Beta2.json","declare","",".type(ButtonType.Capsule)","ArkTS","entry\src\main\ets\pages\Index.ets:151","declare type OnActionCallback = () => void@entry\src\main\ets\pages\Index.ets:151","","26.0.0 Beta2","declare type OnActionCallback = () => void"
"declare type OnActionCallback = () => void","新增API","harmonyos_api_changes/HarmonyOS_26.0.0_Beta2.json","declare","",".type(ButtonType.Capsule)","ArkTS","entry\src\main\ets\pages\Index.ets:157","declare type OnActionCallback = () => void@entry\src\main\ets\pages\Index.ets:157","","26.0.0 Beta2","declare type OnActionCallback = () => void"
"declare type OnActionTextClickCallback = () => void","新增API","harmonyos_api_changes/HarmonyOS_26.0.0_Beta2.json","declare","",".type(ButtonType.Capsule)","ArkTS","entry\src\main\ets\pages\EditSimplePage.ets:146","declare type OnActionTextClickCallback = () => void@entry\src\main\ets\pages\EditSimplePage.ets:146","","26.0.0 Beta2","declare type OnActionTextClickCallback = () => void"
"declare type OnActionTextClickCallback = () => void","新增API","harmonyos_api_changes/HarmonyOS_26.0.0_Beta2.json","declare","",".type(ButtonType.Capsule)","ArkTS","entry\src\main\ets\pages\Index.ets:144","declare type OnActionTextClickCallback = () => void@entry\src\main\ets\pages\Index.ets:144","","26.0.0 Beta2","declare type OnActionTextClickCallback = () => void"
"declare type OnActionTextClickCallback = () => void","新增API","harmonyos_api_changes/HarmonyOS_26.0.0_Beta2.json","declare","",".type(ButtonType.Capsule)","ArkTS","entry\src\main\ets\pages\Index.ets:151","declare type OnActionTextClickCallback = () => void@entry\src\main\ets\pages\Index.ets:151","","26.0.0 Beta2","declare type OnActionTextClickCallback = () => void"
"declare type OnActionTextClickCallback = () => void","新增API","harmonyos_api_changes/HarmonyOS_26.0.0_Beta2.json","declare","",".type(ButtonType.Capsule)","ArkTS","entry\src\main\ets\pages\Index.ets:157","declare type OnActionTextClickCallback = () => void@entry\src\main\ets\pages\Index.ets:157","","26.0.0 Beta2","declare type OnActionTextClickCallback = () => void"
"declare type OnAlphabetIndexerPopupSelectCallback = (index: number) => void","新增API","harmonyos_api_changes/HarmonyOS_5.1.0(18).json","declare","",".type(ButtonType.Capsule)","ArkTS","entry\src\main\ets\pages\EditSimplePage.ets:146","declare type OnAlphabetIndexerPopupSelectCallback = (index: number) => void@entry\src\main\ets\pages\EditSimplePage.ets:146","","5.1.0(18)","declare type OnAlphabetIndexerPopupSelectCallback = (index: number) => void"
"declare type OnAlphabetIndexerPopupSelectCallback = (index: number) => void","新增API","harmonyos_api_changes/HarmonyOS_5.1.0(18).json","declare","",".type(ButtonType.Capsule)","ArkTS","entry\src\main\ets\pages\Index.ets:144","declare type OnAlphabetIndexerPopupSelectCallback = (index: number) => void@entry\src\main\ets\pages\Index.ets:144","","5.1.0(18)","declare type OnAlphabetIndexerPopupSelectCallback = (index: number) => void"
"declare type OnAlphabetIndexerPopupSelectCallback = (index: number) => void","新增API","harmonyos_api_changes/HarmonyOS_5.1.0(18).json","declare","",".type(ButtonType.Capsule)","ArkTS","entry\src\main\ets\pages\Index.ets:151","declare type OnAlphabetIndexerPopupSelectCallback = (index: number) => void@entry\src\main\ets\pages\Index.ets:151","","5.1.0(18)","declare type OnAlphabetIndexerPopupSelectCallback = (index: number) => void"
"declare type OnAlphabetIndexerPopupSelectCallback = (index: number) => void","新增API","harmonyos_api_changes/HarmonyOS_5.1.0(18).json","declare","",".type(ButtonType.Capsule)","ArkTS","entry\src\main\ets\pages\Index.ets:157","declare type OnAlphabetIndexerPopupSelectCallback = (index: number) => void@entry\src\main\ets\pages\Index.ets:157","","5.1.0(18)","declare type OnAlphabetIndexerPopupSelectCallback = (index: number) => void"
"declare type OnAlphabetIndexerRequestPopupDataCallback = (index: number) => Array<string>","新增API","harmonyos_api_changes/HarmonyOS_5.1.0(18).json","declare","",".type(ButtonType.Capsule)","ArkTS","entry\src\main\ets\pages\EditSimplePage.ets:146","declare type OnAlphabetIndexerRequestPopupDataCallback = (index: number) => Array<string>@entry\src\main\ets\pages\EditSimplePage.ets:146","","5.1.0(18)","declare type OnAlphabetIndexerRequestPopupDataCallback = (index: number) => Array<string>"
"declare type OnAlphabetIndexerRequestPopupDataCallback = (index: number) => Array<string>","新增API","harmonyos_api_changes/HarmonyOS_5.1.0(18).json","declare","",".type(ButtonType.Capsule)","ArkTS","entry\src\main\ets\pages\Index.ets:144","declare type OnAlphabetIndexerRequestPopupDataCallback = (index: number) => Array<string>@entry\src\main\ets\pages\Index.ets:144","","5.1.0(18)","declare type OnAlphabetIndexerRequestPopupDataCallback = (index: number) => Array<string>"
"declare type OnAlphabetIndexerRequestPopupDataCallback = (index: number) => Array<string>","新增API","harmonyos_api_changes/HarmonyOS_5.1.0(18).json","declare","",".type(ButtonType.Capsule)","ArkTS","entry\src\main\ets\pages\Index.ets:151","declare type OnAlphabetIndexerRequestPopupDataCallback = (index: number) => Array<string>@entry\src\main\ets\pages\Index.ets:151","","5.1.0(18)","declare type OnAlphabetIndexerRequestPopupDataCallback = (index: number) => Array<string>"
"declare type OnAlphabetIndexerRequestPopupDataCallback = (index: number) => Array<string>","新增API","harmonyos_api_changes/HarmonyOS_5.1.0(18).json","declare","",".type(ButtonType.Capsule)","ArkTS","entry\src\main\ets\pages\Index.ets:157","declare type OnAlphabetIndexerRequestPopupDataCallback = (index: number) => Array<string>@entry\src\main\ets\pages\Index.ets:157","","5.1.0(18)","declare type OnAlphabetIndexerRequestPopupDataCallback = (index: number) => Array<string>"
"declare type OnAlphabetIndexerSelectCallback = (index: number) => void","新增API","harmonyos_api_changes/HarmonyOS_5.1.0(18).json","declare","",".type(ButtonType.Capsule)","ArkTS","entry\src\main\ets\pages\EditSimplePage.ets:146","declare type OnAlphabetIndexerSelectCallback = (index: number) => void@entry\src\main\ets\pages\EditSimplePage.ets:146","","5.1.0(18)","declare type OnAlphabetIndexerSelectCallback = (index: number) => void"
"declare type OnAlphabetIndexerSelectCallback = (index: number) => void","新增API","harmonyos_api_changes/HarmonyOS_5.1.0(18).json","declare","",".type(ButtonType.Capsule)","ArkTS","entry\src\main\ets\pages\Index.ets:144","declare type OnAlphabetIndexerSelectCallback = (index: number) => void@entry\src\main\ets\pages\Index.ets:144","","5.1.0(18)","declare type OnAlphabetIndexerSelectCallback = (index: number) => void"
"declare type OnAlphabetIndexerSelectCallback = (index: number) => void","新增API","harmonyos_api_changes/HarmonyOS_5.1.0(18).json","declare","",".type(ButtonType.Capsule)","ArkTS","entry\src\main\ets\pages\Index.ets:151","declare type OnAlphabetIndexerSelectCallback = (index: number) => void@entry\src\main\ets\pages\Index.ets:151","","5.1.0(18)","declare type OnAlphabetIndexerSelectCallback = (index: number) => void"
"declare type OnAlphabetIndexerSelectCallback = (index: number) => void","新增API","harmonyos_api_changes/HarmonyOS_5.1.0(18).json","declare","",".type(ButtonType.Capsule)","ArkTS","entry\src\main\ets\pages\Index.ets:157","declare type OnAlphabetIndexerSelectCallback = (index: number) => void@entry\src\main\ets\pages\Index.ets:157","","5.1.0(18)","declare type OnAlphabetIndexerSelectCallback = (index: number) => void"
"declare type OnChangeCallback = (value: boolean) => void","新增API","harmonyos_api_changes/HarmonyOS_26.0.0_Beta2.json","declare","",".type(ButtonType.Capsule)","ArkTS","entry\src\main\ets\pages\EditSimplePage.ets:146","declare type OnChangeCallback = (value: boolean) => void@entry\src\main\ets\pages\EditSimplePage.ets:146","","26.0.0 Beta2","declare type OnChangeCallback = (value: boolean) => void"
"declare type OnChangeCallback = (value: boolean) => void","新增API","harmonyos_api_changes/HarmonyOS_26.0.0_Beta2.json","declare","",".type(ButtonType.Capsule)","ArkTS","entry\src\main\ets\pages\Index.ets:144","declare type OnChangeCallback = (value: boolean) => void@entry\src\main\ets\pages\Index.ets:144","","26.0.0 Beta2","declare type OnChangeCallback = (value: boolean) => void"
"declare type OnChangeCallback = (value: boolean) => void","新增API","harmonyos_api_changes/HarmonyOS_26.0.0_Beta2.json","declare","",".type(ButtonType.Capsule)","ArkTS","entry\src\main\ets\pages\Index.ets:151","declare type OnChangeCallback = (value: boolean) => void@entry\src\main\ets\pages\Index.ets:151","","26.0.0 Beta2","declare type OnChangeCallback = (value: boolean) => void"
"declare type OnChangeCallback = (value: boolean) => void","新增API","harmonyos_api_changes/HarmonyOS_26.0.0_Beta2.json","declare","",".type(ButtonType.Capsule)","ArkTS","entry\src\main\ets\pages\Index.ets:157","declare type OnChangeCallback = (value: boolean) => void@entry\src\main\ets\pages\Index.ets:157","","26.0.0 Beta2","declare type OnChangeCallback = (value: boolean) => void"
"declare type OnChangedCallback = (callbackParam: CallbackParamV2) => void","新增API","harmonyos_api_changes/HarmonyOS_26.0.0_Beta2.json","declare","",".type(ButtonType.Capsule)","ArkTS","entry\src\main\ets\pages\EditSimplePage.ets:146","declare type OnChangedCallback = (callbackParam: CallbackParamV2) => void@entry\src\main\ets\pages\EditSimplePage.ets:146","","26.0.0 Beta2","declare type OnChangedCallback = (callbackParam: CallbackParamV2) => void"
"declare type OnChangedCallback = (callbackParam: CallbackParamV2) => void","新增API","harmonyos_api_changes/HarmonyOS_26.0.0_Beta2.json","declare","",".type(ButtonType.Capsule)","ArkTS","entry\src\main\ets\pages\Index.ets:144","declare type OnChangedCallback = (callbackParam: CallbackParamV2) => void@entry\src\main\ets\pages\Index.ets:144","","26.0.0 Beta2","declare type OnChangedCallback = (callbackParam: CallbackParamV2) => void"
"declare type OnChangedCallback = (callbackParam: CallbackParamV2) => void","新增API","harmonyos_api_changes/HarmonyOS_26.0.0_Beta2.json","declare","",".type(ButtonType.Capsule)","ArkTS","entry\src\main\ets\pages\Index.ets:151","declare type OnChangedCallback = (callbackParam: CallbackParamV2) => void@entry\src\main\ets\pages\Index.ets:151","","26.0.0 Beta2","declare type OnChangedCallback = (callbackParam: CallbackParamV2) => void"
"declare type OnChangedCallback = (callbackParam: CallbackParamV2) => void","新增API","harmonyos_api_changes/HarmonyOS_26.0.0_Beta2.json","declare","",".type(ButtonType.Capsule)","ArkTS","entry\src\main\ets\pages\Index.ets:157","declare type OnChangedCallback = (callbackParam: CallbackParamV2) => void@entry\src\main\ets\pages\Index.ets:157","","26.0.0 Beta2","declare type OnChangedCallback = (callbackParam: CallbackParamV2) => void"
"declare type OnCheckboxChangeCallback = (value: boolean) => void","新增API","harmonyos_api_changes/HarmonyOS_5.1.0(18).json","declare","",".type(ButtonType.Capsule)","ArkTS","entry\src\main\ets\pages\EditSimplePage.ets:146","declare type OnCheckboxChangeCallback = (value: boolean) => void@entry\src\main\ets\pages\EditSimplePage.ets:146","","5.1.0(18)","declare type OnCheckboxChangeCallback = (value: boolean) => void"
"declare type OnCheckboxChangeCallback = (value: boolean) => void","新增API","harmonyos_api_changes/HarmonyOS_5.1.0(18).json","declare","",".type(ButtonType.Capsule)","ArkTS","entry\src\main\ets\pages\Index.ets:144","declare type OnCheckboxChangeCallback = (value: boolean) => void@entry\src\main\ets\pages\Index.ets:144","","5.1.0(18)","declare type OnCheckboxChangeCallback = (value: boolean) => void"
"declare type OnCheckboxChangeCallback = (value: boolean) => void","新增API","harmonyos_api_changes/HarmonyOS_5.1.0(18).json","declare","",".type(ButtonType.Capsule)","ArkTS","entry\src\main\ets\pages\Index.ets:151","declare type OnCheckboxChangeCallback = (value: boolean) => void@entry\src\main\ets\pages\Index.ets:151","","5.1.0(18)","declare type OnCheckboxChangeCallback = (value: boolean) => void"
"declare type OnCheckboxChangeCallback = (value: boolean) => void","新增API","harmonyos_api_changes/HarmonyOS_5.1.0(18).json","declare","",".type(ButtonType.Capsule)","ArkTS","entry\src\main\ets\pages\Index.ets:157","declare type OnCheckboxChangeCallback = (value: boolean) => void@entry\src\main\ets\pages\Index.ets:157","","5.1.0(18)","declare type OnCheckboxChangeCallback = (value: boolean) => void"
"declare type OnCheckboxGroupChangeCallback = (value: CheckboxGroupResult) => void","新增API","harmonyos_api_changes/HarmonyOS_5.1.0(18).json","declare","",".type(ButtonType.Capsule)","ArkTS","entry\src\main\ets\pages\EditSimplePage.ets:146","declare type OnCheckboxGroupChangeCallback = (value: CheckboxGroupResult) => void@entry\src\main\ets\pages\EditSimplePage.ets:146","","5.1.0(18)","declare type OnCheckboxGroupChangeCallback = (value: CheckboxGroupResult) => void"
"declare type OnCheckboxGroupChangeCallback = (value: CheckboxGroupResult) => void","新增API","harmonyos_api_changes/HarmonyOS_5.1.0(18).json","declare","",".type(ButtonType.Capsule)","ArkTS","entry\src\main\ets\pages\Index.ets:144","declare type OnCheckboxGroupChangeCallback = (value: CheckboxGroupResult) => void@entry\src\main\ets\pages\Index.ets:144","","5.1.0(18)","declare type OnCheckboxGroupChangeCallback = (value: CheckboxGroupResult) => void"
"declare type OnCheckboxGroupChangeCallback = (value: CheckboxGroupResult) => void","新增API","harmonyos_api_changes/HarmonyOS_5.1.0(18).json","declare","",".type(ButtonType.Capsule)","ArkTS","entry\src\main\ets\pages\Index.ets:151","declare type OnCheckboxGroupChangeCallback = (value: CheckboxGroupResult) => void@entry\src\main\ets\pages\Index.ets:151","","5.1.0(18)","declare type OnCheckboxGroupChangeCallback = (value: CheckboxGroupResult) => void"
"declare type OnCheckboxGroupChangeCallback = (value: CheckboxGroupResult) => void","新增API","harmonyos_api_changes/HarmonyOS_5.1.0(18).json","declare","",".type(ButtonType.Capsule)","ArkTS","entry\src\main\ets\pages\Index.ets:157","declare type OnCheckboxGroupChangeCallback = (value: CheckboxGroupResult) => void@entry\src\main\ets\pages\Index.ets:157","","5.1.0(18)","declare type OnCheckboxGroupChangeCallback = (value: CheckboxGroupResult) => void"
"declare type OnContainerCallback = () => void","新增API","harmonyos_api_changes/HarmonyOS_26.0.0_Beta2.json","declare","",".type(ButtonType.Capsule)","ArkTS","entry\src\main\ets\pages\EditSimplePage.ets:146","declare type OnContainerCallback = () => void@entry\src\main\ets\pages\EditSimplePage.ets:146","","26.0.0 Beta2","declare type OnContainerCallback = () => void"
"declare type OnContainerCallback = () => void","新增API","harmonyos_api_changes/HarmonyOS_26.0.0_Beta2.json","declare","",".type(ButtonType.Capsule)","ArkTS","entry\src\main\ets\pages\Index.ets:144","declare type OnContainerCallback = () => void@entry\src\main\ets\pages\Index.ets:144","","26.0.0 Beta2","declare type OnContainerCallback = () => void"
"declare type OnContainerCallback = () => void","新增API","harmonyos_api_changes/HarmonyOS_26.0.0_Beta2.json","declare","",".type(ButtonType.Capsule)","ArkTS","entry\src\main\ets\pages\Index.ets:151","declare type OnContainerCallback = () => void@entry\src\main\ets\pages\Index.ets:151","","26.0.0 Beta2","declare type OnContainerCallback = () => void"
"declare type OnContainerCallback = () => void","新增API","harmonyos_api_changes/HarmonyOS_26.0.0_Beta2.json","declare","",".type(ButtonType.Capsule)","ArkTS","entry\src\main\ets\pages\Index.ets:157","declare type OnContainerCallback = () => void@entry\src\main\ets\pages\Index.ets:157","","26.0.0 Beta2","declare type OnContainerCallback = () => void"
"declare type OnContentScrollCallback = (totalOffsetX: number, totalOffsetY: number) => void","新增API","harmonyos_api_changes/HarmonyOS_5.1.0(18).json","declare","",".type(ButtonType.Capsule)","ArkTS","entry\src\main\ets\pages\EditSimplePage.ets:146","declare type OnContentScrollCallback = (totalOffsetX: number, totalOffsetY: number) => void@entry\src\main\ets\pages\EditSimplePage.ets:146","","5.1.0(18)","declare type OnContentScrollCallback = (totalOffsetX: number, totalOffsetY: number) => void"
"declare type OnContentScrollCallback = (totalOffsetX: number, totalOffsetY: number) => void","新增API","harmonyos_api_changes/HarmonyOS_5.1.0(18).json","declare","",".type(ButtonType.Capsule)","ArkTS","entry\src\main\ets\pages\Index.ets:144","declare type OnContentScrollCallback = (totalOffsetX: number, totalOffsetY: number) => void@entry\src\main\ets\pages\Index.ets:144","","5.1.0(18)","declare type OnContentScrollCallback = (totalOffsetX: number, totalOffsetY: number) => void"
"declare type OnContentScrollCallback = (totalOffsetX: number, totalOffsetY: number) => void","新增API","harmonyos_api_changes/HarmonyOS_5.1.0(18).json","declare","",".type(ButtonType.Capsule)","ArkTS","entry\src\main\ets\pages\Index.ets:151","declare type OnContentScrollCallback = (totalOffsetX: number, totalOffsetY: number) => void@entry\src\main\ets\pages\Index.ets:151","","5.1.0(18)","declare type OnContentScrollCallback = (totalOffsetX: number, totalOffsetY: number) => void"
"declare type OnContentScrollCallback = (totalOffsetX: number, totalOffsetY: number) => void","新增API","harmonyos_api_changes/HarmonyOS_5.1.0(18).json","declare","",".type(ButtonType.Capsule)","ArkTS","entry\src\main\ets\pages\Index.ets:157","declare type OnContentScrollCallback = (totalOffsetX: number, totalOffsetY: number) => void@entry\src\main\ets\pages\Index.ets:157","","5.1.0(18)","declare type OnContentScrollCallback = (totalOffsetX: number, totalOffsetY: number) => void"
"declare type OnDidStopDraggingCallback = (willFling: boolean) => void","新增API","harmonyos_api_changes/HarmonyOS_6.0.1(21)_Beta1.json","declare","",".type(ButtonType.Capsule)","ArkTS","entry\src\main\ets\pages\EditSimplePage.ets:146","declare type OnDidStopDraggingCallback = (willFling: boolean) => void@entry\src\main\ets\pages\EditSimplePage.ets:146","","6.0.1(21)","declare type OnDidStopDraggingCallback = (willFling: boolean) => void"
"declare type OnDidStopDraggingCallback = (willFling: boolean) => void","新增API","harmonyos_api_changes/HarmonyOS_6.0.1(21)_Beta1.json","declare","",".type(ButtonType.Capsule)","ArkTS","entry\src\main\ets\pages\Index.ets:144","declare type OnDidStopDraggingCallback = (willFling: boolean) => void@entry\src\main\ets\pages\Index.ets:144","","6.0.1(21)","declare type OnDidStopDraggingCallback = (willFling: boolean) => void"
"declare type OnDidStopDraggingCallback = (willFling: boolean) => void","新增API","harmonyos_api_changes/HarmonyOS_6.0.1(21)_Beta1.json","declare","",".type(ButtonType.Capsule)","ArkTS","entry\src\main\ets\pages\Index.ets:151","declare type OnDidStopDraggingCallback = (willFling: boolean) => void@entry\src\main\ets\pages\Index.ets:151","","6.0.1(21)","declare type OnDidStopDraggingCallback = (willFling: boolean) => void"
"declare type OnDidStopDraggingCallback = (willFling: boolean) => void","新增API","harmonyos_api_changes/HarmonyOS_6.0.1(21)_Beta1.json","declare","",".type(ButtonType.Capsule)","ArkTS","entry\src\main\ets\pages\Index.ets:157","declare type OnDidStopDraggingCallback = (willFling: boolean) => void@entry\src\main\ets\pages\Index.ets:157","","6.0.1(21)","declare type OnDidStopDraggingCallback = (willFling: boolean) => void"
"declare type OnDragEventCallback = (event: DragEvent, extraParams?: string) => void","新增API","harmonyos_api_changes/HarmonyOS_5.0.3(15)_Beta2.json","declare","",".type(ButtonType.Capsule)","ArkTS","entry\src\main\ets\pages\EditSimplePage.ets:146","declare type OnDragEventCallback = (event: DragEvent, extraParams?: string) => void@entry\src\main\ets\pages\EditSimplePage.ets:146","","5.0.3(15)","declare type OnDragEventCallback = (event: DragEvent, extraParams?: string) => void"
"declare type OnDragEventCallback = (event: DragEvent, extraParams?: string) => void","新增API","harmonyos_api_changes/HarmonyOS_5.0.3(15)_Beta2.json","declare","",".type(ButtonType.Capsule)","ArkTS","entry\src\main\ets\pages\Index.ets:144","declare type OnDragEventCallback = (event: DragEvent, extraParams?: string) => void@entry\src\main\ets\pages\Index.ets:144","","5.0.3(15)","declare type OnDragEventCallback = (event: DragEvent, extraParams?: string) => void"
"declare type OnDragEventCallback = (event: DragEvent, extraParams?: string) => void","新增API","harmonyos_api_changes/HarmonyOS_5.0.3(15)_Beta2.json","declare","",".type(ButtonType.Capsule)","ArkTS","entry\src\main\ets\pages\Index.ets:151","declare type OnDragEventCallback = (event: DragEvent, extraParams?: string) => void@entry\src\main\ets\pages\Index.ets:151","","5.0.3(15)","declare type OnDragEventCallback = (event: DragEvent, extraParams?: string) => void"
"declare type OnDragEventCallback = (event: DragEvent, extraParams?: string) => void","新增API","harmonyos_api_changes/HarmonyOS_5.0.3(15)_Beta2.json","declare","",".type(ButtonType.Capsule)","ArkTS","entry\src\main\ets\pages\Index.ets:157","declare type OnDragEventCallback = (event: DragEvent, extraParams?: string) => void@entry\src\main\ets\pages\Index.ets:157","","5.0.3(15)","declare type OnDragEventCallback = (event: DragEvent, extraParams?: string) => void"
"declare type OnFoldStatusChangeCallback = (event: OnFoldStatusChangeInfo) => void","新增API","harmonyos_api_changes/HarmonyOS_5.1.0(18).json","declare","",".type(ButtonType.Capsule)","ArkTS","entry\src\main\ets\pages\EditSimplePage.ets:146","declare type OnFoldStatusChangeCallback = (event: OnFoldStatusChangeInfo) => void@entry\src\main\ets\pages\EditSimplePage.ets:146","","5.1.0(18)","declare type OnFoldStatusChangeCallback = (event: OnFoldStatusChangeInfo) => void"
"declare type OnFoldStatusChangeCallback = (event: OnFoldStatusChangeInfo) => void","新增API","harmonyos_api_changes/HarmonyOS_5.1.0(18).json","declare","",".type(ButtonType.Capsule)","ArkTS","entry\src\main\ets\pages\Index.ets:144","declare type OnFoldStatusChangeCallback = (event: OnFoldStatusChangeInfo) => void@entry\src\main\ets\pages\Index.ets:144","","5.1.0(18)","declare type OnFoldStatusChangeCallback = (event: OnFoldStatusChangeInfo) => void"
"declare type OnFoldStatusChangeCallback = (event: OnFoldStatusChangeInfo) => void","新增API","harmonyos_api_changes/HarmonyOS_5.1.0(18).json","declare","",".type(ButtonType.Capsule)","ArkTS","entry\src\main\ets\pages\Index.ets:151","declare type OnFoldStatusChangeCallback = (event: OnFoldStatusChangeInfo) => void@entry\src\main\ets\pages\Index.ets:151","","5.1.0(18)","declare type OnFoldStatusChangeCallback = (event: OnFoldStatusChangeInfo) => void"
"declare type OnFoldStatusChangeCallback = (event: OnFoldStatusChangeInfo) => void","新增API","harmonyos_api_changes/HarmonyOS_5.1.0(18).json","declare","",".type(ButtonType.Capsule)","ArkTS","entry\src\main\ets\pages\Index.ets:157","declare type OnFoldStatusChangeCallback = (event: OnFoldStatusChangeInfo) => void@entry\src\main\ets\pages\Index.ets:157","","5.1.0(18)","declare type OnFoldStatusChangeCallback = (event: OnFoldStatusChangeInfo) => void"
"declare type OnGetPreviewBadgeCallback = () => boolean | number","新增API","harmonyos_api_changes/HarmonyOS_6.1.0(23)_Beta1.json","declare","",".type(ButtonType.Capsule)","ArkTS","entry\src\main\ets\pages\EditSimplePage.ets:146","declare type OnGetPreviewBadgeCallback = () => boolean | number@entry\src\main\ets\pages\EditSimplePage.ets:146","","6.1.0(23)","declare type OnGetPreviewBadgeCallback = () => boolean | number"
"declare type OnGetPreviewBadgeCallback = () => boolean | number","新增API","harmonyos_api_changes/HarmonyOS_6.1.0(23)_Beta1.json","declare","",".type(ButtonType.Capsule)","ArkTS","entry\src\main\ets\pages\Index.ets:144","declare type OnGetPreviewBadgeCallback = () => boolean | number@entry\src\main\ets\pages\Index.ets:144","","6.1.0(23)","declare type OnGetPreviewBadgeCallback = () => boolean | number"
"declare type OnGetPreviewBadgeCallback = () => boolean | number","新增API","harmonyos_api_changes/HarmonyOS_6.1.0(23)_Beta1.json","declare","",".type(ButtonType.Capsule)","ArkTS","entry\src\main\ets\pages\Index.ets:151","declare type OnGetPreviewBadgeCallback = () => boolean | number@entry\src\main\ets\pages\Index.ets:151","","6.1.0(23)","declare type OnGetPreviewBadgeCallback = () => boolean | number"
"declare type OnGetPreviewBadgeCallback = () => boolean | number","新增API","harmonyos_api_changes/HarmonyOS_6.1.0(23)_Beta1.json","declare","",".type(ButtonType.Capsule)","ArkTS","entry\src\main\ets\pages\Index.ets:157","declare type OnGetPreviewBadgeCallback = () => boolean | number@entry\src\main\ets\pages\Index.ets:157","","6.1.0(23)","declare type OnGetPreviewBadgeCallback = () => boolean | number"
"declare type OnGridScrollIndexCallback = (first: number, last: number) => void","新增API","harmonyos_api_changes/HarmonyOS_5.1.1(19)_Beta1.json","declare","",".type(ButtonType.Capsule)","ArkTS","entry\src\main\ets\pages\EditSimplePage.ets:146","declare type OnGridScrollIndexCallback = (first: number, last: number) => void@entry\src\main\ets\pages\EditSimplePage.ets:146","","5.1.1(19)","declare type OnGridScrollIndexCallback = (first: number, last: number) => void"
"declare type OnGridScrollIndexCallback = (first: number, last: number) => void","新增API","harmonyos_api_changes/HarmonyOS_5.1.1(19)_Beta1.json","declare","",".type(ButtonType.Capsule)","ArkTS","entry\src\main\ets\pages\Index.ets:144","declare type OnGridScrollIndexCallback = (first: number, last: number) => void@entry\src\main\ets\pages\Index.ets:144","","5.1.1(19)","declare type OnGridScrollIndexCallback = (first: number, last: number) => void"
"declare type OnGridScrollIndexCallback = (first: number, last: number) => void","新增API","harmonyos_api_changes/HarmonyOS_5.1.1(19)_Beta1.json","declare","",".type(ButtonType.Capsule)","ArkTS","entry\src\main\ets\pages\Index.ets:151","declare type OnGridScrollIndexCallback = (first: number, last: number) => void@entry\src\main\ets\pages\Index.ets:151","","5.1.1(19)","declare type OnGridScrollIndexCallback = (first: number, last: number) => void"
"declare type OnGridScrollIndexCallback = (first: number, last: number) => void","新增API","harmonyos_api_changes/HarmonyOS_5.1.1(19)_Beta1.json","declare","",".type(ButtonType.Capsule)","ArkTS","entry\src\main\ets\pages\Index.ets:157","declare type OnGridScrollIndexCallback = (first: number, last: number) => void@entry\src\main\ets\pages\Index.ets:157","","5.1.1(19)","declare type OnGridScrollIndexCallback = (first: number, last: number) => void"
"declare type OnHomeShowOnTopCallback = (name: string) => void","新增API","harmonyos_api_changes/HarmonyOS_5.0.2(14).json","declare","",".type(ButtonType.Capsule)","ArkTS","entry\src\main\ets\pages\EditSimplePage.ets:146","declare type OnHomeShowOnTopCallback = (name: string) => void@entry\src\main\ets\pages\EditSimplePage.ets:146","","5.0.2(14)","declare type OnHomeShowOnTopCallback = (name: string) => void"
"declare type OnHomeShowOnTopCallback = (name: string) => void","新增API","harmonyos_api_changes/HarmonyOS_5.0.2(14).json","declare","",".type(ButtonType.Capsule)","ArkTS","entry\src\main\ets\pages\Index.ets:144","declare type OnHomeShowOnTopCallback = (name: string) => void@entry\src\main\ets\pages\Index.ets:144","","5.0.2(14)","declare type OnHomeShowOnTopCallback = (name: string) => void"
"declare type OnHomeShowOnTopCallback = (name: string) => void","新增API","harmonyos_api_changes/HarmonyOS_5.0.2(14).json","declare","",".type(ButtonType.Capsule)","ArkTS","entry\src\main\ets\pages\Index.ets:151","declare type OnHomeShowOnTopCallback = (name: string) => void@entry\src\main\ets\pages\Index.ets:151","","5.0.2(14)","declare type OnHomeShowOnTopCallback = (name: string) => void"
"declare type OnHomeShowOnTopCallback = (name: string) => void","新增API","harmonyos_api_changes/HarmonyOS_5.0.2(14).json","declare","",".type(ButtonType.Capsule)","ArkTS","entry\src\main\ets\pages\Index.ets:157","declare type OnHomeShowOnTopCallback = (name: string) => void@entry\src\main\ets\pages\Index.ets:157","","5.0.2(14)","declare type OnHomeShowOnTopCallback = (name: string) => void"
"declare type OnHoverCallback = (status: boolean, event: HoverEvent) => void","新增API","harmonyos_api_changes/HarmonyOS_5.0.2(14).json","declare","",".type(ButtonType.Capsule)","ArkTS","entry\src\main\ets\pages\EditSimplePage.ets:146","declare type OnHoverCallback = (status: boolean, event: HoverEvent) => void@entry\src\main\ets\pages\EditSimplePage.ets:146","","5.0.2(14)","declare type OnHoverCallback = (status: boolean, event: HoverEvent) => void"
"declare type OnHoverCallback = (status: boolean, event: HoverEvent) => void","新增API","harmonyos_api_changes/HarmonyOS_5.0.2(14).json","declare","",".type(ButtonType.Capsule)","ArkTS","entry\src\main\ets\pages\Index.ets:144","declare type OnHoverCallback = (status: boolean, event: HoverEvent) => void@entry\src\main\ets\pages\Index.ets:144","","5.0.2(14)","declare type OnHoverCallback = (status: boolean, event: HoverEvent) => void"
"declare type OnHoverCallback = (status: boolean, event: HoverEvent) => void","新增API","harmonyos_api_changes/HarmonyOS_5.0.2(14).json","declare","",".type(ButtonType.Capsule)","ArkTS","entry\src\main\ets\pages\Index.ets:151","declare type OnHoverCallback = (status: boolean, event: HoverEvent) => void@entry\src\main\ets\pages\Index.ets:151","","5.0.2(14)","declare type OnHoverCallback = (status: boolean, event: HoverEvent) => void"
"declare type OnHoverCallback = (status: boolean, event: HoverEvent) => void","新增API","harmonyos_api_changes/HarmonyOS_5.0.2(14).json","declare","",".type(ButtonType.Capsule)","ArkTS","entry\src\main\ets\pages\Index.ets:157","declare type OnHoverCallback = (status: boolean, event: HoverEvent) => void@entry\src\main\ets\pages\Index.ets:157","","5.0.2(14)","declare type OnHoverCallback = (status: boolean, event: HoverEvent) => void"
"declare type OnHoverStatusChangeCallback = (param: HoverEventParam) => void","新增API","harmonyos_api_changes/HarmonyOS_5.1.0(18).json","declare","",".type(ButtonType.Capsule)","ArkTS","entry\src\main\ets\pages\EditSimplePage.ets:146","declare type OnHoverStatusChangeCallback = (param: HoverEventParam) => void@entry\src\main\ets\pages\EditSimplePage.ets:146","","5.1.0(18)","declare type OnHoverStatusChangeCallback = (param: HoverEventParam) => void"
"declare type OnHoverStatusChangeCallback = (param: HoverEventParam) => void","新增API","harmonyos_api_changes/HarmonyOS_5.1.0(18).json","declare","",".type(ButtonType.Capsule)","ArkTS","entry\src\main\ets\pages\Index.ets:144","declare type OnHoverStatusChangeCallback = (param: HoverEventParam) => void@entry\src\main\ets\pages\Index.ets:144","","5.1.0(18)","declare type OnHoverStatusChangeCallback = (param: HoverEventParam) => void"
"declare type OnHoverStatusChangeCallback = (param: HoverEventParam) => void","新增API","harmonyos_api_changes/HarmonyOS_5.1.0(18).json","declare","",".type(ButtonType.Capsule)","ArkTS","entry\src\main\ets\pages\Index.ets:151","declare type OnHoverStatusChangeCallback = (param: HoverEventParam) => void@entry\src\main\ets\pages\Index.ets:151","","5.1.0(18)","declare type OnHoverStatusChangeCallback = (param: HoverEventParam) => void"
"declare type OnHoverStatusChangeCallback = (param: HoverEventParam) => void","新增API","harmonyos_api_changes/HarmonyOS_5.1.0(18).json","declare","",".type(ButtonType.Capsule)","ArkTS","entry\src\main\ets\pages\Index.ets:157","declare type OnHoverStatusChangeCallback = (param: HoverEventParam) => void@entry\src\main\ets\pages\Index.ets:157","","5.1.0(18)","declare type OnHoverStatusChangeCallback = (param: HoverEventParam) => void"
"declare type OnItemDragStartCallback = (event: ItemDragInfo, itemIndex: number) => CustomBuilder","新增API","harmonyos_api_changes/HarmonyOS_6.1.0(23)_Beta1.json","declare","",".type(ButtonType.Capsule)","ArkTS","entry\src\main\ets\pages\EditSimplePage.ets:146","declare type OnItemDragStartCallback = (event: ItemDragInfo, itemIndex: number) => CustomBuilder@entry\src\main\ets\pages\EditSimplePage.ets:146","","6.1.0(23)","declare type OnItemDragStartCallback = (event: ItemDragInfo, itemIndex: number) => CustomBuilder"
"declare type OnItemDragStartCallback = (event: ItemDragInfo, itemIndex: number) => CustomBuilder","新增API","harmonyos_api_changes/HarmonyOS_6.1.0(23)_Beta1.json","declare","",".type(ButtonType.Capsule)","ArkTS","entry\src\main\ets\pages\Index.ets:144","declare type OnItemDragStartCallback = (event: ItemDragInfo, itemIndex: number) => CustomBuilder@entry\src\main\ets\pages\Index.ets:144","","6.1.0(23)","declare type OnItemDragStartCallback = (event: ItemDragInfo, itemIndex: number) => CustomBuilder"
"declare type OnItemDragStartCallback = (event: ItemDragInfo, itemIndex: number) => CustomBuilder","新增API","harmonyos_api_changes/HarmonyOS_6.1.0(23)_Beta1.json","declare","",".type(ButtonType.Capsule)","ArkTS","entry\src\main\ets\pages\Index.ets:151","declare type OnItemDragStartCallback = (event: ItemDragInfo, itemIndex: number) => CustomBuilder@entry\src\main\ets\pages\Index.ets:151","","6.1.0(23)","declare type OnItemDragStartCallback = (event: ItemDragInfo, itemIndex: number) => CustomBuilder"
"declare type OnItemDragStartCallback = (event: ItemDragInfo, itemIndex: number) => CustomBuilder","新增API","harmonyos_api_changes/HarmonyOS_6.1.0(23)_Beta1.json","declare","",".type(ButtonType.Capsule)","ArkTS","entry\src\main\ets\pages\Index.ets:157","declare type OnItemDragStartCallback = (event: ItemDragInfo, itemIndex: number) => CustomBuilder@entry\src\main\ets\pages\Index.ets:157","","6.1.0(23)","declare type OnItemDragStartCallback = (event: ItemDragInfo, itemIndex: number) => CustomBuilder"
"declare type OnListScrollIndexCallback = (start: number, end: number, center: number) => void","新增API","harmonyos_api_changes/HarmonyOS_5.1.1(19)_Beta1.json","declare","",".type(ButtonType.Capsule)","ArkTS","entry\src\main\ets\pages\EditSimplePage.ets:146","declare type OnListScrollIndexCallback = (start: number, end: number, center: number) => void@entry\src\main\ets\pages\EditSimplePage.ets:146","","5.1.1(19)","declare type OnListScrollIndexCallback = (start: number, end: number, center: number) => void"
"declare type OnListScrollIndexCallback = (start: number, end: number, center: number) => void","新增API","harmonyos_api_changes/HarmonyOS_5.1.1(19)_Beta1.json","declare","",".type(ButtonType.Capsule)","ArkTS","entry\src\main\ets\pages\Index.ets:144","declare type OnListScrollIndexCallback = (start: number, end: number, center: number) => void@entry\src\main\ets\pages\Index.ets:144","","5.1.1(19)","declare type OnListScrollIndexCallback = (start: number, end: number, center: number) => void"
"declare type OnListScrollIndexCallback = (start: number, end: number, center: number) => void","新增API","harmonyos_api_changes/HarmonyOS_5.1.1(19)_Beta1.json","declare","",".type(ButtonType.Capsule)","ArkTS","entry\src\main\ets\pages\Index.ets:151","declare type OnListScrollIndexCallback = (start: number, end: number, center: number) => void@entry\src\main\ets\pages\Index.ets:151","","5.1.1(19)","declare type OnListScrollIndexCallback = (start: number, end: number, center: number) => void"
"declare type OnListScrollIndexCallback = (start: number, end: number, center: number) => void","新增API","harmonyos_api_changes/HarmonyOS_5.1.1(19)_Beta1.json","declare","",".type(ButtonType.Capsule)","ArkTS","entry\src\main\ets\pages\Index.ets:157","declare type OnListScrollIndexCallback = (start: number, end: number, center: number) => void@entry\src\main\ets\pages\Index.ets:157","","5.1.1(19)","declare type OnListScrollIndexCallback = (start: number, end: number, center: number) => void"
"declare type OnNativeLoadCallback = (event?: object) => void","新增API","harmonyos_api_changes/HarmonyOS_5.1.0(18).json","declare","",".type(ButtonType.Capsule)","ArkTS","entry\src\main\ets\pages\EditSimplePage.ets:146","declare type OnNativeLoadCallback = (event?: object) => void@entry\src\main\ets\pages\EditSimplePage.ets:146","","5.1.0(18)","declare type OnNativeLoadCallback = (event?: object) => void"
"declare type OnNativeLoadCallback = (event?: object) => void","新增API","harmonyos_api_changes/HarmonyOS_5.1.0(18).json","declare","",".type(ButtonType.Capsule)","ArkTS","entry\src\main\ets\pages\Index.ets:144","declare type OnNativeLoadCallback = (event?: object) => void@entry\src\main\ets\pages\Index.ets:144","","5.1.0(18)","declare type OnNativeLoadCallback = (event?: object) => void"
"declare type OnNativeLoadCallback = (event?: object) => void","新增API","harmonyos_api_changes/HarmonyOS_5.1.0(18).json","declare","",".type(ButtonType.Capsule)","ArkTS","entry\src\main\ets\pages\Index.ets:151","declare type OnNativeLoadCallback = (event?: object) => void@entry\src\main\ets\pages\Index.ets:151","","5.1.0(18)","declare type OnNativeLoadCallback = (event?: object) => void"
"declare type OnNativeLoadCallback = (event?: object) => void","新增API","harmonyos_api_changes/HarmonyOS_5.1.0(18).json","declare","",".type(ButtonType.Capsule)","ArkTS","entry\src\main\ets\pages\Index.ets:157","declare type OnNativeLoadCallback = (event?: object) => void@entry\src\main\ets\pages\Index.ets:157","","5.1.0(18)","declare type OnNativeLoadCallback = (event?: object) => void"
"declare type OnNavigationModeChangeCallback = (mode: NavigationMode) => void","新增API","harmonyos_api_changes/HarmonyOS_5.0.2(14).json","declare","",".type(ButtonType.Capsule)","ArkTS","entry\src\main\ets\pages\EditSimplePage.ets:146","declare type OnNavigationModeChangeCallback = (mode: NavigationMode) => void@entry\src\main\ets\pages\EditSimplePage.ets:146","","5.0.2(14)","declare type OnNavigationModeChangeCallback = (mode: NavigationMode) => void"
"declare type OnNavigationModeChangeCallback = (mode: NavigationMode) => void","新增API","harmonyos_api_changes/HarmonyOS_5.0.2(14).json","declare","",".type(ButtonType.Capsule)","ArkTS","entry\src\main\ets\pages\Index.ets:144","declare type OnNavigationModeChangeCallback = (mode: NavigationMode) => void@entry\src\main\ets\pages\Index.ets:144","","5.0.2(14)","declare type OnNavigationModeChangeCallback = (mode: NavigationMode) => void"
"declare type OnNavigationModeChangeCallback = (mode: NavigationMode) => void","新增API","harmonyos_api_changes/HarmonyOS_5.0.2(14).json","declare","",".type(ButtonType.Capsule)","ArkTS","entry\src\main\ets\pages\Index.ets:151","declare type OnNavigationModeChangeCallback = (mode: NavigationMode) => void@entry\src\main\ets\pages\Index.ets:151","","5.0.2(14)","declare type OnNavigationModeChangeCallback = (mode: NavigationMode) => void"
"declare type OnNavigationModeChangeCallback = (mode: NavigationMode) => void","新增API","harmonyos_api_changes/HarmonyOS_5.0.2(14).json","declare","",".type(ButtonType.Capsule)","ArkTS","entry\src\main\ets\pages\Index.ets:157","declare type OnNavigationModeChangeCallback = (mode: NavigationMode) => void@entry\src\main\ets\pages\Index.ets:157","","5.0.2(14)","declare type OnNavigationModeChangeCallback = (mode: NavigationMode) => void"
"declare type OnNeedSoftkeyboardCallback = () => boolean","新增API","harmonyos_api_changes/HarmonyOS_6.1.1(24)_Beta1.json","declare","",".type(ButtonType.Capsule)","ArkTS","entry\src\main\ets\pages\EditSimplePage.ets:146","declare type OnNeedSoftkeyboardCallback = () => boolean@entry\src\main\ets\pages\EditSimplePage.ets:146","","6.1.1(24)","declare type OnNeedSoftkeyboardCallback = () => boolean"
"declare type OnNeedSoftkeyboardCallback = () => boolean","新增API","harmonyos_api_changes/HarmonyOS_6.1.1(24)_Beta1.json","declare","",".type(ButtonType.Capsule)","ArkTS","entry\src\main\ets\pages\Index.ets:144","declare type OnNeedSoftkeyboardCallback = () => boolean@entry\src\main\ets\pages\Index.ets:144","","6.1.1(24)","declare type OnNeedSoftkeyboardCallback = () => boolean"
"declare type OnNeedSoftkeyboardCallback = () => boolean","新增API","harmonyos_api_changes/HarmonyOS_6.1.1(24)_Beta1.json","declare","",".type(ButtonType.Capsule)","ArkTS","entry\src\main\ets\pages\Index.ets:151","declare type OnNeedSoftkeyboardCallback = () => boolean@entry\src\main\ets\pages\Index.ets:151","","6.1.1(24)","declare type OnNeedSoftkeyboardCallback = () => boolean"
"declare type OnNeedSoftkeyboardCallback = () => boolean","新增API","harmonyos_api_changes/HarmonyOS_6.1.1(24)_Beta1.json","declare","",".type(ButtonType.Capsule)","ArkTS","entry\src\main\ets\pages\Index.ets:157","declare type OnNeedSoftkeyboardCallback = () => boolean@entry\src\main\ets\pages\Index.ets:157","","6.1.1(24)","declare type OnNeedSoftkeyboardCallback = () => boolean"
"declare type OnPasteCallback = (content: string, event: PasteEvent) => void","新增API","harmonyos_api_changes/HarmonyOS_5.1.0(18).json","declare","",".type(ButtonType.Capsule)","ArkTS","entry\src\main\ets\pages\EditSimplePage.ets:146","declare type OnPasteCallback = (content: string, event: PasteEvent) => void@entry\src\main\ets\pages\EditSimplePage.ets:146","","5.1.0(18)","declare type OnPasteCallback = (content: string, event: PasteEvent) => void"
"declare type OnPasteCallback = (content: string, event: PasteEvent) => void","新增API","harmonyos_api_changes/HarmonyOS_5.1.0(18).json","declare","",".type(ButtonType.Capsule)","ArkTS","entry\src\main\ets\pages\Index.ets:144","declare type OnPasteCallback = (content: string, event: PasteEvent) => void@entry\src\main\ets\pages\Index.ets:144","","5.1.0(18)","declare type OnPasteCallback = (content: string, event: PasteEvent) => void"
"declare type OnPasteCallback = (content: string, event: PasteEvent) => void","新增API","harmonyos_api_changes/HarmonyOS_5.1.0(18).json","declare","",".type(ButtonType.Capsule)","ArkTS","entry\src\main\ets\pages\Index.ets:151","declare type OnPasteCallback = (content: string, event: PasteEvent) => void@entry\src\main\ets\pages\Index.ets:151","","5.1.0(18)","declare type OnPasteCallback = (content: string, event: PasteEvent) => void"
"declare type OnPasteCallback = (content: string, event: PasteEvent) => void","新增API","harmonyos_api_changes/HarmonyOS_5.1.0(18).json","declare","",".type(ButtonType.Capsule)","ArkTS","entry\src\main\ets\pages\Index.ets:157","declare type OnPasteCallback = (content: string, event: PasteEvent) => void@entry\src\main\ets\pages\Index.ets:157","","5.1.0(18)","declare type OnPasteCallback = (content: string, event: PasteEvent) => void"
"declare type OnPasteCallback = (pasteValue: string, event: PasteEvent) => void","新增API","harmonyos_api_changes/HarmonyOS_5.1.0(18).json","declare","",".type(ButtonType.Capsule)","ArkTS","entry\src\main\ets\pages\EditSimplePage.ets:146","declare type OnPasteCallback = (pasteValue: string, event: PasteEvent) => void@entry\src\main\ets\pages\EditSimplePage.ets:146","","5.1.0(18)","declare type OnPasteCallback = (pasteValue: string, event: PasteEvent) => void"
"declare type OnPasteCallback = (pasteValue: string, event: PasteEvent) => void","新增API","harmonyos_api_changes/HarmonyOS_5.1.0(18).json","declare","",".type(ButtonType.Capsule)","ArkTS","entry\src\main\ets\pages\Index.ets:144","declare type OnPasteCallback = (pasteValue: string, event: PasteEvent) => void@entry\src\main\ets\pages\Index.ets:144","","5.1.0(18)","declare type OnPasteCallback = (pasteValue: string, event: PasteEvent) => void"
"declare type OnPasteCallback = (pasteValue: string, event: PasteEvent) => void","新增API","harmonyos_api_changes/HarmonyOS_5.1.0(18).json","declare","",".type(ButtonType.Capsule)","ArkTS","entry\src\main\ets\pages\Index.ets:151","declare type OnPasteCallback = (pasteValue: string, event: PasteEvent) => void@entry\src\main\ets\pages\Index.ets:151","","5.1.0(18)","declare type OnPasteCallback = (pasteValue: string, event: PasteEvent) => void"
"declare type OnPasteCallback = (pasteValue: string, event: PasteEvent) => void","新增API","harmonyos_api_changes/HarmonyOS_5.1.0(18).json","declare","",".type(ButtonType.Capsule)","ArkTS","entry\src\main\ets\pages\Index.ets:157","declare type OnPasteCallback = (pasteValue: string, event: PasteEvent) => void@entry\src\main\ets\pages\Index.ets:157","","5.1.0(18)","declare type OnPasteCallback = (pasteValue: string, event: PasteEvent) => void"
"declare type OnRadioChangeCallback = (isChecked: boolean) => void","新增API","harmonyos_api_changes/HarmonyOS_5.1.0(18).json","declare","",".type(ButtonType.Capsule)","ArkTS","entry\src\main\ets\pages\EditSimplePage.ets:146","declare type OnRadioChangeCallback = (isChecked: boolean) => void@entry\src\main\ets\pages\EditSimplePage.ets:146","","5.1.0(18)","declare type OnRadioChangeCallback = (isChecked: boolean) => void"
"declare type OnRadioChangeCallback = (isChecked: boolean) => void","新增API","harmonyos_api_changes/HarmonyOS_5.1.0(18).json","declare","",".type(ButtonType.Capsule)","ArkTS","entry\src\main\ets\pages\Index.ets:144","declare type OnRadioChangeCallback = (isChecked: boolean) => void@entry\src\main\ets\pages\Index.ets:144","","5.1.0(18)","declare type OnRadioChangeCallback = (isChecked: boolean) => void"
"declare type OnRadioChangeCallback = (isChecked: boolean) => void","新增API","harmonyos_api_changes/HarmonyOS_5.1.0(18).json","declare","",".type(ButtonType.Capsule)","ArkTS","entry\src\main\ets\pages\Index.ets:151","declare type OnRadioChangeCallback = (isChecked: boolean) => void@entry\src\main\ets\pages\Index.ets:151","","5.1.0(18)","declare type OnRadioChangeCallback = (isChecked: boolean) => void"
"declare type OnRadioChangeCallback = (isChecked: boolean) => void","新增API","harmonyos_api_changes/HarmonyOS_5.1.0(18).json","declare","",".type(ButtonType.Capsule)","ArkTS","entry\src\main\ets\pages\Index.ets:157","declare type OnRadioChangeCallback = (isChecked: boolean) => void@entry\src\main\ets\pages\Index.ets:157","","5.1.0(18)","declare type OnRadioChangeCallback = (isChecked: boolean) => void"
"declare type OnRatingChangeCallback = (rating: number) => void","新增API","harmonyos_api_changes/HarmonyOS_5.1.0(18).json","declare","",".type(ButtonType.Capsule)","ArkTS","entry\src\main\ets\pages\EditSimplePage.ets:146","declare type OnRatingChangeCallback = (rating: number) => void@entry\src\main\ets\pages\EditSimplePage.ets:146","","5.1.0(18)","declare type OnRatingChangeCallback = (rating: number) => void"
"declare type OnRatingChangeCallback = (rating: number) => void","新增API","harmonyos_api_changes/HarmonyOS_5.1.0(18).json","declare","",".type(ButtonType.Capsule)","ArkTS","entry\src\main\ets\pages\Index.ets:144","declare type OnRatingChangeCallback = (rating: number) => void@entry\src\main\ets\pages\Index.ets:144","","5.1.0(18)","declare type OnRatingChangeCallback = (rating: number) => void"
"declare type OnRatingChangeCallback = (rating: number) => void","新增API","harmonyos_api_changes/HarmonyOS_5.1.0(18).json","declare","",".type(ButtonType.Capsule)","ArkTS","entry\src\main\ets\pages\Index.ets:151","declare type OnRatingChangeCallback = (rating: number) => void@entry\src\main\ets\pages\Index.ets:151","","5.1.0(18)","declare type OnRatingChangeCallback = (rating: number) => void"
"declare type OnRatingChangeCallback = (rating: number) => void","新增API","harmonyos_api_changes/HarmonyOS_5.1.0(18).json","declare","",".type(ButtonType.Capsule)","ArkTS","entry\src\main\ets\pages\Index.ets:157","declare type OnRatingChangeCallback = (rating: number) => void@entry\src\main\ets\pages\Index.ets:157","","5.1.0(18)","declare type OnRatingChangeCallback = (rating: number) => void"
"declare type OnScrollEdgeCallback = (side: Edge) => void","新增API","harmonyos_api_changes/HarmonyOS_5.1.0(18).json","declare","",".type(ButtonType.Capsule)","ArkTS","entry\src\main\ets\pages\EditSimplePage.ets:146","declare type OnScrollEdgeCallback = (side: Edge) => void@entry\src\main\ets\pages\EditSimplePage.ets:146","","5.1.0(18)","declare type OnScrollEdgeCallback = (side: Edge) => void"
"declare type OnScrollEdgeCallback = (side: Edge) => void","新增API","harmonyos_api_changes/HarmonyOS_5.1.0(18).json","declare","",".type(ButtonType.Capsule)","ArkTS","entry\src\main\ets\pages\Index.ets:144","declare type OnScrollEdgeCallback = (side: Edge) => void@entry\src\main\ets\pages\Index.ets:144","","5.1.0(18)","declare type OnScrollEdgeCallback = (side: Edge) => void"
"declare type OnScrollEdgeCallback = (side: Edge) => void","新增API","harmonyos_api_changes/HarmonyOS_5.1.0(18).json","declare","",".type(ButtonType.Capsule)","ArkTS","entry\src\main\ets\pages\Index.ets:151","declare type OnScrollEdgeCallback = (side: Edge) => void@entry\src\main\ets\pages\Index.ets:151","","5.1.0(18)","declare type OnScrollEdgeCallback = (side: Edge) => void"
"declare type OnScrollEdgeCallback = (side: Edge) => void","新增API","harmonyos_api_changes/HarmonyOS_5.1.0(18).json","declare","",".type(ButtonType.Capsule)","ArkTS","entry\src\main\ets\pages\Index.ets:157","declare type OnScrollEdgeCallback = (side: Edge) => void@entry\src\main\ets\pages\Index.ets:157","","5.1.0(18)","declare type OnScrollEdgeCallback = (side: Edge) => void"
"declare type OnScrollFrameBeginCallback = (offset: number, state: ScrollState) => OnScrollFrameBeginHandlerResult","新增API","harmonyos_api_changes/HarmonyOS_5.1.0(18).json","declare","",".type(ButtonType.Capsule)","ArkTS","entry\src\main\ets\pages\EditSimplePage.ets:146","declare type OnScrollFrameBeginCallback = (offset: number, state: ScrollState) => OnScrollFrameBeginHandlerResult@entry\src\main\ets\pages\EditSimplePage.ets:146","","5.1.0(18)","declare type OnScrollFrameBeginCallback = (offset: number, state: ScrollState) => OnScrollFrameBeginHandlerResult"
"declare type OnScrollFrameBeginCallback = (offset: number, state: ScrollState) => OnScrollFrameBeginHandlerResult","新增API","harmonyos_api_changes/HarmonyOS_5.1.0(18).json","declare","",".type(ButtonType.Capsule)","ArkTS","entry\src\main\ets\pages\Index.ets:144","declare type OnScrollFrameBeginCallback = (offset: number, state: ScrollState) => OnScrollFrameBeginHandlerResult@entry\src\main\ets\pages\Index.ets:144","","5.1.0(18)","declare type OnScrollFrameBeginCallback = (offset: number, state: ScrollState) => OnScrollFrameBeginHandlerResult"
"declare type OnScrollFrameBeginCallback = (offset: number, state: ScrollState) => OnScrollFrameBeginHandlerResult","新增API","harmonyos_api_changes/HarmonyOS_5.1.0(18).json","declare","",".type(ButtonType.Capsule)","ArkTS","entry\src\main\ets\pages\Index.ets:151","declare type OnScrollFrameBeginCallback = (offset: number, state: ScrollState) => OnScrollFrameBeginHandlerResult@entry\src\main\ets\pages\Index.ets:151","","5.1.0(18)","declare type OnScrollFrameBeginCallback = (offset: number, state: ScrollState) => OnScrollFrameBeginHandlerResult"
"declare type OnScrollFrameBeginCallback = (offset: number, state: ScrollState) => OnScrollFrameBeginHandlerResult","新增API","harmonyos_api_changes/HarmonyOS_5.1.0(18).json","declare","",".type(ButtonType.Capsule)","ArkTS","entry\src\main\ets\pages\Index.ets:157","declare type OnScrollFrameBeginCallback = (offset: number, state: ScrollState) => OnScrollFrameBeginHandlerResult@entry\src\main\ets\pages\Index.ets:157","","5.1.0(18)","declare type OnScrollFrameBeginCallback = (offset: number, state: ScrollState) => OnScrollFrameBeginHandlerResult"
"declare type OnSelectCallback = (index: number) => void","新增API","harmonyos_api_changes/HarmonyOS_5.1.0(18).json","declare","",".type(ButtonType.Capsule)","ArkTS","entry\src\main\ets\pages\EditSimplePage.ets:146","declare type OnSelectCallback = (index: number) => void@entry\src\main\ets\pages\EditSimplePage.ets:146","","5.1.0(18)","declare type OnSelectCallback = (index: number) => void"
"declare type OnSelectCallback = (index: number) => void","新增API","harmonyos_api_changes/HarmonyOS_5.1.0(18).json","declare","",".type(ButtonType.Capsule)","ArkTS","entry\src\main\ets\pages\Index.ets:144","declare type OnSelectCallback = (index: number) => void@entry\src\main\ets\pages\Index.ets:144","","5.1.0(18)","declare type OnSelectCallback = (index: number) => void"
"declare type OnSelectCallback = (index: number) => void","新增API","harmonyos_api_changes/HarmonyOS_5.1.0(18).json","declare","",".type(ButtonType.Capsule)","ArkTS","entry\src\main\ets\pages\Index.ets:151","declare type OnSelectCallback = (index: number) => void@entry\src\main\ets\pages\Index.ets:151","","5.1.0(18)","declare type OnSelectCallback = (index: number) => void"
"declare type OnSelectCallback = (index: number) => void","新增API","harmonyos_api_changes/HarmonyOS_5.1.0(18).json","declare","",".type(ButtonType.Capsule)","ArkTS","entry\src\main\ets\pages\Index.ets:157","declare type OnSelectCallback = (index: number) => void@entry\src\main\ets\pages\Index.ets:157","","5.1.0(18)","declare type OnSelectCallback = (index: number) => void"
"declare type OnSelectCallback = (index: number, selectStr: string) => void","新增API","harmonyos_api_changes/HarmonyOS_5.1.0(18).json","declare","",".type(ButtonType.Capsule)","ArkTS","entry\src\main\ets\pages\EditSimplePage.ets:146","declare type OnSelectCallback = (index: number, selectStr: string) => void@entry\src\main\ets\pages\EditSimplePage.ets:146","","5.1.0(18)","declare type OnSelectCallback = (index: number, selectStr: string) => void"
"declare type OnSelectCallback = (index: number, selectStr: string) => void","新增API","harmonyos_api_changes/HarmonyOS_5.1.0(18).json","declare","",".type(ButtonType.Capsule)","ArkTS","entry\src\main\ets\pages\Index.ets:144","declare type OnSelectCallback = (index: number, selectStr: string) => void@entry\src\main\ets\pages\Index.ets:144","","5.1.0(18)","declare type OnSelectCallback = (index: number, selectStr: string) => void"
"declare type OnSelectCallback = (index: number, selectStr: string) => void","新增API","harmonyos_api_changes/HarmonyOS_5.1.0(18).json","declare","",".type(ButtonType.Capsule)","ArkTS","entry\src\main\ets\pages\Index.ets:151","declare type OnSelectCallback = (index: number, selectStr: string) => void@entry\src\main\ets\pages\Index.ets:151","","5.1.0(18)","declare type OnSelectCallback = (index: number, selectStr: string) => void"
"declare type OnSelectCallback = (index: number, selectStr: string) => void","新增API","harmonyos_api_changes/HarmonyOS_5.1.0(18).json","declare","",".type(ButtonType.Capsule)","ArkTS","entry\src\main\ets\pages\Index.ets:157","declare type OnSelectCallback = (index: number, selectStr: string) => void@entry\src\main\ets\pages\Index.ets:157","","5.1.0(18)","declare type OnSelectCallback = (index: number, selectStr: string) => void"
"declare type OnSelectCallback = (index: number, selectValue: string) => void","新增API","harmonyos_api_changes/HarmonyOS_5.1.0(18).json","declare","",".type(ButtonType.Capsule)","ArkTS","entry\src\main\ets\pages\EditSimplePage.ets:146","declare type OnSelectCallback = (index: number, selectValue: string) => void@entry\src\main\ets\pages\EditSimplePage.ets:146","","5.1.0(18)","declare type OnSelectCallback = (index: number, selectValue: string) => void"
"declare type OnSelectCallback = (index: number, selectValue: string) => void","新增API","harmonyos_api_changes/HarmonyOS_5.1.0(18).json","declare","",".type(ButtonType.Capsule)","ArkTS","entry\src\main\ets\pages\Index.ets:144","declare type OnSelectCallback = (index: number, selectValue: string) => void@entry\src\main\ets\pages\Index.ets:144","","5.1.0(18)","declare type OnSelectCallback = (index: number, selectValue: string) => void"
"declare type OnSelectCallback = (index: number, selectValue: string) => void","新增API","harmonyos_api_changes/HarmonyOS_5.1.0(18).json","declare","",".type(ButtonType.Capsule)","ArkTS","entry\src\main\ets\pages\Index.ets:151","declare type OnSelectCallback = (index: number, selectValue: string) => void@entry\src\main\ets\pages\Index.ets:151","","5.1.0(18)","declare type OnSelectCallback = (index: number, selectValue: string) => void"
"declare type OnSelectCallback = (index: number, selectValue: string) => void","新增API","harmonyos_api_changes/HarmonyOS_5.1.0(18).json","declare","",".type(ButtonType.Capsule)","ArkTS","entry\src\main\ets\pages\Index.ets:157","declare type OnSelectCallback = (index: number, selectValue: string) => void@entry\src\main\ets\pages\Index.ets:157","","5.1.0(18)","declare type OnSelectCallback = (index: number, selectValue: string) => void"
"declare type OnStateChangeCallback = (state: SwipeActionState) => void","新增API","harmonyos_api_changes/HarmonyOS_6.1.0(23)_Beta1.json","declare","",".type(ButtonType.Capsule)","ArkTS","entry\src\main\ets\pages\EditSimplePage.ets:146","declare type OnStateChangeCallback = (state: SwipeActionState) => void@entry\src\main\ets\pages\EditSimplePage.ets:146","","6.1.0(23)","declare type OnStateChangeCallback = (state: SwipeActionState) => void"
"declare type OnStateChangeCallback = (state: SwipeActionState) => void","新增API","harmonyos_api_changes/HarmonyOS_6.1.0(23)_Beta1.json","declare","",".type(ButtonType.Capsule)","ArkTS","entry\src\main\ets\pages\Index.ets:144","declare type OnStateChangeCallback = (state: SwipeActionState) => void@entry\src\main\ets\pages\Index.ets:144","","6.1.0(23)","declare type OnStateChangeCallback = (state: SwipeActionState) => void"
"declare type OnStateChangeCallback = (state: SwipeActionState) => void","新增API","harmonyos_api_changes/HarmonyOS_6.1.0(23)_Beta1.json","declare","",".type(ButtonType.Capsule)","ArkTS","entry\src\main\ets\pages\Index.ets:151","declare type OnStateChangeCallback = (state: SwipeActionState) => void@entry\src\main\ets\pages\Index.ets:151","","6.1.0(23)","declare type OnStateChangeCallback = (state: SwipeActionState) => void"
"declare type OnStateChangeCallback = (state: SwipeActionState) => void","新增API","harmonyos_api_changes/HarmonyOS_6.1.0(23)_Beta1.json","declare","",".type(ButtonType.Capsule)","ArkTS","entry\src\main\ets\pages\Index.ets:157","declare type OnStateChangeCallback = (state: SwipeActionState) => void@entry\src\main\ets\pages\Index.ets:157","","6.1.0(23)","declare type OnStateChangeCallback = (state: SwipeActionState) => void"
"declare type OnSubmitCallback = (enterKey: EnterKeyType, event: SubmitEvent) => void","新增API","harmonyos_api_changes/HarmonyOS_5.1.0(18).json","declare","",".type(ButtonType.Capsule)","ArkTS","entry\src\main\ets\pages\EditSimplePage.ets:146","declare type OnSubmitCallback = (enterKey: EnterKeyType, event: SubmitEvent) => void@entry\src\main\ets\pages\EditSimplePage.ets:146","","5.1.0(18)","declare type OnSubmitCallback = (enterKey: EnterKeyType, event: SubmitEvent) => void"
"declare type OnSubmitCallback = (enterKey: EnterKeyType, event: SubmitEvent) => void","新增API","harmonyos_api_changes/HarmonyOS_5.1.0(18).json","declare","",".type(ButtonType.Capsule)","ArkTS","entry\src\main\ets\pages\Index.ets:144","declare type OnSubmitCallback = (enterKey: EnterKeyType, event: SubmitEvent) => void@entry\src\main\ets\pages\Index.ets:144","","5.1.0(18)","declare type OnSubmitCallback = (enterKey: EnterKeyType, event: SubmitEvent) => void"
"declare type OnSubmitCallback = (enterKey: EnterKeyType, event: SubmitEvent) => void","新增API","harmonyos_api_changes/HarmonyOS_5.1.0(18).json","declare","",".type(ButtonType.Capsule)","ArkTS","entry\src\main\ets\pages\Index.ets:151","declare type OnSubmitCallback = (enterKey: EnterKeyType, event: SubmitEvent) => void@entry\src\main\ets\pages\Index.ets:151","","5.1.0(18)","declare type OnSubmitCallback = (enterKey: EnterKeyType, event: SubmitEvent) => void"
"declare type OnSubmitCallback = (enterKey: EnterKeyType, event: SubmitEvent) => void","新增API","harmonyos_api_changes/HarmonyOS_5.1.0(18).json","declare","",".type(ButtonType.Capsule)","ArkTS","entry\src\main\ets\pages\Index.ets:157","declare type OnSubmitCallback = (enterKey: EnterKeyType, event: SubmitEvent) => void@entry\src\main\ets\pages\Index.ets:157","","5.1.0(18)","declare type OnSubmitCallback = (enterKey: EnterKeyType, event: SubmitEvent) => void"
"declare type OnSwiperAnimationEndCallback = (index: number, extraInfo: SwiperAnimationEvent) => void","新增API","harmonyos_api_changes/HarmonyOS_5.1.0(18).json","declare","",".type(ButtonType.Capsule)","ArkTS","entry\src\main\ets\pages\EditSimplePage.ets:146","declare type OnSwiperAnimationEndCallback = (index: number, extraInfo: SwiperAnimationEvent) => void@entry\src\main\ets\pages\EditSimplePage.ets:146","","5.1.0(18)","declare type OnSwiperAnimationEndCallback = (index: number, extraInfo: SwiperAnimationEvent) => void"
"declare type OnSwiperAnimationEndCallback = (index: number, extraInfo: SwiperAnimationEvent) => void","新增API","harmonyos_api_changes/HarmonyOS_5.1.0(18).json","declare","",".type(ButtonType.Capsule)","ArkTS","entry\src\main\ets\pages\Index.ets:144","declare type OnSwiperAnimationEndCallback = (index: number, extraInfo: SwiperAnimationEvent) => void@entry\src\main\ets\pages\Index.ets:144","","5.1.0(18)","declare type OnSwiperAnimationEndCallback = (index: number, extraInfo: SwiperAnimationEvent) => void"
"declare type OnSwiperAnimationEndCallback = (index: number, extraInfo: SwiperAnimationEvent) => void","新增API","harmonyos_api_changes/HarmonyOS_5.1.0(18).json","declare","",".type(ButtonType.Capsule)","ArkTS","entry\src\main\ets\pages\Index.ets:151","declare type OnSwiperAnimationEndCallback = (index: number, extraInfo: SwiperAnimationEvent) => void@entry\src\main\ets\pages\Index.ets:151","","5.1.0(18)","declare type OnSwiperAnimationEndCallback = (index: number, extraInfo: SwiperAnimationEvent) => void"
"declare type OnSwiperAnimationEndCallback = (index: number, extraInfo: SwiperAnimationEvent) => void","新增API","harmonyos_api_changes/HarmonyOS_5.1.0(18).json","declare","",".type(ButtonType.Capsule)","ArkTS","entry\src\main\ets\pages\Index.ets:157","declare type OnSwiperAnimationEndCallback = (index: number, extraInfo: SwiperAnimationEvent) => void@entry\src\main\ets\pages\Index.ets:157","","5.1.0(18)","declare type OnSwiperAnimationEndCallback = (index: number, extraInfo: SwiperAnimationEvent) => void"
"declare type OnSwiperAnimationStartCallback = (index: number, targetIndex: number, extraInfo: SwiperAnimationEvent) => void","新增API","harmonyos_api_changes/HarmonyOS_5.1.0(18).json","declare","",".type(ButtonType.Capsule)","ArkTS","entry\src\main\ets\pages\EditSimplePage.ets:146","declare type OnSwiperAnimationStartCallback = (index: number, targetIndex: number, extraInfo: SwiperAnimationEvent) => void@entry\src\main\ets\pages\EditSimplePage.ets:146","","5.1.0(18)","declare type OnSwiperAnimationStartCallback = (index: number, targetIndex: number, extraInfo: SwiperAnimationEvent) => void"
"declare type OnSwiperAnimationStartCallback = (index: number, targetIndex: number, extraInfo: SwiperAnimationEvent) => void","新增API","harmonyos_api_changes/HarmonyOS_5.1.0(18).json","declare","",".type(ButtonType.Capsule)","ArkTS","entry\src\main\ets\pages\Index.ets:144","declare type OnSwiperAnimationStartCallback = (index: number, targetIndex: number, extraInfo: SwiperAnimationEvent) => void@entry\src\main\ets\pages\Index.ets:144","","5.1.0(18)","declare type OnSwiperAnimationStartCallback = (index: number, targetIndex: number, extraInfo: SwiperAnimationEvent) => void"
"declare type OnSwiperAnimationStartCallback = (index: number, targetIndex: number, extraInfo: SwiperAnimationEvent) => void","新增API","harmonyos_api_changes/HarmonyOS_5.1.0(18).json","declare","",".type(ButtonType.Capsule)","ArkTS","entry\src\main\ets\pages\Index.ets:151","declare type OnSwiperAnimationStartCallback = (index: number, targetIndex: number, extraInfo: SwiperAnimationEvent) => void@entry\src\main\ets\pages\Index.ets:151","","5.1.0(18)","declare type OnSwiperAnimationStartCallback = (index: number, targetIndex: number, extraInfo: SwiperAnimationEvent) => void"
"declare type OnSwiperAnimationStartCallback = (index: number, targetIndex: number, extraInfo: SwiperAnimationEvent) => void","新增API","harmonyos_api_changes/HarmonyOS_5.1.0(18).json","declare","",".type(ButtonType.Capsule)","ArkTS","entry\src\main\ets\pages\Index.ets:157","declare type OnSwiperAnimationStartCallback = (index: number, targetIndex: number, extraInfo: SwiperAnimationEvent) => void@entry\src\main\ets\pages\Index.ets:157","","5.1.0(18)","declare type OnSwiperAnimationStartCallback = (index: number, targetIndex: number, extraInfo: SwiperAnimationEvent) => void"
"declare type OnSwiperGestureSwipeCallback = (index: number, extraInfo: SwiperAnimationEvent) => void","新增API","harmonyos_api_changes/HarmonyOS_5.1.0(18).json","declare","",".type(ButtonType.Capsule)","ArkTS","entry\src\main\ets\pages\EditSimplePage.ets:146","declare type OnSwiperGestureSwipeCallback = (index: number, extraInfo: SwiperAnimationEvent) => void@entry\src\main\ets\pages\EditSimplePage.ets:146","","5.1.0(18)","declare type OnSwiperGestureSwipeCallback = (index: number, extraInfo: SwiperAnimationEvent) => void"
"declare type OnSwiperGestureSwipeCallback = (index: number, extraInfo: SwiperAnimationEvent) => void","新增API","harmonyos_api_changes/HarmonyOS_5.1.0(18).json","declare","",".type(ButtonType.Capsule)","ArkTS","entry\src\main\ets\pages\Index.ets:144","declare type OnSwiperGestureSwipeCallback = (index: number, extraInfo: SwiperAnimationEvent) => void@entry\src\main\ets\pages\Index.ets:144","","5.1.0(18)","declare type OnSwiperGestureSwipeCallback = (index: number, extraInfo: SwiperAnimationEvent) => void"
"declare type OnSwiperGestureSwipeCallback = (index: number, extraInfo: SwiperAnimationEvent) => void","新增API","harmonyos_api_changes/HarmonyOS_5.1.0(18).json","declare","",".type(ButtonType.Capsule)","ArkTS","entry\src\main\ets\pages\Index.ets:151","declare type OnSwiperGestureSwipeCallback = (index: number, extraInfo: SwiperAnimationEvent) => void@entry\src\main\ets\pages\Index.ets:151","","5.1.0(18)","declare type OnSwiperGestureSwipeCallback = (index: number, extraInfo: SwiperAnimationEvent) => void"
"declare type OnSwiperGestureSwipeCallback = (index: number, extraInfo: SwiperAnimationEvent) => void","新增API","harmonyos_api_changes/HarmonyOS_5.1.0(18).json","declare","",".type(ButtonType.Capsule)","ArkTS","entry\src\main\ets\pages\Index.ets:157","declare type OnSwiperGestureSwipeCallback = (index: number, extraInfo: SwiperAnimationEvent) => void@entry\src\main\ets\pages\Index.ets:157","","5.1.0(18)","declare type OnSwiperGestureSwipeCallback = (index: number, extraInfo: SwiperAnimationEvent) => void"
"declare type OnTabsAnimationEndCallback = (index: number, extraInfo: TabsAnimationEvent) => void","新增API","harmonyos_api_changes/HarmonyOS_5.1.0(18).json","declare","",".type(ButtonType.Capsule)","ArkTS","entry\src\main\ets\pages\EditSimplePage.ets:146","declare type OnTabsAnimationEndCallback = (index: number, extraInfo: TabsAnimationEvent) => void@entry\src\main\ets\pages\EditSimplePage.ets:146","","5.1.0(18)","declare type OnTabsAnimationEndCallback = (index: number, extraInfo: TabsAnimationEvent) => void"
"declare type OnTabsAnimationEndCallback = (index: number, extraInfo: TabsAnimationEvent) => void","新增API","harmonyos_api_changes/HarmonyOS_5.1.0(18).json","declare","",".type(ButtonType.Capsule)","ArkTS","entry\src\main\ets\pages\Index.ets:144","declare type OnTabsAnimationEndCallback = (index: number, extraInfo: TabsAnimationEvent) => void@entry\src\main\ets\pages\Index.ets:144","","5.1.0(18)","declare type OnTabsAnimationEndCallback = (index: number, extraInfo: TabsAnimationEvent) => void"
"declare type OnTabsAnimationEndCallback = (index: number, extraInfo: TabsAnimationEvent) => void","新增API","harmonyos_api_changes/HarmonyOS_5.1.0(18).json","declare","",".type(ButtonType.Capsule)","ArkTS","entry\src\main\ets\pages\Index.ets:151","declare type OnTabsAnimationEndCallback = (index: number, extraInfo: TabsAnimationEvent) => void@entry\src\main\ets\pages\Index.ets:151","","5.1.0(18)","declare type OnTabsAnimationEndCallback = (index: number, extraInfo: TabsAnimationEvent) => void"
"declare type OnTabsAnimationEndCallback = (index: number, extraInfo: TabsAnimationEvent) => void","新增API","harmonyos_api_changes/HarmonyOS_5.1.0(18).json","declare","",".type(ButtonType.Capsule)","ArkTS","entry\src\main\ets\pages\Index.ets:157","declare type OnTabsAnimationEndCallback = (index: number, extraInfo: TabsAnimationEvent) => void@entry\src\main\ets\pages\Index.ets:157","","5.1.0(18)","declare type OnTabsAnimationEndCallback = (index: number, extraInfo: TabsAnimationEvent) => void"
"declare type OnTabsAnimationStartCallback = (index: number, targetIndex: number, extraInfo: TabsAnimationEvent) => void","新增API","harmonyos_api_changes/HarmonyOS_5.1.0(18).json","declare","",".type(ButtonType.Capsule)","ArkTS","entry\src\main\ets\pages\EditSimplePage.ets:146","declare type OnTabsAnimationStartCallback = (index: number, targetIndex: number, extraInfo: TabsAnimationEvent) => void@entry\src\main\ets\pages\EditSimplePage.ets:146","","5.1.0(18)","declare type OnTabsAnimationStartCallback = (index: number, targetIndex: number, extraInfo: TabsAnimationEvent) => void"
"declare type OnTabsAnimationStartCallback = (index: number, targetIndex: number, extraInfo: TabsAnimationEvent) => void","新增API","harmonyos_api_changes/HarmonyOS_5.1.0(18).json","declare","",".type(ButtonType.Capsule)","ArkTS","entry\src\main\ets\pages\Index.ets:144","declare type OnTabsAnimationStartCallback = (index: number, targetIndex: number, extraInfo: TabsAnimationEvent) => void@entry\src\main\ets\pages\Index.ets:144","","5.1.0(18)","declare type OnTabsAnimationStartCallback = (index: number, targetIndex: number, extraInfo: TabsAnimationEvent) => void"
"declare type OnTabsAnimationStartCallback = (index: number, targetIndex: number, extraInfo: TabsAnimationEvent) => void","新增API","harmonyos_api_changes/HarmonyOS_5.1.0(18).json","declare","",".type(ButtonType.Capsule)","ArkTS","entry\src\main\ets\pages\Index.ets:151","declare type OnTabsAnimationStartCallback = (index: number, targetIndex: number, extraInfo: TabsAnimationEvent) => void@entry\src\main\ets\pages\Index.ets:151","","5.1.0(18)","declare type OnTabsAnimationStartCallback = (index: number, targetIndex: number, extraInfo: TabsAnimationEvent) => void"
"declare type OnTabsAnimationStartCallback = (index: number, targetIndex: number, extraInfo: TabsAnimationEvent) => void","新增API","harmonyos_api_changes/HarmonyOS_5.1.0(18).json","declare","",".type(ButtonType.Capsule)","ArkTS","entry\src\main\ets\pages\Index.ets:157","declare type OnTabsAnimationStartCallback = (index: number, targetIndex: number, extraInfo: TabsAnimationEvent) => void@entry\src\main\ets\pages\Index.ets:157","","5.1.0(18)","declare type OnTabsAnimationStartCallback = (index: number, targetIndex: number, extraInfo: TabsAnimationEvent) => void"
"declare type OnTabsContentDidScrollCallback = (selectedIndex: number, index: number, position: number, mainAxisLength: number) => void","新增API","harmonyos_api_changes/HarmonyOS_6.1.0(23)_Beta1.json","declare","",".type(ButtonType.Capsule)","ArkTS","entry\src\main\ets\pages\EditSimplePage.ets:146","declare type OnTabsContentDidScrollCallback = (selectedIndex: number, index: number, position: number, mainAxisLength: number) => void@entry\src\main\ets\pages\EditSimplePage.ets:146","","6.1.0(23)","declare type OnTabsContentDidScrollCallback = (selectedIndex: number, index: number, position: number, mainAxisLength: number) => void"
"declare type OnTabsContentDidScrollCallback = (selectedIndex: number, index: number, position: number, mainAxisLength: number) => void","新增API","harmonyos_api_changes/HarmonyOS_6.1.0(23)_Beta1.json","declare","",".type(ButtonType.Capsule)","ArkTS","entry\src\main\ets\pages\Index.ets:144","declare type OnTabsContentDidScrollCallback = (selectedIndex: number, index: number, position: number, mainAxisLength: number) => void@entry\src\main\ets\pages\Index.ets:144","","6.1.0(23)","declare type OnTabsContentDidScrollCallback = (selectedIndex: number, index: number, position: number, mainAxisLength: number) => void"
"declare type OnTabsContentDidScrollCallback = (selectedIndex: number, index: number, position: number, mainAxisLength: number) => void","新增API","harmonyos_api_changes/HarmonyOS_6.1.0(23)_Beta1.json","declare","",".type(ButtonType.Capsule)","ArkTS","entry\src\main\ets\pages\Index.ets:151","declare type OnTabsContentDidScrollCallback = (selectedIndex: number, index: number, position: number, mainAxisLength: number) => void@entry\src\main\ets\pages\Index.ets:151","","6.1.0(23)","declare type OnTabsContentDidScrollCallback = (selectedIndex: number, index: number, position: number, mainAxisLength: number) => void"
"declare type OnTabsContentDidScrollCallback = (selectedIndex: number, index: number, position: number, mainAxisLength: number) => void","新增API","harmonyos_api_changes/HarmonyOS_6.1.0(23)_Beta1.json","declare","",".type(ButtonType.Capsule)","ArkTS","entry\src\main\ets\pages\Index.ets:157","declare type OnTabsContentDidScrollCallback = (selectedIndex: number, index: number, position: number, mainAxisLength: number) => void@entry\src\main\ets\pages\Index.ets:157","","6.1.0(23)","declare type OnTabsContentDidScrollCallback = (selectedIndex: number, index: number, position: number, mainAxisLength: number) => void"
"declare type OnTabsContentWillChangeCallback = (currentIndex: number, comingIndex: number) => boolean","新增API","harmonyos_api_changes/HarmonyOS_5.1.0(18).json","declare","",".type(ButtonType.Capsule)","ArkTS","entry\src\main\ets\pages\EditSimplePage.ets:146","declare type OnTabsContentWillChangeCallback = (currentIndex: number, comingIndex: number) => boolean@entry\src\main\ets\pages\EditSimplePage.ets:146","","5.1.0(18)","declare type OnTabsContentWillChangeCallback = (currentIndex: number, comingIndex: number) => boolean"
"declare type OnTabsContentWillChangeCallback = (currentIndex: number, comingIndex: number) => boolean","新增API","harmonyos_api_changes/HarmonyOS_5.1.0(18).json","declare","",".type(ButtonType.Capsule)","ArkTS","entry\src\main\ets\pages\Index.ets:144","declare type OnTabsContentWillChangeCallback = (currentIndex: number, comingIndex: number) => boolean@entry\src\main\ets\pages\Index.ets:144","","5.1.0(18)","declare type OnTabsContentWillChangeCallback = (currentIndex: number, comingIndex: number) => boolean"
"declare type OnTabsContentWillChangeCallback = (currentIndex: number, comingIndex: number) => boolean","新增API","harmonyos_api_changes/HarmonyOS_5.1.0(18).json","declare","",".type(ButtonType.Capsule)","ArkTS","entry\src\main\ets\pages\Index.ets:151","declare type OnTabsContentWillChangeCallback = (currentIndex: number, comingIndex: number) => boolean@entry\src\main\ets\pages\Index.ets:151","","5.1.0(18)","declare type OnTabsContentWillChangeCallback = (currentIndex: number, comingIndex: number) => boolean"
"declare type OnTabsContentWillChangeCallback = (currentIndex: number, comingIndex: number) => boolean","新增API","harmonyos_api_changes/HarmonyOS_5.1.0(18).json","declare","",".type(ButtonType.Capsule)","ArkTS","entry\src\main\ets\pages\Index.ets:157","declare type OnTabsContentWillChangeCallback = (currentIndex: number, comingIndex: number) => boolean@entry\src\main\ets\pages\Index.ets:157","","5.1.0(18)","declare type OnTabsContentWillChangeCallback = (currentIndex: number, comingIndex: number) => boolean"
"declare type OnTabsGestureSwipeCallback = (index: number, extraInfo: TabsAnimationEvent) => void","新增API","harmonyos_api_changes/HarmonyOS_5.1.0(18).json","declare","",".type(ButtonType.Capsule)","ArkTS","entry\src\main\ets\pages\EditSimplePage.ets:146","declare type OnTabsGestureSwipeCallback = (index: number, extraInfo: TabsAnimationEvent) => void@entry\src\main\ets\pages\EditSimplePage.ets:146","","5.1.0(18)","declare type OnTabsGestureSwipeCallback = (index: number, extraInfo: TabsAnimationEvent) => void"
"declare type OnTabsGestureSwipeCallback = (index: number, extraInfo: TabsAnimationEvent) => void","新增API","harmonyos_api_changes/HarmonyOS_5.1.0(18).json","declare","",".type(ButtonType.Capsule)","ArkTS","entry\src\main\ets\pages\Index.ets:144","declare type OnTabsGestureSwipeCallback = (index: number, extraInfo: TabsAnimationEvent) => void@entry\src\main\ets\pages\Index.ets:144","","5.1.0(18)","declare type OnTabsGestureSwipeCallback = (index: number, extraInfo: TabsAnimationEvent) => void"
"declare type OnTabsGestureSwipeCallback = (index: number, extraInfo: TabsAnimationEvent) => void","新增API","harmonyos_api_changes/HarmonyOS_5.1.0(18).json","declare","",".type(ButtonType.Capsule)","ArkTS","entry\src\main\ets\pages\Index.ets:151","declare type OnTabsGestureSwipeCallback = (index: number, extraInfo: TabsAnimationEvent) => void@entry\src\main\ets\pages\Index.ets:151","","5.1.0(18)","declare type OnTabsGestureSwipeCallback = (index: number, extraInfo: TabsAnimationEvent) => void"
"declare type OnTabsGestureSwipeCallback = (index: number, extraInfo: TabsAnimationEvent) => void","新增API","harmonyos_api_changes/HarmonyOS_5.1.0(18).json","declare","",".type(ButtonType.Capsule)","ArkTS","entry\src\main\ets\pages\Index.ets:157","declare type OnTabsGestureSwipeCallback = (index: number, extraInfo: TabsAnimationEvent) => void@entry\src\main\ets\pages\Index.ets:157","","5.1.0(18)","declare type OnTabsGestureSwipeCallback = (index: number, extraInfo: TabsAnimationEvent) => void"
"declare type OnTextPickerChangeCallback = (selectItem: string | string\[\], index: number | number\[\]) => void","新增API","harmonyos_api_changes/HarmonyOS_5.1.0(18).json","declare","",".type(ButtonType.Capsule)","ArkTS","entry\src\main\ets\pages\EditSimplePage.ets:146","declare type OnTextPickerChangeCallback = (selectItem: string | string\[\], index: number | number\[\]) => void@entry\src\main\ets\pages\EditSimplePage.ets:146","","5.1.0(18)","declare type OnTextPickerChangeCallback = (selectItem: string | string\[\], index: number | number\[\]) => void"
"declare type OnTextPickerChangeCallback = (selectItem: string | string\[\], index: number | number\[\]) => void","新增API","harmonyos_api_changes/HarmonyOS_5.1.0(18).json","declare","",".type(ButtonType.Capsule)","ArkTS","entry\src\main\ets\pages\Index.ets:144","declare type OnTextPickerChangeCallback = (selectItem: string | string\[\], index: number | number\[\]) => void@entry\src\main\ets\pages\Index.ets:144","","5.1.0(18)","declare type OnTextPickerChangeCallback = (selectItem: string | string\[\], index: number | number\[\]) => void"
"declare type OnTextPickerChangeCallback = (selectItem: string | string\[\], index: number | number\[\]) => void","新增API","harmonyos_api_changes/HarmonyOS_5.1.0(18).json","declare","",".type(ButtonType.Capsule)","ArkTS","entry\src\main\ets\pages\Index.ets:151","declare type OnTextPickerChangeCallback = (selectItem: string | string\[\], index: number | number\[\]) => void@entry\src\main\ets\pages\Index.ets:151","","5.1.0(18)","declare type OnTextPickerChangeCallback = (selectItem: string | string\[\], index: number | number\[\]) => void"
"declare type OnTextPickerChangeCallback = (selectItem: string | string\[\], index: number | number\[\]) => void","新增API","harmonyos_api_changes/HarmonyOS_5.1.0(18).json","declare","",".type(ButtonType.Capsule)","ArkTS","entry\src\main\ets\pages\Index.ets:157","declare type OnTextPickerChangeCallback = (selectItem: string | string\[\], index: number | number\[\]) => void@entry\src\main\ets\pages\Index.ets:157","","5.1.0(18)","declare type OnTextPickerChangeCallback = (selectItem: string | string\[\], index: number | number\[\]) => void"
"declare type OnTextSelectionChangeCallback = (selectionStart: number, selectionEnd: number) => void","新增API","harmonyos_api_changes/HarmonyOS_5.1.0(18).json","declare","",".type(ButtonType.Capsule)","ArkTS","entry\src\main\ets\pages\EditSimplePage.ets:146","declare type OnTextSelectionChangeCallback = (selectionStart: number, selectionEnd: number) => void@entry\src\main\ets\pages\EditSimplePage.ets:146","","5.1.0(18)","declare type OnTextSelectionChangeCallback = (selectionStart: number, selectionEnd: number) => void"
"declare type OnTextSelectionChangeCallback = (selectionStart: number, selectionEnd: number) => void","新增API","harmonyos_api_changes/HarmonyOS_5.1.0(18).json","declare","",".type(ButtonType.Capsule)","ArkTS","entry\src\main\ets\pages\Index.ets:144","declare type OnTextSelectionChangeCallback = (selectionStart: number, selectionEnd: number) => void@entry\src\main\ets\pages\Index.ets:144","","5.1.0(18)","declare type OnTextSelectionChangeCallback = (selectionStart: number, selectionEnd: number) => void"
"declare type OnTextSelectionChangeCallback = (selectionStart: number, selectionEnd: number) => void","新增API","harmonyos_api_changes/HarmonyOS_5.1.0(18).json","declare","",".type(ButtonType.Capsule)","ArkTS","entry\src\main\ets\pages\Index.ets:151","declare type OnTextSelectionChangeCallback = (selectionStart: number, selectionEnd: number) => void@entry\src\main\ets\pages\Index.ets:151","","5.1.0(18)","declare type OnTextSelectionChangeCallback = (selectionStart: number, selectionEnd: number) => void"
"declare type OnTextSelectionChangeCallback = (selectionStart: number, selectionEnd: number) => void","新增API","harmonyos_api_changes/HarmonyOS_5.1.0(18).json","declare","",".type(ButtonType.Capsule)","ArkTS","entry\src\main\ets\pages\Index.ets:157","declare type OnTextSelectionChangeCallback = (selectionStart: number, selectionEnd: number) => void@entry\src\main\ets\pages\Index.ets:157","","5.1.0(18)","declare type OnTextSelectionChangeCallback = (selectionStart: number, selectionEnd: number) => void"
"declare type OnTimePickerChangeCallback = (result: TimePickerResult) => void","新增API","harmonyos_api_changes/HarmonyOS_5.1.0(18).json","declare","",".type(ButtonType.Capsule)","ArkTS","entry\src\main\ets\pages\EditSimplePage.ets:146","declare type OnTimePickerChangeCallback = (result: TimePickerResult) => void@entry\src\main\ets\pages\EditSimplePage.ets:146","","5.1.0(18)","declare type OnTimePickerChangeCallback = (result: TimePickerResult) => void"
"declare type OnTimePickerChangeCallback = (result: TimePickerResult) => void","新增API","harmonyos_api_changes/HarmonyOS_5.1.0(18).json","declare","",".type(ButtonType.Capsule)","ArkTS","entry\src\main\ets\pages\Index.ets:144","declare type OnTimePickerChangeCallback = (result: TimePickerResult) => void@entry\src\main\ets\pages\Index.ets:144","","5.1.0(18)","declare type OnTimePickerChangeCallback = (result: TimePickerResult) => void"
"declare type OnTimePickerChangeCallback = (result: TimePickerResult) => void","新增API","harmonyos_api_changes/HarmonyOS_5.1.0(18).json","declare","",".type(ButtonType.Capsule)","ArkTS","entry\src\main\ets\pages\Index.ets:151","declare type OnTimePickerChangeCallback = (result: TimePickerResult) => void@entry\src\main\ets\pages\Index.ets:151","","5.1.0(18)","declare type OnTimePickerChangeCallback = (result: TimePickerResult) => void"
"declare type OnTimePickerChangeCallback = (result: TimePickerResult) => void","新增API","harmonyos_api_changes/HarmonyOS_5.1.0(18).json","declare","",".type(ButtonType.Capsule)","ArkTS","entry\src\main\ets\pages\Index.ets:157","declare type OnTimePickerChangeCallback = (result: TimePickerResult) => void@entry\src\main\ets\pages\Index.ets:157","","5.1.0(18)","declare type OnTimePickerChangeCallback = (result: TimePickerResult) => void"
"declare type OnTipClickCallback = () => void","新增API","harmonyos_api_changes/HarmonyOS_26.0.0_Beta2.json","declare","",".type(ButtonType.Capsule)","ArkTS","entry\src\main\ets\pages\EditSimplePage.ets:146","declare type OnTipClickCallback = () => void@entry\src\main\ets\pages\EditSimplePage.ets:146","","26.0.0 Beta2","declare type OnTipClickCallback = () => void"
"declare type OnTipClickCallback = () => void","新增API","harmonyos_api_changes/HarmonyOS_26.0.0_Beta2.json","declare","",".type(ButtonType.Capsule)","ArkTS","entry\src\main\ets\pages\Index.ets:144","declare type OnTipClickCallback = () => void@entry\src\main\ets\pages\Index.ets:144","","26.0.0 Beta2","declare type OnTipClickCallback = () => void"
"declare type OnTipClickCallback = () => void","新增API","harmonyos_api_changes/HarmonyOS_26.0.0_Beta2.json","declare","",".type(ButtonType.Capsule)","ArkTS","entry\src\main\ets\pages\Index.ets:151","declare type OnTipClickCallback = () => void@entry\src\main\ets\pages\Index.ets:151","","26.0.0 Beta2","declare type OnTipClickCallback = () => void"
"declare type OnTipClickCallback = () => void","新增API","harmonyos_api_changes/HarmonyOS_26.0.0_Beta2.json","declare","",".type(ButtonType.Capsule)","ArkTS","entry\src\main\ets\pages\Index.ets:157","declare type OnTipClickCallback = () => void@entry\src\main\ets\pages\Index.ets:157","","26.0.0 Beta2","declare type OnTipClickCallback = () => void"
"declare type OnUIPickerComponentCallback = (selectedIndex: number) => void","新增API","harmonyos_api_changes/HarmonyOS_6.0.2(22).json","declare","",".type(ButtonType.Capsule)","ArkTS","entry\src\main\ets\pages\EditSimplePage.ets:146","declare type OnUIPickerComponentCallback = (selectedIndex: number) => void@entry\src\main\ets\pages\EditSimplePage.ets:146","","6.0.2(22)","declare type OnUIPickerComponentCallback = (selectedIndex: number) => void"
"declare type OnUIPickerComponentCallback = (selectedIndex: number) => void","新增API","harmonyos_api_changes/HarmonyOS_6.0.2(22).json","declare","",".type(ButtonType.Capsule)","ArkTS","entry\src\main\ets\pages\Index.ets:144","declare type OnUIPickerComponentCallback = (selectedIndex: number) => void@entry\src\main\ets\pages\Index.ets:144","","6.0.2(22)","declare type OnUIPickerComponentCallback = (selectedIndex: number) => void"
"declare type OnUIPickerComponentCallback = (selectedIndex: number) => void","新增API","harmonyos_api_changes/HarmonyOS_6.0.2(22).json","declare","",".type(ButtonType.Capsule)","ArkTS","entry\src\main\ets\pages\Index.ets:151","declare type OnUIPickerComponentCallback = (selectedIndex: number) => void@entry\src\main\ets\pages\Index.ets:151","","6.0.2(22)","declare type OnUIPickerComponentCallback = (selectedIndex: number) => void"
"declare type OnUIPickerComponentCallback = (selectedIndex: number) => void","新增API","harmonyos_api_changes/HarmonyOS_6.0.2(22).json","declare","",".type(ButtonType.Capsule)","ArkTS","entry\src\main\ets\pages\Index.ets:157","declare type OnUIPickerComponentCallback = (selectedIndex: number) => void@entry\src\main\ets\pages\Index.ets:157","","6.0.2(22)","declare type OnUIPickerComponentCallback = (selectedIndex: number) => void"
"declare type OnVisibleIndexesChangeCallback = (start: number, end: number) => void","新增API","harmonyos_api_changes/HarmonyOS_26.0.0_Beta1.json","declare","",".type(ButtonType.Capsule)","ArkTS","entry\src\main\ets\pages\EditSimplePage.ets:146","declare type OnVisibleIndexesChangeCallback = (start: number, end: number) => void@entry\src\main\ets\pages\EditSimplePage.ets:146","","26.0.0 Beta2","declare type OnVisibleIndexesChangeCallback = (start: number, end: number) => void"
"declare type OnVisibleIndexesChangeCallback = (start: number, end: number) => void","新增API","harmonyos_api_changes/HarmonyOS_26.0.0_Beta1.json","declare","",".type(ButtonType.Capsule)","ArkTS","entry\src\main\ets\pages\Index.ets:144","declare type OnVisibleIndexesChangeCallback = (start: number, end: number) => void@entry\src\main\ets\pages\Index.ets:144","","26.0.0 Beta2","declare type OnVisibleIndexesChangeCallback = (start: number, end: number) => void"
"declare type OnVisibleIndexesChangeCallback = (start: number, end: number) => void","新增API","harmonyos_api_changes/HarmonyOS_26.0.0_Beta1.json","declare","",".type(ButtonType.Capsule)","ArkTS","entry\src\main\ets\pages\Index.ets:151","declare type OnVisibleIndexesChangeCallback = (start: number, end: number) => void@entry\src\main\ets\pages\Index.ets:151","","26.0.0 Beta2","declare type OnVisibleIndexesChangeCallback = (start: number, end: number) => void"
"declare type OnVisibleIndexesChangeCallback = (start: number, end: number) => void","新增API","harmonyos_api_changes/HarmonyOS_26.0.0_Beta1.json","declare","",".type(ButtonType.Capsule)","ArkTS","entry\src\main\ets\pages\Index.ets:157","declare type OnVisibleIndexesChangeCallback = (start: number, end: number) => void@entry\src\main\ets\pages\Index.ets:157","","26.0.0 Beta2","declare type OnVisibleIndexesChangeCallback = (start: number, end: number) => void"
"declare type OnWaterFlowScrollIndexCallback = (first: number, last: number) => void","新增API","harmonyos_api_changes/HarmonyOS_5.1.1(19)_Beta1.json","declare","",".type(ButtonType.Capsule)","ArkTS","entry\src\main\ets\pages\EditSimplePage.ets:146","declare type OnWaterFlowScrollIndexCallback = (first: number, last: number) => void@entry\src\main\ets\pages\EditSimplePage.ets:146","","5.1.1(19)","declare type OnWaterFlowScrollIndexCallback = (first: number, last: number) => void"
"declare type OnWaterFlowScrollIndexCallback = (first: number, last: number) => void","新增API","harmonyos_api_changes/HarmonyOS_5.1.1(19)_Beta1.json","declare","",".type(ButtonType.Capsule)","ArkTS","entry\src\main\ets\pages\Index.ets:144","declare type OnWaterFlowScrollIndexCallback = (first: number, last: number) => void@entry\src\main\ets\pages\Index.ets:144","","5.1.1(19)","declare type OnWaterFlowScrollIndexCallback = (first: number, last: number) => void"
"declare type OnWaterFlowScrollIndexCallback = (first: number, last: number) => void","新增API","harmonyos_api_changes/HarmonyOS_5.1.1(19)_Beta1.json","declare","",".type(ButtonType.Capsule)","ArkTS","entry\src\main\ets\pages\Index.ets:151","declare type OnWaterFlowScrollIndexCallback = (first: number, last: number) => void@entry\src\main\ets\pages\Index.ets:151","","5.1.1(19)","declare type OnWaterFlowScrollIndexCallback = (first: number, last: number) => void"
"declare type OnWaterFlowScrollIndexCallback = (first: number, last: number) => void","新增API","harmonyos_api_changes/HarmonyOS_5.1.1(19)_Beta1.json","declare","",".type(ButtonType.Capsule)","ArkTS","entry\src\main\ets\pages\Index.ets:157","declare type OnWaterFlowScrollIndexCallback = (first: number, last: number) => void@entry\src\main\ets\pages\Index.ets:157","","5.1.1(19)","declare type OnWaterFlowScrollIndexCallback = (first: number, last: number) => void"
"declare type OnWillStopDraggingCallback = (velocity: number) => void","新增API","harmonyos_api_changes/HarmonyOS_6.0.0(20)_Beta2.json","declare","",".type(ButtonType.Capsule)","ArkTS","entry\src\main\ets\pages\EditSimplePage.ets:146","declare type OnWillStopDraggingCallback = (velocity: number) => void@entry\src\main\ets\pages\EditSimplePage.ets:146","","6.0.0(20)","declare type OnWillStopDraggingCallback = (velocity: number) => void"
"declare type OnWillStopDraggingCallback = (velocity: number) => void","新增API","harmonyos_api_changes/HarmonyOS_6.0.0(20)_Beta2.json","declare","",".type(ButtonType.Capsule)","ArkTS","entry\src\main\ets\pages\Index.ets:144","declare type OnWillStopDraggingCallback = (velocity: number) => void@entry\src\main\ets\pages\Index.ets:144","","6.0.0(20)","declare type OnWillStopDraggingCallback = (velocity: number) => void"
"declare type OnWillStopDraggingCallback = (velocity: number) => void","新增API","harmonyos_api_changes/HarmonyOS_6.0.0(20)_Beta2.json","declare","",".type(ButtonType.Capsule)","ArkTS","entry\src\main\ets\pages\Index.ets:151","declare type OnWillStopDraggingCallback = (velocity: number) => void@entry\src\main\ets\pages\Index.ets:151","","6.0.0(20)","declare type OnWillStopDraggingCallback = (velocity: number) => void"
"declare type OnWillStopDraggingCallback = (velocity: number) => void","新增API","harmonyos_api_changes/HarmonyOS_6.0.0(20)_Beta2.json","declare","",".type(ButtonType.Capsule)","ArkTS","entry\src\main\ets\pages\Index.ets:157","declare type OnWillStopDraggingCallback = (velocity: number) => void@entry\src\main\ets\pages\Index.ets:157","","6.0.0(20)","declare type OnWillStopDraggingCallback = (velocity: number) => void"
"declare type Orientation = import('../api/@ohos.window').default.Orientation","新增API","harmonyos_api_changes/HarmonyOS_5.1.1(19)_Beta1.json","declare","",".type(ButtonType.Capsule)","ArkTS","entry\src\main\ets\pages\EditSimplePage.ets:146","declare type Orientation = import('../api/@ohos.window').default.Orientation@entry\src\main\ets\pages\EditSimplePage.ets:146","","5.1.1(19)","declare type Orientation = import('../api/@ohos.window').default.Orientation"
"declare type Orientation = import('../api/@ohos.window').default.Orientation","新增API","harmonyos_api_changes/HarmonyOS_5.1.1(19)_Beta1.json","declare","",".type(ButtonType.Capsule)","ArkTS","entry\src\main\ets\pages\Index.ets:144","declare type Orientation = import('../api/@ohos.window').default.Orientation@entry\src\main\ets\pages\Index.ets:144","","5.1.1(19)","declare type Orientation = import('../api/@ohos.window').default.Orientation"
"declare type Orientation = import('../api/@ohos.window').default.Orientation","新增API","harmonyos_api_changes/HarmonyOS_5.1.1(19)_Beta1.json","declare","",".type(ButtonType.Capsule)","ArkTS","entry\src\main\ets\pages\Index.ets:151","declare type Orientation = import('../api/@ohos.window').default.Orientation@entry\src\main\ets\pages\Index.ets:151","","5.1.1(19)","declare type Orientation = import('../api/@ohos.window').default.Orientation"
"declare type Orientation = import('../api/@ohos.window').default.Orientation","新增API","harmonyos_api_changes/HarmonyOS_5.1.1(19)_Beta1.json","declare","",".type(ButtonType.Capsule)","ArkTS","entry\src\main\ets\pages\Index.ets:157","declare type Orientation = import('../api/@ohos.window').default.Orientation@entry\src\main\ets\pages\Index.ets:157","","5.1.1(19)","declare type Orientation = import('../api/@ohos.window').default.Orientation"
"declare type PageTransitionCallback = (type: RouteType, progress: number) => void","新增API","harmonyos_api_changes/HarmonyOS_5.1.0(18).json","declare","",".type(ButtonType.Capsule)","ArkTS","entry\src\main\ets\pages\EditSimplePage.ets:146","declare type PageTransitionCallback = (type: RouteType, progress: number) => void@entry\src\main\ets\pages\EditSimplePage.ets:146","","5.1.0(18)","declare type PageTransitionCallback = (type: RouteType, progress: number) => void"
"declare type PageTransitionCallback = (type: RouteType, progress: number) => void","新增API","harmonyos_api_changes/HarmonyOS_5.1.0(18).json","declare","",".type(ButtonType.Capsule)","ArkTS","entry\src\main\ets\pages\Index.ets:144","declare type PageTransitionCallback = (type: RouteType, progress: number) => void@entry\src\main\ets\pages\Index.ets:144","","5.1.0(18)","declare type PageTransitionCallback = (type: RouteType, progress: number) => void"
"declare type PageTransitionCallback = (type: RouteType, progress: number) => void","新增API","harmonyos_api_changes/HarmonyOS_5.1.0(18).json","declare","",".type(ButtonType.Capsule)","ArkTS","entry\src\main\ets\pages\Index.ets:151","declare type PageTransitionCallback = (type: RouteType, progress: number) => void@entry\src\main\ets\pages\Index.ets:151","","5.1.0(18)","declare type PageTransitionCallback = (type: RouteType, progress: number) => void"
"declare type PageTransitionCallback = (type: RouteType, progress: number) => void","新增API","harmonyos_api_changes/HarmonyOS_5.1.0(18).json","declare","",".type(ButtonType.Capsule)","ArkTS","entry\src\main\ets\pages\Index.ets:157","declare type PageTransitionCallback = (type: RouteType, progress: number) => void@entry\src\main\ets\pages\Index.ets:157","","5.1.0(18)","declare type PageTransitionCallback = (type: RouteType, progress: number) => void"
"declare type PanListenerCallback = (event: GestureEvent, current: GestureRecognizer, node?: FrameNode) => void","新增API","harmonyos_api_changes/HarmonyOS_5.1.1(19)_Beta1.json","declare","",".type(ButtonType.Capsule)","ArkTS","entry\src\main\ets\pages\EditSimplePage.ets:146","declare type PanListenerCallback = (event: GestureEvent, current: GestureRecognizer, node?: FrameNode) => void@entry\src\main\ets\pages\EditSimplePage.ets:146","","5.1.1(19)","declare type PanListenerCallback = (event: GestureEvent, current: GestureRecognizer, node?: FrameNode) => void"
"declare type PanListenerCallback = (event: GestureEvent, current: GestureRecognizer, node?: FrameNode) => void","新增API","harmonyos_api_changes/HarmonyOS_5.1.1(19)_Beta1.json","declare","",".type(ButtonType.Capsule)","ArkTS","entry\src\main\ets\pages\Index.ets:144","declare type PanListenerCallback = (event: GestureEvent, current: GestureRecognizer, node?: FrameNode) => void@entry\src\main\ets\pages\Index.ets:144","","5.1.1(19)","declare type PanListenerCallback = (event: GestureEvent, current: GestureRecognizer, node?: FrameNode) => void"
"declare type PanListenerCallback = (event: GestureEvent, current: GestureRecognizer, node?: FrameNode) => void","新增API","harmonyos_api_changes/HarmonyOS_5.1.1(19)_Beta1.json","declare","",".type(ButtonType.Capsule)","ArkTS","entry\src\main\ets\pages\Index.ets:151","declare type PanListenerCallback = (event: GestureEvent, current: GestureRecognizer, node?: FrameNode) => void@entry\src\main\ets\pages\Index.ets:151","","5.1.1(19)","declare type PanListenerCallback = (event: GestureEvent, current: GestureRecognizer, node?: FrameNode) => void"
"declare type PanListenerCallback = (event: GestureEvent, current: GestureRecognizer, node?: FrameNode) => void","新增API","harmonyos_api_changes/HarmonyOS_5.1.1(19)_Beta1.json","declare","",".type(ButtonType.Capsule)","ArkTS","entry\src\main\ets\pages\Index.ets:157","declare type PanListenerCallback = (event: GestureEvent, current: GestureRecognizer, node?: FrameNode) => void@entry\src\main\ets\pages\Index.ets:157","","5.1.1(19)","declare type PanListenerCallback = (event: GestureEvent, current: GestureRecognizer, node?: FrameNode) => void"
"declare type Paragraph = import('../api/@ohos.graphics.text').default.Paragraph","新增API","harmonyos_api_changes/HarmonyOS_6.0.0(20)_Beta3.json","declare","",".type(ButtonType.Capsule)","ArkTS","entry\src\main\ets\pages\EditSimplePage.ets:146","declare type Paragraph = import('../api/@ohos.graphics.text').default.Paragraph@entry\src\main\ets\pages\EditSimplePage.ets:146","","6.0.0(20)","declare type Paragraph = import('../api/@ohos.graphics.text').default.Paragraph"
"declare type Paragraph = import('../api/@ohos.graphics.text').default.Paragraph","新增API","harmonyos_api_changes/HarmonyOS_6.0.0(20)_Beta3.json","declare","",".type(ButtonType.Capsule)","ArkTS","entry\src\main\ets\pages\Index.ets:144","declare type Paragraph = import('../api/@ohos.graphics.text').default.Paragraph@entry\src\main\ets\pages\Index.ets:144","","6.0.0(20)","declare type Paragraph = import('../api/@ohos.graphics.text').default.Paragraph"
"declare type Paragraph = import('../api/@ohos.graphics.text').default.Paragraph","新增API","harmonyos_api_changes/HarmonyOS_6.0.0(20)_Beta3.json","declare","",".type(ButtonType.Capsule)","ArkTS","entry\src\main\ets\pages\Index.ets:151","declare type Paragraph = import('../api/@ohos.graphics.text').default.Paragraph@entry\src\main\ets\pages\Index.ets:151","","6.0.0(20)","declare type Paragraph = import('../api/@ohos.graphics.text').default.Paragraph"
"declare type Paragraph = import('../api/@ohos.graphics.text').default.Paragraph","新增API","harmonyos_api_changes/HarmonyOS_6.0.0(20)_Beta3.json","declare","",".type(ButtonType.Capsule)","ArkTS","entry\src\main\ets\pages\Index.ets:157","declare type Paragraph = import('../api/@ohos.graphics.text').default.Paragraph@entry\src\main\ets\pages\Index.ets:157","","6.0.0(20)","declare type Paragraph = import('../api/@ohos.graphics.text').default.Paragraph"
"declare type PopupStateChangeCallback = (event: PopupStateChangeParam) => void","新增API","harmonyos_api_changes/HarmonyOS_5.1.0(18).json","declare","",".type(ButtonType.Capsule)","ArkTS","entry\src\main\ets\pages\EditSimplePage.ets:146","declare type PopupStateChangeCallback = (event: PopupStateChangeParam) => void@entry\src\main\ets\pages\EditSimplePage.ets:146","","5.1.0(18)","declare type PopupStateChangeCallback = (event: PopupStateChangeParam) => void"
"declare type PopupStateChangeCallback = (event: PopupStateChangeParam) => void","新增API","harmonyos_api_changes/HarmonyOS_5.1.0(18).json","declare","",".type(ButtonType.Capsule)","ArkTS","entry\src\main\ets\pages\Index.ets:144","declare type PopupStateChangeCallback = (event: PopupStateChangeParam) => void@entry\src\main\ets\pages\Index.ets:144","","5.1.0(18)","declare type PopupStateChangeCallback = (event: PopupStateChangeParam) => void"
"declare type PopupStateChangeCallback = (event: PopupStateChangeParam) => void","新增API","harmonyos_api_changes/HarmonyOS_5.1.0(18).json","declare","",".type(ButtonType.Capsule)","ArkTS","entry\src\main\ets\pages\Index.ets:151","declare type PopupStateChangeCallback = (event: PopupStateChangeParam) => void@entry\src\main\ets\pages\Index.ets:151","","5.1.0(18)","declare type PopupStateChangeCallback = (event: PopupStateChangeParam) => void"
"declare type PopupStateChangeCallback = (event: PopupStateChangeParam) => void","新增API","harmonyos_api_changes/HarmonyOS_5.1.0(18).json","declare","",".type(ButtonType.Capsule)","ArkTS","entry\src\main\ets\pages\Index.ets:157","declare type PopupStateChangeCallback = (event: PopupStateChangeParam) => void@entry\src\main\ets\pages\Index.ets:157","","5.1.0(18)","declare type PopupStateChangeCallback = (event: PopupStateChangeParam) => void"
"declare type PromptActionCommonState = import('../api/@ohos.promptAction').promptAction.CommonState","新增API","harmonyos_api_changes/HarmonyOS_6.0.0(20)_Beta1.json","declare","",".type(ButtonType.Capsule)","ArkTS","entry\src\main\ets\pages\EditSimplePage.ets:146","declare type PromptActionCommonState = import('../api/@ohos.promptAction').promptAction.CommonState@entry\src\main\ets\pages\EditSimplePage.ets:146","","6.0.0(20)","declare type PromptActionCommonState = import('../api/@ohos.promptAction').promptAction.CommonState"
"declare type PromptActionCommonState = import('../api/@ohos.promptAction').promptAction.CommonState","新增API","harmonyos_api_changes/HarmonyOS_6.0.0(20)_Beta1.json","declare","",".type(ButtonType.Capsule)","ArkTS","entry\src\main\ets\pages\Index.ets:144","declare type PromptActionCommonState = import('../api/@ohos.promptAction').promptAction.CommonState@entry\src\main\ets\pages\Index.ets:144","","6.0.0(20)","declare type PromptActionCommonState = import('../api/@ohos.promptAction').promptAction.CommonState"
"declare type PromptActionCommonState = import('../api/@ohos.promptAction').promptAction.CommonState","新增API","harmonyos_api_changes/HarmonyOS_6.0.0(20)_Beta1.json","declare","",".type(ButtonType.Capsule)","ArkTS","entry\src\main\ets\pages\Index.ets:151","declare type PromptActionCommonState = import('../api/@ohos.promptAction').promptAction.CommonState@entry\src\main\ets\pages\Index.ets:151","","6.0.0(20)","declare type PromptActionCommonState = import('../api/@ohos.promptAction').promptAction.CommonState"
"declare type PromptActionCommonState = import('../api/@ohos.promptAction').promptAction.CommonState","新增API","harmonyos_api_changes/HarmonyOS_6.0.0(20)_Beta1.json","declare","",".type(ButtonType.Capsule)","ArkTS","entry\src\main\ets\pages\Index.ets:157","declare type PromptActionCommonState = import('../api/@ohos.promptAction').promptAction.CommonState@entry\src\main\ets\pages\Index.ets:157","","6.0.0(20)","declare type PromptActionCommonState = import('../api/@ohos.promptAction').promptAction.CommonState"
"declare type PromptActionDialogController = import('../api/@ohos.promptAction').promptAction.DialogController","新增API","harmonyos_api_changes/HarmonyOS_5.1.0(18).json","declare","",".type(ButtonType.Capsule)","ArkTS","entry\src\main\ets\pages\EditSimplePage.ets:146","declare type PromptActionDialogController = import('../api/@ohos.promptAction').promptAction.DialogController@entry\src\main\ets\pages\EditSimplePage.ets:146","","5.1.0(18)","declare type PromptActionDialogController = import('../api/@ohos.promptAction').promptAction.DialogController"
"declare type PromptActionDialogController = import('../api/@ohos.promptAction').promptAction.DialogController","新增API","harmonyos_api_changes/HarmonyOS_5.1.0(18).json","declare","",".type(ButtonType.Capsule)","ArkTS","entry\src\main\ets\pages\Index.ets:144","declare type PromptActionDialogController = import('../api/@ohos.promptAction').promptAction.DialogController@entry\src\main\ets\pages\Index.ets:144","","5.1.0(18)","declare type PromptActionDialogController = import('../api/@ohos.promptAction').promptAction.DialogController"
"declare type PromptActionDialogController = import('../api/@ohos.promptAction').promptAction.DialogController","新增API","harmonyos_api_changes/HarmonyOS_5.1.0(18).json","declare","",".type(ButtonType.Capsule)","ArkTS","entry\src\main\ets\pages\Index.ets:151","declare type PromptActionDialogController = import('../api/@ohos.promptAction').promptAction.DialogController@entry\src\main\ets\pages\Index.ets:151","","5.1.0(18)","declare type PromptActionDialogController = import('../api/@ohos.promptAction').promptAction.DialogController"
"declare type PromptActionDialogController = import('../api/@ohos.promptAction').promptAction.DialogController","新增API","harmonyos_api_changes/HarmonyOS_5.1.0(18).json","declare","",".type(ButtonType.Capsule)","ArkTS","entry\src\main\ets\pages\Index.ets:157","declare type PromptActionDialogController = import('../api/@ohos.promptAction').promptAction.DialogController@entry\src\main\ets\pages\Index.ets:157","","5.1.0(18)","declare type PromptActionDialogController = import('../api/@ohos.promptAction').promptAction.DialogController"
"declare type RectHeightStyle = import('../api/@ohos.graphics.text').default.RectHeightStyle","新增API","harmonyos_api_changes/HarmonyOS_5.0.2(14).json","declare","",".type(ButtonType.Capsule)","ArkTS","entry\src\main\ets\pages\EditSimplePage.ets:146","declare type RectHeightStyle = import('../api/@ohos.graphics.text').default.RectHeightStyle@entry\src\main\ets\pages\EditSimplePage.ets:146","","5.0.2(14)","declare type RectHeightStyle = import('../api/@ohos.graphics.text').default.RectHeightStyle"
"declare type RectHeightStyle = import('../api/@ohos.graphics.text').default.RectHeightStyle","新增API","harmonyos_api_changes/HarmonyOS_5.0.2(14).json","declare","",".type(ButtonType.Capsule)","ArkTS","entry\src\main\ets\pages\Index.ets:144","declare type RectHeightStyle = import('../api/@ohos.graphics.text').default.RectHeightStyle@entry\src\main\ets\pages\Index.ets:144","","5.0.2(14)","declare type RectHeightStyle = import('../api/@ohos.graphics.text').default.RectHeightStyle"
"declare type RectHeightStyle = import('../api/@ohos.graphics.text').default.RectHeightStyle","新增API","harmonyos_api_changes/HarmonyOS_5.0.2(14).json","declare","",".type(ButtonType.Capsule)","ArkTS","entry\src\main\ets\pages\Index.ets:151","declare type RectHeightStyle = import('../api/@ohos.graphics.text').default.RectHeightStyle@entry\src\main\ets\pages\Index.ets:151","","5.0.2(14)","declare type RectHeightStyle = import('../api/@ohos.graphics.text').default.RectHeightStyle"
"declare type RectHeightStyle = import('../api/@ohos.graphics.text').default.RectHeightStyle","新增API","harmonyos_api_changes/HarmonyOS_5.0.2(14).json","declare","",".type(ButtonType.Capsule)","ArkTS","entry\src\main\ets\pages\Index.ets:157","declare type RectHeightStyle = import('../api/@ohos.graphics.text').default.RectHeightStyle@entry\src\main\ets\pages\Index.ets:157","","5.0.2(14)","declare type RectHeightStyle = import('../api/@ohos.graphics.text').default.RectHeightStyle"
"declare type RectWidthStyle = import('../api/@ohos.graphics.text').default.RectWidthStyle","新增API","harmonyos_api_changes/HarmonyOS_5.0.2(14).json","declare","",".type(ButtonType.Capsule)","ArkTS","entry\src\main\ets\pages\EditSimplePage.ets:146","declare type RectWidthStyle = import('../api/@ohos.graphics.text').default.RectWidthStyle@entry\src\main\ets\pages\EditSimplePage.ets:146","","5.0.2(14)","declare type RectWidthStyle = import('../api/@ohos.graphics.text').default.RectWidthStyle"
"declare type RectWidthStyle = import('../api/@ohos.graphics.text').default.RectWidthStyle","新增API","harmonyos_api_changes/HarmonyOS_5.0.2(14).json","declare","",".type(ButtonType.Capsule)","ArkTS","entry\src\main\ets\pages\Index.ets:144","declare type RectWidthStyle = import('../api/@ohos.graphics.text').default.RectWidthStyle@entry\src\main\ets\pages\Index.ets:144","","5.0.2(14)","declare type RectWidthStyle = import('../api/@ohos.graphics.text').default.RectWidthStyle"
"declare type RectWidthStyle = import('../api/@ohos.graphics.text').default.RectWidthStyle","新增API","harmonyos_api_changes/HarmonyOS_5.0.2(14).json","declare","",".type(ButtonType.Capsule)","ArkTS","entry\src\main\ets\pages\Index.ets:151","declare type RectWidthStyle = import('../api/@ohos.graphics.text').default.RectWidthStyle@entry\src\main\ets\pages\Index.ets:151","","5.0.2(14)","declare type RectWidthStyle = import('../api/@ohos.graphics.text').default.RectWidthStyle"
"declare type RectWidthStyle = import('../api/@ohos.graphics.text').default.RectWidthStyle","新增API","harmonyos_api_changes/HarmonyOS_5.0.2(14).json","declare","",".type(ButtonType.Capsule)","ArkTS","entry\src\main\ets\pages\Index.ets:157","declare type RectWidthStyle = import('../api/@ohos.graphics.text').default.RectWidthStyle@entry\src\main\ets\pages\Index.ets:157","","5.0.2(14)","declare type RectWidthStyle = import('../api/@ohos.graphics.text').default.RectWidthStyle"
"declare type RepeatInterface = <T>(arr: RepeatArray<T>) => RepeatAttribute<T>","新增API","harmonyos_api_changes/HarmonyOS_5.1.0(18).json","declare","",".type(ButtonType.Capsule)","ArkTS","entry\src\main\ets\pages\EditSimplePage.ets:146","declare type RepeatInterface = <T>(arr: RepeatArray<T>) => RepeatAttribute<T>@entry\src\main\ets\pages\EditSimplePage.ets:146","","5.1.0(18)","declare type RepeatInterface = <T>(arr: RepeatArray<T>) => RepeatAttribute<T>"
"declare type RepeatInterface = <T>(arr: RepeatArray<T>) => RepeatAttribute<T>","新增API","harmonyos_api_changes/HarmonyOS_5.1.0(18).json","declare","",".type(ButtonType.Capsule)","ArkTS","entry\src\main\ets\pages\Index.ets:144","declare type RepeatInterface = <T>(arr: RepeatArray<T>) => RepeatAttribute<T>@entry\src\main\ets\pages\Index.ets:144","","5.1.0(18)","declare type RepeatInterface = <T>(arr: RepeatArray<T>) => RepeatAttribute<T>"
"declare type RepeatInterface = <T>(arr: RepeatArray<T>) => RepeatAttribute<T>","新增API","harmonyos_api_changes/HarmonyOS_5.1.0(18).json","declare","",".type(ButtonType.Capsule)","ArkTS","entry\src\main\ets\pages\Index.ets:151","declare type RepeatInterface = <T>(arr: RepeatArray<T>) => RepeatAttribute<T>@entry\src\main\ets\pages\Index.ets:151","","5.1.0(18)","declare type RepeatInterface = <T>(arr: RepeatArray<T>) => RepeatAttribute<T>"
"declare type RepeatInterface = <T>(arr: RepeatArray<T>) => RepeatAttribute<T>","新增API","harmonyos_api_changes/HarmonyOS_5.1.0(18).json","declare","",".type(ButtonType.Capsule)","ArkTS","entry\src\main\ets\pages\Index.ets:157","declare type RepeatInterface = <T>(arr: RepeatArray<T>) => RepeatAttribute<T>@entry\src\main\ets\pages\Index.ets:157","","5.1.0(18)","declare type RepeatInterface = <T>(arr: RepeatArray<T>) => RepeatAttribute<T>"
"declare type RequestDownloadInfo = import('../api/@ohos.request.cacheDownload').default.DownloadInfo","新增API","harmonyos_api_changes/HarmonyOS_6.1.0(23)_Beta1.json","declare","",".type(ButtonType.Capsule)","ArkTS","entry\src\main\ets\pages\EditSimplePage.ets:146","declare type RequestDownloadInfo = import('../api/@ohos.request.cacheDownload').default.DownloadInfo@entry\src\main\ets\pages\EditSimplePage.ets:146","","6.1.0(23)","declare type RequestDownloadInfo = import('../api/@ohos.request.cacheDownload').default.DownloadInfo"
"declare type RequestDownloadInfo = import('../api/@ohos.request.cacheDownload').default.DownloadInfo","新增API","harmonyos_api_changes/HarmonyOS_6.1.0(23)_Beta1.json","declare","",".type(ButtonType.Capsule)","ArkTS","entry\src\main\ets\pages\Index.ets:144","declare type RequestDownloadInfo = import('../api/@ohos.request.cacheDownload').default.DownloadInfo@entry\src\main\ets\pages\Index.ets:144","","6.1.0(23)","declare type RequestDownloadInfo = import('../api/@ohos.request.cacheDownload').default.DownloadInfo"
"declare type RequestDownloadInfo = import('../api/@ohos.request.cacheDownload').default.DownloadInfo","新增API","harmonyos_api_changes/HarmonyOS_6.1.0(23)_Beta1.json","declare","",".type(ButtonType.Capsule)","ArkTS","entry\src\main\ets\pages\Index.ets:151","declare type RequestDownloadInfo = import('../api/@ohos.request.cacheDownload').default.DownloadInfo@entry\src\main\ets\pages\Index.ets:151","","6.1.0(23)","declare type RequestDownloadInfo = import('../api/@ohos.request.cacheDownload').default.DownloadInfo"
"declare type RequestDownloadInfo = import('../api/@ohos.request.cacheDownload').default.DownloadInfo","新增API","harmonyos_api_changes/HarmonyOS_6.1.0(23)_Beta1.json","declare","",".type(ButtonType.Capsule)","ArkTS","entry\src\main\ets\pages\Index.ets:157","declare type RequestDownloadInfo = import('../api/@ohos.request.cacheDownload').default.DownloadInfo@entry\src\main\ets\pages\Index.ets:157","","6.1.0(23)","declare type RequestDownloadInfo = import('../api/@ohos.request.cacheDownload').default.DownloadInfo"
"declare type RestoreStateCallback = (savedState: Record<string, Object> | null) => void","新增API","harmonyos_api_changes/HarmonyOS_26.0.0_Beta2.json","declare","",".type(ButtonType.Capsule)","ArkTS","entry\src\main\ets\pages\EditSimplePage.ets:146","declare type RestoreStateCallback = (savedState: Record<string, Object> | null) => void@entry\src\main\ets\pages\EditSimplePage.ets:146","","26.0.0 Beta2","declare type RestoreStateCallback = (savedState: Record<string, Object> | null) => void"
"declare type RestoreStateCallback = (savedState: Record<string, Object> | null) => void","新增API","harmonyos_api_changes/HarmonyOS_26.0.0_Beta2.json","declare","",".type(ButtonType.Capsule)","ArkTS","entry\src\main\ets\pages\Index.ets:144","declare type RestoreStateCallback = (savedState: Record<string, Object> | null) => void@entry\src\main\ets\pages\Index.ets:144","","26.0.0 Beta2","declare type RestoreStateCallback = (savedState: Record<string, Object> | null) => void"
"declare type RestoreStateCallback = (savedState: Record<string, Object> | null) => void","新增API","harmonyos_api_changes/HarmonyOS_26.0.0_Beta2.json","declare","",".type(ButtonType.Capsule)","ArkTS","entry\src\main\ets\pages\Index.ets:151","declare type RestoreStateCallback = (savedState: Record<string, Object> | null) => void@entry\src\main\ets\pages\Index.ets:151","","26.0.0 Beta2","declare type RestoreStateCallback = (savedState: Record<string, Object> | null) => void"
"declare type RestoreStateCallback = (savedState: Record<string, Object> | null) => void","新增API","harmonyos_api_changes/HarmonyOS_26.0.0_Beta2.json","declare","",".type(ButtonType.Capsule)","ArkTS","entry\src\main\ets\pages\Index.ets:157","declare type RestoreStateCallback = (savedState: Record<string, Object> | null) => void@entry\src\main\ets\pages\Index.ets:157","","26.0.0 Beta2","declare type RestoreStateCallback = (savedState: Record<string, Object> | null) => void"
"declare type ReuseIdCallback = () => string","新增API","harmonyos_api_changes/HarmonyOS_5.1.0(18).json","declare","",".type(ButtonType.Capsule)","ArkTS","entry\src\main\ets\pages\EditSimplePage.ets:146","declare type ReuseIdCallback = () => string@entry\src\main\ets\pages\EditSimplePage.ets:146","","5.1.0(18)","declare type ReuseIdCallback = () => string"
"declare type ReuseIdCallback = () => string","新增API","harmonyos_api_changes/HarmonyOS_5.1.0(18).json","declare","",".type(ButtonType.Capsule)","ArkTS","entry\src\main\ets\pages\Index.ets:144","declare type ReuseIdCallback = () => string@entry\src\main\ets\pages\Index.ets:144","","5.1.0(18)","declare type ReuseIdCallback = () => string"
"declare type ReuseIdCallback = () => string","新增API","harmonyos_api_changes/HarmonyOS_5.1.0(18).json","declare","",".type(ButtonType.Capsule)","ArkTS","entry\src\main\ets\pages\Index.ets:151","declare type ReuseIdCallback = () => string@entry\src\main\ets\pages\Index.ets:151","","5.1.0(18)","declare type ReuseIdCallback = () => string"
"declare type ReuseIdCallback = () => string","新增API","harmonyos_api_changes/HarmonyOS_5.1.0(18).json","declare","",".type(ButtonType.Capsule)","ArkTS","entry\src\main\ets\pages\Index.ets:157","declare type ReuseIdCallback = () => string@entry\src\main\ets\pages\Index.ets:157","","5.1.0(18)","declare type ReuseIdCallback = () => string"
"declare type SaveStateCallback = () => Record<string, Object> | null","新增API","harmonyos_api_changes/HarmonyOS_26.0.0_Beta2.json","declare","",".type(ButtonType.Capsule)","ArkTS","entry\src\main\ets\pages\EditSimplePage.ets:146","declare type SaveStateCallback = () => Record<string, Object> | null@entry\src\main\ets\pages\EditSimplePage.ets:146","","26.0.0 Beta2","declare type SaveStateCallback = () => Record<string, Object> | null"
"declare type SaveStateCallback = () => Record<string, Object> | null","新增API","harmonyos_api_changes/HarmonyOS_26.0.0_Beta2.json","declare","",".type(ButtonType.Capsule)","ArkTS","entry\src\main\ets\pages\Index.ets:144","declare type SaveStateCallback = () => Record<string, Object> | null@entry\src\main\ets\pages\Index.ets:144","","26.0.0 Beta2","declare type SaveStateCallback = () => Record<string, Object> | null"
"declare type SaveStateCallback = () => Record<string, Object> | null","新增API","harmonyos_api_changes/HarmonyOS_26.0.0_Beta2.json","declare","",".type(ButtonType.Capsule)","ArkTS","entry\src\main\ets\pages\Index.ets:151","declare type SaveStateCallback = () => Record<string, Object> | null@entry\src\main\ets\pages\Index.ets:151","","26.0.0 Beta2","declare type SaveStateCallback = () => Record<string, Object> | null"
"declare type SaveStateCallback = () => Record<string, Object> | null","新增API","harmonyos_api_changes/HarmonyOS_26.0.0_Beta2.json","declare","",".type(ButtonType.Capsule)","ArkTS","entry\src\main\ets\pages\Index.ets:157","declare type SaveStateCallback = () => Record<string, Object> | null@entry\src\main\ets\pages\Index.ets:157","","26.0.0 Beta2","declare type SaveStateCallback = () => Record<string, Object> | null"
"declare type ScaleCallback = (scale: number) => void","新增API","harmonyos_api_changes/HarmonyOS_5.1.0(18).json","declare","",".type(ButtonType.Capsule)","ArkTS","entry\src\main\ets\pages\EditSimplePage.ets:146","declare type ScaleCallback = (scale: number) => void@entry\src\main\ets\pages\EditSimplePage.ets:146","","5.1.0(18)","declare type ScaleCallback = (scale: number) => void"
"declare type ScaleCallback = (scale: number) => void","新增API","harmonyos_api_changes/HarmonyOS_5.1.0(18).json","declare","",".type(ButtonType.Capsule)","ArkTS","entry\src\main\ets\pages\Index.ets:144","declare type ScaleCallback = (scale: number) => void@entry\src\main\ets\pages\Index.ets:144","","5.1.0(18)","declare type ScaleCallback = (scale: number) => void"
"declare type ScaleCallback = (scale: number) => void","新增API","harmonyos_api_changes/HarmonyOS_5.1.0(18).json","declare","",".type(ButtonType.Capsule)","ArkTS","entry\src\main\ets\pages\Index.ets:151","declare type ScaleCallback = (scale: number) => void@entry\src\main\ets\pages\Index.ets:151","","5.1.0(18)","declare type ScaleCallback = (scale: number) => void"
"declare type ScaleCallback = (scale: number) => void","新增API","harmonyos_api_changes/HarmonyOS_5.1.0(18).json","declare","",".type(ButtonType.Capsule)","ArkTS","entry\src\main\ets\pages\Index.ets:157","declare type ScaleCallback = (scale: number) => void@entry\src\main\ets\pages\Index.ets:157","","5.1.0(18)","declare type ScaleCallback = (scale: number) => void"
"declare type ScrollOnDidZoomCallback = (scale: number) => void","新增API","harmonyos_api_changes/HarmonyOS_6.0.0(20)_Beta3.json","declare","",".type(ButtonType.Capsule)","ArkTS","entry\src\main\ets\pages\EditSimplePage.ets:146","declare type ScrollOnDidZoomCallback = (scale: number) => void@entry\src\main\ets\pages\EditSimplePage.ets:146","","6.0.0(20)","declare type ScrollOnDidZoomCallback = (scale: number) => void"
"declare type ScrollOnDidZoomCallback = (scale: number) => void","新增API","harmonyos_api_changes/HarmonyOS_6.0.0(20)_Beta3.json","declare","",".type(ButtonType.Capsule)","ArkTS","entry\src\main\ets\pages\Index.ets:144","declare type ScrollOnDidZoomCallback = (scale: number) => void@entry\src\main\ets\pages\Index.ets:144","","6.0.0(20)","declare type ScrollOnDidZoomCallback = (scale: number) => void"
"declare type ScrollOnDidZoomCallback = (scale: number) => void","新增API","harmonyos_api_changes/HarmonyOS_6.0.0(20)_Beta3.json","declare","",".type(ButtonType.Capsule)","ArkTS","entry\src\main\ets\pages\Index.ets:151","declare type ScrollOnDidZoomCallback = (scale: number) => void@entry\src\main\ets\pages\Index.ets:151","","6.0.0(20)","declare type ScrollOnDidZoomCallback = (scale: number) => void"
"declare type ScrollOnDidZoomCallback = (scale: number) => void","新增API","harmonyos_api_changes/HarmonyOS_6.0.0(20)_Beta3.json","declare","",".type(ButtonType.Capsule)","ArkTS","entry\src\main\ets\pages\Index.ets:157","declare type ScrollOnDidZoomCallback = (scale: number) => void@entry\src\main\ets\pages\Index.ets:157","","6.0.0(20)","declare type ScrollOnDidZoomCallback = (scale: number) => void"
"declare type SearchSubmitCallback = (searchContent: string, event?: SubmitEvent) => void","新增API","harmonyos_api_changes/HarmonyOS_5.0.2(14).json","declare","",".type(ButtonType.Capsule)","ArkTS","entry\src\main\ets\pages\EditSimplePage.ets:146","declare type SearchSubmitCallback = (searchContent: string, event?: SubmitEvent) => void@entry\src\main\ets\pages\EditSimplePage.ets:146","","5.0.2(14)","declare type SearchSubmitCallback = (searchContent: string, event?: SubmitEvent) => void"
"declare type SearchSubmitCallback = (searchContent: string, event?: SubmitEvent) => void","新增API","harmonyos_api_changes/HarmonyOS_5.0.2(14).json","declare","",".type(ButtonType.Capsule)","ArkTS","entry\src\main\ets\pages\Index.ets:144","declare type SearchSubmitCallback = (searchContent: string, event?: SubmitEvent) => void@entry\src\main\ets\pages\Index.ets:144","","5.0.2(14)","declare type SearchSubmitCallback = (searchContent: string, event?: SubmitEvent) => void"
"declare type SearchSubmitCallback = (searchContent: string, event?: SubmitEvent) => void","新增API","harmonyos_api_changes/HarmonyOS_5.0.2(14).json","declare","",".type(ButtonType.Capsule)","ArkTS","entry\src\main\ets\pages\Index.ets:151","declare type SearchSubmitCallback = (searchContent: string, event?: SubmitEvent) => void@entry\src\main\ets\pages\Index.ets:151","","5.0.2(14)","declare type SearchSubmitCallback = (searchContent: string, event?: SubmitEvent) => void"
"declare type SearchSubmitCallback = (searchContent: string, event?: SubmitEvent) => void","新增API","harmonyos_api_changes/HarmonyOS_5.0.2(14).json","declare","",".type(ButtonType.Capsule)","ArkTS","entry\src\main\ets\pages\Index.ets:157","declare type SearchSubmitCallback = (searchContent: string, event?: SubmitEvent) => void@entry\src\main\ets\pages\Index.ets:157","","5.0.2(14)","declare type SearchSubmitCallback = (searchContent: string, event?: SubmitEvent) => void"
"declare type ShouldRecognizerParallelWithCallback = (current: GestureRecognizer, others: Array<GestureRecognizer>) => GestureRecognizer","新增API","harmonyos_api_changes/HarmonyOS_26.0.0_Beta2.json","declare","",".type(ButtonType.Capsule)","ArkTS","entry\src\main\ets\pages\EditSimplePage.ets:146","declare type ShouldRecognizerParallelWithCallback = (current: GestureRecognizer, others: Array<GestureRecognizer>) => GestureRecognizer@entry\src\main\ets\pages\EditSimplePage.ets:146","","26.0.0 Beta2","declare type ShouldRecognizerParallelWithCallback = (current: GestureRecognizer, others: Array<GestureRecognizer>) => GestureRecognizer"
"declare type ShouldRecognizerParallelWithCallback = (current: GestureRecognizer, others: Array<GestureRecognizer>) => GestureRecognizer","新增API","harmonyos_api_changes/HarmonyOS_26.0.0_Beta2.json","declare","",".type(ButtonType.Capsule)","ArkTS","entry\src\main\ets\pages\Index.ets:144","declare type ShouldRecognizerParallelWithCallback = (current: GestureRecognizer, others: Array<GestureRecognizer>) => GestureRecognizer@entry\src\main\ets\pages\Index.ets:144","","26.0.0 Beta2","declare type ShouldRecognizerParallelWithCallback = (current: GestureRecognizer, others: Array<GestureRecognizer>) => GestureRecognizer"
"declare type ShouldRecognizerParallelWithCallback = (current: GestureRecognizer, others: Array<GestureRecognizer>) => GestureRecognizer","新增API","harmonyos_api_changes/HarmonyOS_26.0.0_Beta2.json","declare","",".type(ButtonType.Capsule)","ArkTS","entry\src\main\ets\pages\Index.ets:151","declare type ShouldRecognizerParallelWithCallback = (current: GestureRecognizer, others: Array<GestureRecognizer>) => GestureRecognizer@entry\src\main\ets\pages\Index.ets:151","","26.0.0 Beta2","declare type ShouldRecognizerParallelWithCallback = (current: GestureRecognizer, others: Array<GestureRecognizer>) => GestureRecognizer"
"declare type ShouldRecognizerParallelWithCallback = (current: GestureRecognizer, others: Array<GestureRecognizer>) => GestureRecognizer","新增API","harmonyos_api_changes/HarmonyOS_26.0.0_Beta2.json","declare","",".type(ButtonType.Capsule)","ArkTS","entry\src\main\ets\pages\Index.ets:157","declare type ShouldRecognizerParallelWithCallback = (current: GestureRecognizer, others: Array<GestureRecognizer>) => GestureRecognizer@entry\src\main\ets\pages\Index.ets:157","","26.0.0 Beta2","declare type ShouldRecognizerParallelWithCallback = (current: GestureRecognizer, others: Array<GestureRecognizer>) => GestureRecognizer"
"declare type SpringLoadingContext = import('../api/@ohos.arkui.dragController').default.SpringLoadingContext","新增API","harmonyos_api_changes/HarmonyOS_6.0.0(20)_Beta2.json","declare","",".type(ButtonType.Capsule)","ArkTS","entry\src\main\ets\pages\EditSimplePage.ets:146","declare type SpringLoadingContext = import('../api/@ohos.arkui.dragController').default.SpringLoadingContext@entry\src\main\ets\pages\EditSimplePage.ets:146","","6.0.0(20)","declare type SpringLoadingContext = import('../api/@ohos.arkui.dragController').default.SpringLoadingContext"
"declare type SpringLoadingContext = import('../api/@ohos.arkui.dragController').default.SpringLoadingContext","新增API","harmonyos_api_changes/HarmonyOS_6.0.0(20)_Beta2.json","declare","",".type(ButtonType.Capsule)","ArkTS","entry\src\main\ets\pages\Index.ets:144","declare type SpringLoadingContext = import('../api/@ohos.arkui.dragController').default.SpringLoadingContext@entry\src\main\ets\pages\Index.ets:144","","6.0.0(20)","declare type SpringLoadingContext = import('../api/@ohos.arkui.dragController').default.SpringLoadingContext"
"declare type SpringLoadingContext = import('../api/@ohos.arkui.dragController').default.SpringLoadingContext","新增API","harmonyos_api_changes/HarmonyOS_6.0.0(20)_Beta2.json","declare","",".type(ButtonType.Capsule)","ArkTS","entry\src\main\ets\pages\Index.ets:151","declare type SpringLoadingContext = import('../api/@ohos.arkui.dragController').default.SpringLoadingContext@entry\src\main\ets\pages\Index.ets:151","","6.0.0(20)","declare type SpringLoadingContext = import('../api/@ohos.arkui.dragController').default.SpringLoadingContext"
"declare type SpringLoadingContext = import('../api/@ohos.arkui.dragController').default.SpringLoadingContext","新增API","harmonyos_api_changes/HarmonyOS_6.0.0(20)_Beta2.json","declare","",".type(ButtonType.Capsule)","ArkTS","entry\src\main\ets\pages\Index.ets:157","declare type SpringLoadingContext = import('../api/@ohos.arkui.dragController').default.SpringLoadingContext@entry\src\main\ets\pages\Index.ets:157","","6.0.0(20)","declare type SpringLoadingContext = import('../api/@ohos.arkui.dragController').default.SpringLoadingContext"
"declare type SwipeActionCallback = () => void","新增API","harmonyos_api_changes/HarmonyOS_6.0.0(20)_Beta1.json","declare","",".type(ButtonType.Capsule)","ArkTS","entry\src\main\ets\pages\EditSimplePage.ets:146","declare type SwipeActionCallback = () => void@entry\src\main\ets\pages\EditSimplePage.ets:146","","6.0.0(20)","declare type SwipeActionCallback = () => void"
"declare type SwipeActionCallback = () => void","新增API","harmonyos_api_changes/HarmonyOS_6.0.0(20)_Beta1.json","declare","",".type(ButtonType.Capsule)","ArkTS","entry\src\main\ets\pages\Index.ets:144","declare type SwipeActionCallback = () => void@entry\src\main\ets\pages\Index.ets:144","","6.0.0(20)","declare type SwipeActionCallback = () => void"
"declare type SwipeActionCallback = () => void","新增API","harmonyos_api_changes/HarmonyOS_6.0.0(20)_Beta1.json","declare","",".type(ButtonType.Capsule)","ArkTS","entry\src\main\ets\pages\Index.ets:151","declare type SwipeActionCallback = () => void@entry\src\main\ets\pages\Index.ets:151","","6.0.0(20)","declare type SwipeActionCallback = () => void"
"declare type SwipeActionCallback = () => void","新增API","harmonyos_api_changes/HarmonyOS_6.0.0(20)_Beta1.json","declare","",".type(ButtonType.Capsule)","ArkTS","entry\src\main\ets\pages\Index.ets:157","declare type SwipeActionCallback = () => void@entry\src\main\ets\pages\Index.ets:157","","6.0.0(20)","declare type SwipeActionCallback = () => void"
"declare type SystemUiMaterial = import('../api/@ohos.arkui.uiMaterial').default.Material","新增API","harmonyos_api_changes/HarmonyOS_26.0.0_Beta1.json","declare","",".type(ButtonType.Capsule)","ArkTS","entry\src\main\ets\pages\EditSimplePage.ets:146","declare type SystemUiMaterial = import('../api/@ohos.arkui.uiMaterial').default.Material@entry\src\main\ets\pages\EditSimplePage.ets:146","","26.0.0 Beta2","declare type SystemUiMaterial = import('../api/@ohos.arkui.uiMaterial').default.Material"
"declare type SystemUiMaterial = import('../api/@ohos.arkui.uiMaterial').default.Material","新增API","harmonyos_api_changes/HarmonyOS_26.0.0_Beta1.json","declare","",".type(ButtonType.Capsule)","ArkTS","entry\src\main\ets\pages\Index.ets:144","declare type SystemUiMaterial = import('../api/@ohos.arkui.uiMaterial').default.Material@entry\src\main\ets\pages\Index.ets:144","","26.0.0 Beta2","declare type SystemUiMaterial = import('../api/@ohos.arkui.uiMaterial').default.Material"
"declare type SystemUiMaterial = import('../api/@ohos.arkui.uiMaterial').default.Material","新增API","harmonyos_api_changes/HarmonyOS_26.0.0_Beta1.json","declare","",".type(ButtonType.Capsule)","ArkTS","entry\src\main\ets\pages\Index.ets:151","declare type SystemUiMaterial = import('../api/@ohos.arkui.uiMaterial').default.Material@entry\src\main\ets\pages\Index.ets:151","","26.0.0 Beta2","declare type SystemUiMaterial = import('../api/@ohos.arkui.uiMaterial').default.Material"
"declare type SystemUiMaterial = import('../api/@ohos.arkui.uiMaterial').default.Material","新增API","harmonyos_api_changes/HarmonyOS_26.0.0_Beta1.json","declare","",".type(ButtonType.Capsule)","ArkTS","entry\src\main\ets\pages\Index.ets:157","declare type SystemUiMaterial = import('../api/@ohos.arkui.uiMaterial').default.Material@entry\src\main\ets\pages\Index.ets:157","","26.0.0 Beta2","declare type SystemUiMaterial = import('../api/@ohos.arkui.uiMaterial').default.Material"
"declare type TabsCustomContentTransitionCallback = (from: number, to: number) => TabContentAnimatedTransition | undefined","新增API","harmonyos_api_changes/HarmonyOS_5.1.0(18).json","declare","",".type(ButtonType.Capsule)","ArkTS","entry\src\main\ets\pages\EditSimplePage.ets:146","declare type TabsCustomContentTransitionCallback = (from: number, to: number) => TabContentAnimatedTransition | undefined@entry\src\main\ets\pages\EditSimplePage.ets:146","","5.1.0(18)","declare type TabsCustomContentTransitionCallback = (from: number, to: number) => TabContentAnimatedTransition | undefined"
"declare type TabsCustomContentTransitionCallback = (from: number, to: number) => TabContentAnimatedTransition | undefined","新增API","harmonyos_api_changes/HarmonyOS_5.1.0(18).json","declare","",".type(ButtonType.Capsule)","ArkTS","entry\src\main\ets\pages\Index.ets:144","declare type TabsCustomContentTransitionCallback = (from: number, to: number) => TabContentAnimatedTransition | undefined@entry\src\main\ets\pages\Index.ets:144","","5.1.0(18)","declare type TabsCustomContentTransitionCallback = (from: number, to: number) => TabContentAnimatedTransition | undefined"
"declare type TabsCustomContentTransitionCallback = (from: number, to: number) => TabContentAnimatedTransition | undefined","新增API","harmonyos_api_changes/HarmonyOS_5.1.0(18).json","declare","",".type(ButtonType.Capsule)","ArkTS","entry\src\main\ets\pages\Index.ets:151","declare type TabsCustomContentTransitionCallback = (from: number, to: number) => TabContentAnimatedTransition | undefined@entry\src\main\ets\pages\Index.ets:151","","5.1.0(18)","declare type TabsCustomContentTransitionCallback = (from: number, to: number) => TabContentAnimatedTransition | undefined"
"declare type TabsCustomContentTransitionCallback = (from: number, to: number) => TabContentAnimatedTransition | undefined","新增API","harmonyos_api_changes/HarmonyOS_5.1.0(18).json","declare","",".type(ButtonType.Capsule)","ArkTS","entry\src\main\ets\pages\Index.ets:157","declare type TabsCustomContentTransitionCallback = (from: number, to: number) => TabContentAnimatedTransition | undefined@entry\src\main\ets\pages\Index.ets:157","","5.1.0(18)","declare type TabsCustomContentTransitionCallback = (from: number, to: number) => TabContentAnimatedTransition | undefined"
"declare type TaskCallback = () => T","新增API","harmonyos_api_changes/HarmonyOS_6.0.2(22).json","declare","",".type(ButtonType.Capsule)","ArkTS","entry\src\main\ets\pages\EditSimplePage.ets:146","declare type TaskCallback = () => T@entry\src\main\ets\pages\EditSimplePage.ets:146","","6.0.2(22)","declare type TaskCallback = () => T"
"declare type TaskCallback = () => T","新增API","harmonyos_api_changes/HarmonyOS_6.0.2(22).json","declare","",".type(ButtonType.Capsule)","ArkTS","entry\src\main\ets\pages\Index.ets:144","declare type TaskCallback = () => T@entry\src\main\ets\pages\Index.ets:144","","6.0.2(22)","declare type TaskCallback = () => T"
"declare type TaskCallback = () => T","新增API","harmonyos_api_changes/HarmonyOS_6.0.2(22).json","declare","",".type(ButtonType.Capsule)","ArkTS","entry\src\main\ets\pages\Index.ets:151","declare type TaskCallback = () => T@entry\src\main\ets\pages\Index.ets:151","","6.0.2(22)","declare type TaskCallback = () => T"
"declare type TaskCallback = () => T","新增API","harmonyos_api_changes/HarmonyOS_6.0.2(22).json","declare","",".type(ButtonType.Capsule)","ArkTS","entry\src\main\ets\pages\Index.ets:157","declare type TaskCallback = () => T@entry\src\main\ets\pages\Index.ets:157","","6.0.2(22)","declare type TaskCallback = () => T"
"declare type TextAreaSubmitCallback = (enterKeyType: EnterKeyType, event?: SubmitEvent) => void","新增API","harmonyos_api_changes/HarmonyOS_5.0.2(14).json","declare","",".type(ButtonType.Capsule)","ArkTS","entry\src\main\ets\pages\EditSimplePage.ets:146","declare type TextAreaSubmitCallback = (enterKeyType: EnterKeyType, event?: SubmitEvent) => void@entry\src\main\ets\pages\EditSimplePage.ets:146","","5.0.2(14)","declare type TextAreaSubmitCallback = (enterKeyType: EnterKeyType, event?: SubmitEvent) => void"
"declare type TextAreaSubmitCallback = (enterKeyType: EnterKeyType, event?: SubmitEvent) => void","新增API","harmonyos_api_changes/HarmonyOS_5.0.2(14).json","declare","",".type(ButtonType.Capsule)","ArkTS","entry\src\main\ets\pages\Index.ets:144","declare type TextAreaSubmitCallback = (enterKeyType: EnterKeyType, event?: SubmitEvent) => void@entry\src\main\ets\pages\Index.ets:144","","5.0.2(14)","declare type TextAreaSubmitCallback = (enterKeyType: EnterKeyType, event?: SubmitEvent) => void"
"declare type TextAreaSubmitCallback = (enterKeyType: EnterKeyType, event?: SubmitEvent) => void","新增API","harmonyos_api_changes/HarmonyOS_5.0.2(14).json","declare","",".type(ButtonType.Capsule)","ArkTS","entry\src\main\ets\pages\Index.ets:151","declare type TextAreaSubmitCallback = (enterKeyType: EnterKeyType, event?: SubmitEvent) => void@entry\src\main\ets\pages\Index.ets:151","","5.0.2(14)","declare type TextAreaSubmitCallback = (enterKeyType: EnterKeyType, event?: SubmitEvent) => void"
"declare type TextAreaSubmitCallback = (enterKeyType: EnterKeyType, event?: SubmitEvent) => void","新增API","harmonyos_api_changes/HarmonyOS_5.0.2(14).json","declare","",".type(ButtonType.Capsule)","ArkTS","entry\src\main\ets\pages\Index.ets:157","declare type TextAreaSubmitCallback = (enterKeyType: EnterKeyType, event?: SubmitEvent) => void@entry\src\main\ets\pages\Index.ets:157","","5.0.2(14)","declare type TextAreaSubmitCallback = (enterKeyType: EnterKeyType, event?: SubmitEvent) => void"
"declare type TextBox = import('../api/@ohos.graphics.text').default.TextBox","新增API","harmonyos_api_changes/HarmonyOS_5.0.2(14).json","declare","",".type(ButtonType.Capsule)","ArkTS","entry\src\main\ets\pages\EditSimplePage.ets:146","declare type TextBox = import('../api/@ohos.graphics.text').default.TextBox@entry\src\main\ets\pages\EditSimplePage.ets:146","","5.0.2(14)","declare type TextBox = import('../api/@ohos.graphics.text').default.TextBox"
"declare type TextBox = import('../api/@ohos.graphics.text').default.TextBox","新增API","harmonyos_api_changes/HarmonyOS_5.0.2(14).json","declare","",".type(ButtonType.Capsule)","ArkTS","entry\src\main\ets\pages\Index.ets:144","declare type TextBox = import('../api/@ohos.graphics.text').default.TextBox@entry\src\main\ets\pages\Index.ets:144","","5.0.2(14)","declare type TextBox = import('../api/@ohos.graphics.text').default.TextBox"
"declare type TextBox = import('../api/@ohos.graphics.text').default.TextBox","新增API","harmonyos_api_changes/HarmonyOS_5.0.2(14).json","declare","",".type(ButtonType.Capsule)","ArkTS","entry\src\main\ets\pages\Index.ets:151","declare type TextBox = import('../api/@ohos.graphics.text').default.TextBox@entry\src\main\ets\pages\Index.ets:151","","5.0.2(14)","declare type TextBox = import('../api/@ohos.graphics.text').default.TextBox"
"declare type TextBox = import('../api/@ohos.graphics.text').default.TextBox","新增API","harmonyos_api_changes/HarmonyOS_5.0.2(14).json","declare","",".type(ButtonType.Capsule)","ArkTS","entry\src\main\ets\pages\Index.ets:157","declare type TextBox = import('../api/@ohos.graphics.text').default.TextBox@entry\src\main\ets\pages\Index.ets:157","","5.0.2(14)","declare type TextBox = import('../api/@ohos.graphics.text').default.TextBox"
"declare type TextPickerEnterSelectedAreaCallback = (value: string | string\[\], index: number | number\[\]) => void","新增API","harmonyos_api_changes/HarmonyOS_5.1.0(18).json","declare","",".type(ButtonType.Capsule)","ArkTS","entry\src\main\ets\pages\EditSimplePage.ets:146","declare type TextPickerEnterSelectedAreaCallback = (value: string | string\[\], index: number | number\[\]) => void@entry\src\main\ets\pages\EditSimplePage.ets:146","","5.1.0(18)","declare type TextPickerEnterSelectedAreaCallback = (value: string | string\[\], index: number | number\[\]) => void"
"declare type TextPickerEnterSelectedAreaCallback = (value: string | string\[\], index: number | number\[\]) => void","新增API","harmonyos_api_changes/HarmonyOS_5.1.0(18).json","declare","",".type(ButtonType.Capsule)","ArkTS","entry\src\main\ets\pages\Index.ets:144","declare type TextPickerEnterSelectedAreaCallback = (value: string | string\[\], index: number | number\[\]) => void@entry\src\main\ets\pages\Index.ets:144","","5.1.0(18)","declare type TextPickerEnterSelectedAreaCallback = (value: string | string\[\], index: number | number\[\]) => void"
"declare type TextPickerEnterSelectedAreaCallback = (value: string | string\[\], index: number | number\[\]) => void","新增API","harmonyos_api_changes/HarmonyOS_5.1.0(18).json","declare","",".type(ButtonType.Capsule)","ArkTS","entry\src\main\ets\pages\Index.ets:151","declare type TextPickerEnterSelectedAreaCallback = (value: string | string\[\], index: number | number\[\]) => void@entry\src\main\ets\pages\Index.ets:151","","5.1.0(18)","declare type TextPickerEnterSelectedAreaCallback = (value: string | string\[\], index: number | number\[\]) => void"
"declare type TextPickerEnterSelectedAreaCallback = (value: string | string\[\], index: number | number\[\]) => void","新增API","harmonyos_api_changes/HarmonyOS_5.1.0(18).json","declare","",".type(ButtonType.Capsule)","ArkTS","entry\src\main\ets\pages\Index.ets:157","declare type TextPickerEnterSelectedAreaCallback = (value: string | string\[\], index: number | number\[\]) => void@entry\src\main\ets\pages\Index.ets:157","","5.1.0(18)","declare type TextPickerEnterSelectedAreaCallback = (value: string | string\[\], index: number | number\[\]) => void"
"declare type TextPickerScrollStopCallback = (value: string | string\[\], index: number | number\[\]) => void","新增API","harmonyos_api_changes/HarmonyOS_5.0.2(14).json","declare","",".type(ButtonType.Capsule)","ArkTS","entry\src\main\ets\pages\EditSimplePage.ets:146","declare type TextPickerScrollStopCallback = (value: string | string\[\], index: number | number\[\]) => void@entry\src\main\ets\pages\EditSimplePage.ets:146","","5.0.2(14)","declare type TextPickerScrollStopCallback = (value: string | string\[\], index: number | number\[\]) => void"
"declare type TextPickerScrollStopCallback = (value: string | string\[\], index: number | number\[\]) => void","新增API","harmonyos_api_changes/HarmonyOS_5.0.2(14).json","declare","",".type(ButtonType.Capsule)","ArkTS","entry\src\main\ets\pages\Index.ets:144","declare type TextPickerScrollStopCallback = (value: string | string\[\], index: number | number\[\]) => void@entry\src\main\ets\pages\Index.ets:144","","5.0.2(14)","declare type TextPickerScrollStopCallback = (value: string | string\[\], index: number | number\[\]) => void"
"declare type TextPickerScrollStopCallback = (value: string | string\[\], index: number | number\[\]) => void","新增API","harmonyos_api_changes/HarmonyOS_5.0.2(14).json","declare","",".type(ButtonType.Capsule)","ArkTS","entry\src\main\ets\pages\Index.ets:151","declare type TextPickerScrollStopCallback = (value: string | string\[\], index: number | number\[\]) => void@entry\src\main\ets\pages\Index.ets:151","","5.0.2(14)","declare type TextPickerScrollStopCallback = (value: string | string\[\], index: number | number\[\]) => void"
"declare type TextPickerScrollStopCallback = (value: string | string\[\], index: number | number\[\]) => void","新增API","harmonyos_api_changes/HarmonyOS_5.0.2(14).json","declare","",".type(ButtonType.Capsule)","ArkTS","entry\src\main\ets\pages\Index.ets:157","declare type TextPickerScrollStopCallback = (value: string | string\[\], index: number | number\[\]) => void@entry\src\main\ets\pages\Index.ets:157","","5.0.2(14)","declare type TextPickerScrollStopCallback = (value: string | string\[\], index: number | number\[\]) => void"
"declare type TouchTestDoneCallback = (event: BaseGestureEvent, recognizers: Array<GestureRecognizer>) => void","新增API","harmonyos_api_changes/HarmonyOS_6.0.0(20)_Beta2.json","declare","",".type(ButtonType.Capsule)","ArkTS","entry\src\main\ets\pages\EditSimplePage.ets:146","declare type TouchTestDoneCallback = (event: BaseGestureEvent, recognizers: Array<GestureRecognizer>) => void@entry\src\main\ets\pages\EditSimplePage.ets:146","","6.0.0(20)","declare type TouchTestDoneCallback = (event: BaseGestureEvent, recognizers: Array<GestureRecognizer>) => void"
"declare type TouchTestDoneCallback = (event: BaseGestureEvent, recognizers: Array<GestureRecognizer>) => void","新增API","harmonyos_api_changes/HarmonyOS_6.0.0(20)_Beta2.json","declare","",".type(ButtonType.Capsule)","ArkTS","entry\src\main\ets\pages\Index.ets:144","declare type TouchTestDoneCallback = (event: BaseGestureEvent, recognizers: Array<GestureRecognizer>) => void@entry\src\main\ets\pages\Index.ets:144","","6.0.0(20)","declare type TouchTestDoneCallback = (event: BaseGestureEvent, recognizers: Array<GestureRecognizer>) => void"
"declare type TouchTestDoneCallback = (event: BaseGestureEvent, recognizers: Array<GestureRecognizer>) => void","新增API","harmonyos_api_changes/HarmonyOS_6.0.0(20)_Beta2.json","declare","",".type(ButtonType.Capsule)","ArkTS","entry\src\main\ets\pages\Index.ets:151","declare type TouchTestDoneCallback = (event: BaseGestureEvent, recognizers: Array<GestureRecognizer>) => void@entry\src\main\ets\pages\Index.ets:151","","6.0.0(20)","declare type TouchTestDoneCallback = (event: BaseGestureEvent, recognizers: Array<GestureRecognizer>) => void"
"declare type TouchTestDoneCallback = (event: BaseGestureEvent, recognizers: Array<GestureRecognizer>) => void","新增API","harmonyos_api_changes/HarmonyOS_6.0.0(20)_Beta2.json","declare","",".type(ButtonType.Capsule)","ArkTS","entry\src\main\ets\pages\Index.ets:157","declare type TouchTestDoneCallback = (event: BaseGestureEvent, recognizers: Array<GestureRecognizer>) => void@entry\src\main\ets\pages\Index.ets:157","","6.0.0(20)","declare type TouchTestDoneCallback = (event: BaseGestureEvent, recognizers: Array<GestureRecognizer>) => void"
"declare type UIMaterial = import('../api/@ohos.arkui.uiMaterial').uiMaterial","新增API","harmonyos_api_changes/HarmonyOS_26.0.0_Beta1.json","declare","",".type(ButtonType.Capsule)","ArkTS","entry\src\main\ets\pages\EditSimplePage.ets:146","declare type UIMaterial = import('../api/@ohos.arkui.uiMaterial').uiMaterial@entry\src\main\ets\pages\EditSimplePage.ets:146","","26.0.0 Beta2","declare type UIMaterial = import('../api/@ohos.arkui.uiMaterial').uiMaterial"
"declare type UIMaterial = import('../api/@ohos.arkui.uiMaterial').uiMaterial","新增API","harmonyos_api_changes/HarmonyOS_26.0.0_Beta1.json","declare","",".type(ButtonType.Capsule)","ArkTS","entry\src\main\ets\pages\Index.ets:144","declare type UIMaterial = import('../api/@ohos.arkui.uiMaterial').uiMaterial@entry\src\main\ets\pages\Index.ets:144","","26.0.0 Beta2","declare type UIMaterial = import('../api/@ohos.arkui.uiMaterial').uiMaterial"
"declare type UIMaterial = import('../api/@ohos.arkui.uiMaterial').uiMaterial","新增API","harmonyos_api_changes/HarmonyOS_26.0.0_Beta1.json","declare","",".type(ButtonType.Capsule)","ArkTS","entry\src\main\ets\pages\Index.ets:151","declare type UIMaterial = import('../api/@ohos.arkui.uiMaterial').uiMaterial@entry\src\main\ets\pages\Index.ets:151","","26.0.0 Beta2","declare type UIMaterial = import('../api/@ohos.arkui.uiMaterial').uiMaterial"
"declare type UIMaterial = import('../api/@ohos.arkui.uiMaterial').uiMaterial","新增API","harmonyos_api_changes/HarmonyOS_26.0.0_Beta1.json","declare","",".type(ButtonType.Capsule)","ArkTS","entry\src\main\ets\pages\Index.ets:157","declare type UIMaterial = import('../api/@ohos.arkui.uiMaterial').uiMaterial@entry\src\main\ets\pages\Index.ets:157","","26.0.0 Beta2","declare type UIMaterial = import('../api/@ohos.arkui.uiMaterial').uiMaterial"
"declare type UIStatesChangeHandler = (node: FrameNode, currentUIStates: number) => void","新增API","harmonyos_api_changes/HarmonyOS_6.0.0(20)_Beta1.json","declare","",".type(ButtonType.Capsule)","ArkTS","entry\src\main\ets\pages\EditSimplePage.ets:146","declare type UIStatesChangeHandler = (node: FrameNode, currentUIStates: number) => void@entry\src\main\ets\pages\EditSimplePage.ets:146","","6.0.0(20)","declare type UIStatesChangeHandler = (node: FrameNode, currentUIStates: number) => void"
"declare type UIStatesChangeHandler = (node: FrameNode, currentUIStates: number) => void","新增API","harmonyos_api_changes/HarmonyOS_6.0.0(20)_Beta1.json","declare","",".type(ButtonType.Capsule)","ArkTS","entry\src\main\ets\pages\Index.ets:144","declare type UIStatesChangeHandler = (node: FrameNode, currentUIStates: number) => void@entry\src\main\ets\pages\Index.ets:144","","6.0.0(20)","declare type UIStatesChangeHandler = (node: FrameNode, currentUIStates: number) => void"
"declare type UIStatesChangeHandler = (node: FrameNode, currentUIStates: number) => void","新增API","harmonyos_api_changes/HarmonyOS_6.0.0(20)_Beta1.json","declare","",".type(ButtonType.Capsule)","ArkTS","entry\src\main\ets\pages\Index.ets:151","declare type UIStatesChangeHandler = (node: FrameNode, currentUIStates: number) => void@entry\src\main\ets\pages\Index.ets:151","","6.0.0(20)","declare type UIStatesChangeHandler = (node: FrameNode, currentUIStates: number) => void"
"declare type UIStatesChangeHandler = (node: FrameNode, currentUIStates: number) => void","新增API","harmonyos_api_changes/HarmonyOS_6.0.0(20)_Beta1.json","declare","",".type(ButtonType.Capsule)","ArkTS","entry\src\main\ets\pages\Index.ets:157","declare type UIStatesChangeHandler = (node: FrameNode, currentUIStates: number) => void@entry\src\main\ets\pages\Index.ets:157","","6.0.0(20)","declare type UIStatesChangeHandler = (node: FrameNode, currentUIStates: number) => void"
"declare type Vector2T<T> = import('../api/arkui/Graphics').Vector2T<T>","新增API","harmonyos_api_changes/HarmonyOS_6.0.2(22).json","declare","",".type(ButtonType.Capsule)","ArkTS","entry\src\main\ets\pages\EditSimplePage.ets:146","declare type Vector2T<T> = import('../api/arkui/Graphics').Vector2T<T>@entry\src\main\ets\pages\EditSimplePage.ets:146","","6.0.2(22)","declare type Vector2T<T> = import('../api/arkui/Graphics').Vector2T<T>"
"declare type Vector2T<T> = import('../api/arkui/Graphics').Vector2T<T>","新增API","harmonyos_api_changes/HarmonyOS_6.0.2(22).json","declare","",".type(ButtonType.Capsule)","ArkTS","entry\src\main\ets\pages\Index.ets:144","declare type Vector2T<T> = import('../api/arkui/Graphics').Vector2T<T>@entry\src\main\ets\pages\Index.ets:144","","6.0.2(22)","declare type Vector2T<T> = import('../api/arkui/Graphics').Vector2T<T>"
"declare type Vector2T<T> = import('../api/arkui/Graphics').Vector2T<T>","新增API","harmonyos_api_changes/HarmonyOS_6.0.2(22).json","declare","",".type(ButtonType.Capsule)","ArkTS","entry\src\main\ets\pages\Index.ets:151","declare type Vector2T<T> = import('../api/arkui/Graphics').Vector2T<T>@entry\src\main\ets\pages\Index.ets:151","","6.0.2(22)","declare type Vector2T<T> = import('../api/arkui/Graphics').Vector2T<T>"
"declare type Vector2T<T> = import('../api/arkui/Graphics').Vector2T<T>","新增API","harmonyos_api_changes/HarmonyOS_6.0.2(22).json","declare","",".type(ButtonType.Capsule)","ArkTS","entry\src\main\ets\pages\Index.ets:157","declare type Vector2T<T> = import('../api/arkui/Graphics').Vector2T<T>@entry\src\main\ets\pages\Index.ets:157","","6.0.2(22)","declare type Vector2T<T> = import('../api/arkui/Graphics').Vector2T<T>"
"declare type VisibleAreaChangeCallback = (isVisible: boolean, currentRatio: number) => void","自定义类型变更","harmonyos_api_changes/HarmonyOS_5.0.1(13)_Beta3.json","declare","",".type(ButtonType.Capsule)","ArkTS","entry\src\main\ets\pages\EditSimplePage.ets:146","declare type VisibleAreaChangeCallback = (isVisible: boolean, currentRatio: number) => void@entry\src\main\ets\pages\EditSimplePage.ets:146","","5.0.1(13)","declare type VisibleAreaChangeCallback = (isVisible: boolean, currentRatio: number) => void"
"declare type VisibleAreaChangeCallback = (isVisible: boolean, currentRatio: number) => void","自定义类型变更","harmonyos_api_changes/HarmonyOS_5.0.1(13)_Beta3.json","declare","",".type(ButtonType.Capsule)","ArkTS","entry\src\main\ets\pages\Index.ets:144","declare type VisibleAreaChangeCallback = (isVisible: boolean, currentRatio: number) => void@entry\src\main\ets\pages\Index.ets:144","","5.0.1(13)","declare type VisibleAreaChangeCallback = (isVisible: boolean, currentRatio: number) => void"
"declare type VisibleAreaChangeCallback = (isVisible: boolean, currentRatio: number) => void","自定义类型变更","harmonyos_api_changes/HarmonyOS_5.0.1(13)_Beta3.json","declare","",".type(ButtonType.Capsule)","ArkTS","entry\src\main\ets\pages\Index.ets:151","declare type VisibleAreaChangeCallback = (isVisible: boolean, currentRatio: number) => void@entry\src\main\ets\pages\Index.ets:151","","5.0.1(13)","declare type VisibleAreaChangeCallback = (isVisible: boolean, currentRatio: number) => void"
"declare type VisibleAreaChangeCallback = (isVisible: boolean, currentRatio: number) => void","自定义类型变更","harmonyos_api_changes/HarmonyOS_5.0.1(13)_Beta3.json","declare","",".type(ButtonType.Capsule)","ArkTS","entry\src\main\ets\pages\Index.ets:157","declare type VisibleAreaChangeCallback = (isVisible: boolean, currentRatio: number) => void@entry\src\main\ets\pages\Index.ets:157","","5.0.1(13)","declare type VisibleAreaChangeCallback = (isVisible: boolean, currentRatio: number) => void"
"declare type WindowEventListener = (windowId: number, event: window.WindowEventType) => void","新增API","harmonyos_api_changes/HarmonyOS_26.0.0_Beta1.json","declare","",".type(ButtonType.Capsule)","ArkTS","entry\src\main\ets\pages\EditSimplePage.ets:146","declare type WindowEventListener = (windowId: number, event: window.WindowEventType) => void@entry\src\main\ets\pages\EditSimplePage.ets:146","","26.0.0 Beta2","declare type WindowEventListener = (windowId: number, event: window.WindowEventType) => void"
"declare type WindowEventListener = (windowId: number, event: window.WindowEventType) => void","新增API","harmonyos_api_changes/HarmonyOS_26.0.0_Beta1.json","declare","",".type(ButtonType.Capsule)","ArkTS","entry\src\main\ets\pages\Index.ets:144","declare type WindowEventListener = (windowId: number, event: window.WindowEventType) => void@entry\src\main\ets\pages\Index.ets:144","","26.0.0 Beta2","declare type WindowEventListener = (windowId: number, event: window.WindowEventType) => void"
"declare type WindowEventListener = (windowId: number, event: window.WindowEventType) => void","新增API","harmonyos_api_changes/HarmonyOS_26.0.0_Beta1.json","declare","",".type(ButtonType.Capsule)","ArkTS","entry\src\main\ets\pages\Index.ets:151","declare type WindowEventListener = (windowId: number, event: window.WindowEventType) => void@entry\src\main\ets\pages\Index.ets:151","","26.0.0 Beta2","declare type WindowEventListener = (windowId: number, event: window.WindowEventType) => void"
"declare type WindowEventListener = (windowId: number, event: window.WindowEventType) => void","新增API","harmonyos_api_changes/HarmonyOS_26.0.0_Beta1.json","declare","",".type(ButtonType.Capsule)","ArkTS","entry\src\main\ets\pages\Index.ets:157","declare type WindowEventListener = (windowId: number, event: window.WindowEventType) => void@entry\src\main\ets\pages\Index.ets:157","","26.0.0 Beta2","declare type WindowEventListener = (windowId: number, event: window.WindowEventType) => void"
"declare type WithThemeInterface = (options: WithThemeOptions) => WithThemeAttribute","接口行为变更","harmonyos_behavior_changes/HarmonyOS_26.0.0(26)_Beta1.json","declare","",".type(ButtonType.Capsule)","ArkTS","entry\src\main\ets\pages\EditSimplePage.ets:146","declare type WithThemeInterface = (options: WithThemeOptions) => WithThemeAttribute@entry\src\main\ets\pages\EditSimplePage.ets:146","","26.0.0(26)","declare type WithThemeInterface = (options: WithThemeOptions) => WithThemeAttribute"
"declare type WithThemeInterface = (options: WithThemeOptions) => WithThemeAttribute","接口行为变更","harmonyos_behavior_changes/HarmonyOS_26.0.0(26)_Beta1.json","declare","",".type(ButtonType.Capsule)","ArkTS","entry\src\main\ets\pages\Index.ets:144","declare type WithThemeInterface = (options: WithThemeOptions) => WithThemeAttribute@entry\src\main\ets\pages\Index.ets:144","","26.0.0(26)","declare type WithThemeInterface = (options: WithThemeOptions) => WithThemeAttribute"
"declare type WithThemeInterface = (options: WithThemeOptions) => WithThemeAttribute","接口行为变更","harmonyos_behavior_changes/HarmonyOS_26.0.0(26)_Beta1.json","declare","",".type(ButtonType.Capsule)","ArkTS","entry\src\main\ets\pages\Index.ets:151","declare type WithThemeInterface = (options: WithThemeOptions) => WithThemeAttribute@entry\src\main\ets\pages\Index.ets:151","","26.0.0(26)","declare type WithThemeInterface = (options: WithThemeOptions) => WithThemeAttribute"
"declare type WithThemeInterface = (options: WithThemeOptions) => WithThemeAttribute","接口行为变更","harmonyos_behavior_changes/HarmonyOS_26.0.0(26)_Beta1.json","declare","",".type(ButtonType.Capsule)","ArkTS","entry\src\main\ets\pages\Index.ets:157","declare type WithThemeInterface = (options: WithThemeOptions) => WithThemeAttribute@entry\src\main\ets\pages\Index.ets:157","","26.0.0(26)","declare type WithThemeInterface = (options: WithThemeOptions) => WithThemeAttribute"
"direction(direction: PlayMode): SimpleAnimatorOptions","新增API","harmonyos_api_changes/HarmonyOS_5.1.0(18).json","direction","","direction: this.options.direction ?? FlexDirection.Row,","ArkTS","ohos_library\src\main\ets\components\FlexTags.ets:170","direction(direction: PlayMode): SimpleAnimatorOptions@ohos_library\src\main\ets\components\FlexTags.ets:170","","5.1.0(18)","direction(direction: PlayMode): SimpleAnimatorOptions"
"enum ColorMode","API废弃版本变更","harmonyos_api_changes/HarmonyOS_6.0.0(20)_Beta1.json","ColorMode","","import { AbilityConstant, ConfigurationConstant, UIAbility, Want } from '@kit.AbilityKit';","ArkTS","entry\src\main\ets\entryability\EntryAbility.ets:1","enum ColorMode@entry\src\main\ets\entryability\EntryAbility.ets:1","","6.0.0(20)","enum ColorMode"
"enum ColorMode","API废弃版本变更","harmonyos_api_changes/HarmonyOS_6.0.0(20)_Beta1.json","ColorMode","","this.context.getApplicationContext().setColorMode(ConfigurationConstant.ColorMode.COLOR_MODE_NOT_SET);","ArkTS","entry\src\main\ets\entryability\EntryAbility.ets:10","enum ColorMode@entry\src\main\ets\entryability\EntryAbility.ets:10","this","6.0.0(20)","enum ColorMode"
"enum OutputType","新增API","harmonyos_api_changes/HarmonyOS_26.0.0_Beta2.json","OutputType","","hilog.error(DOMAIN, 'testTag', 'Failed to set colorMode. Cause: %{public}s', JSON.stringify(err));","ArkTS","entry\src\main\ets\entryability\EntryAbility.ets:12","enum OutputType@entry\src\main\ets\entryability\EntryAbility.ets:12","hilog","26.0.0 Beta2","enum OutputType"
"enum OutputType","新增API","harmonyos_api_changes/HarmonyOS_26.0.0_Beta2.json","OutputType","","hilog.info(DOMAIN, 'testTag', '%{public}s', 'Ability onCreate');","ArkTS","entry\src\main\ets\entryability\EntryAbility.ets:14","enum OutputType@entry\src\main\ets\entryability\EntryAbility.ets:14","hilog","26.0.0 Beta2","enum OutputType"
"enum OutputType","新增API","harmonyos_api_changes/HarmonyOS_26.0.0_Beta2.json","OutputType","","hilog.info(DOMAIN, 'testTag', '%{public}s', 'Ability onDestroy');","ArkTS","entry\src\main\ets\entryability\EntryAbility.ets:18","enum OutputType@entry\src\main\ets\entryability\EntryAbility.ets:18","hilog","26.0.0 Beta2","enum OutputType"
"enum OutputType","新增API","harmonyos_api_changes/HarmonyOS_26.0.0_Beta2.json","OutputType","","hilog.info(DOMAIN, 'testTag', '%{public}s', 'Ability onWindowStageCreate');","ArkTS","entry\src\main\ets\entryability\EntryAbility.ets:23","enum OutputType@entry\src\main\ets\entryability\EntryAbility.ets:23","hilog","26.0.0 Beta2","enum OutputType"
"enum OutputType","新增API","harmonyos_api_changes/HarmonyOS_26.0.0_Beta2.json","OutputType","","hilog.error(DOMAIN, 'testTag', 'Failed to load the content. Cause: %{public}s', JSON.stringify(err));","ArkTS","entry\src\main\ets\entryability\EntryAbility.ets:27","enum OutputType@entry\src\main\ets\entryability\EntryAbility.ets:27","hilog","26.0.0 Beta2","enum OutputType"
"enum OutputType","新增API","harmonyos_api_changes/HarmonyOS_26.0.0_Beta2.json","OutputType","","hilog.info(DOMAIN, 'testTag', 'Succeeded in loading the content.');","ArkTS","entry\src\main\ets\entryability\EntryAbility.ets:30","enum OutputType@entry\src\main\ets\entryability\EntryAbility.ets:30","hilog","26.0.0 Beta2","enum OutputType"
"enum OutputType","新增API","harmonyos_api_changes/HarmonyOS_26.0.0_Beta2.json","OutputType","","hilog.info(DOMAIN, 'testTag', '%{public}s', 'Ability onWindowStageDestroy');","ArkTS","entry\src\main\ets\entryability\EntryAbility.ets:36","enum OutputType@entry\src\main\ets\entryability\EntryAbility.ets:36","hilog","26.0.0 Beta2","enum OutputType"
"enum OutputType","新增API","harmonyos_api_changes/HarmonyOS_26.0.0_Beta2.json","OutputType","","hilog.info(DOMAIN, 'testTag', '%{public}s', 'Ability onForeground');","ArkTS","entry\src\main\ets\entryability\EntryAbility.ets:41","enum OutputType@entry\src\main\ets\entryability\EntryAbility.ets:41","hilog","26.0.0 Beta2","enum OutputType"
"enum OutputType","新增API","harmonyos_api_changes/HarmonyOS_26.0.0_Beta2.json","OutputType","","hilog.info(DOMAIN, 'testTag', '%{public}s', 'Ability onBackground');","ArkTS","entry\src\main\ets\entryability\EntryAbility.ets:46","enum OutputType@entry\src\main\ets\entryability\EntryAbility.ets:46","hilog","26.0.0 Beta2","enum OutputType"
"enum OutputType","新增API","harmonyos_api_changes/HarmonyOS_26.0.0_Beta2.json","OutputType","","hilog.info(DOMAIN, 'testTag', 'onRestore ok %{public}s', JSON.stringify(bundleVersion));","ArkTS","entry\src\main\ets\entrybackupability\EntryBackupAbility.ets:13","enum OutputType@entry\src\main\ets\entrybackupability\EntryBackupAbility.ets:13","hilog","26.0.0 Beta2","enum OutputType"
"enum OutputType","新增API","harmonyos_api_changes/HarmonyOS_26.0.0_Beta2.json","OutputType","","hilog.info(DOMAIN, 'testTag', 'onBackup ok');","ArkTS","entry\src\main\ets\entrybackupability\EntryBackupAbility.ets:8","enum OutputType@entry\src\main\ets\entrybackupability\EntryBackupAbility.ets:8","hilog","26.0.0 Beta2","enum OutputType"
"enum PreferStrategy","新增API","harmonyos_api_changes/HarmonyOS_6.0.1(21)_Beta1.json","PreferStrategy","","hilog.error(DOMAIN, 'testTag', 'Failed to set colorMode. Cause: %{public}s', JSON.stringify(err));","ArkTS","entry\src\main\ets\entryability\EntryAbility.ets:12","enum PreferStrategy@entry\src\main\ets\entryability\EntryAbility.ets:12","hilog","6.0.1(21)","enum PreferStrategy"
"enum PreferStrategy","新增API","harmonyos_api_changes/HarmonyOS_6.0.1(21)_Beta1.json","PreferStrategy","","hilog.info(DOMAIN, 'testTag', '%{public}s', 'Ability onCreate');","ArkTS","entry\src\main\ets\entryability\EntryAbility.ets:14","enum PreferStrategy@entry\src\main\ets\entryability\EntryAbility.ets:14","hilog","6.0.1(21)","enum PreferStrategy"
"enum PreferStrategy","新增API","harmonyos_api_changes/HarmonyOS_6.0.1(21)_Beta1.json","PreferStrategy","","hilog.info(DOMAIN, 'testTag', '%{public}s', 'Ability onDestroy');","ArkTS","entry\src\main\ets\entryability\EntryAbility.ets:18","enum PreferStrategy@entry\src\main\ets\entryability\EntryAbility.ets:18","hilog","6.0.1(21)","enum PreferStrategy"
"enum PreferStrategy","新增API","harmonyos_api_changes/HarmonyOS_6.0.1(21)_Beta1.json","PreferStrategy","","hilog.info(DOMAIN, 'testTag', '%{public}s', 'Ability onWindowStageCreate');","ArkTS","entry\src\main\ets\entryability\EntryAbility.ets:23","enum PreferStrategy@entry\src\main\ets\entryability\EntryAbility.ets:23","hilog","6.0.1(21)","enum PreferStrategy"
"enum PreferStrategy","新增API","harmonyos_api_changes/HarmonyOS_6.0.1(21)_Beta1.json","PreferStrategy","","hilog.error(DOMAIN, 'testTag', 'Failed to load the content. Cause: %{public}s', JSON.stringify(err));","ArkTS","entry\src\main\ets\entryability\EntryAbility.ets:27","enum PreferStrategy@entry\src\main\ets\entryability\EntryAbility.ets:27","hilog","6.0.1(21)","enum PreferStrategy"
"enum PreferStrategy","新增API","harmonyos_api_changes/HarmonyOS_6.0.1(21)_Beta1.json","PreferStrategy","","hilog.info(DOMAIN, 'testTag', 'Succeeded in loading the content.');","ArkTS","entry\src\main\ets\entryability\EntryAbility.ets:30","enum PreferStrategy@entry\src\main\ets\entryability\EntryAbility.ets:30","hilog","6.0.1(21)","enum PreferStrategy"
"enum PreferStrategy","新增API","harmonyos_api_changes/HarmonyOS_6.0.1(21)_Beta1.json","PreferStrategy","","hilog.info(DOMAIN, 'testTag', '%{public}s', 'Ability onWindowStageDestroy');","ArkTS","entry\src\main\ets\entryability\EntryAbility.ets:36","enum PreferStrategy@entry\src\main\ets\entryability\EntryAbility.ets:36","hilog","6.0.1(21)","enum PreferStrategy"
"enum PreferStrategy","新增API","harmonyos_api_changes/HarmonyOS_6.0.1(21)_Beta1.json","PreferStrategy","","hilog.info(DOMAIN, 'testTag', '%{public}s', 'Ability onForeground');","ArkTS","entry\src\main\ets\entryability\EntryAbility.ets:41","enum PreferStrategy@entry\src\main\ets\entryability\EntryAbility.ets:41","hilog","6.0.1(21)","enum PreferStrategy"
"enum PreferStrategy","新增API","harmonyos_api_changes/HarmonyOS_6.0.1(21)_Beta1.json","PreferStrategy","","hilog.info(DOMAIN, 'testTag', '%{public}s', 'Ability onBackground');","ArkTS","entry\src\main\ets\entryability\EntryAbility.ets:46","enum PreferStrategy@entry\src\main\ets\entryability\EntryAbility.ets:46","hilog","6.0.1(21)","enum PreferStrategy"
"enum PreferStrategy","新增API","harmonyos_api_changes/HarmonyOS_6.0.1(21)_Beta1.json","PreferStrategy","","hilog.info(DOMAIN, 'testTag', 'onRestore ok %{public}s', JSON.stringify(bundleVersion));","ArkTS","entry\src\main\ets\entrybackupability\EntryBackupAbility.ets:13","enum PreferStrategy@entry\src\main\ets\entrybackupability\EntryBackupAbility.ets:13","hilog","6.0.1(21)","enum PreferStrategy"
"enum PreferStrategy","新增API","harmonyos_api_changes/HarmonyOS_6.0.1(21)_Beta1.json","PreferStrategy","","hilog.info(DOMAIN, 'testTag', 'onBackup ok');","ArkTS","entry\src\main\ets\entrybackupability\EntryBackupAbility.ets:8","enum PreferStrategy@entry\src\main\ets\entrybackupability\EntryBackupAbility.ets:8","hilog","6.0.1(21)","enum PreferStrategy"
"export function getApplicationContext(): ApplicationContext","新增API","harmonyos_api_changes/HarmonyOS_5.0.2(14).json","export","","this.context.getApplicationContext().setColorMode(ConfigurationConstant.ColorMode.COLOR_MODE_NOT_SET);","ArkTS","entry\src\main\ets\entryability\EntryAbility.ets:10","export function getApplicationContext(): ApplicationContext@entry\src\main\ets\entryability\EntryAbility.ets:10","this","5.0.2(14)","export function getApplicationContext(): ApplicationContext"
"export type ArrayListComparatorFn<T> = (firstValue: T, secondValue: T) => number","新增API","harmonyos_api_changes/HarmonyOS_6.1.0(23)_Beta1.json","export","",".type(ButtonType.Capsule)","ArkTS","entry\src\main\ets\pages\EditSimplePage.ets:146","export type ArrayListComparatorFn<T> = (firstValue: T, secondValue: T) => number@entry\src\main\ets\pages\EditSimplePage.ets:146","","6.1.0(23)","export type ArrayListComparatorFn<T> = (firstValue: T, secondValue: T) => number"
"export type ArrayListComparatorFn<T> = (firstValue: T, secondValue: T) => number","新增API","harmonyos_api_changes/HarmonyOS_6.1.0(23)_Beta1.json","export","",".type(ButtonType.Capsule)","ArkTS","entry\src\main\ets\pages\Index.ets:144","export type ArrayListComparatorFn<T> = (firstValue: T, secondValue: T) => number@entry\src\main\ets\pages\Index.ets:144","","6.1.0(23)","export type ArrayListComparatorFn<T> = (firstValue: T, secondValue: T) => number"
"export type ArrayListComparatorFn<T> = (firstValue: T, secondValue: T) => number","新增API","harmonyos_api_changes/HarmonyOS_6.1.0(23)_Beta1.json","export","",".type(ButtonType.Capsule)","ArkTS","entry\src\main\ets\pages\Index.ets:151","export type ArrayListComparatorFn<T> = (firstValue: T, secondValue: T) => number@entry\src\main\ets\pages\Index.ets:151","","6.1.0(23)","export type ArrayListComparatorFn<T> = (firstValue: T, secondValue: T) => number"
"export type ArrayListComparatorFn<T> = (firstValue: T, secondValue: T) => number","新增API","harmonyos_api_changes/HarmonyOS_6.1.0(23)_Beta1.json","export","",".type(ButtonType.Capsule)","ArkTS","entry\src\main\ets\pages\Index.ets:157","export type ArrayListComparatorFn<T> = (firstValue: T, secondValue: T) => number@entry\src\main\ets\pages\Index.ets:157","","6.1.0(23)","export type ArrayListComparatorFn<T> = (firstValue: T, secondValue: T) => number"
"export type ClickCallback = () => void","新增API","harmonyos_api_changes/HarmonyOS_5.1.0(18).json","export","",".type(ButtonType.Capsule)","ArkTS","entry\src\main\ets\pages\EditSimplePage.ets:146","export type ClickCallback = () => void@entry\src\main\ets\pages\EditSimplePage.ets:146","","5.1.0(18)","export type ClickCallback = () => void"
"export type ClickCallback = () => void","新增API","harmonyos_api_changes/HarmonyOS_5.1.0(18).json","export","",".type(ButtonType.Capsule)","ArkTS","entry\src\main\ets\pages\Index.ets:144","export type ClickCallback = () => void@entry\src\main\ets\pages\Index.ets:144","","5.1.0(18)","export type ClickCallback = () => void"
"export type ClickCallback = () => void","新增API","harmonyos_api_changes/HarmonyOS_5.1.0(18).json","export","",".type(ButtonType.Capsule)","ArkTS","entry\src\main\ets\pages\Index.ets:151","export type ClickCallback = () => void@entry\src\main\ets\pages\Index.ets:151","","5.1.0(18)","export type ClickCallback = () => void"
"export type ClickCallback = () => void","新增API","harmonyos_api_changes/HarmonyOS_5.1.0(18).json","export","",".type(ButtonType.Capsule)","ArkTS","entry\src\main\ets\pages\Index.ets:157","export type ClickCallback = () => void@entry\src\main\ets\pages\Index.ets:157","","5.1.0(18)","export type ClickCallback = () => void"
"export type ClientConnectionCloseCallback = (clientConnection: WebSocketConnection, closeReason: CloseResult) => void","新增API","harmonyos_api_changes/HarmonyOS_5.1.1(19)_Beta1.json","export","",".type(ButtonType.Capsule)","ArkTS","entry\src\main\ets\pages\EditSimplePage.ets:146","export type ClientConnectionCloseCallback = (clientConnection: WebSocketConnection, closeReason: CloseResult) => void@entry\src\main\ets\pages\EditSimplePage.ets:146","","5.1.1(19)","export type ClientConnectionCloseCallback = (clientConnection: WebSocketConnection, closeReason: CloseResult) => void"
"export type ClientConnectionCloseCallback = (clientConnection: WebSocketConnection, closeReason: CloseResult) => void","新增API","harmonyos_api_changes/HarmonyOS_5.1.1(19)_Beta1.json","export","",".type(ButtonType.Capsule)","ArkTS","entry\src\main\ets\pages\Index.ets:144","export type ClientConnectionCloseCallback = (clientConnection: WebSocketConnection, closeReason: CloseResult) => void@entry\src\main\ets\pages\Index.ets:144","","5.1.1(19)","export type ClientConnectionCloseCallback = (clientConnection: WebSocketConnection, closeReason: CloseResult) => void"
"export type ClientConnectionCloseCallback = (clientConnection: WebSocketConnection, closeReason: CloseResult) => void","新增API","harmonyos_api_changes/HarmonyOS_5.1.1(19)_Beta1.json","export","",".type(ButtonType.Capsule)","ArkTS","entry\src\main\ets\pages\Index.ets:151","export type ClientConnectionCloseCallback = (clientConnection: WebSocketConnection, closeReason: CloseResult) => void@entry\src\main\ets\pages\Index.ets:151","","5.1.1(19)","export type ClientConnectionCloseCallback = (clientConnection: WebSocketConnection, closeReason: CloseResult) => void"
"export type ClientConnectionCloseCallback = (clientConnection: WebSocketConnection, closeReason: CloseResult) => void","新增API","harmonyos_api_changes/HarmonyOS_5.1.1(19)_Beta1.json","export","",".type(ButtonType.Capsule)","ArkTS","entry\src\main\ets\pages\Index.ets:157","export type ClientConnectionCloseCallback = (clientConnection: WebSocketConnection, closeReason: CloseResult) => void@entry\src\main\ets\pages\Index.ets:157","","5.1.1(19)","export type ClientConnectionCloseCallback = (clientConnection: WebSocketConnection, closeReason: CloseResult) => void"
"export type ContentCoding = 'aes128gcm' | 'br' | 'compress' | 'deflate' | 'exi' | 'gzip' | 'pack200-gzip' | 'x-compress' | 'x-gzip' | 'zstd' | (string \& NonNullable<unknown>)","API模型切换","harmonyos_api_changes/HarmonyOS_6.1.0(23)_Beta1.json","export","",".type(ButtonType.Capsule)","ArkTS","entry\src\main\ets\pages\EditSimplePage.ets:146","export type ContentCoding = 'aes128gcm' | 'br' | 'compress' | 'deflate' | 'exi' | 'gzip' | 'pack200-gzip' | 'x-compress' | 'x-gzip' | 'zstd' | (string \& NonNullable<unknown>)@entry\src\main\ets\pages\EditSimplePage.ets:146","","6.1.0(23)","export type ContentCoding = 'aes128gcm' | 'br' | 'compress' | 'deflate' | 'exi' | 'gzip' | 'pack200-gzip' | 'x-compress' | 'x-gzip' | 'zstd' | (string \& NonNullable<unknown>)"
"export type ContentCoding = 'aes128gcm' | 'br' | 'compress' | 'deflate' | 'exi' | 'gzip' | 'pack200-gzip' | 'x-compress' | 'x-gzip' | 'zstd' | (string \& NonNullable<unknown>)","API模型切换","harmonyos_api_changes/HarmonyOS_6.1.0(23)_Beta1.json","export","",".type(ButtonType.Capsule)","ArkTS","entry\src\main\ets\pages\Index.ets:144","export type ContentCoding = 'aes128gcm' | 'br' | 'compress' | 'deflate' | 'exi' | 'gzip' | 'pack200-gzip' | 'x-compress' | 'x-gzip' | 'zstd' | (string \& NonNullable<unknown>)@entry\src\main\ets\pages\Index.ets:144","","6.1.0(23)","export type ContentCoding = 'aes128gcm' | 'br' | 'compress' | 'deflate' | 'exi' | 'gzip' | 'pack200-gzip' | 'x-compress' | 'x-gzip' | 'zstd' | (string \& NonNullable<unknown>)"
"export type ContentCoding = 'aes128gcm' | 'br' | 'compress' | 'deflate' | 'exi' | 'gzip' | 'pack200-gzip' | 'x-compress' | 'x-gzip' | 'zstd' | (string \& NonNullable<unknown>)","API模型切换","harmonyos_api_changes/HarmonyOS_6.1.0(23)_Beta1.json","export","",".type(ButtonType.Capsule)","ArkTS","entry\src\main\ets\pages\Index.ets:151","export type ContentCoding = 'aes128gcm' | 'br' | 'compress' | 'deflate' | 'exi' | 'gzip' | 'pack200-gzip' | 'x-compress' | 'x-gzip' | 'zstd' | (string \& NonNullable<unknown>)@entry\src\main\ets\pages\Index.ets:151","","6.1.0(23)","export type ContentCoding = 'aes128gcm' | 'br' | 'compress' | 'deflate' | 'exi' | 'gzip' | 'pack200-gzip' | 'x-compress' | 'x-gzip' | 'zstd' | (string \& NonNullable<unknown>)"
"export type ContentCoding = 'aes128gcm' | 'br' | 'compress' | 'deflate' | 'exi' | 'gzip' | 'pack200-gzip' | 'x-compress' | 'x-gzip' | 'zstd' | (string \& NonNullable<unknown>)","API模型切换","harmonyos_api_changes/HarmonyOS_6.1.0(23)_Beta1.json","export","",".type(ButtonType.Capsule)","ArkTS","entry\src\main\ets\pages\Index.ets:157","export type ContentCoding = 'aes128gcm' | 'br' | 'compress' | 'deflate' | 'exi' | 'gzip' | 'pack200-gzip' | 'x-compress' | 'x-gzip' | 'zstd' | (string \& NonNullable<unknown>)@entry\src\main\ets\pages\Index.ets:157","","6.1.0(23)","export type ContentCoding = 'aes128gcm' | 'br' | 'compress' | 'deflate' | 'exi' | 'gzip' | 'pack200-gzip' | 'x-compress' | 'x-gzip' | 'zstd' | (string \& NonNullable<unknown>)"
"export type ContentType = 'application/json' | 'text/plain' | 'multipart/form-data' | 'application/octet-stream' | 'application/x-www-form-urlencoded' | (string \& NonNullable<unknown>)","API模型切换","harmonyos_api_changes/HarmonyOS_6.1.0(23)_Beta1.json","export","",".type(ButtonType.Capsule)","ArkTS","entry\src\main\ets\pages\EditSimplePage.ets:146","export type ContentType = 'application/json' | 'text/plain' | 'multipart/form-data' | 'application/octet-stream' | 'application/x-www-form-urlencoded' | (string \& NonNullable<unknown>)@entry\src\main\ets\pages\EditSimplePage.ets:146","","6.1.0(23)","export type ContentType = 'application/json' | 'text/plain' | 'multipart/form-data' | 'application/octet-stream' | 'application/x-www-form-urlencoded' | (string \& NonNullable<unknown>)"
"export type ContentType = 'application/json' | 'text/plain' | 'multipart/form-data' | 'application/octet-stream' | 'application/x-www-form-urlencoded' | (string \& NonNullable<unknown>)","API模型切换","harmonyos_api_changes/HarmonyOS_6.1.0(23)_Beta1.json","export","",".type(ButtonType.Capsule)","ArkTS","entry\src\main\ets\pages\Index.ets:144","export type ContentType = 'application/json' | 'text/plain' | 'multipart/form-data' | 'application/octet-stream' | 'application/x-www-form-urlencoded' | (string \& NonNullable<unknown>)@entry\src\main\ets\pages\Index.ets:144","","6.1.0(23)","export type ContentType = 'application/json' | 'text/plain' | 'multipart/form-data' | 'application/octet-stream' | 'application/x-www-form-urlencoded' | (string \& NonNullable<unknown>)"
"export type ContentType = 'application/json' | 'text/plain' | 'multipart/form-data' | 'application/octet-stream' | 'application/x-www-form-urlencoded' | (string \& NonNullable<unknown>)","API模型切换","harmonyos_api_changes/HarmonyOS_6.1.0(23)_Beta1.json","export","",".type(ButtonType.Capsule)","ArkTS","entry\src\main\ets\pages\Index.ets:151","export type ContentType = 'application/json' | 'text/plain' | 'multipart/form-data' | 'application/octet-stream' | 'application/x-www-form-urlencoded' | (string \& NonNullable<unknown>)@entry\src\main\ets\pages\Index.ets:151","","6.1.0(23)","export type ContentType = 'application/json' | 'text/plain' | 'multipart/form-data' | 'application/octet-stream' | 'application/x-www-form-urlencoded' | (string \& NonNullable<unknown>)"
"export type ContentType = 'application/json' | 'text/plain' | 'multipart/form-data' | 'application/octet-stream' | 'application/x-www-form-urlencoded' | (string \& NonNullable<unknown>)","API模型切换","harmonyos_api_changes/HarmonyOS_6.1.0(23)_Beta1.json","export","",".type(ButtonType.Capsule)","ArkTS","entry\src\main\ets\pages\Index.ets:157","export type ContentType = 'application/json' | 'text/plain' | 'multipart/form-data' | 'application/octet-stream' | 'application/x-www-form-urlencoded' | (string \& NonNullable<unknown>)@entry\src\main\ets\pages\Index.ets:157","","6.1.0(23)","export type ContentType = 'application/json' | 'text/plain' | 'multipart/form-data' | 'application/octet-stream' | 'application/x-www-form-urlencoded' | (string \& NonNullable<unknown>)"
"export type CurrentAlbumDeletedCallback = () => void","新增API","harmonyos_api_changes/HarmonyOS_5.0.1(13)_Beta3.json","export","",".type(ButtonType.Capsule)","ArkTS","entry\src\main\ets\pages\EditSimplePage.ets:146","export type CurrentAlbumDeletedCallback = () => void@entry\src\main\ets\pages\EditSimplePage.ets:146","","5.0.1(13)","export type CurrentAlbumDeletedCallback = () => void"
"export type CurrentAlbumDeletedCallback = () => void","新增API","harmonyos_api_changes/HarmonyOS_5.0.1(13)_Beta3.json","export","",".type(ButtonType.Capsule)","ArkTS","entry\src\main\ets\pages\Index.ets:144","export type CurrentAlbumDeletedCallback = () => void@entry\src\main\ets\pages\Index.ets:144","","5.0.1(13)","export type CurrentAlbumDeletedCallback = () => void"
"export type CurrentAlbumDeletedCallback = () => void","新增API","harmonyos_api_changes/HarmonyOS_5.0.1(13)_Beta3.json","export","",".type(ButtonType.Capsule)","ArkTS","entry\src\main\ets\pages\Index.ets:151","export type CurrentAlbumDeletedCallback = () => void@entry\src\main\ets\pages\Index.ets:151","","5.0.1(13)","export type CurrentAlbumDeletedCallback = () => void"
"export type CurrentAlbumDeletedCallback = () => void","新增API","harmonyos_api_changes/HarmonyOS_5.0.1(13)_Beta3.json","export","",".type(ButtonType.Capsule)","ArkTS","entry\src\main\ets\pages\Index.ets:157","export type CurrentAlbumDeletedCallback = () => void@entry\src\main\ets\pages\Index.ets:157","","5.0.1(13)","export type CurrentAlbumDeletedCallback = () => void"
"export type DynamicDnsRule = (host: string, port: number) => IpAddress\[\]","API模型切换","harmonyos_api_changes/HarmonyOS_6.1.0(23)_Beta1.json","export","",".type(ButtonType.Capsule)","ArkTS","entry\src\main\ets\pages\EditSimplePage.ets:146","export type DynamicDnsRule = (host: string, port: number) => IpAddress\[\]@entry\src\main\ets\pages\EditSimplePage.ets:146","","6.1.0(23)","export type DynamicDnsRule = (host: string, port: number) => IpAddress\[\]"
"export type DynamicDnsRule = (host: string, port: number) => IpAddress\[\]","API模型切换","harmonyos_api_changes/HarmonyOS_6.1.0(23)_Beta1.json","export","",".type(ButtonType.Capsule)","ArkTS","entry\src\main\ets\pages\Index.ets:144","export type DynamicDnsRule = (host: string, port: number) => IpAddress\[\]@entry\src\main\ets\pages\Index.ets:144","","6.1.0(23)","export type DynamicDnsRule = (host: string, port: number) => IpAddress\[\]"
"export type DynamicDnsRule = (host: string, port: number) => IpAddress\[\]","API模型切换","harmonyos_api_changes/HarmonyOS_6.1.0(23)_Beta1.json","export","",".type(ButtonType.Capsule)","ArkTS","entry\src\main\ets\pages\Index.ets:151","export type DynamicDnsRule = (host: string, port: number) => IpAddress\[\]@entry\src\main\ets\pages\Index.ets:151","","6.1.0(23)","export type DynamicDnsRule = (host: string, port: number) => IpAddress\[\]"
"export type DynamicDnsRule = (host: string, port: number) => IpAddress\[\]","API模型切换","harmonyos_api_changes/HarmonyOS_6.1.0(23)_Beta1.json","export","",".type(ButtonType.Capsule)","ArkTS","entry\src\main\ets\pages\Index.ets:157","export type DynamicDnsRule = (host: string, port: number) => IpAddress\[\]@entry\src\main\ets\pages\Index.ets:157","","6.1.0(23)","export type DynamicDnsRule = (host: string, port: number) => IpAddress\[\]"
"export type DynamicExclusionRule = (url: URLOrString) => boolean","API模型切换","harmonyos_api_changes/HarmonyOS_6.1.0(23)_Beta1.json","export","",".type(ButtonType.Capsule)","ArkTS","entry\src\main\ets\pages\EditSimplePage.ets:146","export type DynamicExclusionRule = (url: URLOrString) => boolean@entry\src\main\ets\pages\EditSimplePage.ets:146","","6.1.0(23)","export type DynamicExclusionRule = (url: URLOrString) => boolean"
"export type DynamicExclusionRule = (url: URLOrString) => boolean","API模型切换","harmonyos_api_changes/HarmonyOS_6.1.0(23)_Beta1.json","export","",".type(ButtonType.Capsule)","ArkTS","entry\src\main\ets\pages\Index.ets:144","export type DynamicExclusionRule = (url: URLOrString) => boolean@entry\src\main\ets\pages\Index.ets:144","","6.1.0(23)","export type DynamicExclusionRule = (url: URLOrString) => boolean"
"export type DynamicExclusionRule = (url: URLOrString) => boolean","API模型切换","harmonyos_api_changes/HarmonyOS_6.1.0(23)_Beta1.json","export","",".type(ButtonType.Capsule)","ArkTS","entry\src\main\ets\pages\Index.ets:151","export type DynamicExclusionRule = (url: URLOrString) => boolean@entry\src\main\ets\pages\Index.ets:151","","6.1.0(23)","export type DynamicExclusionRule = (url: URLOrString) => boolean"
"export type DynamicExclusionRule = (url: URLOrString) => boolean","API模型切换","harmonyos_api_changes/HarmonyOS_6.1.0(23)_Beta1.json","export","",".type(ButtonType.Capsule)","ArkTS","entry\src\main\ets\pages\Index.ets:157","export type DynamicExclusionRule = (url: URLOrString) => boolean@entry\src\main\ets\pages\Index.ets:157","","6.1.0(23)","export type DynamicExclusionRule = (url: URLOrString) => boolean"
"export type EmptyAreaClickCallback = () => void","新增API","harmonyos_api_changes/HarmonyOS_5.0.1(13)_Beta3.json","export","",".type(ButtonType.Capsule)","ArkTS","entry\src\main\ets\pages\EditSimplePage.ets:146","export type EmptyAreaClickCallback = () => void@entry\src\main\ets\pages\EditSimplePage.ets:146","","5.0.1(13)","export type EmptyAreaClickCallback = () => void"
"export type EmptyAreaClickCallback = () => void","新增API","harmonyos_api_changes/HarmonyOS_5.0.1(13)_Beta3.json","export","",".type(ButtonType.Capsule)","ArkTS","entry\src\main\ets\pages\Index.ets:144","export type EmptyAreaClickCallback = () => void@entry\src\main\ets\pages\Index.ets:144","","5.0.1(13)","export type EmptyAreaClickCallback = () => void"
"export type EmptyAreaClickCallback = () => void","新增API","harmonyos_api_changes/HarmonyOS_5.0.1(13)_Beta3.json","export","",".type(ButtonType.Capsule)","ArkTS","entry\src\main\ets\pages\Index.ets:151","export type EmptyAreaClickCallback = () => void@entry\src\main\ets\pages\Index.ets:151","","5.0.1(13)","export type EmptyAreaClickCallback = () => void"
"export type EmptyAreaClickCallback = () => void","新增API","harmonyos_api_changes/HarmonyOS_5.0.1(13)_Beta3.json","export","",".type(ButtonType.Capsule)","ArkTS","entry\src\main\ets\pages\Index.ets:157","export type EmptyAreaClickCallback = () => void@entry\src\main\ets\pages\Index.ets:157","","5.0.1(13)","export type EmptyAreaClickCallback = () => void"
"export type ErrorCallback = (pickerError: PickerError) => void","新增API","harmonyos_api_changes/HarmonyOS_6.1.0(23)_Beta1.json","export","",".type(ButtonType.Capsule)","ArkTS","entry\src\main\ets\pages\EditSimplePage.ets:146","export type ErrorCallback = (pickerError: PickerError) => void@entry\src\main\ets\pages\EditSimplePage.ets:146","","6.1.0(23)","export type ErrorCallback = (pickerError: PickerError) => void"
"export type ErrorCallback = (pickerError: PickerError) => void","新增API","harmonyos_api_changes/HarmonyOS_6.1.0(23)_Beta1.json","export","",".type(ButtonType.Capsule)","ArkTS","entry\src\main\ets\pages\Index.ets:144","export type ErrorCallback = (pickerError: PickerError) => void@entry\src\main\ets\pages\Index.ets:144","","6.1.0(23)","export type ErrorCallback = (pickerError: PickerError) => void"
"export type ErrorCallback = (pickerError: PickerError) => void","新增API","harmonyos_api_changes/HarmonyOS_6.1.0(23)_Beta1.json","export","",".type(ButtonType.Capsule)","ArkTS","entry\src\main\ets\pages\Index.ets:151","export type ErrorCallback = (pickerError: PickerError) => void@entry\src\main\ets\pages\Index.ets:151","","6.1.0(23)","export type ErrorCallback = (pickerError: PickerError) => void"
"export type ErrorCallback = (pickerError: PickerError) => void","新增API","harmonyos_api_changes/HarmonyOS_6.1.0(23)_Beta1.json","export","",".type(ButtonType.Capsule)","ArkTS","entry\src\main\ets\pages\Index.ets:157","export type ErrorCallback = (pickerError: PickerError) => void@entry\src\main\ets\pages\Index.ets:157","","6.1.0(23)","export type ErrorCallback = (pickerError: PickerError) => void"
"export type ErrorHandler = (errObject: Error) => void","新增API","harmonyos_api_changes/HarmonyOS_6.0.1(21)_Beta1.json","export","",".type(ButtonType.Capsule)","ArkTS","entry\src\main\ets\pages\EditSimplePage.ets:146","export type ErrorHandler = (errObject: Error) => void@entry\src\main\ets\pages\EditSimplePage.ets:146","","6.0.1(21)","export type ErrorHandler = (errObject: Error) => void"
"export type ErrorHandler = (errObject: Error) => void","新增API","harmonyos_api_changes/HarmonyOS_6.0.1(21)_Beta1.json","export","",".type(ButtonType.Capsule)","ArkTS","entry\src\main\ets\pages\Index.ets:144","export type ErrorHandler = (errObject: Error) => void@entry\src\main\ets\pages\Index.ets:144","","6.0.1(21)","export type ErrorHandler = (errObject: Error) => void"
"export type ErrorHandler = (errObject: Error) => void","新增API","harmonyos_api_changes/HarmonyOS_6.0.1(21)_Beta1.json","export","",".type(ButtonType.Capsule)","ArkTS","entry\src\main\ets\pages\Index.ets:151","export type ErrorHandler = (errObject: Error) => void@entry\src\main\ets\pages\Index.ets:151","","6.0.1(21)","export type ErrorHandler = (errObject: Error) => void"
"export type ErrorHandler = (errObject: Error) => void","新增API","harmonyos_api_changes/HarmonyOS_6.0.1(21)_Beta1.json","export","",".type(ButtonType.Capsule)","ArkTS","entry\src\main\ets\pages\Index.ets:157","export type ErrorHandler = (errObject: Error) => void@entry\src\main\ets\pages\Index.ets:157","","6.0.1(21)","export type ErrorHandler = (errObject: Error) => void"
"export type ExceedMaxSelectedCallback = (exceedMaxCountType: MaxCountType) => void","新增API","harmonyos_api_changes/HarmonyOS_5.0.1(13)_Beta3.json","export","",".type(ButtonType.Capsule)","ArkTS","entry\src\main\ets\pages\EditSimplePage.ets:146","export type ExceedMaxSelectedCallback = (exceedMaxCountType: MaxCountType) => void@entry\src\main\ets\pages\EditSimplePage.ets:146","","5.0.1(13)","export type ExceedMaxSelectedCallback = (exceedMaxCountType: MaxCountType) => void"
"export type ExceedMaxSelectedCallback = (exceedMaxCountType: MaxCountType) => void","新增API","harmonyos_api_changes/HarmonyOS_5.0.1(13)_Beta3.json","export","",".type(ButtonType.Capsule)","ArkTS","entry\src\main\ets\pages\Index.ets:144","export type ExceedMaxSelectedCallback = (exceedMaxCountType: MaxCountType) => void@entry\src\main\ets\pages\Index.ets:144","","5.0.1(13)","export type ExceedMaxSelectedCallback = (exceedMaxCountType: MaxCountType) => void"
"export type ExceedMaxSelectedCallback = (exceedMaxCountType: MaxCountType) => void","新增API","harmonyos_api_changes/HarmonyOS_5.0.1(13)_Beta3.json","export","",".type(ButtonType.Capsule)","ArkTS","entry\src\main\ets\pages\Index.ets:151","export type ExceedMaxSelectedCallback = (exceedMaxCountType: MaxCountType) => void@entry\src\main\ets\pages\Index.ets:151","","5.0.1(13)","export type ExceedMaxSelectedCallback = (exceedMaxCountType: MaxCountType) => void"
"export type ExceedMaxSelectedCallback = (exceedMaxCountType: MaxCountType) => void","新增API","harmonyos_api_changes/HarmonyOS_5.0.1(13)_Beta3.json","export","",".type(ButtonType.Capsule)","ArkTS","entry\src\main\ets\pages\Index.ets:157","export type ExceedMaxSelectedCallback = (exceedMaxCountType: MaxCountType) => void@entry\src\main\ets\pages\Index.ets:157","","5.0.1(13)","export type ExceedMaxSelectedCallback = (exceedMaxCountType: MaxCountType) => void"
"export type FreezeObserver = () => void","新增API","harmonyos_api_changes/HarmonyOS_5.1.0(18).json","export","",".type(ButtonType.Capsule)","ArkTS","entry\src\main\ets\pages\EditSimplePage.ets:146","export type FreezeObserver = () => void@entry\src\main\ets\pages\EditSimplePage.ets:146","","5.1.0(18)","export type FreezeObserver = () => void"
"export type FreezeObserver = () => void","新增API","harmonyos_api_changes/HarmonyOS_5.1.0(18).json","export","",".type(ButtonType.Capsule)","ArkTS","entry\src\main\ets\pages\Index.ets:144","export type FreezeObserver = () => void@entry\src\main\ets\pages\Index.ets:144","","5.1.0(18)","export type FreezeObserver = () => void"
"export type FreezeObserver = () => void","新增API","harmonyos_api_changes/HarmonyOS_5.1.0(18).json","export","",".type(ButtonType.Capsule)","ArkTS","entry\src\main\ets\pages\Index.ets:151","export type FreezeObserver = () => void@entry\src\main\ets\pages\Index.ets:151","","5.1.0(18)","export type FreezeObserver = () => void"
"export type FreezeObserver = () => void","新增API","harmonyos_api_changes/HarmonyOS_5.1.0(18).json","export","",".type(ButtonType.Capsule)","ArkTS","entry\src\main\ets\pages\Index.ets:157","export type FreezeObserver = () => void@entry\src\main\ets\pages\Index.ets:157","","5.1.0(18)","export type FreezeObserver = () => void"
"export type GSTileRequestCallback = (tiles: GSTile\[\]) => void","新增API","harmonyos_api_changes/HarmonyOS_26.0.0_Beta2.json","export","",".type(ButtonType.Capsule)","ArkTS","entry\src\main\ets\pages\EditSimplePage.ets:146","export type GSTileRequestCallback = (tiles: GSTile\[\]) => void@entry\src\main\ets\pages\EditSimplePage.ets:146","","26.0.0 Beta2","export type GSTileRequestCallback = (tiles: GSTile\[\]) => void"
"export type GSTileRequestCallback = (tiles: GSTile\[\]) => void","新增API","harmonyos_api_changes/HarmonyOS_26.0.0_Beta2.json","export","",".type(ButtonType.Capsule)","ArkTS","entry\src\main\ets\pages\Index.ets:144","export type GSTileRequestCallback = (tiles: GSTile\[\]) => void@entry\src\main\ets\pages\Index.ets:144","","26.0.0 Beta2","export type GSTileRequestCallback = (tiles: GSTile\[\]) => void"
"export type GSTileRequestCallback = (tiles: GSTile\[\]) => void","新增API","harmonyos_api_changes/HarmonyOS_26.0.0_Beta2.json","export","",".type(ButtonType.Capsule)","ArkTS","entry\src\main\ets\pages\Index.ets:151","export type GSTileRequestCallback = (tiles: GSTile\[\]) => void@entry\src\main\ets\pages\Index.ets:151","","26.0.0 Beta2","export type GSTileRequestCallback = (tiles: GSTile\[\]) => void"
"export type GSTileRequestCallback = (tiles: GSTile\[\]) => void","新增API","harmonyos_api_changes/HarmonyOS_26.0.0_Beta2.json","export","",".type(ButtonType.Capsule)","ArkTS","entry\src\main\ets\pages\Index.ets:157","export type GSTileRequestCallback = (tiles: GSTile\[\]) => void@entry\src\main\ets\pages\Index.ets:157","","26.0.0 Beta2","export type GSTileRequestCallback = (tiles: GSTile\[\]) => void"
"export type GetDataCallback = (maxSize: number) => ArrayBuffer | Promise<ArrayBuffer>","API模型切换","harmonyos_api_changes/HarmonyOS_6.1.0(23)_Beta1.json","export","",".type(ButtonType.Capsule)","ArkTS","entry\src\main\ets\pages\EditSimplePage.ets:146","export type GetDataCallback = (maxSize: number) => ArrayBuffer | Promise<ArrayBuffer>@entry\src\main\ets\pages\EditSimplePage.ets:146","","6.1.0(23)","export type GetDataCallback = (maxSize: number) => ArrayBuffer | Promise<ArrayBuffer>"
"export type GetDataCallback = (maxSize: number) => ArrayBuffer | Promise<ArrayBuffer>","API模型切换","harmonyos_api_changes/HarmonyOS_6.1.0(23)_Beta1.json","export","",".type(ButtonType.Capsule)","ArkTS","entry\src\main\ets\pages\Index.ets:144","export type GetDataCallback = (maxSize: number) => ArrayBuffer | Promise<ArrayBuffer>@entry\src\main\ets\pages\Index.ets:144","","6.1.0(23)","export type GetDataCallback = (maxSize: number) => ArrayBuffer | Promise<ArrayBuffer>"
"export type GetDataCallback = (maxSize: number) => ArrayBuffer | Promise<ArrayBuffer>","API模型切换","harmonyos_api_changes/HarmonyOS_6.1.0(23)_Beta1.json","export","",".type(ButtonType.Capsule)","ArkTS","entry\src\main\ets\pages\Index.ets:151","export type GetDataCallback = (maxSize: number) => ArrayBuffer | Promise<ArrayBuffer>@entry\src\main\ets\pages\Index.ets:151","","6.1.0(23)","export type GetDataCallback = (maxSize: number) => ArrayBuffer | Promise<ArrayBuffer>"
"export type GetDataCallback = (maxSize: number) => ArrayBuffer | Promise<ArrayBuffer>","API模型切换","harmonyos_api_changes/HarmonyOS_6.1.0(23)_Beta1.json","export","",".type(ButtonType.Capsule)","ArkTS","entry\src\main\ets\pages\Index.ets:157","export type GetDataCallback = (maxSize: number) => ArrayBuffer | Promise<ArrayBuffer>@entry\src\main\ets\pages\Index.ets:157","","6.1.0(23)","export type GetDataCallback = (maxSize: number) => ArrayBuffer | Promise<ArrayBuffer>"
"export type GlobalObserver = (reason: GlobalError) => void","新增API","harmonyos_api_changes/HarmonyOS_5.1.0(18).json","export","",".type(ButtonType.Capsule)","ArkTS","entry\src\main\ets\pages\EditSimplePage.ets:146","export type GlobalObserver = (reason: GlobalError) => void@entry\src\main\ets\pages\EditSimplePage.ets:146","","5.1.0(18)","export type GlobalObserver = (reason: GlobalError) => void"
"export type GlobalObserver = (reason: GlobalError) => void","新增API","harmonyos_api_changes/HarmonyOS_5.1.0(18).json","export","",".type(ButtonType.Capsule)","ArkTS","entry\src\main\ets\pages\Index.ets:144","export type GlobalObserver = (reason: GlobalError) => void@entry\src\main\ets\pages\Index.ets:144","","5.1.0(18)","export type GlobalObserver = (reason: GlobalError) => void"
"export type GlobalObserver = (reason: GlobalError) => void","新增API","harmonyos_api_changes/HarmonyOS_5.1.0(18).json","export","",".type(ButtonType.Capsule)","ArkTS","entry\src\main\ets\pages\Index.ets:151","export type GlobalObserver = (reason: GlobalError) => void@entry\src\main\ets\pages\Index.ets:151","","5.1.0(18)","export type GlobalObserver = (reason: GlobalError) => void"
"export type GlobalObserver = (reason: GlobalError) => void","新增API","harmonyos_api_changes/HarmonyOS_5.1.0(18).json","export","",".type(ButtonType.Capsule)","ArkTS","entry\src\main\ets\pages\Index.ets:157","export type GlobalObserver = (reason: GlobalError) => void@entry\src\main\ets\pages\Index.ets:157","","5.1.0(18)","export type GlobalObserver = (reason: GlobalError) => void"
"export type HttpMethod = 'GET' | 'POST' | 'HEAD' | 'PUT' | 'DELETE' | 'PATCH' | 'OPTIONS' | (string \& NonNullable<unknown>)","API模型切换","harmonyos_api_changes/HarmonyOS_6.1.0(23)_Beta1.json","export","",".type(ButtonType.Capsule)","ArkTS","entry\src\main\ets\pages\EditSimplePage.ets:146","export type HttpMethod = 'GET' | 'POST' | 'HEAD' | 'PUT' | 'DELETE' | 'PATCH' | 'OPTIONS' | (string \& NonNullable<unknown>)@entry\src\main\ets\pages\EditSimplePage.ets:146","","6.1.0(23)","export type HttpMethod = 'GET' | 'POST' | 'HEAD' | 'PUT' | 'DELETE' | 'PATCH' | 'OPTIONS' | (string \& NonNullable<unknown>)"
"export type HttpMethod = 'GET' | 'POST' | 'HEAD' | 'PUT' | 'DELETE' | 'PATCH' | 'OPTIONS' | (string \& NonNullable<unknown>)","API模型切换","harmonyos_api_changes/HarmonyOS_6.1.0(23)_Beta1.json","export","",".type(ButtonType.Capsule)","ArkTS","entry\src\main\ets\pages\Index.ets:144","export type HttpMethod = 'GET' | 'POST' | 'HEAD' | 'PUT' | 'DELETE' | 'PATCH' | 'OPTIONS' | (string \& NonNullable<unknown>)@entry\src\main\ets\pages\Index.ets:144","","6.1.0(23)","export type HttpMethod = 'GET' | 'POST' | 'HEAD' | 'PUT' | 'DELETE' | 'PATCH' | 'OPTIONS' | (string \& NonNullable<unknown>)"
"export type HttpMethod = 'GET' | 'POST' | 'HEAD' | 'PUT' | 'DELETE' | 'PATCH' | 'OPTIONS' | (string \& NonNullable<unknown>)","API模型切换","harmonyos_api_changes/HarmonyOS_6.1.0(23)_Beta1.json","export","",".type(ButtonType.Capsule)","ArkTS","entry\src\main\ets\pages\Index.ets:151","export type HttpMethod = 'GET' | 'POST' | 'HEAD' | 'PUT' | 'DELETE' | 'PATCH' | 'OPTIONS' | (string \& NonNullable<unknown>)@entry\src\main\ets\pages\Index.ets:151","","6.1.0(23)","export type HttpMethod = 'GET' | 'POST' | 'HEAD' | 'PUT' | 'DELETE' | 'PATCH' | 'OPTIONS' | (string \& NonNullable<unknown>)"
"export type HttpMethod = 'GET' | 'POST' | 'HEAD' | 'PUT' | 'DELETE' | 'PATCH' | 'OPTIONS' | (string \& NonNullable<unknown>)","API模型切换","harmonyos_api_changes/HarmonyOS_6.1.0(23)_Beta1.json","export","",".type(ButtonType.Capsule)","ArkTS","entry\src\main\ets\pages\Index.ets:157","export type HttpMethod = 'GET' | 'POST' | 'HEAD' | 'PUT' | 'DELETE' | 'PATCH' | 'OPTIONS' | (string \& NonNullable<unknown>)@entry\src\main\ets\pages\Index.ets:157","","6.1.0(23)","export type HttpMethod = 'GET' | 'POST' | 'HEAD' | 'PUT' | 'DELETE' | 'PATCH' | 'OPTIONS' | (string \& NonNullable<unknown>)"
"export type HttpVersionSelectCallback = (url: URL) => HttpVersion","新增API","harmonyos_api_changes/HarmonyOS_26.0.0_Beta1.json","export","",".type(ButtonType.Capsule)","ArkTS","entry\src\main\ets\pages\EditSimplePage.ets:146","export type HttpVersionSelectCallback = (url: URL) => HttpVersion@entry\src\main\ets\pages\EditSimplePage.ets:146","","26.0.0 Beta2","export type HttpVersionSelectCallback = (url: URL) => HttpVersion"
"export type HttpVersionSelectCallback = (url: URL) => HttpVersion","新增API","harmonyos_api_changes/HarmonyOS_26.0.0_Beta1.json","export","",".type(ButtonType.Capsule)","ArkTS","entry\src\main\ets\pages\Index.ets:144","export type HttpVersionSelectCallback = (url: URL) => HttpVersion@entry\src\main\ets\pages\Index.ets:144","","26.0.0 Beta2","export type HttpVersionSelectCallback = (url: URL) => HttpVersion"
"export type HttpVersionSelectCallback = (url: URL) => HttpVersion","新增API","harmonyos_api_changes/HarmonyOS_26.0.0_Beta1.json","export","",".type(ButtonType.Capsule)","ArkTS","entry\src\main\ets\pages\Index.ets:151","export type HttpVersionSelectCallback = (url: URL) => HttpVersion@entry\src\main\ets\pages\Index.ets:151","","26.0.0 Beta2","export type HttpVersionSelectCallback = (url: URL) => HttpVersion"
"export type HttpVersionSelectCallback = (url: URL) => HttpVersion","新增API","harmonyos_api_changes/HarmonyOS_26.0.0_Beta1.json","export","",".type(ButtonType.Capsule)","ArkTS","entry\src\main\ets\pages\Index.ets:157","export type HttpVersionSelectCallback = (url: URL) => HttpVersion@entry\src\main\ets\pages\Index.ets:157","","26.0.0 Beta2","export type HttpVersionSelectCallback = (url: URL) => HttpVersion"
"export type IncomingDataCallback = (incomingData: ArrayBuffer) => void | Promise<void>","API模型切换","harmonyos_api_changes/HarmonyOS_6.1.0(23)_Beta1.json","export","",".type(ButtonType.Capsule)","ArkTS","entry\src\main\ets\pages\EditSimplePage.ets:146","export type IncomingDataCallback = (incomingData: ArrayBuffer) => void | Promise<void>@entry\src\main\ets\pages\EditSimplePage.ets:146","","6.1.0(23)","export type IncomingDataCallback = (incomingData: ArrayBuffer) => void | Promise<void>"
"export type IncomingDataCallback = (incomingData: ArrayBuffer) => void | Promise<void>","API模型切换","harmonyos_api_changes/HarmonyOS_6.1.0(23)_Beta1.json","export","",".type(ButtonType.Capsule)","ArkTS","entry\src\main\ets\pages\Index.ets:144","export type IncomingDataCallback = (incomingData: ArrayBuffer) => void | Promise<void>@entry\src\main\ets\pages\Index.ets:144","","6.1.0(23)","export type IncomingDataCallback = (incomingData: ArrayBuffer) => void | Promise<void>"
"export type IncomingDataCallback = (incomingData: ArrayBuffer) => void | Promise<void>","API模型切换","harmonyos_api_changes/HarmonyOS_6.1.0(23)_Beta1.json","export","",".type(ButtonType.Capsule)","ArkTS","entry\src\main\ets\pages\Index.ets:151","export type IncomingDataCallback = (incomingData: ArrayBuffer) => void | Promise<void>@entry\src\main\ets\pages\Index.ets:151","","6.1.0(23)","export type IncomingDataCallback = (incomingData: ArrayBuffer) => void | Promise<void>"
"export type IncomingDataCallback = (incomingData: ArrayBuffer) => void | Promise<void>","API模型切换","harmonyos_api_changes/HarmonyOS_6.1.0(23)_Beta1.json","export","",".type(ButtonType.Capsule)","ArkTS","entry\src\main\ets\pages\Index.ets:157","export type IncomingDataCallback = (incomingData: ArrayBuffer) => void | Promise<void>@entry\src\main\ets\pages\Index.ets:157","","6.1.0(23)","export type IncomingDataCallback = (incomingData: ArrayBuffer) => void | Promise<void>"
"export type ItemClickedNotifyCallback = (itemInfo: ItemInfo, clickType: ClickType) => void","新增API","harmonyos_api_changes/HarmonyOS_6.1.0(23)_Beta1.json","export","",".type(ButtonType.Capsule)","ArkTS","entry\src\main\ets\pages\EditSimplePage.ets:146","export type ItemClickedNotifyCallback = (itemInfo: ItemInfo, clickType: ClickType) => void@entry\src\main\ets\pages\EditSimplePage.ets:146","","6.1.0(23)","export type ItemClickedNotifyCallback = (itemInfo: ItemInfo, clickType: ClickType) => void"
"export type ItemClickedNotifyCallback = (itemInfo: ItemInfo, clickType: ClickType) => void","新增API","harmonyos_api_changes/HarmonyOS_6.1.0(23)_Beta1.json","export","",".type(ButtonType.Capsule)","ArkTS","entry\src\main\ets\pages\Index.ets:144","export type ItemClickedNotifyCallback = (itemInfo: ItemInfo, clickType: ClickType) => void@entry\src\main\ets\pages\Index.ets:144","","6.1.0(23)","export type ItemClickedNotifyCallback = (itemInfo: ItemInfo, clickType: ClickType) => void"
"export type ItemClickedNotifyCallback = (itemInfo: ItemInfo, clickType: ClickType) => void","新增API","harmonyos_api_changes/HarmonyOS_6.1.0(23)_Beta1.json","export","",".type(ButtonType.Capsule)","ArkTS","entry\src\main\ets\pages\Index.ets:151","export type ItemClickedNotifyCallback = (itemInfo: ItemInfo, clickType: ClickType) => void@entry\src\main\ets\pages\Index.ets:151","","6.1.0(23)","export type ItemClickedNotifyCallback = (itemInfo: ItemInfo, clickType: ClickType) => void"
"export type ItemClickedNotifyCallback = (itemInfo: ItemInfo, clickType: ClickType) => void","新增API","harmonyos_api_changes/HarmonyOS_6.1.0(23)_Beta1.json","export","",".type(ButtonType.Capsule)","ArkTS","entry\src\main\ets\pages\Index.ets:157","export type ItemClickedNotifyCallback = (itemInfo: ItemInfo, clickType: ClickType) => void@entry\src\main\ets\pages\Index.ets:157","","6.1.0(23)","export type ItemClickedNotifyCallback = (itemInfo: ItemInfo, clickType: ClickType) => void"
"export type ItemsDeletedCallback = (baseItemInfos: Array<BaseItemInfo>) => void","新增API","harmonyos_api_changes/HarmonyOS_5.0.1(13)_Beta3.json","export","",".type(ButtonType.Capsule)","ArkTS","entry\src\main\ets\pages\EditSimplePage.ets:146","export type ItemsDeletedCallback = (baseItemInfos: Array<BaseItemInfo>) => void@entry\src\main\ets\pages\EditSimplePage.ets:146","","5.0.1(13)","export type ItemsDeletedCallback = (baseItemInfos: Array<BaseItemInfo>) => void"
"export type ItemsDeletedCallback = (baseItemInfos: Array<BaseItemInfo>) => void","新增API","harmonyos_api_changes/HarmonyOS_5.0.1(13)_Beta3.json","export","",".type(ButtonType.Capsule)","ArkTS","entry\src\main\ets\pages\Index.ets:144","export type ItemsDeletedCallback = (baseItemInfos: Array<BaseItemInfo>) => void@entry\src\main\ets\pages\Index.ets:144","","5.0.1(13)","export type ItemsDeletedCallback = (baseItemInfos: Array<BaseItemInfo>) => void"
"export type ItemsDeletedCallback = (baseItemInfos: Array<BaseItemInfo>) => void","新增API","harmonyos_api_changes/HarmonyOS_5.0.1(13)_Beta3.json","export","",".type(ButtonType.Capsule)","ArkTS","entry\src\main\ets\pages\Index.ets:151","export type ItemsDeletedCallback = (baseItemInfos: Array<BaseItemInfo>) => void@entry\src\main\ets\pages\Index.ets:151","","5.0.1(13)","export type ItemsDeletedCallback = (baseItemInfos: Array<BaseItemInfo>) => void"
"export type ItemsDeletedCallback = (baseItemInfos: Array<BaseItemInfo>) => void","新增API","harmonyos_api_changes/HarmonyOS_5.0.1(13)_Beta3.json","export","",".type(ButtonType.Capsule)","ArkTS","entry\src\main\ets\pages\Index.ets:157","export type ItemsDeletedCallback = (baseItemInfos: Array<BaseItemInfo>) => void@entry\src\main\ets\pages\Index.ets:157","","5.0.1(13)","export type ItemsDeletedCallback = (baseItemInfos: Array<BaseItemInfo>) => void"
"export type ListComparatorFn<T> = (firstValue: T, secondValue: T) => number","新增API","harmonyos_api_changes/HarmonyOS_6.1.0(23)_Beta1.json","export","",".type(ButtonType.Capsule)","ArkTS","entry\src\main\ets\pages\EditSimplePage.ets:146","export type ListComparatorFn<T> = (firstValue: T, secondValue: T) => number@entry\src\main\ets\pages\EditSimplePage.ets:146","","6.1.0(23)","export type ListComparatorFn<T> = (firstValue: T, secondValue: T) => number"
"export type ListComparatorFn<T> = (firstValue: T, secondValue: T) => number","新增API","harmonyos_api_changes/HarmonyOS_6.1.0(23)_Beta1.json","export","",".type(ButtonType.Capsule)","ArkTS","entry\src\main\ets\pages\Index.ets:144","export type ListComparatorFn<T> = (firstValue: T, secondValue: T) => number@entry\src\main\ets\pages\Index.ets:144","","6.1.0(23)","export type ListComparatorFn<T> = (firstValue: T, secondValue: T) => number"
"export type ListComparatorFn<T> = (firstValue: T, secondValue: T) => number","新增API","harmonyos_api_changes/HarmonyOS_6.1.0(23)_Beta1.json","export","",".type(ButtonType.Capsule)","ArkTS","entry\src\main\ets\pages\Index.ets:151","export type ListComparatorFn<T> = (firstValue: T, secondValue: T) => number@entry\src\main\ets\pages\Index.ets:151","","6.1.0(23)","export type ListComparatorFn<T> = (firstValue: T, secondValue: T) => number"
"export type ListComparatorFn<T> = (firstValue: T, secondValue: T) => number","新增API","harmonyos_api_changes/HarmonyOS_6.1.0(23)_Beta1.json","export","",".type(ButtonType.Capsule)","ArkTS","entry\src\main\ets\pages\Index.ets:157","export type ListComparatorFn<T> = (firstValue: T, secondValue: T) => number@entry\src\main\ets\pages\Index.ets:157","","6.1.0(23)","export type ListComparatorFn<T> = (firstValue: T, secondValue: T) => number"
"export type MovingPhotoBadgeStateChangedCallback = (uri: string, state: photoAccessHelper.MovingPhotoBadgeStateType) => void","新增API","harmonyos_api_changes/HarmonyOS_6.0.2(22).json","export","",".type(ButtonType.Capsule)","ArkTS","entry\src\main\ets\pages\EditSimplePage.ets:146","export type MovingPhotoBadgeStateChangedCallback = (uri: string, state: photoAccessHelper.MovingPhotoBadgeStateType) => void@entry\src\main\ets\pages\EditSimplePage.ets:146","","6.0.2(22)","export type MovingPhotoBadgeStateChangedCallback = (uri: string, state: photoAccessHelper.MovingPhotoBadgeStateType) => void"
"export type MovingPhotoBadgeStateChangedCallback = (uri: string, state: photoAccessHelper.MovingPhotoBadgeStateType) => void","新增API","harmonyos_api_changes/HarmonyOS_6.0.2(22).json","export","",".type(ButtonType.Capsule)","ArkTS","entry\src\main\ets\pages\Index.ets:144","export type MovingPhotoBadgeStateChangedCallback = (uri: string, state: photoAccessHelper.MovingPhotoBadgeStateType) => void@entry\src\main\ets\pages\Index.ets:144","","6.0.2(22)","export type MovingPhotoBadgeStateChangedCallback = (uri: string, state: photoAccessHelper.MovingPhotoBadgeStateType) => void"
"export type MovingPhotoBadgeStateChangedCallback = (uri: string, state: photoAccessHelper.MovingPhotoBadgeStateType) => void","新增API","harmonyos_api_changes/HarmonyOS_6.0.2(22).json","export","",".type(ButtonType.Capsule)","ArkTS","entry\src\main\ets\pages\Index.ets:151","export type MovingPhotoBadgeStateChangedCallback = (uri: string, state: photoAccessHelper.MovingPhotoBadgeStateType) => void@entry\src\main\ets\pages\Index.ets:151","","6.0.2(22)","export type MovingPhotoBadgeStateChangedCallback = (uri: string, state: photoAccessHelper.MovingPhotoBadgeStateType) => void"
"export type MovingPhotoBadgeStateChangedCallback = (uri: string, state: photoAccessHelper.MovingPhotoBadgeStateType) => void","新增API","harmonyos_api_changes/HarmonyOS_6.0.2(22).json","export","",".type(ButtonType.Capsule)","ArkTS","entry\src\main\ets\pages\Index.ets:157","export type MovingPhotoBadgeStateChangedCallback = (uri: string, state: photoAccessHelper.MovingPhotoBadgeStateType) => void@entry\src\main\ets\pages\Index.ets:157","","6.0.2(22)","export type MovingPhotoBadgeStateChangedCallback = (uri: string, state: photoAccessHelper.MovingPhotoBadgeStateType) => void"
"export type OnAuthenticationChallenge = (info: AuthenticationChallengeInfo\[\], response: Response, challengeCount: number) => ServerAuthentication | null","新增API","harmonyos_api_changes/HarmonyOS_6.1.0(23)_Beta1.json","export","",".type(ButtonType.Capsule)","ArkTS","entry\src\main\ets\pages\EditSimplePage.ets:146","export type OnAuthenticationChallenge = (info: AuthenticationChallengeInfo\[\], response: Response, challengeCount: number) => ServerAuthentication | null@entry\src\main\ets\pages\EditSimplePage.ets:146","","6.1.0(23)","export type OnAuthenticationChallenge = (info: AuthenticationChallengeInfo\[\], response: Response, challengeCount: number) => ServerAuthentication | null"
"export type OnAuthenticationChallenge = (info: AuthenticationChallengeInfo\[\], response: Response, challengeCount: number) => ServerAuthentication | null","新增API","harmonyos_api_changes/HarmonyOS_6.1.0(23)_Beta1.json","export","",".type(ButtonType.Capsule)","ArkTS","entry\src\main\ets\pages\Index.ets:144","export type OnAuthenticationChallenge = (info: AuthenticationChallengeInfo\[\], response: Response, challengeCount: number) => ServerAuthentication | null@entry\src\main\ets\pages\Index.ets:144","","6.1.0(23)","export type OnAuthenticationChallenge = (info: AuthenticationChallengeInfo\[\], response: Response, challengeCount: number) => ServerAuthentication | null"
"export type OnAuthenticationChallenge = (info: AuthenticationChallengeInfo\[\], response: Response, challengeCount: number) => ServerAuthentication | null","新增API","harmonyos_api_changes/HarmonyOS_6.1.0(23)_Beta1.json","export","",".type(ButtonType.Capsule)","ArkTS","entry\src\main\ets\pages\Index.ets:151","export type OnAuthenticationChallenge = (info: AuthenticationChallengeInfo\[\], response: Response, challengeCount: number) => ServerAuthentication | null@entry\src\main\ets\pages\Index.ets:151","","6.1.0(23)","export type OnAuthenticationChallenge = (info: AuthenticationChallengeInfo\[\], response: Response, challengeCount: number) => ServerAuthentication | null"
"export type OnAuthenticationChallenge = (info: AuthenticationChallengeInfo\[\], response: Response, challengeCount: number) => ServerAuthentication | null","新增API","harmonyos_api_changes/HarmonyOS_6.1.0(23)_Beta1.json","export","",".type(ButtonType.Capsule)","ArkTS","entry\src\main\ets\pages\Index.ets:157","export type OnAuthenticationChallenge = (info: AuthenticationChallengeInfo\[\], response: Response, challengeCount: number) => ServerAuthentication | null@entry\src\main\ets\pages\Index.ets:157","","6.1.0(23)","export type OnAuthenticationChallenge = (info: AuthenticationChallengeInfo\[\], response: Response, challengeCount: number) => ServerAuthentication | null"
"export type OnCanceled = () => void","自定义类型变更","harmonyos_api_changes/HarmonyOS_6.0.0(20)_Beta1.json","export","",".type(ButtonType.Capsule)","ArkTS","entry\src\main\ets\pages\EditSimplePage.ets:146","export type OnCanceled = () => void@entry\src\main\ets\pages\EditSimplePage.ets:146","","6.0.0(20)","export type OnCanceled = () => void"
"export type OnCanceled = () => void","自定义类型变更","harmonyos_api_changes/HarmonyOS_6.0.0(20)_Beta1.json","export","",".type(ButtonType.Capsule)","ArkTS","entry\src\main\ets\pages\Index.ets:144","export type OnCanceled = () => void@entry\src\main\ets\pages\Index.ets:144","","6.0.0(20)","export type OnCanceled = () => void"
"export type OnCanceled = () => void","自定义类型变更","harmonyos_api_changes/HarmonyOS_6.0.0(20)_Beta1.json","export","",".type(ButtonType.Capsule)","ArkTS","entry\src\main\ets\pages\Index.ets:151","export type OnCanceled = () => void@entry\src\main\ets\pages\Index.ets:151","","6.0.0(20)","export type OnCanceled = () => void"
"export type OnCanceled = () => void","自定义类型变更","harmonyos_api_changes/HarmonyOS_6.0.0(20)_Beta1.json","export","",".type(ButtonType.Capsule)","ArkTS","entry\src\main\ets\pages\Index.ets:157","export type OnCanceled = () => void@entry\src\main\ets\pages\Index.ets:157","","6.0.0(20)","export type OnCanceled = () => void"
"export type OnCanceled = (request?: Request) => void","API模型切换","harmonyos_api_changes/HarmonyOS_6.1.0(23)_Beta1.json","export","",".type(ButtonType.Capsule)","ArkTS","entry\src\main\ets\pages\EditSimplePage.ets:146","export type OnCanceled = (request?: Request) => void@entry\src\main\ets\pages\EditSimplePage.ets:146","","6.1.0(23)","export type OnCanceled = (request?: Request) => void"
"export type OnCanceled = (request?: Request) => void","API模型切换","harmonyos_api_changes/HarmonyOS_6.1.0(23)_Beta1.json","export","",".type(ButtonType.Capsule)","ArkTS","entry\src\main\ets\pages\Index.ets:144","export type OnCanceled = (request?: Request) => void@entry\src\main\ets\pages\Index.ets:144","","6.1.0(23)","export type OnCanceled = (request?: Request) => void"
"export type OnCanceled = (request?: Request) => void","API模型切换","harmonyos_api_changes/HarmonyOS_6.1.0(23)_Beta1.json","export","",".type(ButtonType.Capsule)","ArkTS","entry\src\main\ets\pages\Index.ets:151","export type OnCanceled = (request?: Request) => void@entry\src\main\ets\pages\Index.ets:151","","6.1.0(23)","export type OnCanceled = (request?: Request) => void"
"export type OnCanceled = (request?: Request) => void","API模型切换","harmonyos_api_changes/HarmonyOS_6.1.0(23)_Beta1.json","export","",".type(ButtonType.Capsule)","ArkTS","entry\src\main\ets\pages\Index.ets:157","export type OnCanceled = (request?: Request) => void@entry\src\main\ets\pages\Index.ets:157","","6.1.0(23)","export type OnCanceled = (request?: Request) => void"
"export type OnClosed = () => void","API模型切换","harmonyos_api_changes/HarmonyOS_6.1.0(23)_Beta1.json","export","",".type(ButtonType.Capsule)","ArkTS","entry\src\main\ets\pages\EditSimplePage.ets:146","export type OnClosed = () => void@entry\src\main\ets\pages\EditSimplePage.ets:146","","6.1.0(23)","export type OnClosed = () => void"
"export type OnClosed = () => void","API模型切换","harmonyos_api_changes/HarmonyOS_6.1.0(23)_Beta1.json","export","",".type(ButtonType.Capsule)","ArkTS","entry\src\main\ets\pages\Index.ets:144","export type OnClosed = () => void@entry\src\main\ets\pages\Index.ets:144","","6.1.0(23)","export type OnClosed = () => void"
"export type OnClosed = () => void","API模型切换","harmonyos_api_changes/HarmonyOS_6.1.0(23)_Beta1.json","export","",".type(ButtonType.Capsule)","ArkTS","entry\src\main\ets\pages\Index.ets:151","export type OnClosed = () => void@entry\src\main\ets\pages\Index.ets:151","","6.1.0(23)","export type OnClosed = () => void"
"export type OnClosed = () => void","API模型切换","harmonyos_api_changes/HarmonyOS_6.1.0(23)_Beta1.json","export","",".type(ButtonType.Capsule)","ArkTS","entry\src\main\ets\pages\Index.ets:157","export type OnClosed = () => void@entry\src\main\ets\pages\Index.ets:157","","6.1.0(23)","export type OnClosed = () => void"
"export type OnCounterV2HoverCallback = (isHover: boolean) => void","新增API","harmonyos_api_changes/HarmonyOS_26.0.0_Beta2.json","export","",".type(ButtonType.Capsule)","ArkTS","entry\src\main\ets\pages\EditSimplePage.ets:146","export type OnCounterV2HoverCallback = (isHover: boolean) => void@entry\src\main\ets\pages\EditSimplePage.ets:146","","26.0.0 Beta2","export type OnCounterV2HoverCallback = (isHover: boolean) => void"
"export type OnCounterV2HoverCallback = (isHover: boolean) => void","新增API","harmonyos_api_changes/HarmonyOS_26.0.0_Beta2.json","export","",".type(ButtonType.Capsule)","ArkTS","entry\src\main\ets\pages\Index.ets:144","export type OnCounterV2HoverCallback = (isHover: boolean) => void@entry\src\main\ets\pages\Index.ets:144","","26.0.0 Beta2","export type OnCounterV2HoverCallback = (isHover: boolean) => void"
"export type OnCounterV2HoverCallback = (isHover: boolean) => void","新增API","harmonyos_api_changes/HarmonyOS_26.0.0_Beta2.json","export","",".type(ButtonType.Capsule)","ArkTS","entry\src\main\ets\pages\Index.ets:151","export type OnCounterV2HoverCallback = (isHover: boolean) => void@entry\src\main\ets\pages\Index.ets:151","","26.0.0 Beta2","export type OnCounterV2HoverCallback = (isHover: boolean) => void"
"export type OnCounterV2HoverCallback = (isHover: boolean) => void","新增API","harmonyos_api_changes/HarmonyOS_26.0.0_Beta2.json","export","",".type(ButtonType.Capsule)","ArkTS","entry\src\main\ets\pages\Index.ets:157","export type OnCounterV2HoverCallback = (isHover: boolean) => void@entry\src\main\ets\pages\Index.ets:157","","26.0.0 Beta2","export type OnCounterV2HoverCallback = (isHover: boolean) => void"
"export type OnDataCallback = (method: AgentOperation, context: RequestContext) => void","新增API","harmonyos_api_changes/HarmonyOS_26.0.0_Beta2.json","export","",".type(ButtonType.Capsule)","ArkTS","entry\src\main\ets\pages\EditSimplePage.ets:146","export type OnDataCallback = (method: AgentOperation, context: RequestContext) => void@entry\src\main\ets\pages\EditSimplePage.ets:146","","26.0.0 Beta2","export type OnDataCallback = (method: AgentOperation, context: RequestContext) => void"
"export type OnDataCallback = (method: AgentOperation, context: RequestContext) => void","新增API","harmonyos_api_changes/HarmonyOS_26.0.0_Beta2.json","export","",".type(ButtonType.Capsule)","ArkTS","entry\src\main\ets\pages\Index.ets:144","export type OnDataCallback = (method: AgentOperation, context: RequestContext) => void@entry\src\main\ets\pages\Index.ets:144","","26.0.0 Beta2","export type OnDataCallback = (method: AgentOperation, context: RequestContext) => void"
"export type OnDataCallback = (method: AgentOperation, context: RequestContext) => void","新增API","harmonyos_api_changes/HarmonyOS_26.0.0_Beta2.json","export","",".type(ButtonType.Capsule)","ArkTS","entry\src\main\ets\pages\Index.ets:151","export type OnDataCallback = (method: AgentOperation, context: RequestContext) => void@entry\src\main\ets\pages\Index.ets:151","","26.0.0 Beta2","export type OnDataCallback = (method: AgentOperation, context: RequestContext) => void"
"export type OnDataCallback = (method: AgentOperation, context: RequestContext) => void","新增API","harmonyos_api_changes/HarmonyOS_26.0.0_Beta2.json","export","",".type(ButtonType.Capsule)","ArkTS","entry\src\main\ets\pages\Index.ets:157","export type OnDataCallback = (method: AgentOperation, context: RequestContext) => void@entry\src\main\ets\pages\Index.ets:157","","26.0.0 Beta2","export type OnDataCallback = (method: AgentOperation, context: RequestContext) => void"
"export type OnDataEnd = () => void","自定义类型变更","harmonyos_api_changes/HarmonyOS_6.0.0(20)_Beta1.json","export","",".type(ButtonType.Capsule)","ArkTS","entry\src\main\ets\pages\EditSimplePage.ets:146","export type OnDataEnd = () => void@entry\src\main\ets\pages\EditSimplePage.ets:146","","6.0.0(20)","export type OnDataEnd = () => void"
"export type OnDataEnd = () => void","自定义类型变更","harmonyos_api_changes/HarmonyOS_6.0.0(20)_Beta1.json","export","",".type(ButtonType.Capsule)","ArkTS","entry\src\main\ets\pages\Index.ets:144","export type OnDataEnd = () => void@entry\src\main\ets\pages\Index.ets:144","","6.0.0(20)","export type OnDataEnd = () => void"
"export type OnDataEnd = () => void","自定义类型变更","harmonyos_api_changes/HarmonyOS_6.0.0(20)_Beta1.json","export","",".type(ButtonType.Capsule)","ArkTS","entry\src\main\ets\pages\Index.ets:151","export type OnDataEnd = () => void@entry\src\main\ets\pages\Index.ets:151","","6.0.0(20)","export type OnDataEnd = () => void"
"export type OnDataEnd = () => void","自定义类型变更","harmonyos_api_changes/HarmonyOS_6.0.0(20)_Beta1.json","export","",".type(ButtonType.Capsule)","ArkTS","entry\src\main\ets\pages\Index.ets:157","export type OnDataEnd = () => void@entry\src\main\ets\pages\Index.ets:157","","6.0.0(20)","export type OnDataEnd = () => void"
"export type OnDataEnd = (request?: Request) => void","API模型切换","harmonyos_api_changes/HarmonyOS_6.1.0(23)_Beta1.json","export","",".type(ButtonType.Capsule)","ArkTS","entry\src\main\ets\pages\EditSimplePage.ets:146","export type OnDataEnd = (request?: Request) => void@entry\src\main\ets\pages\EditSimplePage.ets:146","","6.1.0(23)","export type OnDataEnd = (request?: Request) => void"
"export type OnDataEnd = (request?: Request) => void","API模型切换","harmonyos_api_changes/HarmonyOS_6.1.0(23)_Beta1.json","export","",".type(ButtonType.Capsule)","ArkTS","entry\src\main\ets\pages\Index.ets:144","export type OnDataEnd = (request?: Request) => void@entry\src\main\ets\pages\Index.ets:144","","6.1.0(23)","export type OnDataEnd = (request?: Request) => void"
"export type OnDataEnd = (request?: Request) => void","API模型切换","harmonyos_api_changes/HarmonyOS_6.1.0(23)_Beta1.json","export","",".type(ButtonType.Capsule)","ArkTS","entry\src\main\ets\pages\Index.ets:151","export type OnDataEnd = (request?: Request) => void@entry\src\main\ets\pages\Index.ets:151","","6.1.0(23)","export type OnDataEnd = (request?: Request) => void"
"export type OnDataEnd = (request?: Request) => void","API模型切换","harmonyos_api_changes/HarmonyOS_6.1.0(23)_Beta1.json","export","",".type(ButtonType.Capsule)","ArkTS","entry\src\main\ets\pages\Index.ets:157","export type OnDataEnd = (request?: Request) => void@entry\src\main\ets\pages\Index.ets:157","","6.1.0(23)","export type OnDataEnd = (request?: Request) => void"
"export type OnDataReceive = (incomingData: ArrayBuffer) => number | void | Promise<void>","自定义类型变更","harmonyos_api_changes/HarmonyOS_6.0.0(20)_Beta1.json","export","",".type(ButtonType.Capsule)","ArkTS","entry\src\main\ets\pages\EditSimplePage.ets:146","export type OnDataReceive = (incomingData: ArrayBuffer) => number | void | Promise<void>@entry\src\main\ets\pages\EditSimplePage.ets:146","","6.0.0(20)","export type OnDataReceive = (incomingData: ArrayBuffer) => number | void | Promise<void>"
"export type OnDataReceive = (incomingData: ArrayBuffer) => number | void | Promise<void>","自定义类型变更","harmonyos_api_changes/HarmonyOS_6.0.0(20)_Beta1.json","export","",".type(ButtonType.Capsule)","ArkTS","entry\src\main\ets\pages\Index.ets:144","export type OnDataReceive = (incomingData: ArrayBuffer) => number | void | Promise<void>@entry\src\main\ets\pages\Index.ets:144","","6.0.0(20)","export type OnDataReceive = (incomingData: ArrayBuffer) => number | void | Promise<void>"
"export type OnDataReceive = (incomingData: ArrayBuffer) => number | void | Promise<void>","自定义类型变更","harmonyos_api_changes/HarmonyOS_6.0.0(20)_Beta1.json","export","",".type(ButtonType.Capsule)","ArkTS","entry\src\main\ets\pages\Index.ets:151","export type OnDataReceive = (incomingData: ArrayBuffer) => number | void | Promise<void>@entry\src\main\ets\pages\Index.ets:151","","6.0.0(20)","export type OnDataReceive = (incomingData: ArrayBuffer) => number | void | Promise<void>"
"export type OnDataReceive = (incomingData: ArrayBuffer) => number | void | Promise<void>","自定义类型变更","harmonyos_api_changes/HarmonyOS_6.0.0(20)_Beta1.json","export","",".type(ButtonType.Capsule)","ArkTS","entry\src\main\ets\pages\Index.ets:157","export type OnDataReceive = (incomingData: ArrayBuffer) => number | void | Promise<void>@entry\src\main\ets\pages\Index.ets:157","","6.0.0(20)","export type OnDataReceive = (incomingData: ArrayBuffer) => number | void | Promise<void>"
"export type OnDataReceive = (incomingData: ArrayBuffer, request?: Request) => number | void | Promise<void>","API模型切换","harmonyos_api_changes/HarmonyOS_6.1.0(23)_Beta1.json","export","",".type(ButtonType.Capsule)","ArkTS","entry\src\main\ets\pages\EditSimplePage.ets:146","export type OnDataReceive = (incomingData: ArrayBuffer, request?: Request) => number | void | Promise<void>@entry\src\main\ets\pages\EditSimplePage.ets:146","","6.1.0(23)","export type OnDataReceive = (incomingData: ArrayBuffer, request?: Request) => number | void | Promise<void>"
"export type OnDataReceive = (incomingData: ArrayBuffer, request?: Request) => number | void | Promise<void>","API模型切换","harmonyos_api_changes/HarmonyOS_6.1.0(23)_Beta1.json","export","",".type(ButtonType.Capsule)","ArkTS","entry\src\main\ets\pages\Index.ets:144","export type OnDataReceive = (incomingData: ArrayBuffer, request?: Request) => number | void | Promise<void>@entry\src\main\ets\pages\Index.ets:144","","6.1.0(23)","export type OnDataReceive = (incomingData: ArrayBuffer, request?: Request) => number | void | Promise<void>"
"export type OnDataReceive = (incomingData: ArrayBuffer, request?: Request) => number | void | Promise<void>","API模型切换","harmonyos_api_changes/HarmonyOS_6.1.0(23)_Beta1.json","export","",".type(ButtonType.Capsule)","ArkTS","entry\src\main\ets\pages\Index.ets:151","export type OnDataReceive = (incomingData: ArrayBuffer, request?: Request) => number | void | Promise<void>@entry\src\main\ets\pages\Index.ets:151","","6.1.0(23)","export type OnDataReceive = (incomingData: ArrayBuffer, request?: Request) => number | void | Promise<void>"
"export type OnDataReceive = (incomingData: ArrayBuffer, request?: Request) => number | void | Promise<void>","API模型切换","harmonyos_api_changes/HarmonyOS_6.1.0(23)_Beta1.json","export","",".type(ButtonType.Capsule)","ArkTS","entry\src\main\ets\pages\Index.ets:157","export type OnDataReceive = (incomingData: ArrayBuffer, request?: Request) => number | void | Promise<void>@entry\src\main\ets\pages\Index.ets:157","","6.1.0(23)","export type OnDataReceive = (incomingData: ArrayBuffer, request?: Request) => number | void | Promise<void>"
"export type OnDateCounterV2ChangeCallback = (date: CounterV2DateData) => void","新增API","harmonyos_api_changes/HarmonyOS_26.0.0_Beta2.json","export","",".type(ButtonType.Capsule)","ArkTS","entry\src\main\ets\pages\EditSimplePage.ets:146","export type OnDateCounterV2ChangeCallback = (date: CounterV2DateData) => void@entry\src\main\ets\pages\EditSimplePage.ets:146","","26.0.0 Beta2","export type OnDateCounterV2ChangeCallback = (date: CounterV2DateData) => void"
"export type OnDateCounterV2ChangeCallback = (date: CounterV2DateData) => void","新增API","harmonyos_api_changes/HarmonyOS_26.0.0_Beta2.json","export","",".type(ButtonType.Capsule)","ArkTS","entry\src\main\ets\pages\Index.ets:144","export type OnDateCounterV2ChangeCallback = (date: CounterV2DateData) => void@entry\src\main\ets\pages\Index.ets:144","","26.0.0 Beta2","export type OnDateCounterV2ChangeCallback = (date: CounterV2DateData) => void"
"export type OnDateCounterV2ChangeCallback = (date: CounterV2DateData) => void","新增API","harmonyos_api_changes/HarmonyOS_26.0.0_Beta2.json","export","",".type(ButtonType.Capsule)","ArkTS","entry\src\main\ets\pages\Index.ets:151","export type OnDateCounterV2ChangeCallback = (date: CounterV2DateData) => void@entry\src\main\ets\pages\Index.ets:151","","26.0.0 Beta2","export type OnDateCounterV2ChangeCallback = (date: CounterV2DateData) => void"
"export type OnDateCounterV2ChangeCallback = (date: CounterV2DateData) => void","新增API","harmonyos_api_changes/HarmonyOS_26.0.0_Beta2.json","export","",".type(ButtonType.Capsule)","ArkTS","entry\src\main\ets\pages\Index.ets:157","export type OnDateCounterV2ChangeCallback = (date: CounterV2DateData) => void@entry\src\main\ets\pages\Index.ets:157","","26.0.0 Beta2","export type OnDateCounterV2ChangeCallback = (date: CounterV2DateData) => void"
"export type OnDownloadProgress = (totalSize: number, transferredSize: number) => void","自定义类型变更","harmonyos_api_changes/HarmonyOS_6.0.0(20)_Beta1.json","export","",".type(ButtonType.Capsule)","ArkTS","entry\src\main\ets\pages\EditSimplePage.ets:146","export type OnDownloadProgress = (totalSize: number, transferredSize: number) => void@entry\src\main\ets\pages\EditSimplePage.ets:146","","6.0.0(20)","export type OnDownloadProgress = (totalSize: number, transferredSize: number) => void"
"export type OnDownloadProgress = (totalSize: number, transferredSize: number) => void","自定义类型变更","harmonyos_api_changes/HarmonyOS_6.0.0(20)_Beta1.json","export","",".type(ButtonType.Capsule)","ArkTS","entry\src\main\ets\pages\Index.ets:144","export type OnDownloadProgress = (totalSize: number, transferredSize: number) => void@entry\src\main\ets\pages\Index.ets:144","","6.0.0(20)","export type OnDownloadProgress = (totalSize: number, transferredSize: number) => void"
"export type OnDownloadProgress = (totalSize: number, transferredSize: number) => void","自定义类型变更","harmonyos_api_changes/HarmonyOS_6.0.0(20)_Beta1.json","export","",".type(ButtonType.Capsule)","ArkTS","entry\src\main\ets\pages\Index.ets:151","export type OnDownloadProgress = (totalSize: number, transferredSize: number) => void@entry\src\main\ets\pages\Index.ets:151","","6.0.0(20)","export type OnDownloadProgress = (totalSize: number, transferredSize: number) => void"
"export type OnDownloadProgress = (totalSize: number, transferredSize: number) => void","自定义类型变更","harmonyos_api_changes/HarmonyOS_6.0.0(20)_Beta1.json","export","",".type(ButtonType.Capsule)","ArkTS","entry\src\main\ets\pages\Index.ets:157","export type OnDownloadProgress = (totalSize: number, transferredSize: number) => void@entry\src\main\ets\pages\Index.ets:157","","6.0.0(20)","export type OnDownloadProgress = (totalSize: number, transferredSize: number) => void"
"export type OnDownloadProgress = (totalSize: number, transferredSize: number, request?: Request) => void","API模型切换","harmonyos_api_changes/HarmonyOS_6.1.0(23)_Beta1.json","export","",".type(ButtonType.Capsule)","ArkTS","entry\src\main\ets\pages\EditSimplePage.ets:146","export type OnDownloadProgress = (totalSize: number, transferredSize: number, request?: Request) => void@entry\src\main\ets\pages\EditSimplePage.ets:146","","6.1.0(23)","export type OnDownloadProgress = (totalSize: number, transferredSize: number, request?: Request) => void"
"export type OnDownloadProgress = (totalSize: number, transferredSize: number, request?: Request) => void","API模型切换","harmonyos_api_changes/HarmonyOS_6.1.0(23)_Beta1.json","export","",".type(ButtonType.Capsule)","ArkTS","entry\src\main\ets\pages\Index.ets:144","export type OnDownloadProgress = (totalSize: number, transferredSize: number, request?: Request) => void@entry\src\main\ets\pages\Index.ets:144","","6.1.0(23)","export type OnDownloadProgress = (totalSize: number, transferredSize: number, request?: Request) => void"
"export type OnDownloadProgress = (totalSize: number, transferredSize: number, request?: Request) => void","API模型切换","harmonyos_api_changes/HarmonyOS_6.1.0(23)_Beta1.json","export","",".type(ButtonType.Capsule)","ArkTS","entry\src\main\ets\pages\Index.ets:151","export type OnDownloadProgress = (totalSize: number, transferredSize: number, request?: Request) => void@entry\src\main\ets\pages\Index.ets:151","","6.1.0(23)","export type OnDownloadProgress = (totalSize: number, transferredSize: number, request?: Request) => void"
"export type OnDownloadProgress = (totalSize: number, transferredSize: number, request?: Request) => void","API模型切换","harmonyos_api_changes/HarmonyOS_6.1.0(23)_Beta1.json","export","",".type(ButtonType.Capsule)","ArkTS","entry\src\main\ets\pages\Index.ets:157","export type OnDownloadProgress = (totalSize: number, transferredSize: number, request?: Request) => void@entry\src\main\ets\pages\Index.ets:157","","6.1.0(23)","export type OnDownloadProgress = (totalSize: number, transferredSize: number, request?: Request) => void"
"export type OnHeaderReceive = (headers: ResponseHeaders) => void","自定义类型变更","harmonyos_api_changes/HarmonyOS_6.0.0(20)_Beta1.json","export","",".type(ButtonType.Capsule)","ArkTS","entry\src\main\ets\pages\EditSimplePage.ets:146","export type OnHeaderReceive = (headers: ResponseHeaders) => void@entry\src\main\ets\pages\EditSimplePage.ets:146","","6.0.0(20)","export type OnHeaderReceive = (headers: ResponseHeaders) => void"
"export type OnHeaderReceive = (headers: ResponseHeaders) => void","自定义类型变更","harmonyos_api_changes/HarmonyOS_6.0.0(20)_Beta1.json","export","",".type(ButtonType.Capsule)","ArkTS","entry\src\main\ets\pages\Index.ets:144","export type OnHeaderReceive = (headers: ResponseHeaders) => void@entry\src\main\ets\pages\Index.ets:144","","6.0.0(20)","export type OnHeaderReceive = (headers: ResponseHeaders) => void"
"export type OnHeaderReceive = (headers: ResponseHeaders) => void","自定义类型变更","harmonyos_api_changes/HarmonyOS_6.0.0(20)_Beta1.json","export","",".type(ButtonType.Capsule)","ArkTS","entry\src\main\ets\pages\Index.ets:151","export type OnHeaderReceive = (headers: ResponseHeaders) => void@entry\src\main\ets\pages\Index.ets:151","","6.0.0(20)","export type OnHeaderReceive = (headers: ResponseHeaders) => void"
"export type OnHeaderReceive = (headers: ResponseHeaders) => void","自定义类型变更","harmonyos_api_changes/HarmonyOS_6.0.0(20)_Beta1.json","export","",".type(ButtonType.Capsule)","ArkTS","entry\src\main\ets\pages\Index.ets:157","export type OnHeaderReceive = (headers: ResponseHeaders) => void@entry\src\main\ets\pages\Index.ets:157","","6.0.0(20)","export type OnHeaderReceive = (headers: ResponseHeaders) => void"
"export type OnHeaderReceive = (headers: ResponseHeaders, request?: Request) => void","API模型切换","harmonyos_api_changes/HarmonyOS_6.1.0(23)_Beta1.json","export","",".type(ButtonType.Capsule)","ArkTS","entry\src\main\ets\pages\EditSimplePage.ets:146","export type OnHeaderReceive = (headers: ResponseHeaders, request?: Request) => void@entry\src\main\ets\pages\EditSimplePage.ets:146","","6.1.0(23)","export type OnHeaderReceive = (headers: ResponseHeaders, request?: Request) => void"
"export type OnHeaderReceive = (headers: ResponseHeaders, request?: Request) => void","API模型切换","harmonyos_api_changes/HarmonyOS_6.1.0(23)_Beta1.json","export","",".type(ButtonType.Capsule)","ArkTS","entry\src\main\ets\pages\Index.ets:144","export type OnHeaderReceive = (headers: ResponseHeaders, request?: Request) => void@entry\src\main\ets\pages\Index.ets:144","","6.1.0(23)","export type OnHeaderReceive = (headers: ResponseHeaders, request?: Request) => void"
"export type OnHeaderReceive = (headers: ResponseHeaders, request?: Request) => void","API模型切换","harmonyos_api_changes/HarmonyOS_6.1.0(23)_Beta1.json","export","",".type(ButtonType.Capsule)","ArkTS","entry\src\main\ets\pages\Index.ets:151","export type OnHeaderReceive = (headers: ResponseHeaders, request?: Request) => void@entry\src\main\ets\pages\Index.ets:151","","6.1.0(23)","export type OnHeaderReceive = (headers: ResponseHeaders, request?: Request) => void"
"export type OnHeaderReceive = (headers: ResponseHeaders, request?: Request) => void","API模型切换","harmonyos_api_changes/HarmonyOS_6.1.0(23)_Beta1.json","export","",".type(ButtonType.Capsule)","ArkTS","entry\src\main\ets\pages\Index.ets:157","export type OnHeaderReceive = (headers: ResponseHeaders, request?: Request) => void@entry\src\main\ets\pages\Index.ets:157","","6.1.0(23)","export type OnHeaderReceive = (headers: ResponseHeaders, request?: Request) => void"
"export type OnInlineCounterV2Change = (value: number) => void","新增API","harmonyos_api_changes/HarmonyOS_26.0.0_Beta2.json","export","",".type(ButtonType.Capsule)","ArkTS","entry\src\main\ets\pages\EditSimplePage.ets:146","export type OnInlineCounterV2Change = (value: number) => void@entry\src\main\ets\pages\EditSimplePage.ets:146","","26.0.0 Beta2","export type OnInlineCounterV2Change = (value: number) => void"
"export type OnInlineCounterV2Change = (value: number) => void","新增API","harmonyos_api_changes/HarmonyOS_26.0.0_Beta2.json","export","",".type(ButtonType.Capsule)","ArkTS","entry\src\main\ets\pages\Index.ets:144","export type OnInlineCounterV2Change = (value: number) => void@entry\src\main\ets\pages\Index.ets:144","","26.0.0 Beta2","export type OnInlineCounterV2Change = (value: number) => void"
"export type OnInlineCounterV2Change = (value: number) => void","新增API","harmonyos_api_changes/HarmonyOS_26.0.0_Beta2.json","export","",".type(ButtonType.Capsule)","ArkTS","entry\src\main\ets\pages\Index.ets:151","export type OnInlineCounterV2Change = (value: number) => void@entry\src\main\ets\pages\Index.ets:151","","26.0.0 Beta2","export type OnInlineCounterV2Change = (value: number) => void"
"export type OnInlineCounterV2Change = (value: number) => void","新增API","harmonyos_api_changes/HarmonyOS_26.0.0_Beta2.json","export","",".type(ButtonType.Capsule)","ArkTS","entry\src\main\ets\pages\Index.ets:157","export type OnInlineCounterV2Change = (value: number) => void@entry\src\main\ets\pages\Index.ets:157","","26.0.0 Beta2","export type OnInlineCounterV2Change = (value: number) => void"
"export type OnMenuItemClickWithTextCallback = (menuItem: TextMenuItem, value: string) => boolean","新增API","harmonyos_api_changes/HarmonyOS_26.0.0_Beta2.json","export","",".type(ButtonType.Capsule)","ArkTS","entry\src\main\ets\pages\EditSimplePage.ets:146","export type OnMenuItemClickWithTextCallback = (menuItem: TextMenuItem, value: string) => boolean@entry\src\main\ets\pages\EditSimplePage.ets:146","","26.0.0 Beta2","export type OnMenuItemClickWithTextCallback = (menuItem: TextMenuItem, value: string) => boolean"
"export type OnMenuItemClickWithTextCallback = (menuItem: TextMenuItem, value: string) => boolean","新增API","harmonyos_api_changes/HarmonyOS_26.0.0_Beta2.json","export","",".type(ButtonType.Capsule)","ArkTS","entry\src\main\ets\pages\Index.ets:144","export type OnMenuItemClickWithTextCallback = (menuItem: TextMenuItem, value: string) => boolean@entry\src\main\ets\pages\Index.ets:144","","26.0.0 Beta2","export type OnMenuItemClickWithTextCallback = (menuItem: TextMenuItem, value: string) => boolean"
"export type OnMenuItemClickWithTextCallback = (menuItem: TextMenuItem, value: string) => boolean","新增API","harmonyos_api_changes/HarmonyOS_26.0.0_Beta2.json","export","",".type(ButtonType.Capsule)","ArkTS","entry\src\main\ets\pages\Index.ets:151","export type OnMenuItemClickWithTextCallback = (menuItem: TextMenuItem, value: string) => boolean@entry\src\main\ets\pages\Index.ets:151","","26.0.0 Beta2","export type OnMenuItemClickWithTextCallback = (menuItem: TextMenuItem, value: string) => boolean"
"export type OnMenuItemClickWithTextCallback = (menuItem: TextMenuItem, value: string) => boolean","新增API","harmonyos_api_changes/HarmonyOS_26.0.0_Beta2.json","export","",".type(ButtonType.Capsule)","ArkTS","entry\src\main\ets\pages\Index.ets:157","export type OnMenuItemClickWithTextCallback = (menuItem: TextMenuItem, value: string) => boolean@entry\src\main\ets\pages\Index.ets:157","","26.0.0 Beta2","export type OnMenuItemClickWithTextCallback = (menuItem: TextMenuItem, value: string) => boolean"
"export type OnPickerStateCallback = (state: AVCastPickerState) => void","新增API","harmonyos_api_changes/HarmonyOS_6.0.0(20)_Beta1.json","export","",".type(ButtonType.Capsule)","ArkTS","entry\src\main\ets\pages\EditSimplePage.ets:146","export type OnPickerStateCallback = (state: AVCastPickerState) => void@entry\src\main\ets\pages\EditSimplePage.ets:146","","6.0.0(20)","export type OnPickerStateCallback = (state: AVCastPickerState) => void"
"export type OnPickerStateCallback = (state: AVCastPickerState) => void","新增API","harmonyos_api_changes/HarmonyOS_6.0.0(20)_Beta1.json","export","",".type(ButtonType.Capsule)","ArkTS","entry\src\main\ets\pages\Index.ets:144","export type OnPickerStateCallback = (state: AVCastPickerState) => void@entry\src\main\ets\pages\Index.ets:144","","6.0.0(20)","export type OnPickerStateCallback = (state: AVCastPickerState) => void"
"export type OnPickerStateCallback = (state: AVCastPickerState) => void","新增API","harmonyos_api_changes/HarmonyOS_6.0.0(20)_Beta1.json","export","",".type(ButtonType.Capsule)","ArkTS","entry\src\main\ets\pages\Index.ets:151","export type OnPickerStateCallback = (state: AVCastPickerState) => void@entry\src\main\ets\pages\Index.ets:151","","6.0.0(20)","export type OnPickerStateCallback = (state: AVCastPickerState) => void"
"export type OnPickerStateCallback = (state: AVCastPickerState) => void","新增API","harmonyos_api_changes/HarmonyOS_6.0.0(20)_Beta1.json","export","",".type(ButtonType.Capsule)","ArkTS","entry\src\main\ets\pages\Index.ets:157","export type OnPickerStateCallback = (state: AVCastPickerState) => void@entry\src\main\ets\pages\Index.ets:157","","6.0.0(20)","export type OnPickerStateCallback = (state: AVCastPickerState) => void"
"export type OnRequestFailureFn = (name: string, failureCode: AbilityStartFailureCode, failureMessage: string) => void","新增API","harmonyos_api_changes/HarmonyOS_6.0.1(21)_Beta1.json","export","",".type(ButtonType.Capsule)","ArkTS","entry\src\main\ets\pages\EditSimplePage.ets:146","export type OnRequestFailureFn = (name: string, failureCode: AbilityStartFailureCode, failureMessage: string) => void@entry\src\main\ets\pages\EditSimplePage.ets:146","","6.0.1(21)","export type OnRequestFailureFn = (name: string, failureCode: AbilityStartFailureCode, failureMessage: string) => void"
"export type OnRequestFailureFn = (name: string, failureCode: AbilityStartFailureCode, failureMessage: string) => void","新增API","harmonyos_api_changes/HarmonyOS_6.0.1(21)_Beta1.json","export","",".type(ButtonType.Capsule)","ArkTS","entry\src\main\ets\pages\Index.ets:144","export type OnRequestFailureFn = (name: string, failureCode: AbilityStartFailureCode, failureMessage: string) => void@entry\src\main\ets\pages\Index.ets:144","","6.0.1(21)","export type OnRequestFailureFn = (name: string, failureCode: AbilityStartFailureCode, failureMessage: string) => void"
"export type OnRequestFailureFn = (name: string, failureCode: AbilityStartFailureCode, failureMessage: string) => void","新增API","harmonyos_api_changes/HarmonyOS_6.0.1(21)_Beta1.json","export","",".type(ButtonType.Capsule)","ArkTS","entry\src\main\ets\pages\Index.ets:151","export type OnRequestFailureFn = (name: string, failureCode: AbilityStartFailureCode, failureMessage: string) => void@entry\src\main\ets\pages\Index.ets:151","","6.0.1(21)","export type OnRequestFailureFn = (name: string, failureCode: AbilityStartFailureCode, failureMessage: string) => void"
"export type OnRequestFailureFn = (name: string, failureCode: AbilityStartFailureCode, failureMessage: string) => void","新增API","harmonyos_api_changes/HarmonyOS_6.0.1(21)_Beta1.json","export","",".type(ButtonType.Capsule)","ArkTS","entry\src\main\ets\pages\Index.ets:157","export type OnRequestFailureFn = (name: string, failureCode: AbilityStartFailureCode, failureMessage: string) => void@entry\src\main\ets\pages\Index.ets:157","","6.0.1(21)","export type OnRequestFailureFn = (name: string, failureCode: AbilityStartFailureCode, failureMessage: string) => void"
"export type OnRequestSuccessFn = (name: string) => void","新增API","harmonyos_api_changes/HarmonyOS_6.0.1(21)_Beta1.json","export","",".type(ButtonType.Capsule)","ArkTS","entry\src\main\ets\pages\EditSimplePage.ets:146","export type OnRequestSuccessFn = (name: string) => void@entry\src\main\ets\pages\EditSimplePage.ets:146","","6.0.1(21)","export type OnRequestSuccessFn = (name: string) => void"
"export type OnRequestSuccessFn = (name: string) => void","新增API","harmonyos_api_changes/HarmonyOS_6.0.1(21)_Beta1.json","export","",".type(ButtonType.Capsule)","ArkTS","entry\src\main\ets\pages\Index.ets:144","export type OnRequestSuccessFn = (name: string) => void@entry\src\main\ets\pages\Index.ets:144","","6.0.1(21)","export type OnRequestSuccessFn = (name: string) => void"
"export type OnRequestSuccessFn = (name: string) => void","新增API","harmonyos_api_changes/HarmonyOS_6.0.1(21)_Beta1.json","export","",".type(ButtonType.Capsule)","ArkTS","entry\src\main\ets\pages\Index.ets:151","export type OnRequestSuccessFn = (name: string) => void@entry\src\main\ets\pages\Index.ets:151","","6.0.1(21)","export type OnRequestSuccessFn = (name: string) => void"
"export type OnRequestSuccessFn = (name: string) => void","新增API","harmonyos_api_changes/HarmonyOS_6.0.1(21)_Beta1.json","export","",".type(ButtonType.Capsule)","ArkTS","entry\src\main\ets\pages\Index.ets:157","export type OnRequestSuccessFn = (name: string) => void@entry\src\main\ets\pages\Index.ets:157","","6.0.1(21)","export type OnRequestSuccessFn = (name: string) => void"
"export type OnSelectedIndexChange = (selectedIndex: number) => void","新增API","harmonyos_api_changes/HarmonyOS_5.1.0(18).json","export","",".type(ButtonType.Capsule)","ArkTS","entry\src\main\ets\pages\EditSimplePage.ets:146","export type OnSelectedIndexChange = (selectedIndex: number) => void@entry\src\main\ets\pages\EditSimplePage.ets:146","","5.1.0(18)","export type OnSelectedIndexChange = (selectedIndex: number) => void"
"export type OnSelectedIndexChange = (selectedIndex: number) => void","新增API","harmonyos_api_changes/HarmonyOS_5.1.0(18).json","export","",".type(ButtonType.Capsule)","ArkTS","entry\src\main\ets\pages\Index.ets:144","export type OnSelectedIndexChange = (selectedIndex: number) => void@entry\src\main\ets\pages\Index.ets:144","","5.1.0(18)","export type OnSelectedIndexChange = (selectedIndex: number) => void"
"export type OnSelectedIndexChange = (selectedIndex: number) => void","新增API","harmonyos_api_changes/HarmonyOS_5.1.0(18).json","export","",".type(ButtonType.Capsule)","ArkTS","entry\src\main\ets\pages\Index.ets:151","export type OnSelectedIndexChange = (selectedIndex: number) => void@entry\src\main\ets\pages\Index.ets:151","","5.1.0(18)","export type OnSelectedIndexChange = (selectedIndex: number) => void"
"export type OnSelectedIndexChange = (selectedIndex: number) => void","新增API","harmonyos_api_changes/HarmonyOS_5.1.0(18).json","export","",".type(ButtonType.Capsule)","ArkTS","entry\src\main\ets\pages\Index.ets:157","export type OnSelectedIndexChange = (selectedIndex: number) => void@entry\src\main\ets\pages\Index.ets:157","","5.1.0(18)","export type OnSelectedIndexChange = (selectedIndex: number) => void"
"export type OnSelectedIndexesChange = (selectedIndexes: number\[\]) => void","新增API","harmonyos_api_changes/HarmonyOS_5.1.0(18).json","export","",".type(ButtonType.Capsule)","ArkTS","entry\src\main\ets\pages\EditSimplePage.ets:146","export type OnSelectedIndexesChange = (selectedIndexes: number\[\]) => void@entry\src\main\ets\pages\EditSimplePage.ets:146","","5.1.0(18)","export type OnSelectedIndexesChange = (selectedIndexes: number\[\]) => void"
"export type OnSelectedIndexesChange = (selectedIndexes: number\[\]) => void","新增API","harmonyos_api_changes/HarmonyOS_5.1.0(18).json","export","",".type(ButtonType.Capsule)","ArkTS","entry\src\main\ets\pages\Index.ets:144","export type OnSelectedIndexesChange = (selectedIndexes: number\[\]) => void@entry\src\main\ets\pages\Index.ets:144","","5.1.0(18)","export type OnSelectedIndexesChange = (selectedIndexes: number\[\]) => void"
"export type OnSelectedIndexesChange = (selectedIndexes: number\[\]) => void","新增API","harmonyos_api_changes/HarmonyOS_5.1.0(18).json","export","",".type(ButtonType.Capsule)","ArkTS","entry\src\main\ets\pages\Index.ets:151","export type OnSelectedIndexesChange = (selectedIndexes: number\[\]) => void@entry\src\main\ets\pages\Index.ets:151","","5.1.0(18)","export type OnSelectedIndexesChange = (selectedIndexes: number\[\]) => void"
"export type OnSelectedIndexesChange = (selectedIndexes: number\[\]) => void","新增API","harmonyos_api_changes/HarmonyOS_5.1.0(18).json","export","",".type(ButtonType.Capsule)","ArkTS","entry\src\main\ets\pages\Index.ets:157","export type OnSelectedIndexesChange = (selectedIndexes: number\[\]) => void@entry\src\main\ets\pages\Index.ets:157","","5.1.0(18)","export type OnSelectedIndexesChange = (selectedIndexes: number\[\]) => void"
"export type OnStatusCodeReceive = (statusCode: number, request?: Request) => void","新增API","harmonyos_api_changes/HarmonyOS_6.0.0(20)_Beta1.json","export","",".type(ButtonType.Capsule)","ArkTS","entry\src\main\ets\pages\EditSimplePage.ets:146","export type OnStatusCodeReceive = (statusCode: number, request?: Request) => void@entry\src\main\ets\pages\EditSimplePage.ets:146","","6.0.0(20)","export type OnStatusCodeReceive = (statusCode: number, request?: Request) => void"
"export type OnStatusCodeReceive = (statusCode: number, request?: Request) => void","新增API","harmonyos_api_changes/HarmonyOS_6.0.0(20)_Beta1.json","export","",".type(ButtonType.Capsule)","ArkTS","entry\src\main\ets\pages\Index.ets:144","export type OnStatusCodeReceive = (statusCode: number, request?: Request) => void@entry\src\main\ets\pages\Index.ets:144","","6.0.0(20)","export type OnStatusCodeReceive = (statusCode: number, request?: Request) => void"
"export type OnStatusCodeReceive = (statusCode: number, request?: Request) => void","新增API","harmonyos_api_changes/HarmonyOS_6.0.0(20)_Beta1.json","export","",".type(ButtonType.Capsule)","ArkTS","entry\src\main\ets\pages\Index.ets:151","export type OnStatusCodeReceive = (statusCode: number, request?: Request) => void@entry\src\main\ets\pages\Index.ets:151","","6.0.0(20)","export type OnStatusCodeReceive = (statusCode: number, request?: Request) => void"
"export type OnStatusCodeReceive = (statusCode: number, request?: Request) => void","新增API","harmonyos_api_changes/HarmonyOS_6.0.0(20)_Beta1.json","export","",".type(ButtonType.Capsule)","ArkTS","entry\src\main\ets\pages\Index.ets:157","export type OnStatusCodeReceive = (statusCode: number, request?: Request) => void@entry\src\main\ets\pages\Index.ets:157","","6.0.0(20)","export type OnStatusCodeReceive = (statusCode: number, request?: Request) => void"
"export type OnTimeInfo = (timeInfo: TimeInfo) => void","新增API","harmonyos_api_changes/HarmonyOS_5.0.3(15)_Beta2.json","export","",".type(ButtonType.Capsule)","ArkTS","entry\src\main\ets\pages\EditSimplePage.ets:146","export type OnTimeInfo = (timeInfo: TimeInfo) => void@entry\src\main\ets\pages\EditSimplePage.ets:146","","5.0.3(15)","export type OnTimeInfo = (timeInfo: TimeInfo) => void"
"export type OnTimeInfo = (timeInfo: TimeInfo) => void","新增API","harmonyos_api_changes/HarmonyOS_5.0.3(15)_Beta2.json","export","",".type(ButtonType.Capsule)","ArkTS","entry\src\main\ets\pages\Index.ets:144","export type OnTimeInfo = (timeInfo: TimeInfo) => void@entry\src\main\ets\pages\Index.ets:144","","5.0.3(15)","export type OnTimeInfo = (timeInfo: TimeInfo) => void"
"export type OnTimeInfo = (timeInfo: TimeInfo) => void","新增API","harmonyos_api_changes/HarmonyOS_5.0.3(15)_Beta2.json","export","",".type(ButtonType.Capsule)","ArkTS","entry\src\main\ets\pages\Index.ets:151","export type OnTimeInfo = (timeInfo: TimeInfo) => void@entry\src\main\ets\pages\Index.ets:151","","5.0.3(15)","export type OnTimeInfo = (timeInfo: TimeInfo) => void"
"export type OnTimeInfo = (timeInfo: TimeInfo) => void","新增API","harmonyos_api_changes/HarmonyOS_5.0.3(15)_Beta2.json","export","",".type(ButtonType.Capsule)","ArkTS","entry\src\main\ets\pages\Index.ets:157","export type OnTimeInfo = (timeInfo: TimeInfo) => void@entry\src\main\ets\pages\Index.ets:157","","5.0.3(15)","export type OnTimeInfo = (timeInfo: TimeInfo) => void"
"export type OnTimeInfo = (timeInfo: TimeInfo, request?: Request) => void","API模型切换","harmonyos_api_changes/HarmonyOS_6.1.0(23)_Beta1.json","export","",".type(ButtonType.Capsule)","ArkTS","entry\src\main\ets\pages\EditSimplePage.ets:146","export type OnTimeInfo = (timeInfo: TimeInfo, request?: Request) => void@entry\src\main\ets\pages\EditSimplePage.ets:146","","6.1.0(23)","export type OnTimeInfo = (timeInfo: TimeInfo, request?: Request) => void"
"export type OnTimeInfo = (timeInfo: TimeInfo, request?: Request) => void","API模型切换","harmonyos_api_changes/HarmonyOS_6.1.0(23)_Beta1.json","export","",".type(ButtonType.Capsule)","ArkTS","entry\src\main\ets\pages\Index.ets:144","export type OnTimeInfo = (timeInfo: TimeInfo, request?: Request) => void@entry\src\main\ets\pages\Index.ets:144","","6.1.0(23)","export type OnTimeInfo = (timeInfo: TimeInfo, request?: Request) => void"
"export type OnTimeInfo = (timeInfo: TimeInfo, request?: Request) => void","API模型切换","harmonyos_api_changes/HarmonyOS_6.1.0(23)_Beta1.json","export","",".type(ButtonType.Capsule)","ArkTS","entry\src\main\ets\pages\Index.ets:151","export type OnTimeInfo = (timeInfo: TimeInfo, request?: Request) => void@entry\src\main\ets\pages\Index.ets:151","","6.1.0(23)","export type OnTimeInfo = (timeInfo: TimeInfo, request?: Request) => void"
"export type OnTimeInfo = (timeInfo: TimeInfo, request?: Request) => void","API模型切换","harmonyos_api_changes/HarmonyOS_6.1.0(23)_Beta1.json","export","",".type(ButtonType.Capsule)","ArkTS","entry\src\main\ets\pages\Index.ets:157","export type OnTimeInfo = (timeInfo: TimeInfo, request?: Request) => void@entry\src\main\ets\pages\Index.ets:157","","6.1.0(23)","export type OnTimeInfo = (timeInfo: TimeInfo, request?: Request) => void"
"export type OnUploadProgress = (totalSize: number, transferredSize: number) => void","自定义类型变更","harmonyos_api_changes/HarmonyOS_6.0.0(20)_Beta1.json","export","",".type(ButtonType.Capsule)","ArkTS","entry\src\main\ets\pages\EditSimplePage.ets:146","export type OnUploadProgress = (totalSize: number, transferredSize: number) => void@entry\src\main\ets\pages\EditSimplePage.ets:146","","6.0.0(20)","export type OnUploadProgress = (totalSize: number, transferredSize: number) => void"
"export type OnUploadProgress = (totalSize: number, transferredSize: number) => void","自定义类型变更","harmonyos_api_changes/HarmonyOS_6.0.0(20)_Beta1.json","export","",".type(ButtonType.Capsule)","ArkTS","entry\src\main\ets\pages\Index.ets:144","export type OnUploadProgress = (totalSize: number, transferredSize: number) => void@entry\src\main\ets\pages\Index.ets:144","","6.0.0(20)","export type OnUploadProgress = (totalSize: number, transferredSize: number) => void"
"export type OnUploadProgress = (totalSize: number, transferredSize: number) => void","自定义类型变更","harmonyos_api_changes/HarmonyOS_6.0.0(20)_Beta1.json","export","",".type(ButtonType.Capsule)","ArkTS","entry\src\main\ets\pages\Index.ets:151","export type OnUploadProgress = (totalSize: number, transferredSize: number) => void@entry\src\main\ets\pages\Index.ets:151","","6.0.0(20)","export type OnUploadProgress = (totalSize: number, transferredSize: number) => void"
"export type OnUploadProgress = (totalSize: number, transferredSize: number) => void","自定义类型变更","harmonyos_api_changes/HarmonyOS_6.0.0(20)_Beta1.json","export","",".type(ButtonType.Capsule)","ArkTS","entry\src\main\ets\pages\Index.ets:157","export type OnUploadProgress = (totalSize: number, transferredSize: number) => void@entry\src\main\ets\pages\Index.ets:157","","6.0.0(20)","export type OnUploadProgress = (totalSize: number, transferredSize: number) => void"
"export type OnUploadProgress = (totalSize: number, transferredSize: number, request?: Request) => void","API模型切换","harmonyos_api_changes/HarmonyOS_6.1.0(23)_Beta1.json","export","",".type(ButtonType.Capsule)","ArkTS","entry\src\main\ets\pages\EditSimplePage.ets:146","export type OnUploadProgress = (totalSize: number, transferredSize: number, request?: Request) => void@entry\src\main\ets\pages\EditSimplePage.ets:146","","6.1.0(23)","export type OnUploadProgress = (totalSize: number, transferredSize: number, request?: Request) => void"
"export type OnUploadProgress = (totalSize: number, transferredSize: number, request?: Request) => void","API模型切换","harmonyos_api_changes/HarmonyOS_6.1.0(23)_Beta1.json","export","",".type(ButtonType.Capsule)","ArkTS","entry\src\main\ets\pages\Index.ets:144","export type OnUploadProgress = (totalSize: number, transferredSize: number, request?: Request) => void@entry\src\main\ets\pages\Index.ets:144","","6.1.0(23)","export type OnUploadProgress = (totalSize: number, transferredSize: number, request?: Request) => void"
"export type OnUploadProgress = (totalSize: number, transferredSize: number, request?: Request) => void","API模型切换","harmonyos_api_changes/HarmonyOS_6.1.0(23)_Beta1.json","export","",".type(ButtonType.Capsule)","ArkTS","entry\src\main\ets\pages\Index.ets:151","export type OnUploadProgress = (totalSize: number, transferredSize: number, request?: Request) => void@entry\src\main\ets\pages\Index.ets:151","","6.1.0(23)","export type OnUploadProgress = (totalSize: number, transferredSize: number, request?: Request) => void"
"export type OnUploadProgress = (totalSize: number, transferredSize: number, request?: Request) => void","API模型切换","harmonyos_api_changes/HarmonyOS_6.1.0(23)_Beta1.json","export","",".type(ButtonType.Capsule)","ArkTS","entry\src\main\ets\pages\Index.ets:157","export type OnUploadProgress = (totalSize: number, transferredSize: number, request?: Request) => void@entry\src\main\ets\pages\Index.ets:157","","6.1.0(23)","export type OnUploadProgress = (totalSize: number, transferredSize: number, request?: Request) => void"
"export type PhotoBrowserChangeStartCallback = (targetPhotoInfo: BaseItemInfo) => void","新增API","harmonyos_api_changes/HarmonyOS_6.1.0(23)_Beta1.json","export","",".type(ButtonType.Capsule)","ArkTS","entry\src\main\ets\pages\EditSimplePage.ets:146","export type PhotoBrowserChangeStartCallback = (targetPhotoInfo: BaseItemInfo) => void@entry\src\main\ets\pages\EditSimplePage.ets:146","","6.1.0(23)","export type PhotoBrowserChangeStartCallback = (targetPhotoInfo: BaseItemInfo) => void"
"export type PhotoBrowserChangeStartCallback = (targetPhotoInfo: BaseItemInfo) => void","新增API","harmonyos_api_changes/HarmonyOS_6.1.0(23)_Beta1.json","export","",".type(ButtonType.Capsule)","ArkTS","entry\src\main\ets\pages\Index.ets:144","export type PhotoBrowserChangeStartCallback = (targetPhotoInfo: BaseItemInfo) => void@entry\src\main\ets\pages\Index.ets:144","","6.1.0(23)","export type PhotoBrowserChangeStartCallback = (targetPhotoInfo: BaseItemInfo) => void"
"export type PhotoBrowserChangeStartCallback = (targetPhotoInfo: BaseItemInfo) => void","新增API","harmonyos_api_changes/HarmonyOS_6.1.0(23)_Beta1.json","export","",".type(ButtonType.Capsule)","ArkTS","entry\src\main\ets\pages\Index.ets:151","export type PhotoBrowserChangeStartCallback = (targetPhotoInfo: BaseItemInfo) => void@entry\src\main\ets\pages\Index.ets:151","","6.1.0(23)","export type PhotoBrowserChangeStartCallback = (targetPhotoInfo: BaseItemInfo) => void"
"export type PhotoBrowserChangeStartCallback = (targetPhotoInfo: BaseItemInfo) => void","新增API","harmonyos_api_changes/HarmonyOS_6.1.0(23)_Beta1.json","export","",".type(ButtonType.Capsule)","ArkTS","entry\src\main\ets\pages\Index.ets:157","export type PhotoBrowserChangeStartCallback = (targetPhotoInfo: BaseItemInfo) => void@entry\src\main\ets\pages\Index.ets:157","","6.1.0(23)","export type PhotoBrowserChangeStartCallback = (targetPhotoInfo: BaseItemInfo) => void"
"export type PhotoBrowserZoomCallback = (scale: number) => void","新增API","harmonyos_api_changes/HarmonyOS_26.0.0_Beta2.json","export","",".type(ButtonType.Capsule)","ArkTS","entry\src\main\ets\pages\EditSimplePage.ets:146","export type PhotoBrowserZoomCallback = (scale: number) => void@entry\src\main\ets\pages\EditSimplePage.ets:146","","26.0.0 Beta2","export type PhotoBrowserZoomCallback = (scale: number) => void"
"export type PhotoBrowserZoomCallback = (scale: number) => void","新增API","harmonyos_api_changes/HarmonyOS_26.0.0_Beta2.json","export","",".type(ButtonType.Capsule)","ArkTS","entry\src\main\ets\pages\Index.ets:144","export type PhotoBrowserZoomCallback = (scale: number) => void@entry\src\main\ets\pages\Index.ets:144","","26.0.0 Beta2","export type PhotoBrowserZoomCallback = (scale: number) => void"
"export type PhotoBrowserZoomCallback = (scale: number) => void","新增API","harmonyos_api_changes/HarmonyOS_26.0.0_Beta2.json","export","",".type(ButtonType.Capsule)","ArkTS","entry\src\main\ets\pages\Index.ets:151","export type PhotoBrowserZoomCallback = (scale: number) => void@entry\src\main\ets\pages\Index.ets:151","","26.0.0 Beta2","export type PhotoBrowserZoomCallback = (scale: number) => void"
"export type PhotoBrowserZoomCallback = (scale: number) => void","新增API","harmonyos_api_changes/HarmonyOS_26.0.0_Beta2.json","export","",".type(ButtonType.Capsule)","ArkTS","entry\src\main\ets\pages\Index.ets:157","export type PhotoBrowserZoomCallback = (scale: number) => void@entry\src\main\ets\pages\Index.ets:157","","26.0.0 Beta2","export type PhotoBrowserZoomCallback = (scale: number) => void"
"export type PinchGridSwitchedCallback = (gridLevel: photoAccessHelper.GridLevel) => void","新增API","harmonyos_api_changes/HarmonyOS_6.1.0(23)_Beta1.json","export","",".type(ButtonType.Capsule)","ArkTS","entry\src\main\ets\pages\EditSimplePage.ets:146","export type PinchGridSwitchedCallback = (gridLevel: photoAccessHelper.GridLevel) => void@entry\src\main\ets\pages\EditSimplePage.ets:146","","6.1.0(23)","export type PinchGridSwitchedCallback = (gridLevel: photoAccessHelper.GridLevel) => void"
"export type PinchGridSwitchedCallback = (gridLevel: photoAccessHelper.GridLevel) => void","新增API","harmonyos_api_changes/HarmonyOS_6.1.0(23)_Beta1.json","export","",".type(ButtonType.Capsule)","ArkTS","entry\src\main\ets\pages\Index.ets:144","export type PinchGridSwitchedCallback = (gridLevel: photoAccessHelper.GridLevel) => void@entry\src\main\ets\pages\Index.ets:144","","6.1.0(23)","export type PinchGridSwitchedCallback = (gridLevel: photoAccessHelper.GridLevel) => void"
"export type PinchGridSwitchedCallback = (gridLevel: photoAccessHelper.GridLevel) => void","新增API","harmonyos_api_changes/HarmonyOS_6.1.0(23)_Beta1.json","export","",".type(ButtonType.Capsule)","ArkTS","entry\src\main\ets\pages\Index.ets:151","export type PinchGridSwitchedCallback = (gridLevel: photoAccessHelper.GridLevel) => void@entry\src\main\ets\pages\Index.ets:151","","6.1.0(23)","export type PinchGridSwitchedCallback = (gridLevel: photoAccessHelper.GridLevel) => void"
"export type PinchGridSwitchedCallback = (gridLevel: photoAccessHelper.GridLevel) => void","新增API","harmonyos_api_changes/HarmonyOS_6.1.0(23)_Beta1.json","export","",".type(ButtonType.Capsule)","ArkTS","entry\src\main\ets\pages\Index.ets:157","export type PinchGridSwitchedCallback = (gridLevel: photoAccessHelper.GridLevel) => void@entry\src\main\ets\pages\Index.ets:157","","6.1.0(23)","export type PinchGridSwitchedCallback = (gridLevel: photoAccessHelper.GridLevel) => void"
"export type ProxySender = (data: string) => void","新增API","harmonyos_api_changes/HarmonyOS_26.0.0_Beta2.json","export","",".type(ButtonType.Capsule)","ArkTS","entry\src\main\ets\pages\EditSimplePage.ets:146","export type ProxySender = (data: string) => void@entry\src\main\ets\pages\EditSimplePage.ets:146","","26.0.0 Beta2","export type ProxySender = (data: string) => void"
"export type ProxySender = (data: string) => void","新增API","harmonyos_api_changes/HarmonyOS_26.0.0_Beta2.json","export","",".type(ButtonType.Capsule)","ArkTS","entry\src\main\ets\pages\Index.ets:144","export type ProxySender = (data: string) => void@entry\src\main\ets\pages\Index.ets:144","","26.0.0 Beta2","export type ProxySender = (data: string) => void"
"export type ProxySender = (data: string) => void","新增API","harmonyos_api_changes/HarmonyOS_26.0.0_Beta2.json","export","",".type(ButtonType.Capsule)","ArkTS","entry\src\main\ets\pages\Index.ets:151","export type ProxySender = (data: string) => void@entry\src\main\ets\pages\Index.ets:151","","26.0.0 Beta2","export type ProxySender = (data: string) => void"
"export type ProxySender = (data: string) => void","新增API","harmonyos_api_changes/HarmonyOS_26.0.0_Beta2.json","export","",".type(ButtonType.Capsule)","ArkTS","entry\src\main\ets\pages\Index.ets:157","export type ProxySender = (data: string) => void@entry\src\main\ets\pages\Index.ets:157","","26.0.0 Beta2","export type ProxySender = (data: string) => void"
"export type RecentPhotoCheckInfoCallback = (recentPhotoExists: boolean, info: RecentPhotoInfo) => void","新增API","harmonyos_api_changes/HarmonyOS_5.0.1(13)_Beta3.json","export","",".type(ButtonType.Capsule)","ArkTS","entry\src\main\ets\pages\EditSimplePage.ets:146","export type RecentPhotoCheckInfoCallback = (recentPhotoExists: boolean, info: RecentPhotoInfo) => void@entry\src\main\ets\pages\EditSimplePage.ets:146","","5.0.1(13)","export type RecentPhotoCheckInfoCallback = (recentPhotoExists: boolean, info: RecentPhotoInfo) => void"
"export type RecentPhotoCheckInfoCallback = (recentPhotoExists: boolean, info: RecentPhotoInfo) => void","新增API","harmonyos_api_changes/HarmonyOS_5.0.1(13)_Beta3.json","export","",".type(ButtonType.Capsule)","ArkTS","entry\src\main\ets\pages\Index.ets:144","export type RecentPhotoCheckInfoCallback = (recentPhotoExists: boolean, info: RecentPhotoInfo) => void@entry\src\main\ets\pages\Index.ets:144","","5.0.1(13)","export type RecentPhotoCheckInfoCallback = (recentPhotoExists: boolean, info: RecentPhotoInfo) => void"
"export type RecentPhotoCheckInfoCallback = (recentPhotoExists: boolean, info: RecentPhotoInfo) => void","新增API","harmonyos_api_changes/HarmonyOS_5.0.1(13)_Beta3.json","export","",".type(ButtonType.Capsule)","ArkTS","entry\src\main\ets\pages\Index.ets:151","export type RecentPhotoCheckInfoCallback = (recentPhotoExists: boolean, info: RecentPhotoInfo) => void@entry\src\main\ets\pages\Index.ets:151","","5.0.1(13)","export type RecentPhotoCheckInfoCallback = (recentPhotoExists: boolean, info: RecentPhotoInfo) => void"
"export type RecentPhotoCheckInfoCallback = (recentPhotoExists: boolean, info: RecentPhotoInfo) => void","新增API","harmonyos_api_changes/HarmonyOS_5.0.1(13)_Beta3.json","export","",".type(ButtonType.Capsule)","ArkTS","entry\src\main\ets\pages\Index.ets:157","export type RecentPhotoCheckInfoCallback = (recentPhotoExists: boolean, info: RecentPhotoInfo) => void@entry\src\main\ets\pages\Index.ets:157","","5.0.1(13)","export type RecentPhotoCheckInfoCallback = (recentPhotoExists: boolean, info: RecentPhotoInfo) => void"
"export type ResourceUsageObserver = (resourceType: ResourceType, resourceSize: number, detailInfo?: Record<string, number>) => void","新增API","harmonyos_api_changes/HarmonyOS_6.1.1(24)_Beta1.json","export","",".type(ButtonType.Capsule)","ArkTS","entry\src\main\ets\pages\EditSimplePage.ets:146","export type ResourceUsageObserver = (resourceType: ResourceType, resourceSize: number, detailInfo?: Record<string, number>) => void@entry\src\main\ets\pages\EditSimplePage.ets:146","","6.1.1(24)","export type ResourceUsageObserver = (resourceType: ResourceType, resourceSize: number, detailInfo?: Record<string, number>) => void"
"export type ResourceUsageObserver = (resourceType: ResourceType, resourceSize: number, detailInfo?: Record<string, number>) => void","新增API","harmonyos_api_changes/HarmonyOS_6.1.1(24)_Beta1.json","export","",".type(ButtonType.Capsule)","ArkTS","entry\src\main\ets\pages\Index.ets:144","export type ResourceUsageObserver = (resourceType: ResourceType, resourceSize: number, detailInfo?: Record<string, number>) => void@entry\src\main\ets\pages\Index.ets:144","","6.1.1(24)","export type ResourceUsageObserver = (resourceType: ResourceType, resourceSize: number, detailInfo?: Record<string, number>) => void"
"export type ResourceUsageObserver = (resourceType: ResourceType, resourceSize: number, detailInfo?: Record<string, number>) => void","新增API","harmonyos_api_changes/HarmonyOS_6.1.1(24)_Beta1.json","export","",".type(ButtonType.Capsule)","ArkTS","entry\src\main\ets\pages\Index.ets:151","export type ResourceUsageObserver = (resourceType: ResourceType, resourceSize: number, detailInfo?: Record<string, number>) => void@entry\src\main\ets\pages\Index.ets:151","","6.1.1(24)","export type ResourceUsageObserver = (resourceType: ResourceType, resourceSize: number, detailInfo?: Record<string, number>) => void"
"export type ResourceUsageObserver = (resourceType: ResourceType, resourceSize: number, detailInfo?: Record<string, number>) => void","新增API","harmonyos_api_changes/HarmonyOS_6.1.1(24)_Beta1.json","export","",".type(ButtonType.Capsule)","ArkTS","entry\src\main\ets\pages\Index.ets:157","export type ResourceUsageObserver = (resourceType: ResourceType, resourceSize: number, detailInfo?: Record<string, number>) => void@entry\src\main\ets\pages\Index.ets:157","","6.1.1(24)","export type ResourceUsageObserver = (resourceType: ResourceType, resourceSize: number, detailInfo?: Record<string, number>) => void"
"export type ResponseHeaders = { \[k: string\]: string | string\[\] | undefined; 'accept-ranges'?: 'none' | 'bytes' | (string \& NonNullable<unknown>); 'allow'?: HttpMethod | HttpMethod\[\]; 'cache-control'?: string | string\[\]; 'content-encoding'?: ContentCoding; 'content-range'?: string; 'content-type'?: ContentType; 'date'?: string; 'etag'?: string; 'expires'?: string; 'location'?: string; 'retry-after'?: string; 'set-cookie'?: string | string\[\]; 'server'?: string; 'www-authenticate'?: string | string\[\]; }","API模型切换","harmonyos_api_changes/HarmonyOS_6.1.0(23)_Beta1.json","export","",".type(ButtonType.Capsule)","ArkTS","entry\src\main\ets\pages\EditSimplePage.ets:146","export type ResponseHeaders = { \[k: string\]: string | string\[\] | undefined; 'accept-ranges'?: 'none' | 'bytes' | (string \& NonNullable<unknown>); 'allow'?: HttpMethod | HttpMethod\[\]; 'cache-control'?: string | string\[\]; 'content-encoding'?: ContentCoding; 'content-range'?: string; 'content-type'?: ContentType; 'date'?: string; 'etag'?: string; 'expires'?: string; 'location'?: string; 'retry-after'?: string; 'set-cookie'?: string | string\[\]; 'server'?: string; 'www-authenticate'?: string | string\[\]; }@entry\src\main\ets\pages\EditSimplePage.ets:146","","6.1.0(23)","export type ResponseHeaders = { \[k: string\]: string | string\[\] | undefined; 'accept-ranges'?: 'none' | 'bytes' | (string \& NonNullable<unknown>); 'allow'?: HttpMethod | HttpMethod\[\]; 'cache-control'?: string | string\[\]; 'content-encoding'?: ContentCoding; 'content-range'?: string; 'content-type'?: ContentType; 'date'?: string; 'etag'?: string; 'expires'?: string; 'location'?: string; 'retry-after'?: string; 'set-cookie'?: string | string\[\]; 'server'?: string; 'www-authenticate'?: string | string\[\]; }"
"export type ResponseHeaders = { \[k: string\]: string | string\[\] | undefined; 'accept-ranges'?: 'none' | 'bytes' | (string \& NonNullable<unknown>); 'allow'?: HttpMethod | HttpMethod\[\]; 'cache-control'?: string | string\[\]; 'content-encoding'?: ContentCoding; 'content-range'?: string; 'content-type'?: ContentType; 'date'?: string; 'etag'?: string; 'expires'?: string; 'location'?: string; 'retry-after'?: string; 'set-cookie'?: string | string\[\]; 'server'?: string; 'www-authenticate'?: string | string\[\]; }","API模型切换","harmonyos_api_changes/HarmonyOS_6.1.0(23)_Beta1.json","export","",".type(ButtonType.Capsule)","ArkTS","entry\src\main\ets\pages\Index.ets:144","export type ResponseHeaders = { \[k: string\]: string | string\[\] | undefined; 'accept-ranges'?: 'none' | 'bytes' | (string \& NonNullable<unknown>); 'allow'?: HttpMethod | HttpMethod\[\]; 'cache-control'?: string | string\[\]; 'content-encoding'?: ContentCoding; 'content-range'?: string; 'content-type'?: ContentType; 'date'?: string; 'etag'?: string; 'expires'?: string; 'location'?: string; 'retry-after'?: string; 'set-cookie'?: string | string\[\]; 'server'?: string; 'www-authenticate'?: string | string\[\]; }@entry\src\main\ets\pages\Index.ets:144","","6.1.0(23)","export type ResponseHeaders = { \[k: string\]: string | string\[\] | undefined; 'accept-ranges'?: 'none' | 'bytes' | (string \& NonNullable<unknown>); 'allow'?: HttpMethod | HttpMethod\[\]; 'cache-control'?: string | string\[\]; 'content-encoding'?: ContentCoding; 'content-range'?: string; 'content-type'?: ContentType; 'date'?: string; 'etag'?: string; 'expires'?: string; 'location'?: string; 'retry-after'?: string; 'set-cookie'?: string | string\[\]; 'server'?: string; 'www-authenticate'?: string | string\[\]; }"
"export type ResponseHeaders = { \[k: string\]: string | string\[\] | undefined; 'accept-ranges'?: 'none' | 'bytes' | (string \& NonNullable<unknown>); 'allow'?: HttpMethod | HttpMethod\[\]; 'cache-control'?: string | string\[\]; 'content-encoding'?: ContentCoding; 'content-range'?: string; 'content-type'?: ContentType; 'date'?: string; 'etag'?: string; 'expires'?: string; 'location'?: string; 'retry-after'?: string; 'set-cookie'?: string | string\[\]; 'server'?: string; 'www-authenticate'?: string | string\[\]; }","API模型切换","harmonyos_api_changes/HarmonyOS_6.1.0(23)_Beta1.json","export","",".type(ButtonType.Capsule)","ArkTS","entry\src\main\ets\pages\Index.ets:151","export type ResponseHeaders = { \[k: string\]: string | string\[\] | undefined; 'accept-ranges'?: 'none' | 'bytes' | (string \& NonNullable<unknown>); 'allow'?: HttpMethod | HttpMethod\[\]; 'cache-control'?: string | string\[\]; 'content-encoding'?: ContentCoding; 'content-range'?: string; 'content-type'?: ContentType; 'date'?: string; 'etag'?: string; 'expires'?: string; 'location'?: string; 'retry-after'?: string; 'set-cookie'?: string | string\[\]; 'server'?: string; 'www-authenticate'?: string | string\[\]; }@entry\src\main\ets\pages\Index.ets:151","","6.1.0(23)","export type ResponseHeaders = { \[k: string\]: string | string\[\] | undefined; 'accept-ranges'?: 'none' | 'bytes' | (string \& NonNullable<unknown>); 'allow'?: HttpMethod | HttpMethod\[\]; 'cache-control'?: string | string\[\]; 'content-encoding'?: ContentCoding; 'content-range'?: string; 'content-type'?: ContentType; 'date'?: string; 'etag'?: string; 'expires'?: string; 'location'?: string; 'retry-after'?: string; 'set-cookie'?: string | string\[\]; 'server'?: string; 'www-authenticate'?: string | string\[\]; }"
"export type ResponseHeaders = { \[k: string\]: string | string\[\] | undefined; 'accept-ranges'?: 'none' | 'bytes' | (string \& NonNullable<unknown>); 'allow'?: HttpMethod | HttpMethod\[\]; 'cache-control'?: string | string\[\]; 'content-encoding'?: ContentCoding; 'content-range'?: string; 'content-type'?: ContentType; 'date'?: string; 'etag'?: string; 'expires'?: string; 'location'?: string; 'retry-after'?: string; 'set-cookie'?: string | string\[\]; 'server'?: string; 'www-authenticate'?: string | string\[\]; }","API模型切换","harmonyos_api_changes/HarmonyOS_6.1.0(23)_Beta1.json","export","",".type(ButtonType.Capsule)","ArkTS","entry\src\main\ets\pages\Index.ets:157","export type ResponseHeaders = { \[k: string\]: string | string\[\] | undefined; 'accept-ranges'?: 'none' | 'bytes' | (string \& NonNullable<unknown>); 'allow'?: HttpMethod | HttpMethod\[\]; 'cache-control'?: string | string\[\]; 'content-encoding'?: ContentCoding; 'content-range'?: string; 'content-type'?: ContentType; 'date'?: string; 'etag'?: string; 'expires'?: string; 'location'?: string; 'retry-after'?: string; 'set-cookie'?: string | string\[\]; 'server'?: string; 'www-authenticate'?: string | string\[\]; }@entry\src\main\ets\pages\Index.ets:157","","6.1.0(23)","export type ResponseHeaders = { \[k: string\]: string | string\[\] | undefined; 'accept-ranges'?: 'none' | 'bytes' | (string \& NonNullable<unknown>); 'allow'?: HttpMethod | HttpMethod\[\]; 'cache-control'?: string | string\[\]; 'content-encoding'?: ContentCoding; 'content-range'?: string; 'content-type'?: ContentType; 'date'?: string; 'etag'?: string; 'expires'?: string; 'location'?: string; 'retry-after'?: string; 'set-cookie'?: string | string\[\]; 'server'?: string; 'www-authenticate'?: string | string\[\]; }"
"export type ResponseValidationCallback = (response: Response) => boolean | Promise<boolean>","API模型切换","harmonyos_api_changes/HarmonyOS_6.1.0(23)_Beta1.json","export","",".type(ButtonType.Capsule)","ArkTS","entry\src\main\ets\pages\EditSimplePage.ets:146","export type ResponseValidationCallback = (response: Response) => boolean | Promise<boolean>@entry\src\main\ets\pages\EditSimplePage.ets:146","","6.1.0(23)","export type ResponseValidationCallback = (response: Response) => boolean | Promise<boolean>"
"export type ResponseValidationCallback = (response: Response) => boolean | Promise<boolean>","API模型切换","harmonyos_api_changes/HarmonyOS_6.1.0(23)_Beta1.json","export","",".type(ButtonType.Capsule)","ArkTS","entry\src\main\ets\pages\Index.ets:144","export type ResponseValidationCallback = (response: Response) => boolean | Promise<boolean>@entry\src\main\ets\pages\Index.ets:144","","6.1.0(23)","export type ResponseValidationCallback = (response: Response) => boolean | Promise<boolean>"
"export type ResponseValidationCallback = (response: Response) => boolean | Promise<boolean>","API模型切换","harmonyos_api_changes/HarmonyOS_6.1.0(23)_Beta1.json","export","",".type(ButtonType.Capsule)","ArkTS","entry\src\main\ets\pages\Index.ets:151","export type ResponseValidationCallback = (response: Response) => boolean | Promise<boolean>@entry\src\main\ets\pages\Index.ets:151","","6.1.0(23)","export type ResponseValidationCallback = (response: Response) => boolean | Promise<boolean>"
"export type ResponseValidationCallback = (response: Response) => boolean | Promise<boolean>","API模型切换","harmonyos_api_changes/HarmonyOS_6.1.0(23)_Beta1.json","export","",".type(ButtonType.Capsule)","ArkTS","entry\src\main\ets\pages\Index.ets:157","export type ResponseValidationCallback = (response: Response) => boolean | Promise<boolean>@entry\src\main\ets\pages\Index.ets:157","","6.1.0(23)","export type ResponseValidationCallback = (response: Response) => boolean | Promise<boolean>"
"export type ScrollStopAtEndCallback = () => void","新增API","harmonyos_api_changes/HarmonyOS_6.1.0(23)_Beta1.json","export","",".type(ButtonType.Capsule)","ArkTS","entry\src\main\ets\pages\EditSimplePage.ets:146","export type ScrollStopAtEndCallback = () => void@entry\src\main\ets\pages\EditSimplePage.ets:146","","6.1.0(23)","export type ScrollStopAtEndCallback = () => void"
"export type ScrollStopAtEndCallback = () => void","新增API","harmonyos_api_changes/HarmonyOS_6.1.0(23)_Beta1.json","export","",".type(ButtonType.Capsule)","ArkTS","entry\src\main\ets\pages\Index.ets:144","export type ScrollStopAtEndCallback = () => void@entry\src\main\ets\pages\Index.ets:144","","6.1.0(23)","export type ScrollStopAtEndCallback = () => void"
"export type ScrollStopAtEndCallback = () => void","新增API","harmonyos_api_changes/HarmonyOS_6.1.0(23)_Beta1.json","export","",".type(ButtonType.Capsule)","ArkTS","entry\src\main\ets\pages\Index.ets:151","export type ScrollStopAtEndCallback = () => void@entry\src\main\ets\pages\Index.ets:151","","6.1.0(23)","export type ScrollStopAtEndCallback = () => void"
"export type ScrollStopAtEndCallback = () => void","新增API","harmonyos_api_changes/HarmonyOS_6.1.0(23)_Beta1.json","export","",".type(ButtonType.Capsule)","ArkTS","entry\src\main\ets\pages\Index.ets:157","export type ScrollStopAtEndCallback = () => void@entry\src\main\ets\pages\Index.ets:157","","6.1.0(23)","export type ScrollStopAtEndCallback = () => void"
"export type ScrollStopAtStartCallback = () => void","新增API","harmonyos_api_changes/HarmonyOS_6.1.0(23)_Beta1.json","export","",".type(ButtonType.Capsule)","ArkTS","entry\src\main\ets\pages\EditSimplePage.ets:146","export type ScrollStopAtStartCallback = () => void@entry\src\main\ets\pages\EditSimplePage.ets:146","","6.1.0(23)","export type ScrollStopAtStartCallback = () => void"
"export type ScrollStopAtStartCallback = () => void","新增API","harmonyos_api_changes/HarmonyOS_6.1.0(23)_Beta1.json","export","",".type(ButtonType.Capsule)","ArkTS","entry\src\main\ets\pages\Index.ets:144","export type ScrollStopAtStartCallback = () => void@entry\src\main\ets\pages\Index.ets:144","","6.1.0(23)","export type ScrollStopAtStartCallback = () => void"
"export type ScrollStopAtStartCallback = () => void","新增API","harmonyos_api_changes/HarmonyOS_6.1.0(23)_Beta1.json","export","",".type(ButtonType.Capsule)","ArkTS","entry\src\main\ets\pages\Index.ets:151","export type ScrollStopAtStartCallback = () => void@entry\src\main\ets\pages\Index.ets:151","","6.1.0(23)","export type ScrollStopAtStartCallback = () => void"
"export type ScrollStopAtStartCallback = () => void","新增API","harmonyos_api_changes/HarmonyOS_6.1.0(23)_Beta1.json","export","",".type(ButtonType.Capsule)","ArkTS","entry\src\main\ets\pages\Index.ets:157","export type ScrollStopAtStartCallback = () => void@entry\src\main\ets\pages\Index.ets:157","","6.1.0(23)","export type ScrollStopAtStartCallback = () => void"
"export type SearchKeyCallback = (results: SearchResultData\[\]) => boolean","新增API","harmonyos_api_changes/HarmonyOS_6.0.1(21)_Beta1.json","export","",".type(ButtonType.Capsule)","ArkTS","entry\src\main\ets\pages\EditSimplePage.ets:146","export type SearchKeyCallback = (results: SearchResultData\[\]) => boolean@entry\src\main\ets\pages\EditSimplePage.ets:146","","6.0.1(21)","export type SearchKeyCallback = (results: SearchResultData\[\]) => boolean"
"export type SearchKeyCallback = (results: SearchResultData\[\]) => boolean","新增API","harmonyos_api_changes/HarmonyOS_6.0.1(21)_Beta1.json","export","",".type(ButtonType.Capsule)","ArkTS","entry\src\main\ets\pages\Index.ets:144","export type SearchKeyCallback = (results: SearchResultData\[\]) => boolean@entry\src\main\ets\pages\Index.ets:144","","6.0.1(21)","export type SearchKeyCallback = (results: SearchResultData\[\]) => boolean"
"export type SearchKeyCallback = (results: SearchResultData\[\]) => boolean","新增API","harmonyos_api_changes/HarmonyOS_6.0.1(21)_Beta1.json","export","",".type(ButtonType.Capsule)","ArkTS","entry\src\main\ets\pages\Index.ets:151","export type SearchKeyCallback = (results: SearchResultData\[\]) => boolean@entry\src\main\ets\pages\Index.ets:151","","6.0.1(21)","export type SearchKeyCallback = (results: SearchResultData\[\]) => boolean"
"export type SearchKeyCallback = (results: SearchResultData\[\]) => boolean","新增API","harmonyos_api_changes/HarmonyOS_6.0.1(21)_Beta1.json","export","",".type(ButtonType.Capsule)","ArkTS","entry\src\main\ets\pages\Index.ets:157","export type SearchKeyCallback = (results: SearchResultData\[\]) => boolean@entry\src\main\ets\pages\Index.ets:157","","6.0.1(21)","export type SearchKeyCallback = (results: SearchResultData\[\]) => boolean"
"export type SetPreviewTextCallback = (text: string, range: Range) => void","新增API","harmonyos_api_changes/HarmonyOS_5.0.5(17).json","export","",".type(ButtonType.Capsule)","ArkTS","entry\src\main\ets\pages\EditSimplePage.ets:146","export type SetPreviewTextCallback = (text: string, range: Range) => void@entry\src\main\ets\pages\EditSimplePage.ets:146","","5.0.5(17)","export type SetPreviewTextCallback = (text: string, range: Range) => void"
"export type SetPreviewTextCallback = (text: string, range: Range) => void","新增API","harmonyos_api_changes/HarmonyOS_5.0.5(17).json","export","",".type(ButtonType.Capsule)","ArkTS","entry\src\main\ets\pages\Index.ets:144","export type SetPreviewTextCallback = (text: string, range: Range) => void@entry\src\main\ets\pages\Index.ets:144","","5.0.5(17)","export type SetPreviewTextCallback = (text: string, range: Range) => void"
"export type SetPreviewTextCallback = (text: string, range: Range) => void","新增API","harmonyos_api_changes/HarmonyOS_5.0.5(17).json","export","",".type(ButtonType.Capsule)","ArkTS","entry\src\main\ets\pages\Index.ets:151","export type SetPreviewTextCallback = (text: string, range: Range) => void@entry\src\main\ets\pages\Index.ets:151","","5.0.5(17)","export type SetPreviewTextCallback = (text: string, range: Range) => void"
"export type SetPreviewTextCallback = (text: string, range: Range) => void","新增API","harmonyos_api_changes/HarmonyOS_5.0.5(17).json","export","",".type(ButtonType.Capsule)","ArkTS","entry\src\main\ets\pages\Index.ets:157","export type SetPreviewTextCallback = (text: string, range: Range) => void@entry\src\main\ets\pages\Index.ets:157","","5.0.5(17)","export type SetPreviewTextCallback = (text: string, range: Range) => void"
"export type SizeChangeCallback = (size: window.Size, keyboardArea?: KeyboardArea) => void","新增API","harmonyos_api_changes/HarmonyOS_5.0.3(15)_Beta2.json","export","",".type(ButtonType.Capsule)","ArkTS","entry\src\main\ets\pages\EditSimplePage.ets:146","export type SizeChangeCallback = (size: window.Size, keyboardArea?: KeyboardArea) => void@entry\src\main\ets\pages\EditSimplePage.ets:146","","5.0.3(15)","export type SizeChangeCallback = (size: window.Size, keyboardArea?: KeyboardArea) => void"
"export type SizeChangeCallback = (size: window.Size, keyboardArea?: KeyboardArea) => void","新增API","harmonyos_api_changes/HarmonyOS_5.0.3(15)_Beta2.json","export","",".type(ButtonType.Capsule)","ArkTS","entry\src\main\ets\pages\Index.ets:144","export type SizeChangeCallback = (size: window.Size, keyboardArea?: KeyboardArea) => void@entry\src\main\ets\pages\Index.ets:144","","5.0.3(15)","export type SizeChangeCallback = (size: window.Size, keyboardArea?: KeyboardArea) => void"
"export type SizeChangeCallback = (size: window.Size, keyboardArea?: KeyboardArea) => void","新增API","harmonyos_api_changes/HarmonyOS_5.0.3(15)_Beta2.json","export","",".type(ButtonType.Capsule)","ArkTS","entry\src\main\ets\pages\Index.ets:151","export type SizeChangeCallback = (size: window.Size, keyboardArea?: KeyboardArea) => void@entry\src\main\ets\pages\Index.ets:151","","5.0.3(15)","export type SizeChangeCallback = (size: window.Size, keyboardArea?: KeyboardArea) => void"
"export type SizeChangeCallback = (size: window.Size, keyboardArea?: KeyboardArea) => void","新增API","harmonyos_api_changes/HarmonyOS_5.0.3(15)_Beta2.json","export","",".type(ButtonType.Capsule)","ArkTS","entry\src\main\ets\pages\Index.ets:157","export type SizeChangeCallback = (size: window.Size, keyboardArea?: KeyboardArea) => void@entry\src\main\ets\pages\Index.ets:157","","5.0.3(15)","export type SizeChangeCallback = (size: window.Size, keyboardArea?: KeyboardArea) => void"
"export type SubHeaderV2OperationItemAction = () => void","新增API","harmonyos_api_changes/HarmonyOS_5.1.0(18).json","export","",".type(ButtonType.Capsule)","ArkTS","entry\src\main\ets\pages\EditSimplePage.ets:146","export type SubHeaderV2OperationItemAction = () => void@entry\src\main\ets\pages\EditSimplePage.ets:146","","5.1.0(18)","export type SubHeaderV2OperationItemAction = () => void"
"export type SubHeaderV2OperationItemAction = () => void","新增API","harmonyos_api_changes/HarmonyOS_5.1.0(18).json","export","",".type(ButtonType.Capsule)","ArkTS","entry\src\main\ets\pages\Index.ets:144","export type SubHeaderV2OperationItemAction = () => void@entry\src\main\ets\pages\Index.ets:144","","5.1.0(18)","export type SubHeaderV2OperationItemAction = () => void"
"export type SubHeaderV2OperationItemAction = () => void","新增API","harmonyos_api_changes/HarmonyOS_5.1.0(18).json","export","",".type(ButtonType.Capsule)","ArkTS","entry\src\main\ets\pages\Index.ets:151","export type SubHeaderV2OperationItemAction = () => void@entry\src\main\ets\pages\Index.ets:151","","5.1.0(18)","export type SubHeaderV2OperationItemAction = () => void"
"export type SubHeaderV2OperationItemAction = () => void","新增API","harmonyos_api_changes/HarmonyOS_5.1.0(18).json","export","",".type(ButtonType.Capsule)","ArkTS","entry\src\main\ets\pages\Index.ets:157","export type SubHeaderV2OperationItemAction = () => void@entry\src\main\ets\pages\Index.ets:157","","5.1.0(18)","export type SubHeaderV2OperationItemAction = () => void"
"export type SubHeaderV2SelectOnSelect = (selectedIndex: number, selectedContent?: string) => void","新增API","harmonyos_api_changes/HarmonyOS_5.1.0(18).json","export","",".type(ButtonType.Capsule)","ArkTS","entry\src\main\ets\pages\EditSimplePage.ets:146","export type SubHeaderV2SelectOnSelect = (selectedIndex: number, selectedContent?: string) => void@entry\src\main\ets\pages\EditSimplePage.ets:146","","5.1.0(18)","export type SubHeaderV2SelectOnSelect = (selectedIndex: number, selectedContent?: string) => void"
"export type SubHeaderV2SelectOnSelect = (selectedIndex: number, selectedContent?: string) => void","新增API","harmonyos_api_changes/HarmonyOS_5.1.0(18).json","export","",".type(ButtonType.Capsule)","ArkTS","entry\src\main\ets\pages\Index.ets:144","export type SubHeaderV2SelectOnSelect = (selectedIndex: number, selectedContent?: string) => void@entry\src\main\ets\pages\Index.ets:144","","5.1.0(18)","export type SubHeaderV2SelectOnSelect = (selectedIndex: number, selectedContent?: string) => void"
"export type SubHeaderV2SelectOnSelect = (selectedIndex: number, selectedContent?: string) => void","新增API","harmonyos_api_changes/HarmonyOS_5.1.0(18).json","export","",".type(ButtonType.Capsule)","ArkTS","entry\src\main\ets\pages\Index.ets:151","export type SubHeaderV2SelectOnSelect = (selectedIndex: number, selectedContent?: string) => void@entry\src\main\ets\pages\Index.ets:151","","5.1.0(18)","export type SubHeaderV2SelectOnSelect = (selectedIndex: number, selectedContent?: string) => void"
"export type SubHeaderV2SelectOnSelect = (selectedIndex: number, selectedContent?: string) => void","新增API","harmonyos_api_changes/HarmonyOS_5.1.0(18).json","export","",".type(ButtonType.Capsule)","ArkTS","entry\src\main\ets\pages\Index.ets:157","export type SubHeaderV2SelectOnSelect = (selectedIndex: number, selectedContent?: string) => void@entry\src\main\ets\pages\Index.ets:157","","5.1.0(18)","export type SubHeaderV2SelectOnSelect = (selectedIndex: number, selectedContent?: string) => void"
"export type SubHeaderV2TitleBuilder = () => void","新增API","harmonyos_api_changes/HarmonyOS_5.1.0(18).json","export","",".type(ButtonType.Capsule)","ArkTS","entry\src\main\ets\pages\EditSimplePage.ets:146","export type SubHeaderV2TitleBuilder = () => void@entry\src\main\ets\pages\EditSimplePage.ets:146","","5.1.0(18)","export type SubHeaderV2TitleBuilder = () => void"
"export type SubHeaderV2TitleBuilder = () => void","新增API","harmonyos_api_changes/HarmonyOS_5.1.0(18).json","export","",".type(ButtonType.Capsule)","ArkTS","entry\src\main\ets\pages\Index.ets:144","export type SubHeaderV2TitleBuilder = () => void@entry\src\main\ets\pages\Index.ets:144","","5.1.0(18)","export type SubHeaderV2TitleBuilder = () => void"
"export type SubHeaderV2TitleBuilder = () => void","新增API","harmonyos_api_changes/HarmonyOS_5.1.0(18).json","export","",".type(ButtonType.Capsule)","ArkTS","entry\src\main\ets\pages\Index.ets:151","export type SubHeaderV2TitleBuilder = () => void@entry\src\main\ets\pages\Index.ets:151","","5.1.0(18)","export type SubHeaderV2TitleBuilder = () => void"
"export type SubHeaderV2TitleBuilder = () => void","新增API","harmonyos_api_changes/HarmonyOS_5.1.0(18).json","export","",".type(ButtonType.Capsule)","ArkTS","entry\src\main\ets\pages\Index.ets:157","export type SubHeaderV2TitleBuilder = () => void@entry\src\main\ets\pages\Index.ets:157","","5.1.0(18)","export type SubHeaderV2TitleBuilder = () => void"
"export type TargetFileCallback = (request: Request, suggestedPath: Path) => TargetFile | Promise<TargetFile>","API模型切换","harmonyos_api_changes/HarmonyOS_6.1.0(23)_Beta1.json","export","",".type(ButtonType.Capsule)","ArkTS","entry\src\main\ets\pages\EditSimplePage.ets:146","export type TargetFileCallback = (request: Request, suggestedPath: Path) => TargetFile | Promise<TargetFile>@entry\src\main\ets\pages\EditSimplePage.ets:146","","6.1.0(23)","export type TargetFileCallback = (request: Request, suggestedPath: Path) => TargetFile | Promise<TargetFile>"
"export type TargetFileCallback = (request: Request, suggestedPath: Path) => TargetFile | Promise<TargetFile>","API模型切换","harmonyos_api_changes/HarmonyOS_6.1.0(23)_Beta1.json","export","",".type(ButtonType.Capsule)","ArkTS","entry\src\main\ets\pages\Index.ets:144","export type TargetFileCallback = (request: Request, suggestedPath: Path) => TargetFile | Promise<TargetFile>@entry\src\main\ets\pages\Index.ets:144","","6.1.0(23)","export type TargetFileCallback = (request: Request, suggestedPath: Path) => TargetFile | Promise<TargetFile>"
"export type TargetFileCallback = (request: Request, suggestedPath: Path) => TargetFile | Promise<TargetFile>","API模型切换","harmonyos_api_changes/HarmonyOS_6.1.0(23)_Beta1.json","export","",".type(ButtonType.Capsule)","ArkTS","entry\src\main\ets\pages\Index.ets:151","export type TargetFileCallback = (request: Request, suggestedPath: Path) => TargetFile | Promise<TargetFile>@entry\src\main\ets\pages\Index.ets:151","","6.1.0(23)","export type TargetFileCallback = (request: Request, suggestedPath: Path) => TargetFile | Promise<TargetFile>"
"export type TargetFileCallback = (request: Request, suggestedPath: Path) => TargetFile | Promise<TargetFile>","API模型切换","harmonyos_api_changes/HarmonyOS_6.1.0(23)_Beta1.json","export","",".type(ButtonType.Capsule)","ArkTS","entry\src\main\ets\pages\Index.ets:157","export type TargetFileCallback = (request: Request, suggestedPath: Path) => TargetFile | Promise<TargetFile>@entry\src\main\ets\pages\Index.ets:157","","6.1.0(23)","export type TargetFileCallback = (request: Request, suggestedPath: Path) => TargetFile | Promise<TargetFile>"
"export type ToolBarV2ItemAction = (index: number) => void","新增API","harmonyos_api_changes/HarmonyOS_5.1.0(18).json","export","",".type(ButtonType.Capsule)","ArkTS","entry\src\main\ets\pages\EditSimplePage.ets:146","export type ToolBarV2ItemAction = (index: number) => void@entry\src\main\ets\pages\EditSimplePage.ets:146","","5.1.0(18)","export type ToolBarV2ItemAction = (index: number) => void"
"export type ToolBarV2ItemAction = (index: number) => void","新增API","harmonyos_api_changes/HarmonyOS_5.1.0(18).json","export","",".type(ButtonType.Capsule)","ArkTS","entry\src\main\ets\pages\Index.ets:144","export type ToolBarV2ItemAction = (index: number) => void@entry\src\main\ets\pages\Index.ets:144","","5.1.0(18)","export type ToolBarV2ItemAction = (index: number) => void"
"export type ToolBarV2ItemAction = (index: number) => void","新增API","harmonyos_api_changes/HarmonyOS_5.1.0(18).json","export","",".type(ButtonType.Capsule)","ArkTS","entry\src\main\ets\pages\Index.ets:151","export type ToolBarV2ItemAction = (index: number) => void@entry\src\main\ets\pages\Index.ets:151","","5.1.0(18)","export type ToolBarV2ItemAction = (index: number) => void"
"export type ToolBarV2ItemAction = (index: number) => void","新增API","harmonyos_api_changes/HarmonyOS_5.1.0(18).json","export","",".type(ButtonType.Capsule)","ArkTS","entry\src\main\ets\pages\Index.ets:157","export type ToolBarV2ItemAction = (index: number) => void@entry\src\main\ets\pages\Index.ets:157","","5.1.0(18)","export type ToolBarV2ItemAction = (index: number) => void"
"export type UpReadState = (readState: ReadStateCode) => void","新增API","harmonyos_api_changes/HarmonyOS_6.1.1(24)_Beta1.json","export","",".type(ButtonType.Capsule)","ArkTS","entry\src\main\ets\pages\EditSimplePage.ets:146","export type UpReadState = (readState: ReadStateCode) => void@entry\src\main\ets\pages\EditSimplePage.ets:146","","6.1.1(24)","export type UpReadState = (readState: ReadStateCode) => void"
"export type UpReadState = (readState: ReadStateCode) => void","新增API","harmonyos_api_changes/HarmonyOS_6.1.1(24)_Beta1.json","export","",".type(ButtonType.Capsule)","ArkTS","entry\src\main\ets\pages\Index.ets:144","export type UpReadState = (readState: ReadStateCode) => void@entry\src\main\ets\pages\Index.ets:144","","6.1.1(24)","export type UpReadState = (readState: ReadStateCode) => void"
"export type UpReadState = (readState: ReadStateCode) => void","新增API","harmonyos_api_changes/HarmonyOS_6.1.1(24)_Beta1.json","export","",".type(ButtonType.Capsule)","ArkTS","entry\src\main\ets\pages\Index.ets:151","export type UpReadState = (readState: ReadStateCode) => void@entry\src\main\ets\pages\Index.ets:151","","6.1.1(24)","export type UpReadState = (readState: ReadStateCode) => void"
"export type UpReadState = (readState: ReadStateCode) => void","新增API","harmonyos_api_changes/HarmonyOS_6.1.1(24)_Beta1.json","export","",".type(ButtonType.Capsule)","ArkTS","entry\src\main\ets\pages\Index.ets:157","export type UpReadState = (readState: ReadStateCode) => void@entry\src\main\ets\pages\Index.ets:157","","6.1.1(24)","export type UpReadState = (readState: ReadStateCode) => void"
"export type ValidationCallback = (context: ValidationContext) => boolean | Promise<boolean>","API模型切换","harmonyos_api_changes/HarmonyOS_6.1.0(23)_Beta1.json","export","",".type(ButtonType.Capsule)","ArkTS","entry\src\main\ets\pages\EditSimplePage.ets:146","export type ValidationCallback = (context: ValidationContext) => boolean | Promise<boolean>@entry\src\main\ets\pages\EditSimplePage.ets:146","","6.1.0(23)","export type ValidationCallback = (context: ValidationContext) => boolean | Promise<boolean>"
"export type ValidationCallback = (context: ValidationContext) => boolean | Promise<boolean>","API模型切换","harmonyos_api_changes/HarmonyOS_6.1.0(23)_Beta1.json","export","",".type(ButtonType.Capsule)","ArkTS","entry\src\main\ets\pages\Index.ets:144","export type ValidationCallback = (context: ValidationContext) => boolean | Promise<boolean>@entry\src\main\ets\pages\Index.ets:144","","6.1.0(23)","export type ValidationCallback = (context: ValidationContext) => boolean | Promise<boolean>"
"export type ValidationCallback = (context: ValidationContext) => boolean | Promise<boolean>","API模型切换","harmonyos_api_changes/HarmonyOS_6.1.0(23)_Beta1.json","export","",".type(ButtonType.Capsule)","ArkTS","entry\src\main\ets\pages\Index.ets:151","export type ValidationCallback = (context: ValidationContext) => boolean | Promise<boolean>@entry\src\main\ets\pages\Index.ets:151","","6.1.0(23)","export type ValidationCallback = (context: ValidationContext) => boolean | Promise<boolean>"
"export type ValidationCallback = (context: ValidationContext) => boolean | Promise<boolean>","API模型切换","harmonyos_api_changes/HarmonyOS_6.1.0(23)_Beta1.json","export","",".type(ButtonType.Capsule)","ArkTS","entry\src\main\ets\pages\Index.ets:157","export type ValidationCallback = (context: ValidationContext) => boolean | Promise<boolean>@entry\src\main\ets\pages\Index.ets:157","","6.1.0(23)","export type ValidationCallback = (context: ValidationContext) => boolean | Promise<boolean>"
"export type customInfoWindowCallback = (markerDelegate: map.MarkerDelegate) => void","修改导出符号","harmonyos_api_changes/HarmonyOS_26.0.0_Beta2.json","export","",".type(ButtonType.Capsule)","ArkTS","entry\src\main\ets\pages\EditSimplePage.ets:146","export type customInfoWindowCallback = (markerDelegate: map.MarkerDelegate) => void@entry\src\main\ets\pages\EditSimplePage.ets:146","","26.0.0 Beta2","export type customInfoWindowCallback = (markerDelegate: map.MarkerDelegate) => void"
"export type customInfoWindowCallback = (markerDelegate: map.MarkerDelegate) => void","修改导出符号","harmonyos_api_changes/HarmonyOS_26.0.0_Beta2.json","export","",".type(ButtonType.Capsule)","ArkTS","entry\src\main\ets\pages\Index.ets:144","export type customInfoWindowCallback = (markerDelegate: map.MarkerDelegate) => void@entry\src\main\ets\pages\Index.ets:144","","26.0.0 Beta2","export type customInfoWindowCallback = (markerDelegate: map.MarkerDelegate) => void"
"export type customInfoWindowCallback = (markerDelegate: map.MarkerDelegate) => void","修改导出符号","harmonyos_api_changes/HarmonyOS_26.0.0_Beta2.json","export","",".type(ButtonType.Capsule)","ArkTS","entry\src\main\ets\pages\Index.ets:151","export type customInfoWindowCallback = (markerDelegate: map.MarkerDelegate) => void@entry\src\main\ets\pages\Index.ets:151","","26.0.0 Beta2","export type customInfoWindowCallback = (markerDelegate: map.MarkerDelegate) => void"
"export type customInfoWindowCallback = (markerDelegate: map.MarkerDelegate) => void","修改导出符号","harmonyos_api_changes/HarmonyOS_26.0.0_Beta2.json","export","",".type(ButtonType.Capsule)","ArkTS","entry\src\main\ets\pages\Index.ets:157","export type customInfoWindowCallback = (markerDelegate: map.MarkerDelegate) => void@entry\src\main\ets\pages\Index.ets:157","","26.0.0 Beta2","export type customInfoWindowCallback = (markerDelegate: map.MarkerDelegate) => void"
"export type videoPlayStateChangedCallback = (state: VideoPlayerState) => void","新增API","harmonyos_api_changes/HarmonyOS_5.0.2(14).json","export","",".type(ButtonType.Capsule)","ArkTS","entry\src\main\ets\pages\EditSimplePage.ets:146","export type videoPlayStateChangedCallback = (state: VideoPlayerState) => void@entry\src\main\ets\pages\EditSimplePage.ets:146","","5.0.2(14)","export type videoPlayStateChangedCallback = (state: VideoPlayerState) => void"
"export type videoPlayStateChangedCallback = (state: VideoPlayerState) => void","新增API","harmonyos_api_changes/HarmonyOS_5.0.2(14).json","export","",".type(ButtonType.Capsule)","ArkTS","entry\src\main\ets\pages\Index.ets:144","export type videoPlayStateChangedCallback = (state: VideoPlayerState) => void@entry\src\main\ets\pages\Index.ets:144","","5.0.2(14)","export type videoPlayStateChangedCallback = (state: VideoPlayerState) => void"
"export type videoPlayStateChangedCallback = (state: VideoPlayerState) => void","新增API","harmonyos_api_changes/HarmonyOS_5.0.2(14).json","export","",".type(ButtonType.Capsule)","ArkTS","entry\src\main\ets\pages\Index.ets:151","export type videoPlayStateChangedCallback = (state: VideoPlayerState) => void@entry\src\main\ets\pages\Index.ets:151","","5.0.2(14)","export type videoPlayStateChangedCallback = (state: VideoPlayerState) => void"
"export type videoPlayStateChangedCallback = (state: VideoPlayerState) => void","新增API","harmonyos_api_changes/HarmonyOS_5.0.2(14).json","export","",".type(ButtonType.Capsule)","ArkTS","entry\src\main\ets\pages\Index.ets:157","export type videoPlayStateChangedCallback = (state: VideoPlayerState) => void@entry\src\main\ets\pages\Index.ets:157","","5.0.2(14)","export type videoPlayStateChangedCallback = (state: VideoPlayerState) => void"
"fontWeight(value: number | FontWeight | string): T","函数变更","harmonyos_api_changes/HarmonyOS_6.0.0(20)_Beta2.json","fontWeight","",".fontWeight(FontWeight.Bold)","ArkTS","entry\src\main\ets\pages\EditSimplePage.ets:100","fontWeight(value: number | FontWeight | string): T@entry\src\main\ets\pages\EditSimplePage.ets:100","","6.0.0(20)","fontWeight(value: number | FontWeight | string): T"
"fontWeight(value: number | FontWeight | string): T","函数变更","harmonyos_api_changes/HarmonyOS_6.0.0(20)_Beta2.json","fontWeight","",".fontWeight(FontWeight.Bold)","ArkTS","entry\src\main\ets\pages\EditSimplePage.ets:135","fontWeight(value: number | FontWeight | string): T@entry\src\main\ets\pages\EditSimplePage.ets:135","","6.0.0(20)","fontWeight(value: number | FontWeight | string): T"
"fontWeight(value: number | FontWeight | string): T","函数变更","harmonyos_api_changes/HarmonyOS_6.0.0(20)_Beta2.json","fontWeight","",".fontWeight(FontWeight.Bold)","ArkTS","entry\src\main\ets\pages\EditSimplePage.ets:147","fontWeight(value: number | FontWeight | string): T@entry\src\main\ets\pages\EditSimplePage.ets:147","","6.0.0(20)","fontWeight(value: number | FontWeight | string): T"
"fontWeight(value: number | FontWeight | string): T","函数变更","harmonyos_api_changes/HarmonyOS_6.0.0(20)_Beta2.json","fontWeight","",".fontWeight(FontWeight.Bold)","ArkTS","entry\src\main\ets\pages\Index.ets:110","fontWeight(value: number | FontWeight | string): T@entry\src\main\ets\pages\Index.ets:110","","6.0.0(20)","fontWeight(value: number | FontWeight | string): T"
"fontWeight(value: number | FontWeight | string): T","函数变更","harmonyos_api_changes/HarmonyOS_6.0.0(20)_Beta2.json","fontWeight","",".fontWeight(FontWeight.Bold)","ArkTS","entry\src\main\ets\pages\SelectSimplePage.ets:77","fontWeight(value: number | FontWeight | string): T@entry\src\main\ets\pages\SelectSimplePage.ets:77","","6.0.0(20)","fontWeight(value: number | FontWeight | string): T"
"fontWeight(value: number | FontWeight | string): TextAttribute","函数变更","harmonyos_api_changes/HarmonyOS_6.0.0(20)_Beta1.json","fontWeight","",".fontWeight(FontWeight.Bold)","ArkTS","entry\src\main\ets\pages\EditSimplePage.ets:100","fontWeight(value: number | FontWeight | string): TextAttribute@entry\src\main\ets\pages\EditSimplePage.ets:100","","6.0.0(20)","fontWeight(value: number | FontWeight | string): TextAttribute"
"fontWeight(value: number | FontWeight | string): TextAttribute","函数变更","harmonyos_api_changes/HarmonyOS_6.0.0(20)_Beta1.json","fontWeight","",".fontWeight(FontWeight.Bold)","ArkTS","entry\src\main\ets\pages\EditSimplePage.ets:135","fontWeight(value: number | FontWeight | string): TextAttribute@entry\src\main\ets\pages\EditSimplePage.ets:135","","6.0.0(20)","fontWeight(value: number | FontWeight | string): TextAttribute"
"fontWeight(value: number | FontWeight | string): TextAttribute","函数变更","harmonyos_api_changes/HarmonyOS_6.0.0(20)_Beta1.json","fontWeight","",".fontWeight(FontWeight.Bold)","ArkTS","entry\src\main\ets\pages\Index.ets:110","fontWeight(value: number | FontWeight | string): TextAttribute@entry\src\main\ets\pages\Index.ets:110","","6.0.0(20)","fontWeight(value: number | FontWeight | string): TextAttribute"
"fontWeight(value: number | FontWeight | string): TextAttribute","函数变更","harmonyos_api_changes/HarmonyOS_6.0.0(20)_Beta1.json","fontWeight","",".fontWeight(FontWeight.Bold)","ArkTS","entry\src\main\ets\pages\SelectSimplePage.ets:77","fontWeight(value: number | FontWeight | string): TextAttribute@entry\src\main\ets\pages\SelectSimplePage.ets:77","","6.0.0(20)","fontWeight(value: number | FontWeight | string): TextAttribute"
"fontWeight(weight: number | FontWeight | string, options?: FontSettingOptions): TextAttribute","函数变更","harmonyos_api_changes/HarmonyOS_6.0.0(20)_Beta1.json","fontWeight","",".fontWeight(FontWeight.Bold)","ArkTS","entry\src\main\ets\pages\EditSimplePage.ets:100","fontWeight(weight: number | FontWeight | string, options?: FontSettingOptions): TextAttribute@entry\src\main\ets\pages\EditSimplePage.ets:100","","6.0.0(20)","fontWeight(weight: number | FontWeight | string, options?: FontSettingOptions): TextAttribute"
"fontWeight(weight: number | FontWeight | string, options?: FontSettingOptions): TextAttribute","函数变更","harmonyos_api_changes/HarmonyOS_6.0.0(20)_Beta1.json","fontWeight","",".fontWeight(FontWeight.Bold)","ArkTS","entry\src\main\ets\pages\EditSimplePage.ets:135","fontWeight(weight: number | FontWeight | string, options?: FontSettingOptions): TextAttribute@entry\src\main\ets\pages\EditSimplePage.ets:135","","6.0.0(20)","fontWeight(weight: number | FontWeight | string, options?: FontSettingOptions): TextAttribute"
"fontWeight(weight: number | FontWeight | string, options?: FontSettingOptions): TextAttribute","函数变更","harmonyos_api_changes/HarmonyOS_6.0.0(20)_Beta1.json","fontWeight","",".fontWeight(FontWeight.Bold)","ArkTS","entry\src\main\ets\pages\Index.ets:110","fontWeight(weight: number | FontWeight | string, options?: FontSettingOptions): TextAttribute@entry\src\main\ets\pages\Index.ets:110","","6.0.0(20)","fontWeight(weight: number | FontWeight | string, options?: FontSettingOptions): TextAttribute"
"fontWeight(weight: number | FontWeight | string, options?: FontSettingOptions): TextAttribute","函数变更","harmonyos_api_changes/HarmonyOS_6.0.0(20)_Beta1.json","fontWeight","",".fontWeight(FontWeight.Bold)","ArkTS","entry\src\main\ets\pages\SelectSimplePage.ets:77","fontWeight(weight: number | FontWeight | string, options?: FontSettingOptions): TextAttribute@entry\src\main\ets\pages\SelectSimplePage.ets:77","","6.0.0(20)","fontWeight(weight: number | FontWeight | string, options?: FontSettingOptions): TextAttribute"
"fontWeight: number","新增API","harmonyos_api_changes/HarmonyOS_5.0.4(16).json","fontWeight","",".fontWeight(FontWeight.Bold)","ArkTS","entry\src\main\ets\pages\EditSimplePage.ets:100","fontWeight: number@entry\src\main\ets\pages\EditSimplePage.ets:100","","5.0.4(16)","fontWeight: number"
"fontWeight: number","新增API","harmonyos_api_changes/HarmonyOS_5.0.4(16).json","fontWeight","",".fontWeight(FontWeight.Bold)","ArkTS","entry\src\main\ets\pages\EditSimplePage.ets:135","fontWeight: number@entry\src\main\ets\pages\EditSimplePage.ets:135","","5.0.4(16)","fontWeight: number"
"fontWeight: number","新增API","harmonyos_api_changes/HarmonyOS_5.0.4(16).json","fontWeight","",".fontWeight(FontWeight.Bold)","ArkTS","entry\src\main\ets\pages\EditSimplePage.ets:147","fontWeight: number@entry\src\main\ets\pages\EditSimplePage.ets:147","","5.0.4(16)","fontWeight: number"
"fontWeight: number","新增API","harmonyos_api_changes/HarmonyOS_5.0.4(16).json","fontWeight","",".fontWeight(FontWeight.Bold)","ArkTS","entry\src\main\ets\pages\Index.ets:110","fontWeight: number@entry\src\main\ets\pages\Index.ets:110","","5.0.4(16)","fontWeight: number"
"fontWeight: number","新增API","harmonyos_api_changes/HarmonyOS_5.0.4(16).json","fontWeight","",".fontWeight(FontWeight.Bold)","ArkTS","entry\src\main\ets\pages\SelectSimplePage.ets:77","fontWeight: number@entry\src\main\ets\pages\SelectSimplePage.ets:77","","5.0.4(16)","fontWeight: number"
"fontWeight?: FontWeight","API从不支持元服务到支持元服务","harmonyos_api_changes/HarmonyOS_6.0.2(22).json","fontWeight","",".fontWeight(FontWeight.Bold)","ArkTS","entry\src\main\ets\pages\EditSimplePage.ets:100","fontWeight?: FontWeight@entry\src\main\ets\pages\EditSimplePage.ets:100","","6.0.2(22)","fontWeight?: FontWeight"
"fontWeight?: FontWeight","API从不支持元服务到支持元服务","harmonyos_api_changes/HarmonyOS_6.0.2(22).json","fontWeight","",".fontWeight(FontWeight.Bold)","ArkTS","entry\src\main\ets\pages\EditSimplePage.ets:135","fontWeight?: FontWeight@entry\src\main\ets\pages\EditSimplePage.ets:135","","6.0.2(22)","fontWeight?: FontWeight"
"fontWeight?: FontWeight","API从不支持元服务到支持元服务","harmonyos_api_changes/HarmonyOS_6.0.2(22).json","fontWeight","",".fontWeight(FontWeight.Bold)","ArkTS","entry\src\main\ets\pages\EditSimplePage.ets:147","fontWeight?: FontWeight@entry\src\main\ets\pages\EditSimplePage.ets:147","","6.0.2(22)","fontWeight?: FontWeight"
"fontWeight?: FontWeight","API从不支持元服务到支持元服务","harmonyos_api_changes/HarmonyOS_6.0.2(22).json","fontWeight","",".fontWeight(FontWeight.Bold)","ArkTS","entry\src\main\ets\pages\Index.ets:110","fontWeight?: FontWeight@entry\src\main\ets\pages\Index.ets:110","","6.0.2(22)","fontWeight?: FontWeight"
"fontWeight?: FontWeight","API从不支持元服务到支持元服务","harmonyos_api_changes/HarmonyOS_6.0.2(22).json","fontWeight","",".fontWeight(FontWeight.Bold)","ArkTS","entry\src\main\ets\pages\SelectSimplePage.ets:77","fontWeight?: FontWeight@entry\src\main\ets\pages\SelectSimplePage.ets:77","","6.0.2(22)","fontWeight?: FontWeight"
"fontWeight?: number | FontWeight | string","属性变更","harmonyos_api_changes/HarmonyOS_6.0.0(20)_Beta1.json","fontWeight","",".fontWeight(FontWeight.Bold)","ArkTS","entry\src\main\ets\pages\EditSimplePage.ets:100","fontWeight?: number | FontWeight | string@entry\src\main\ets\pages\EditSimplePage.ets:100","","6.0.0(20)","fontWeight?: number | FontWeight | string"
"fontWeight?: number | FontWeight | string","属性变更","harmonyos_api_changes/HarmonyOS_6.0.0(20)_Beta1.json","fontWeight","",".fontWeight(FontWeight.Bold)","ArkTS","entry\src\main\ets\pages\EditSimplePage.ets:135","fontWeight?: number | FontWeight | string@entry\src\main\ets\pages\EditSimplePage.ets:135","","6.0.0(20)","fontWeight?: number | FontWeight | string"
"fontWeight?: number | FontWeight | string","属性变更","harmonyos_api_changes/HarmonyOS_6.0.0(20)_Beta1.json","fontWeight","",".fontWeight(FontWeight.Bold)","ArkTS","entry\src\main\ets\pages\EditSimplePage.ets:147","fontWeight?: number | FontWeight | string@entry\src\main\ets\pages\EditSimplePage.ets:147","","6.0.0(20)","fontWeight?: number | FontWeight | string"
"fontWeight?: number | FontWeight | string","属性变更","harmonyos_api_changes/HarmonyOS_6.0.0(20)_Beta1.json","fontWeight","",".fontWeight(FontWeight.Bold)","ArkTS","entry\src\main\ets\pages\Index.ets:110","fontWeight?: number | FontWeight | string@entry\src\main\ets\pages\Index.ets:110","","6.0.0(20)","fontWeight?: number | FontWeight | string"
"fontWeight?: number | FontWeight | string","属性变更","harmonyos_api_changes/HarmonyOS_6.0.0(20)_Beta1.json","fontWeight","",".fontWeight(FontWeight.Bold)","ArkTS","entry\src\main\ets\pages\SelectSimplePage.ets:77","fontWeight?: number | FontWeight | string@entry\src\main\ets\pages\SelectSimplePage.ets:77","","6.0.0(20)","fontWeight?: number | FontWeight | string"
"function back(index: number, params?: Object): void","API废弃版本变更","harmonyos_api_changes/HarmonyOS_5.1.0(18).json","back","","this.getUIContext().getRouter().back();","ArkTS","entry\src\main\ets\pages\EditSimplePage.ets:88","function back(index: number, params?: Object): void@entry\src\main\ets\pages\EditSimplePage.ets:88","this","5.1.0(18)","function back(index: number, params?: Object): void"
"function back(index: number, params?: Object): void","API废弃版本变更","harmonyos_api_changes/HarmonyOS_5.1.0(18).json","back","","this.getUIContext().getRouter().back();","ArkTS","entry\src\main\ets\pages\SelectSimplePage.ets:65","function back(index: number, params?: Object): void@entry\src\main\ets\pages\SelectSimplePage.ets:65","this","5.1.0(18)","function back(index: number, params?: Object): void"
"function back(options?: RouterOptions): void","API废弃版本变更","harmonyos_api_changes/HarmonyOS_5.1.0(18).json","back","","this.getUIContext().getRouter().back();","ArkTS","entry\src\main\ets\pages\EditSimplePage.ets:88","function back(options?: RouterOptions): void@entry\src\main\ets\pages\EditSimplePage.ets:88","this","5.1.0(18)","function back(options?: RouterOptions): void"
"function back(options?: RouterOptions): void","API废弃版本变更","harmonyos_api_changes/HarmonyOS_5.1.0(18).json","back","","this.getUIContext().getRouter().back();","ArkTS","entry\src\main\ets\pages\SelectSimplePage.ets:65","function back(options?: RouterOptions): void@entry\src\main\ets\pages\SelectSimplePage.ets:65","this","5.1.0(18)","function back(options?: RouterOptions): void"
"function bind(floatViewController: FloatViewController, floatingBallController: floatingBall.FloatingBallController, floatingBallParams: floatingBall.FloatingBallParams): Promise<void>","新增API","harmonyos_api_changes/HarmonyOS_26.0.0_Beta1.json","bind","","this.controller.bind(","ArkTS","ohos_library\src\main\ets\components\FlexTags.ets:100","function bind(floatViewController: FloatViewController, floatingBallController: floatingBall.FloatingBallController, floatingBallParams: floatingBall.FloatingBallParams): Promise<void>@ohos_library\src\main\ets\components\FlexTags.ets:100","this","26.0.0 Beta2","function bind(floatViewController: FloatViewController, floatingBallController: floatingBall.FloatingBallController, floatingBallParams: floatingBall.FloatingBallParams): Promise<void>"
"function pushUrl(options: RouterOptions): Promise<void>","API废弃版本变更","harmonyos_api_changes/HarmonyOS_5.1.0(18).json","pushUrl","","this.getUIContext().getRouter().pushUrl({ url: 'pages/SelectSimplePage' });","ArkTS","entry\src\main\ets\pages\Index.ets:153","function pushUrl(options: RouterOptions): Promise<void>@entry\src\main\ets\pages\Index.ets:153","this","5.1.0(18)","function pushUrl(options: RouterOptions): Promise<void>"
"function pushUrl(options: RouterOptions): Promise<void>","API废弃版本变更","harmonyos_api_changes/HarmonyOS_5.1.0(18).json","pushUrl","","this.getUIContext().getRouter().pushUrl({ url: 'pages/EditSimplePage' });","ArkTS","entry\src\main\ets\pages\Index.ets:159","function pushUrl(options: RouterOptions): Promise<void>@entry\src\main\ets\pages\Index.ets:159","this","5.1.0(18)","function pushUrl(options: RouterOptions): Promise<void>"
"function pushUrl(options: RouterOptions, callback: AsyncCallback<void>): void","API废弃版本变更","harmonyos_api_changes/HarmonyOS_5.1.0(18).json","pushUrl","","this.getUIContext().getRouter().pushUrl({ url: 'pages/SelectSimplePage' });","ArkTS","entry\src\main\ets\pages\Index.ets:153","function pushUrl(options: RouterOptions, callback: AsyncCallback<void>): void@entry\src\main\ets\pages\Index.ets:153","this","5.1.0(18)","function pushUrl(options: RouterOptions, callback: AsyncCallback<void>): void"
"function pushUrl(options: RouterOptions, callback: AsyncCallback<void>): void","API废弃版本变更","harmonyos_api_changes/HarmonyOS_5.1.0(18).json","pushUrl","","this.getUIContext().getRouter().pushUrl({ url: 'pages/EditSimplePage' });","ArkTS","entry\src\main\ets\pages\Index.ets:159","function pushUrl(options: RouterOptions, callback: AsyncCallback<void>): void@entry\src\main\ets\pages\Index.ets:159","this","5.1.0(18)","function pushUrl(options: RouterOptions, callback: AsyncCallback<void>): void"
"function pushUrl(options: RouterOptions, mode: RouterMode): Promise<void>","API废弃版本变更","harmonyos_api_changes/HarmonyOS_5.1.0(18).json","pushUrl","","this.getUIContext().getRouter().pushUrl({ url: 'pages/SelectSimplePage' });","ArkTS","entry\src\main\ets\pages\Index.ets:153","function pushUrl(options: RouterOptions, mode: RouterMode): Promise<void>@entry\src\main\ets\pages\Index.ets:153","this","5.1.0(18)","function pushUrl(options: RouterOptions, mode: RouterMode): Promise<void>"
"function pushUrl(options: RouterOptions, mode: RouterMode): Promise<void>","API废弃版本变更","harmonyos_api_changes/HarmonyOS_5.1.0(18).json","pushUrl","","this.getUIContext().getRouter().pushUrl({ url: 'pages/EditSimplePage' });","ArkTS","entry\src\main\ets\pages\Index.ets:159","function pushUrl(options: RouterOptions, mode: RouterMode): Promise<void>@entry\src\main\ets\pages\Index.ets:159","this","5.1.0(18)","function pushUrl(options: RouterOptions, mode: RouterMode): Promise<void>"
"function pushUrl(options: RouterOptions, mode: RouterMode, callback: AsyncCallback<void>): void","API废弃版本变更","harmonyos_api_changes/HarmonyOS_5.1.0(18).json","pushUrl","","this.getUIContext().getRouter().pushUrl({ url: 'pages/SelectSimplePage' });","ArkTS","entry\src\main\ets\pages\Index.ets:153","function pushUrl(options: RouterOptions, mode: RouterMode, callback: AsyncCallback<void>): void@entry\src\main\ets\pages\Index.ets:153","this","5.1.0(18)","function pushUrl(options: RouterOptions, mode: RouterMode, callback: AsyncCallback<void>): void"
"function pushUrl(options: RouterOptions, mode: RouterMode, callback: AsyncCallback<void>): void","API废弃版本变更","harmonyos_api_changes/HarmonyOS_5.1.0(18).json","pushUrl","","this.getUIContext().getRouter().pushUrl({ url: 'pages/EditSimplePage' });","ArkTS","entry\src\main\ets\pages\Index.ets:159","function pushUrl(options: RouterOptions, mode: RouterMode, callback: AsyncCallback<void>): void@entry\src\main\ets\pages\Index.ets:159","this","5.1.0(18)","function pushUrl(options: RouterOptions, mode: RouterMode, callback: AsyncCallback<void>): void"
"function showToast(options: ShowToastOptions): void","API废弃版本变更","harmonyos_api_changes/HarmonyOS_5.1.0(18).json","showToast","","this.getUIContext().getPromptAction().showToast({ message: text });","ArkTS","entry\src\main\ets\pages\Index.ets:52","function showToast(options: ShowToastOptions): void@entry\src\main\ets\pages\Index.ets:52","this","5.1.0(18)","function showToast(options: ShowToastOptions): void"
"getUIContext(): UIContext","成员由子类迁移至父类","harmonyos_api_changes/HarmonyOS_5.1.0(18).json","getUIContext","","this.getUIContext().getRouter().back();","ArkTS","entry\src\main\ets\pages\EditSimplePage.ets:88","getUIContext(): UIContext@entry\src\main\ets\pages\EditSimplePage.ets:88","this","5.1.0(18)","getUIContext(): UIContext"
"getUIContext(): UIContext","成员由子类迁移至父类","harmonyos_api_changes/HarmonyOS_5.1.0(18).json","getUIContext","","this.getUIContext().getRouter().pushUrl({ url: 'pages/SelectSimplePage' });","ArkTS","entry\src\main\ets\pages\Index.ets:153","getUIContext(): UIContext@entry\src\main\ets\pages\Index.ets:153","this","5.1.0(18)","getUIContext(): UIContext"
"getUIContext(): UIContext","成员由子类迁移至父类","harmonyos_api_changes/HarmonyOS_5.1.0(18).json","getUIContext","","this.getUIContext().getRouter().pushUrl({ url: 'pages/EditSimplePage' });","ArkTS","entry\src\main\ets\pages\Index.ets:159","getUIContext(): UIContext@entry\src\main\ets\pages\Index.ets:159","this","5.1.0(18)","getUIContext(): UIContext"
"getUIContext(): UIContext","成员由子类迁移至父类","harmonyos_api_changes/HarmonyOS_5.1.0(18).json","getUIContext","","this.getUIContext().getPromptAction().showToast({ message: text });","ArkTS","entry\src\main\ets\pages\Index.ets:52","getUIContext(): UIContext@entry\src\main\ets\pages\Index.ets:52","this","5.1.0(18)","getUIContext(): UIContext"
"getUIContext(): UIContext","成员由子类迁移至父类","harmonyos_api_changes/HarmonyOS_5.1.0(18).json","getUIContext","","this.getUIContext().getRouter().back();","ArkTS","entry\src\main\ets\pages\SelectSimplePage.ets:65","getUIContext(): UIContext@entry\src\main\ets\pages\SelectSimplePage.ets:65","this","5.1.0(18)","getUIContext(): UIContext"
"inputText(p: Point, text: string): Promise<void>","类新增同名方法且参数类型与已有的参数类型范围是包含关系","harmonyos_api_changes/HarmonyOS_6.0.0(20)_Beta1.json","inputText","","TextInput({ text: this.inputText })","ArkTS","entry\src\main\ets\pages\EditSimplePage.ets:138","inputText(p: Point, text: string): Promise<void>@entry\src\main\ets\pages\EditSimplePage.ets:138","","6.0.0(20)","inputText(p: Point, text: string): Promise<void>"
"inputText(p: Point, text: string): Promise<void>","类新增同名方法且参数类型与已有的参数类型范围是包含关系","harmonyos_api_changes/HarmonyOS_6.0.0(20)_Beta1.json","inputText","","this.inputText = value;","ArkTS","entry\src\main\ets\pages\EditSimplePage.ets:141","inputText(p: Point, text: string): Promise<void>@entry\src\main\ets\pages\EditSimplePage.ets:141","this","6.0.0(20)","inputText(p: Point, text: string): Promise<void>"
"inputText(p: Point, text: string): Promise<void>","类新增同名方法且参数类型与已有的参数类型范围是包含关系","harmonyos_api_changes/HarmonyOS_6.0.0(20)_Beta1.json","inputText","","if (this.inputText.length === 0) {","ArkTS","entry\src\main\ets\pages\EditSimplePage.ets:40","inputText(p: Point, text: string): Promise<void>@entry\src\main\ets\pages\EditSimplePage.ets:40","","6.0.0(20)","inputText(p: Point, text: string): Promise<void>"
"inputText(p: Point, text: string): Promise<void>","类新增同名方法且参数类型与已有的参数类型范围是包含关系","harmonyos_api_changes/HarmonyOS_6.0.0(20)_Beta1.json","inputText","","this.tags.push(new SelectBean(this.inputText, false));","ArkTS","entry\src\main\ets\pages\EditSimplePage.ets:43","inputText(p: Point, text: string): Promise<void>@entry\src\main\ets\pages\EditSimplePage.ets:43","this","6.0.0(20)","inputText(p: Point, text: string): Promise<void>"
"inputText(text: string): Promise<void>","类新增同名方法且参数类型与已有的参数类型范围是包含关系","harmonyos_api_changes/HarmonyOS_6.0.0(20)_Beta1.json","inputText","","TextInput({ text: this.inputText })","ArkTS","entry\src\main\ets\pages\EditSimplePage.ets:138","inputText(text: string): Promise<void>@entry\src\main\ets\pages\EditSimplePage.ets:138","","6.0.0(20)","inputText(text: string): Promise<void>"
"inputText(text: string): Promise<void>","类新增同名方法且参数类型与已有的参数类型范围是包含关系","harmonyos_api_changes/HarmonyOS_6.0.0(20)_Beta1.json","inputText","","this.inputText = value;","ArkTS","entry\src\main\ets\pages\EditSimplePage.ets:141","inputText(text: string): Promise<void>@entry\src\main\ets\pages\EditSimplePage.ets:141","this","6.0.0(20)","inputText(text: string): Promise<void>"
"inputText(text: string): Promise<void>","类新增同名方法且参数类型与已有的参数类型范围是包含关系","harmonyos_api_changes/HarmonyOS_6.0.0(20)_Beta1.json","inputText","","if (this.inputText.length === 0) {","ArkTS","entry\src\main\ets\pages\EditSimplePage.ets:40","inputText(text: string): Promise<void>@entry\src\main\ets\pages\EditSimplePage.ets:40","","6.0.0(20)","inputText(text: string): Promise<void>"
"inputText(text: string): Promise<void>","类新增同名方法且参数类型与已有的参数类型范围是包含关系","harmonyos_api_changes/HarmonyOS_6.0.0(20)_Beta1.json","inputText","","this.tags.push(new SelectBean(this.inputText, false));","ArkTS","entry\src\main\ets\pages\EditSimplePage.ets:43","inputText(text: string): Promise<void>@entry\src\main\ets\pages\EditSimplePage.ets:43","this","6.0.0(20)","inputText(text: string): Promise<void>"
"loadContent(path: string, callback: AsyncCallback<void>): void","删除错误码","harmonyos_api_changes/HarmonyOS_5.1.1(19)_Release.json","loadContent","","windowStage.loadContent('pages/Index', (err) => {","ArkTS","entry\src\main\ets\entryability\EntryAbility.ets:25","loadContent(path: string, callback: AsyncCallback<void>): void@entry\src\main\ets\entryability\EntryAbility.ets:25","windowStage","5.1.1(19)","loadContent(path: string, callback: AsyncCallback<void>): void"
"loadContent(path: string, storage: LocalStorage): Promise<void>","删除错误码","harmonyos_api_changes/HarmonyOS_5.1.1(19)_Release.json","loadContent","","windowStage.loadContent('pages/Index', (err) => {","ArkTS","entry\src\main\ets\entryability\EntryAbility.ets:25","loadContent(path: string, storage: LocalStorage): Promise<void>@entry\src\main\ets\entryability\EntryAbility.ets:25","windowStage","5.1.1(19)","loadContent(path: string, storage: LocalStorage): Promise<void>"
"loadContent(path: string, storage: LocalStorage, callback: AsyncCallback<void>): void","删除错误码","harmonyos_api_changes/HarmonyOS_5.1.1(19)_Release.json","loadContent","","windowStage.loadContent('pages/Index', (err) => {","ArkTS","entry\src\main\ets\entryability\EntryAbility.ets:25","loadContent(path: string, storage: LocalStorage, callback: AsyncCallback<void>): void@entry\src\main\ets\entryability\EntryAbility.ets:25","windowStage","5.1.1(19)","loadContent(path: string, storage: LocalStorage, callback: AsyncCallback<void>): void"
"loadContent(path: string, storage?: LocalStorage): Promise<void>","删除错误码","harmonyos_api_changes/HarmonyOS_5.1.1(19)_Release.json","loadContent","","windowStage.loadContent('pages/Index', (err) => {","ArkTS","entry\src\main\ets\entryability\EntryAbility.ets:25","loadContent(path: string, storage?: LocalStorage): Promise<void>@entry\src\main\ets\entryability\EntryAbility.ets:25","windowStage","5.1.1(19)","loadContent(path: string, storage?: LocalStorage): Promise<void>"
"onChange?: (value: Date) => void","函数变更","harmonyos_api_changes/HarmonyOS_5.1.0(18).json","onChange","",".onChange((value: string) => {","ArkTS","entry\src\main\ets\pages\EditSimplePage.ets:140","onChange?: (value: Date) => void@entry\src\main\ets\pages\EditSimplePage.ets:140","","5.1.0(18)","onChange?: (value: Date) => void"
"readonly options?: DecorationOptions","类新增可选成员","harmonyos_api_changes/HarmonyOS_6.0.0(20)_Beta1.json","readonly","","direction: this.options.direction ?? FlexDirection.Row,","ArkTS","ohos_library\src\main\ets\components\FlexTags.ets:170","readonly options?: DecorationOptions@ohos_library\src\main\ets\components\FlexTags.ets:170","","6.0.0(20)","readonly options?: DecorationOptions"
"readonly options?: DecorationOptions","类新增可选成员","harmonyos_api_changes/HarmonyOS_6.0.0(20)_Beta1.json","readonly","","wrap: this.options.wrap ?? FlexWrap.Wrap,","ArkTS","ohos_library\src\main\ets\components\FlexTags.ets:171","readonly options?: DecorationOptions@ohos_library\src\main\ets\components\FlexTags.ets:171","","6.0.0(20)","readonly options?: DecorationOptions"
"readonly options?: DecorationOptions","类新增可选成员","harmonyos_api_changes/HarmonyOS_6.0.0(20)_Beta1.json","readonly","","justifyContent: this.options.justifyContent ?? FlexAlign.Start,","ArkTS","ohos_library\src\main\ets\components\FlexTags.ets:172","readonly options?: DecorationOptions@ohos_library\src\main\ets\components\FlexTags.ets:172","","6.0.0(20)","readonly options?: DecorationOptions"
"readonly options?: DecorationOptions","类新增可选成员","harmonyos_api_changes/HarmonyOS_6.0.0(20)_Beta1.json","readonly","","alignItems: this.options.alignItems ?? ItemAlign.Start,","ArkTS","ohos_library\src\main\ets\components\FlexTags.ets:173","readonly options?: DecorationOptions@ohos_library\src\main\ets\components\FlexTags.ets:173","","6.0.0(20)","readonly options?: DecorationOptions"
"readonly options?: DecorationOptions","类新增可选成员","harmonyos_api_changes/HarmonyOS_6.0.0(20)_Beta1.json","readonly","","alignContent: this.options.alignContent ?? FlexAlign.Start,","ArkTS","ohos_library\src\main\ets\components\FlexTags.ets:174","readonly options?: DecorationOptions@ohos_library\src\main\ets\components\FlexTags.ets:174","","6.0.0(20)","readonly options?: DecorationOptions"
"readonly options?: LineSpacingOptions","新增API","harmonyos_api_changes/HarmonyOS_26.0.0_Beta1.json","readonly","","direction: this.options.direction ?? FlexDirection.Row,","ArkTS","ohos_library\src\main\ets\components\FlexTags.ets:170","readonly options?: LineSpacingOptions@ohos_library\src\main\ets\components\FlexTags.ets:170","","26.0.0 Beta2","readonly options?: LineSpacingOptions"
"readonly options?: LineSpacingOptions","新增API","harmonyos_api_changes/HarmonyOS_26.0.0_Beta1.json","readonly","","wrap: this.options.wrap ?? FlexWrap.Wrap,","ArkTS","ohos_library\src\main\ets\components\FlexTags.ets:171","readonly options?: LineSpacingOptions@ohos_library\src\main\ets\components\FlexTags.ets:171","","26.0.0 Beta2","readonly options?: LineSpacingOptions"
"readonly options?: LineSpacingOptions","新增API","harmonyos_api_changes/HarmonyOS_26.0.0_Beta1.json","readonly","","justifyContent: this.options.justifyContent ?? FlexAlign.Start,","ArkTS","ohos_library\src\main\ets\components\FlexTags.ets:172","readonly options?: LineSpacingOptions@ohos_library\src\main\ets\components\FlexTags.ets:172","","26.0.0 Beta2","readonly options?: LineSpacingOptions"
"readonly options?: LineSpacingOptions","新增API","harmonyos_api_changes/HarmonyOS_26.0.0_Beta1.json","readonly","","alignItems: this.options.alignItems ?? ItemAlign.Start,","ArkTS","ohos_library\src\main\ets\components\FlexTags.ets:173","readonly options?: LineSpacingOptions@ohos_library\src\main\ets\components\FlexTags.ets:173","","26.0.0 Beta2","readonly options?: LineSpacingOptions"
"readonly options?: LineSpacingOptions","新增API","harmonyos_api_changes/HarmonyOS_26.0.0_Beta1.json","readonly","","alignContent: this.options.alignContent ?? FlexAlign.Start,","ArkTS","ohos_library\src\main\ets\components\FlexTags.ets:174","readonly options?: LineSpacingOptions@ohos_library\src\main\ets\components\FlexTags.ets:174","","26.0.0 Beta2","readonly options?: LineSpacingOptions"
"setColorMode(colorMode: ConfigurationConstant.ColorMode): void","类新增必选属性或非同名方法","harmonyos_api_changes/HarmonyOS_5.1.0(18).json","setColorMode","","this.context.getApplicationContext().setColorMode(ConfigurationConstant.ColorMode.COLOR_MODE_NOT_SET);","ArkTS","entry\src\main\ets\entryability\EntryAbility.ets:10","setColorMode(colorMode: ConfigurationConstant.ColorMode): void@entry\src\main\ets\entryability\EntryAbility.ets:10","this","5.1.0(18)","setColorMode(colorMode: ConfigurationConstant.ColorMode): void"
"showToast(options: promptAction.ShowToastOptions): void","UX视觉布局变更","harmonyos_behavior_changes/HarmonyOS_26.0.0(26)_Beta1.json","showToast","","this.getUIContext().getPromptAction().showToast({ message: text });","ArkTS","entry\src\main\ets\pages\Index.ets:52","showToast(options: promptAction.ShowToastOptions): void@entry\src\main\ets\pages\Index.ets:52","this","26.0.0(26)","showToast(options: promptAction.ShowToastOptions): void"
"tags: Array<string>","新增API","harmonyos_api_changes/HarmonyOS_6.1.1(24)_Beta1.json","tags","","let idx: number = this.tags.indexOf(bean);","ArkTS","entry\src\main\ets\model\ItemViews.ets:120","tags: Array<string>@entry\src\main\ets\model\ItemViews.ets:120","","6.1.1(24)","tags: Array<string>"
"tags: Array<string>","新增API","harmonyos_api_changes/HarmonyOS_6.1.1(24)_Beta1.json","tags","","this.tags.splice(idx, 1);","ArkTS","entry\src\main\ets\model\ItemViews.ets:122","tags: Array<string>@entry\src\main\ets\model\ItemViews.ets:122","this","6.1.1(24)","tags: Array<string>"
"tags: Array<string>","新增API","harmonyos_api_changes/HarmonyOS_6.1.1(24)_Beta1.json","tags","","this.tags.push(new SelectBean(this.inputText, false));","ArkTS","entry\src\main\ets\pages\EditSimplePage.ets:43","tags: Array<string>@entry\src\main\ets\pages\EditSimplePage.ets:43","this","6.1.1(24)","tags: Array<string>"
"tags?: string\[\]","新增API","harmonyos_api_changes/HarmonyOS_6.1.0(23)_Beta1.json","tags","","let idx: number = this.tags.indexOf(bean);","ArkTS","entry\src\main\ets\model\ItemViews.ets:120","tags?: string\[\]@entry\src\main\ets\model\ItemViews.ets:120","","6.1.0(23)","tags?: string\[\]"
"tags?: string\[\]","新增API","harmonyos_api_changes/HarmonyOS_6.1.0(23)_Beta1.json","tags","","this.tags.splice(idx, 1);","ArkTS","entry\src\main\ets\model\ItemViews.ets:122","tags?: string\[\]@entry\src\main\ets\model\ItemViews.ets:122","this","6.1.0(23)","tags?: string\[\]"
"tags?: string\[\]","新增API","harmonyos_api_changes/HarmonyOS_6.1.0(23)_Beta1.json","tags","","this.tags.push(new SelectBean(this.inputText, false));","ArkTS","entry\src\main\ets\pages\EditSimplePage.ets:43","tags?: string\[\]@entry\src\main\ets\pages\EditSimplePage.ets:43","this","6.1.0(23)","tags?: string\[\]"
"text?: LocationDescription","接口废弃变更","harmonyos_behavior_changes/HarmonyOS_6.0.0(20)_Beta2.json","text","","item.text = bean.text;","ArkTS","entry\src\main\ets\model\ItemViews.ets:118","text?: LocationDescription@entry\src\main\ets\model\ItemViews.ets:118","item","6.0.0(20)","text?: LocationDescription"
"text?: LocationDescription","接口废弃变更","harmonyos_behavior_changes/HarmonyOS_6.0.0(20)_Beta2.json","text","","this.text = '';","ArkTS","entry\src\main\ets\model\ItemViews.ets:14","text?: LocationDescription@entry\src\main\ets\model\ItemViews.ets:14","this","6.0.0(20)","text?: LocationDescription"
"text?: LocationDescription","接口废弃变更","harmonyos_behavior_changes/HarmonyOS_6.0.0(20)_Beta2.json","text","","this.text = '';","ArkTS","entry\src\main\ets\model\ItemViews.ets:29","text?: LocationDescription@entry\src\main\ets\model\ItemViews.ets:29","this","6.0.0(20)","text?: LocationDescription"
"text?: LocationDescription","接口废弃变更","harmonyos_behavior_changes/HarmonyOS_6.0.0(20)_Beta2.json","text","","this.text = '';","ArkTS","entry\src\main\ets\model\ItemViews.ets:45","text?: LocationDescription@entry\src\main\ets\model\ItemViews.ets:45","this","6.0.0(20)","text?: LocationDescription"
"text?: LocationDescription","接口废弃变更","harmonyos_behavior_changes/HarmonyOS_6.0.0(20)_Beta2.json","text","","item.text = this.tags[position];","ArkTS","entry\src\main\ets\model\ItemViews.ets:64","text?: LocationDescription@entry\src\main\ets\model\ItemViews.ets:64","item","6.0.0(20)","text?: LocationDescription"
"text?: LocationDescription","接口废弃变更","harmonyos_behavior_changes/HarmonyOS_6.0.0(20)_Beta2.json","text","","item.text = bean.text;","ArkTS","entry\src\main\ets\model\ItemViews.ets:92","text?: LocationDescription@entry\src\main\ets\model\ItemViews.ets:92","item","6.0.0(20)","text?: LocationDescription"
"text?: LocationDescription","接口废弃变更","harmonyos_behavior_changes/HarmonyOS_6.0.0(20)_Beta2.json","text","","this.text = text;","ArkTS","entry\src\main\ets\model\SelectBean.ets:10","text?: LocationDescription@entry\src\main\ets\model\SelectBean.ets:10","this","6.0.0(20)","text?: LocationDescription"
"text?: LocationDescription","接口废弃变更","harmonyos_behavior_changes/HarmonyOS_6.0.0(20)_Beta2.json","text","","Text((view as EditTagItemView).text)","ArkTS","entry\src\main\ets\pages\EditSimplePage.ets:50","text?: LocationDescription@entry\src\main\ets\pages\EditSimplePage.ets:50","","6.0.0(20)","text?: LocationDescription"
"text?: LocationDescription","接口废弃变更","harmonyos_behavior_changes/HarmonyOS_6.0.0(20)_Beta2.json","text","","Text((view as HotSearchItemView).text)","ArkTS","entry\src\main\ets\pages\Index.ets:76","text?: LocationDescription@entry\src\main\ets\pages\Index.ets:76","","6.0.0(20)","text?: LocationDescription"
"text?: LocationDescription","接口废弃变更","harmonyos_behavior_changes/HarmonyOS_6.0.0(20)_Beta2.json","text","","Text((view as InterestTagItemView).text)","ArkTS","entry\src\main\ets\pages\SelectSimplePage.ets:33","text?: LocationDescription@entry\src\main\ets\pages\SelectSimplePage.ets:33","","6.0.0(20)","text?: LocationDescription"
"text?: PasteDescription","UX视觉布局变更","harmonyos_behavior_changes/HarmonyOS_26.0.0(26)_Beta1.json","text","","item.text = bean.text;","ArkTS","entry\src\main\ets\model\ItemViews.ets:118","text?: PasteDescription@entry\src\main\ets\model\ItemViews.ets:118","item","26.0.0(26)","text?: PasteDescription"
"text?: PasteDescription","UX视觉布局变更","harmonyos_behavior_changes/HarmonyOS_26.0.0(26)_Beta1.json","text","","this.text = '';","ArkTS","entry\src\main\ets\model\ItemViews.ets:14","text?: PasteDescription@entry\src\main\ets\model\ItemViews.ets:14","this","26.0.0(26)","text?: PasteDescription"
"text?: PasteDescription","UX视觉布局变更","harmonyos_behavior_changes/HarmonyOS_26.0.0(26)_Beta1.json","text","","this.text = '';","ArkTS","entry\src\main\ets\model\ItemViews.ets:29","text?: PasteDescription@entry\src\main\ets\model\ItemViews.ets:29","this","26.0.0(26)","text?: PasteDescription"
"text?: PasteDescription","UX视觉布局变更","harmonyos_behavior_changes/HarmonyOS_26.0.0(26)_Beta1.json","text","","this.text = '';","ArkTS","entry\src\main\ets\model\ItemViews.ets:45","text?: PasteDescription@entry\src\main\ets\model\ItemViews.ets:45","this","26.0.0(26)","text?: PasteDescription"
"text?: PasteDescription","UX视觉布局变更","harmonyos_behavior_changes/HarmonyOS_26.0.0(26)_Beta1.json","text","","item.text = this.tags[position];","ArkTS","entry\src\main\ets\model\ItemViews.ets:64","text?: PasteDescription@entry\src\main\ets\model\ItemViews.ets:64","item","26.0.0(26)","text?: PasteDescription"
"text?: PasteDescription","UX视觉布局变更","harmonyos_behavior_changes/HarmonyOS_26.0.0(26)_Beta1.json","text","","item.text = bean.text;","ArkTS","entry\src\main\ets\model\ItemViews.ets:92","text?: PasteDescription@entry\src\main\ets\model\ItemViews.ets:92","item","26.0.0(26)","text?: PasteDescription"
"text?: PasteDescription","UX视觉布局变更","harmonyos_behavior_changes/HarmonyOS_26.0.0(26)_Beta1.json","text","","this.text = text;","ArkTS","entry\src\main\ets\model\SelectBean.ets:10","text?: PasteDescription@entry\src\main\ets\model\SelectBean.ets:10","this","26.0.0(26)","text?: PasteDescription"
"text?: PasteDescription","UX视觉布局变更","harmonyos_behavior_changes/HarmonyOS_26.0.0(26)_Beta1.json","text","","Text((view as EditTagItemView).text)","ArkTS","entry\src\main\ets\pages\EditSimplePage.ets:50","text?: PasteDescription@entry\src\main\ets\pages\EditSimplePage.ets:50","","26.0.0(26)","text?: PasteDescription"
"text?: PasteDescription","UX视觉布局变更","harmonyos_behavior_changes/HarmonyOS_26.0.0(26)_Beta1.json","text","","Text((view as HotSearchItemView).text)","ArkTS","entry\src\main\ets\pages\Index.ets:76","text?: PasteDescription@entry\src\main\ets\pages\Index.ets:76","","26.0.0(26)","text?: PasteDescription"
"text?: PasteDescription","UX视觉布局变更","harmonyos_behavior_changes/HarmonyOS_26.0.0(26)_Beta1.json","text","","Text((view as InterestTagItemView).text)","ArkTS","entry\src\main\ets\pages\SelectSimplePage.ets:33","text?: PasteDescription@entry\src\main\ets\pages\SelectSimplePage.ets:33","","26.0.0(26)","text?: PasteDescription"
"text?: SaveDescription","UX视觉布局变更","harmonyos_behavior_changes/HarmonyOS_26.0.0(26)_Beta1.json","text","","item.text = bean.text;","ArkTS","entry\src\main\ets\model\ItemViews.ets:118","text?: SaveDescription@entry\src\main\ets\model\ItemViews.ets:118","item","26.0.0(26)","text?: SaveDescription"
"text?: SaveDescription","UX视觉布局变更","harmonyos_behavior_changes/HarmonyOS_26.0.0(26)_Beta1.json","text","","this.text = '';","ArkTS","entry\src\main\ets\model\ItemViews.ets:14","text?: SaveDescription@entry\src\main\ets\model\ItemViews.ets:14","this","26.0.0(26)","text?: SaveDescription"
"text?: SaveDescription","UX视觉布局变更","harmonyos_behavior_changes/HarmonyOS_26.0.0(26)_Beta1.json","text","","this.text = '';","ArkTS","entry\src\main\ets\model\ItemViews.ets:29","text?: SaveDescription@entry\src\main\ets\model\ItemViews.ets:29","this","26.0.0(26)","text?: SaveDescription"
"text?: SaveDescription","UX视觉布局变更","harmonyos_behavior_changes/HarmonyOS_26.0.0(26)_Beta1.json","text","","this.text = '';","ArkTS","entry\src\main\ets\model\ItemViews.ets:45","text?: SaveDescription@entry\src\main\ets\model\ItemViews.ets:45","this","26.0.0(26)","text?: SaveDescription"
"text?: SaveDescription","UX视觉布局变更","harmonyos_behavior_changes/HarmonyOS_26.0.0(26)_Beta1.json","text","","item.text = this.tags[position];","ArkTS","entry\src\main\ets\model\ItemViews.ets:64","text?: SaveDescription@entry\src\main\ets\model\ItemViews.ets:64","item","26.0.0(26)","text?: SaveDescription"
"text?: SaveDescription","UX视觉布局变更","harmonyos_behavior_changes/HarmonyOS_26.0.0(26)_Beta1.json","text","","item.text = bean.text;","ArkTS","entry\src\main\ets\model\ItemViews.ets:92","text?: SaveDescription@entry\src\main\ets\model\ItemViews.ets:92","item","26.0.0(26)","text?: SaveDescription"
"text?: SaveDescription","UX视觉布局变更","harmonyos_behavior_changes/HarmonyOS_26.0.0(26)_Beta1.json","text","","this.text = text;","ArkTS","entry\src\main\ets\model\SelectBean.ets:10","text?: SaveDescription@entry\src\main\ets\model\SelectBean.ets:10","this","26.0.0(26)","text?: SaveDescription"
"text?: SaveDescription","UX视觉布局变更","harmonyos_behavior_changes/HarmonyOS_26.0.0(26)_Beta1.json","text","","Text((view as EditTagItemView).text)","ArkTS","entry\src\main\ets\pages\EditSimplePage.ets:50","text?: SaveDescription@entry\src\main\ets\pages\EditSimplePage.ets:50","","26.0.0(26)","text?: SaveDescription"
"text?: SaveDescription","UX视觉布局变更","harmonyos_behavior_changes/HarmonyOS_26.0.0(26)_Beta1.json","text","","Text((view as HotSearchItemView).text)","ArkTS","entry\src\main\ets\pages\Index.ets:76","text?: SaveDescription@entry\src\main\ets\pages\Index.ets:76","","26.0.0(26)","text?: SaveDescription"
"text?: SaveDescription","UX视觉布局变更","harmonyos_behavior_changes/HarmonyOS_26.0.0(26)_Beta1.json","text","","Text((view as InterestTagItemView).text)","ArkTS","entry\src\main\ets\pages\SelectSimplePage.ets:33","text?: SaveDescription@entry\src\main\ets\pages\SelectSimplePage.ets:33","","26.0.0(26)","text?: SaveDescription"
"type LocationButtonCallback = (event: ClickEvent, result: LocationButtonOnClickResult, error?: BusinessError<void>) => void","接口废弃变更","harmonyos_behavior_changes/HarmonyOS_6.0.0(20)_Beta2.json","type","",".type(ButtonType.Capsule)","ArkTS","entry\src\main\ets\pages\EditSimplePage.ets:146","type LocationButtonCallback = (event: ClickEvent, result: LocationButtonOnClickResult, error?: BusinessError<void>) => void@entry\src\main\ets\pages\EditSimplePage.ets:146","","6.0.0(20)","type LocationButtonCallback = (event: ClickEvent, result: LocationButtonOnClickResult, error?: BusinessError<void>) => void"
"type LocationButtonCallback = (event: ClickEvent, result: LocationButtonOnClickResult, error?: BusinessError<void>) => void","接口废弃变更","harmonyos_behavior_changes/HarmonyOS_6.0.0(20)_Beta2.json","type","",".type(ButtonType.Capsule)","ArkTS","entry\src\main\ets\pages\Index.ets:144","type LocationButtonCallback = (event: ClickEvent, result: LocationButtonOnClickResult, error?: BusinessError<void>) => void@entry\src\main\ets\pages\Index.ets:144","","6.0.0(20)","type LocationButtonCallback = (event: ClickEvent, result: LocationButtonOnClickResult, error?: BusinessError<void>) => void"
"type LocationButtonCallback = (event: ClickEvent, result: LocationButtonOnClickResult, error?: BusinessError<void>) => void","接口废弃变更","harmonyos_behavior_changes/HarmonyOS_6.0.0(20)_Beta2.json","type","",".type(ButtonType.Capsule)","ArkTS","entry\src\main\ets\pages\Index.ets:151","type LocationButtonCallback = (event: ClickEvent, result: LocationButtonOnClickResult, error?: BusinessError<void>) => void@entry\src\main\ets\pages\Index.ets:151","","6.0.0(20)","type LocationButtonCallback = (event: ClickEvent, result: LocationButtonOnClickResult, error?: BusinessError<void>) => void"
"type LocationButtonCallback = (event: ClickEvent, result: LocationButtonOnClickResult, error?: BusinessError<void>) => void","接口废弃变更","harmonyos_behavior_changes/HarmonyOS_6.0.0(20)_Beta2.json","type","",".type(ButtonType.Capsule)","ArkTS","entry\src\main\ets\pages\Index.ets:157","type LocationButtonCallback = (event: ClickEvent, result: LocationButtonOnClickResult, error?: BusinessError<void>) => void@entry\src\main\ets\pages\Index.ets:157","","6.0.0(20)","type LocationButtonCallback = (event: ClickEvent, result: LocationButtonOnClickResult, error?: BusinessError<void>) => void"
"windowStage: window.WindowStage","API跨平台权限变更","harmonyos_api_changes/HarmonyOS_6.0.1(21)_Release.json","windowStage","","windowStage.loadContent('pages/Index', (err) => {","ArkTS","entry\src\main\ets\entryability\EntryAbility.ets:25","windowStage: window.WindowStage@entry\src\main\ets\entryability\EntryAbility.ets:25","windowStage","6.0.1(21)","windowStage: window.WindowStage"
"windowStage?: window.WindowStage","新增API","harmonyos_api_changes/HarmonyOS_6.0.0(20)_Beta1.json","windowStage","","windowStage.loadContent('pages/Index', (err) => {","ArkTS","entry\src\main\ets\entryability\EntryAbility.ets:25","windowStage?: window.WindowStage@entry\src\main\ets\entryability\EntryAbility.ets:25","windowStage","6.0.0(20)","windowStage?: window.WindowStage"
